run	case	phase	nanos	alloc_count	alloc_bytes
0	linear/64/base	ir	150755	3026	240174
0	linear/64/base	cfg	115819	0	0
0	linear/64/base	emission_exclusive	3807636	140898	2638299
0	linear/64/base	serialization	1655463	12094	341915
0	linear/64/base	combined	5732670	156018	3220388
0	linear/64/light	ir	134815	3433	258352
0	linear/64/light	cfg	92175	0	0
0	linear/64/light	emission_exclusive	4032571	156825	2850866
0	linear/64/light	serialization	1732760	12094	341531
0	linear/64/light	combined	5992441	172352	3450749
0	linear/64/heavy	ir	501179	9640	916241
0	linear/64/heavy	cfg	93377	0	0
0	linear/64/heavy	emission_exclusive	11957952	327508	8490035
0	linear/64/heavy	serialization	6255439	12096	1167973
0	linear/64/heavy	combined	18808359	349244	10574249
0	linear/256/base	ir	633790	12103	966351
0	linear/256/base	cfg	1430247	0	0
0	linear/256/base	emission_exclusive	14785865	558295	13665132
0	linear/256/base	serialization	6768300	47424	1346537
0	linear/256/base	combined	23618352	617822	15978020
0	linear/256/light	ir	700495	13724	1036945
0	linear/256/light	cfg	1298768	0	0
0	linear/256/light	emission_exclusive	15936623	622853	14535262
0	linear/256/light	serialization	6688779	47424	1345097
0	linear/256/light	combined	24624816	684001	16917304
0	linear/256/heavy	ir	2746819	38556	3669938
0	linear/256/heavy	cfg	1267539	0	0
0	linear/256/heavy	emission_exclusive	47232865	1301966	37053122
0	linear/256/heavy	serialization	24485974	47426	4650931
0	linear/256/heavy	combined	75733368	1387948	45373991
0	linear/1024/base	ir	5488347	48405	3878552
0	linear/1024/base	cfg	23243070	0	0
0	linear/1024/base	emission_exclusive	57802201	2227809	106466310
0	linear/1024/base	serialization	25622464	188738	5365343
0	linear/1024/base	combined	112156273	2464952	115710205
0	linear/1024/light	ir	6893898	54890	4161114
0	linear/1024/light	cfg	22026018	0	0
0	linear/1024/light	emission_exclusive	63622936	2486886	109967920
0	linear/1024/light	serialization	28113259	188738	5359679
0	linear/1024/light	combined	120656282	2730514	119488713
0	linear/1024/heavy	ir	26453337	154218	14692987
0	linear/1024/heavy	cfg	21732172	0	0
0	linear/1024/heavy	emission_exclusive	189139517	5199855	200017585
0	linear/1024/heavy	serialization	98374369	188740	18583081
0	linear/1024/heavy	combined	335699657	5542813	233293653
0	diamond-chain/64/base	ir	125207	3032	241429
0	diamond-chain/64/base	cfg	110749	0	0
0	diamond-chain/64/base	emission_exclusive	5641027	231315	3991572
0	diamond-chain/64/base	serialization	1972393	17982	373065
0	diamond-chain/64/base	combined	7849506	252329	4606066
0	diamond-chain/64/light	ir	135907	3439	259607
0	diamond-chain/64/light	cfg	106211	0	0
0	diamond-chain/64/light	emission_exclusive	5924062	250653	4261308
0	diamond-chain/64/light	serialization	1976811	17982	372681
0	diamond-chain/64/light	combined	8143111	272074	4893596
0	diamond-chain/64/heavy	ir	394717	9646	917496
0	diamond-chain/64/heavy	cfg	108625	0	0
0	diamond-chain/64/heavy	emission_exclusive	15692160	508168	11427125
0	diamond-chain/64/heavy	serialization	6328117	17984	1199123
0	diamond-chain/64/heavy	combined	22523750	535798	13543744
0	diamond-chain/256/base	ir	633539	12113	971734
0	diamond-chain/256/base	cfg	1252651	0	0
0	diamond-chain/256/base	emission_exclusive	21855245	918258	18682496
0	diamond-chain/256/base	serialization	7776759	70976	1471095
0	diamond-chain/256/base	combined	31518324	1001347	21125325
0	diamond-chain/256/light	ir	730984	13734	1042328
0	diamond-chain/256/light	cfg	1220510	0	0
0	diamond-chain/256/light	emission_exclusive	23237370	996897	19787059
0	diamond-chain/256/light	serialization	7688241	70976	1469655
0	diamond-chain/256/light	combined	32877235	1081607	22299042
0	diamond-chain/256/heavy	ir	2339007	38566	3675321
0	diamond-chain/256/heavy	cfg	1246379	0	0
0	diamond-chain/256/heavy	emission_exclusive	62233358	2025306	48439647
0	diamond-chain/256/heavy	serialization	25269426	70978	4775489
0	diamond-chain/256/heavy	combined	91088340	2134850	56890457
0	diamond-chain/1024/base	ir	5703736	48419	3900447
0	diamond-chain/1024/base	cfg	22106099	0	0
0	diamond-chain/1024/base	emission_exclusive	88642821	3667460	120635206
0	diamond-chain/1024/base	serialization	30899652	282946	5863533
0	diamond-chain/1024/base	combined	147352459	3998825	130399186
0	diamond-chain/1024/light	ir	6882867	54904	4183009
0	diamond-chain/1024/light	cfg	18708088	0	0
0	diamond-chain/1024/light	emission_exclusive	94351215	3983307	125080753
0	diamond-chain/1024/light	serialization	30481071	282946	5857869
0	diamond-chain/1024/light	combined	150423371	4321157	135121631
0	diamond-chain/1024/heavy	ir	24302155	154232	14714882
0	diamond-chain/1024/heavy	cfg	21075770	0	0
0	diamond-chain/1024/heavy	emission_exclusive	257665404	8095428	239697466
0	diamond-chain/1024/heavy	serialization	102085173	282948	19081271
0	diamond-chain/1024/heavy	combined	405128642	8532608	273493619
0	fan-in/64/base	ir	126840	3035	243042
0	fan-in/64/base	cfg	71025	0	0
0	fan-in/64/base	emission_exclusive	31656895	374084	8862989
0	fan-in/64/base	serialization	5622452	23502	433675
0	fan-in/64/base	combined	37477342	400621	9539706
0	fan-in/256/base	ir	667814	12144	978787
0	fan-in/256/base	cfg	582222	0	0
0	fan-in/256/base	emission_exclusive	106001826	3819139	76937446
0	fan-in/256/base	serialization	16887022	169875	2040148
0	fan-in/256/base	combined	124139014	4001158	79956381
0	fan-in/1024/base	ir	6520181	48575	3929268
0	fan-in/1024/base	cfg	10740048	0	0
0	fan-in/1024/base	emission_exclusive	867283794	33453456	663421693
0	fan-in/1024/base	serialization	52254561	520489	7222939
0	fan-in/1024/base	combined	936798834	34022520	674573900
0	nested-loop/64/base	ir	138603	3028	240359
0	nested-loop/64/base	cfg	193286	0	0
0	nested-loop/64/base	emission_exclusive	4643588	158164	3203533
0	nested-loop/64/base	serialization	1906639	13198	348803
0	nested-loop/64/base	combined	6882216	174390	3792695
0	nested-loop/256/base	ir	637496	12105	966536
0	nested-loop/256/base	cfg	2325271	0	0
0	nested-loop/256/base	emission_exclusive	17331542	608659	17402870
0	nested-loop/256/base	serialization	7358265	48528	1356497
0	nested-loop/256/base	combined	27652696	669292	19725903
0	nested-loop/1024/base	ir	5641368	48407	3878737
0	nested-loop/1024/base	cfg	39874650	0	0
0	nested-loop/1024/base	emission_exclusive	68977400	2410535	149436100
0	nested-loop/1024/base	serialization	29107411	189842	5387591
0	nested-loop/1024/base	combined	143601049	2648784	158702428
0	multi-exit/64/base	ir	130917	3014	242868
0	multi-exit/64/base	cfg	89960	0	0
0	multi-exit/64/base	emission_exclusive	30703891	1057206	21442992
0	multi-exit/64/base	serialization	8247019	46594	569880
0	multi-exit/64/base	combined	39171918	1106814	22255740
0	multi-exit/256/base	ir	690116	12119	977717
0	multi-exit/256/base	cfg	621145	0	0
0	multi-exit/256/base	emission_exclusive	138944526	5477133	106749130
0	multi-exit/256/base	serialization	17984329	175763	2079434
0	multi-exit/256/base	combined	158240266	5665015	109806281
0	multi-exit/1024/base	ir	6461439	48549	3928190
0	multi-exit/1024/base	cfg	12541016	0	0
0	multi-exit/1024/base	emission_exclusive	981859899	39137448	770432210
0	multi-exit/1024/base	serialization	53683275	520489	7238547
0	multi-exit/1024/base	combined	1054546051	39706486	781598947
0	no-exit/64/base	ir	120689	3036	240455
0	no-exit/64/base	cfg	48732	0	0
0	no-exit/64/base	emission_exclusive	4158040	145625	2621882
0	no-exit/64/base	serialization	1823772	12278	343391
0	no-exit/64/base	combined	6151353	160939	3205728
0	no-exit/256/base	ir	636836	12113	966632
0	no-exit/256/base	cfg	435143	0	0
0	no-exit/256/base	emission_exclusive	16185805	578412	11987138
0	no-exit/256/base	serialization	7112631	47608	1349547
0	no-exit/256/base	combined	24370505	638133	14303317
0	no-exit/1024/base	ir	5491113	48415	3878833
0	no-exit/1024/base	cfg	8526598	0	0
0	no-exit/1024/base	emission_exclusive	63446614	2309490	73811799
0	no-exit/1024/base	serialization	28245779	188922	5374495
0	no-exit/1024/base	combined	105710234	2546827	83065127
0	irreducible/64/base	ir	123825	3032	242131
0	irreducible/64/base	cfg	90140	0	0
0	irreducible/64/base	emission_exclusive	1169955533	20020919	375957323
0	irreducible/64/base	serialization	288398352	2739433	16602620
0	irreducible/64/base	combined	1458568180	22763384	392802074
0	irreducible/256/base	ir	699895	12113	974548
0	irreducible/256/base	cfg	1255065	0	0
0	irreducible/256/base	emission_exclusive	2291791212	50823127	727892844
0	irreducible/256/base	serialization	423321165	3945831	24608381
0	irreducible/256/base	combined	2717067938	54781071	753475773
0	irreducible/1024/base	ir	6099344	48419	3911709
0	irreducible/1024/base	cfg	18805863	0	0
0	irreducible/1024/base	emission_exclusive	3894075752	121441564	1430393117
0	irreducible/1024/base	serialization	531040091	5140545	34956339
0	irreducible/1024/base	combined	4450021471	126630528	1469261165
1	linear/64/base	ir	147349	3026	240174
1	linear/64/base	cfg	116400	0	0
1	linear/64/base	emission_exclusive	3798630	140898	2638299
1	linear/64/base	serialization	1703915	12094	341915
1	linear/64/base	combined	5769720	156018	3220388
1	linear/64/light	ir	139033	3433	258352
1	linear/64/light	cfg	92645	0	0
1	linear/64/light	emission_exclusive	4025559	156825	2850866
1	linear/64/light	serialization	1727139	12094	341531
1	linear/64/light	combined	5984487	172352	3450749
1	linear/64/heavy	ir	474598	9640	916241
1	linear/64/heavy	cfg	93066	0	0
1	linear/64/heavy	emission_exclusive	11855649	327508	8490035
1	linear/64/heavy	serialization	6577610	12096	1167973
1	linear/64/heavy	combined	19001053	349244	10574249
1	linear/256/base	ir	635694	12103	966351
1	linear/256/base	cfg	1367909	0	0
1	linear/256/base	emission_exclusive	14435441	558295	13665132
1	linear/256/base	serialization	6396677	47424	1346537
1	linear/256/base	combined	22835871	617822	15978020
1	linear/256/light	ir	722457	13724	1036945
1	linear/256/light	cfg	1034708	0	0
1	linear/256/light	emission_exclusive	15747565	622853	14535262
1	linear/256/light	serialization	6325503	47424	1345097
1	linear/256/light	combined	23830384	684001	16917304
1	linear/256/heavy	ir	2708677	38556	3669938
1	linear/256/heavy	cfg	1258823	0	0
1	linear/256/heavy	emission_exclusive	47052565	1301966	37053122
1	linear/256/heavy	serialization	24478149	47426	4650931
1	linear/256/heavy	combined	75498374	1387948	45373991
1	linear/1024/base	ir	5422703	48405	3878552
1	linear/1024/base	cfg	23153142	0	0
1	linear/1024/base	emission_exclusive	58892414	2227809	106466310
1	linear/1024/base	serialization	25545529	188738	5365343
1	linear/1024/base	combined	113014048	2464952	115710205
1	linear/1024/light	ir	6706893	54890	4161114
1	linear/1024/light	cfg	22377804	0	0
1	linear/1024/light	emission_exclusive	63136025	2486886	109967920
1	linear/1024/light	serialization	26672352	188738	5359679
1	linear/1024/light	combined	118893307	2730514	119488713
1	linear/1024/heavy	ir	26238791	154218	14692987
1	linear/1024/heavy	cfg	21748904	0	0
1	linear/1024/heavy	emission_exclusive	187273056	5199855	200017585
1	linear/1024/heavy	serialization	97711606	188740	18583081
1	linear/1024/heavy	combined	332972568	5542813	233293653
1	diamond-chain/64/base	ir	125117	3032	241429
1	diamond-chain/64/base	cfg	112162	0	0
1	diamond-chain/64/base	emission_exclusive	5654984	231315	3991572
1	diamond-chain/64/base	serialization	1979436	17982	373065
1	diamond-chain/64/base	combined	7871829	252329	4606066
1	diamond-chain/64/light	ir	133232	3439	259607
1	diamond-chain/64/light	cfg	106281	0	0
1	diamond-chain/64/light	emission_exclusive	5897292	250653	4261308
1	diamond-chain/64/light	serialization	1949910	17982	372681
1	diamond-chain/64/light	combined	8086835	272074	4893596
1	diamond-chain/64/heavy	ir	388866	9646	917496
1	diamond-chain/64/heavy	cfg	105750	0	0
1	diamond-chain/64/heavy	emission_exclusive	15613942	508168	11427125
1	diamond-chain/64/heavy	serialization	6328177	17984	1199123
1	diamond-chain/64/heavy	combined	22436876	535798	13543744
1	diamond-chain/256/base	ir	649128	12113	971734
1	diamond-chain/256/base	cfg	1289962	0	0
1	diamond-chain/256/base	emission_exclusive	21947820	918258	18682496
1	diamond-chain/256/base	serialization	7773833	70976	1471095
1	diamond-chain/256/base	combined	31660883	1001347	21125325
1	diamond-chain/256/light	ir	731625	13734	1042328
1	diamond-chain/256/light	cfg	1223415	0	0
1	diamond-chain/256/light	emission_exclusive	23326700	996897	19787059
1	diamond-chain/256/light	serialization	7621756	70976	1469655
1	diamond-chain/256/light	combined	32903626	1081607	22299042
1	diamond-chain/256/heavy	ir	2334308	38566	3675321
1	diamond-chain/256/heavy	cfg	1254344	0	0
1	diamond-chain/256/heavy	emission_exclusive	62199303	2025306	48439647
1	diamond-chain/256/heavy	serialization	25051334	70978	4775489
1	diamond-chain/256/heavy	combined	90839419	2134850	56890457
1	diamond-chain/1024/base	ir	5537802	48419	3900447
1	diamond-chain/1024/base	cfg	21593590	0	0
1	diamond-chain/1024/base	emission_exclusive	87893573	3667460	120635206
1	diamond-chain/1024/base	serialization	30944188	282946	5863533
1	diamond-chain/1024/base	combined	145969373	3998825	130399186
1	diamond-chain/1024/light	ir	7172765	54904	4183009
1	diamond-chain/1024/light	cfg	19211311	0	0
1	diamond-chain/1024/light	emission_exclusive	93023793	3983307	125080753
1	diamond-chain/1024/light	serialization	30267016	282946	5857869
1	diamond-chain/1024/light	combined	149675126	4321157	135121631
1	diamond-chain/1024/heavy	ir	24072612	154232	14714882
1	diamond-chain/1024/heavy	cfg	20763809	0	0
1	diamond-chain/1024/heavy	emission_exclusive	253337967	8095428	239697466
1	diamond-chain/1024/heavy	serialization	108111820	282948	19081271
1	diamond-chain/1024/heavy	combined	406286368	8532608	273493619
1	fan-in/64/base	ir	152919	3035	243042
1	fan-in/64/base	cfg	80201	0	0
1	fan-in/64/base	emission_exclusive	33673584	374084	8862989
1	fan-in/64/base	serialization	5951104	23502	433675
1	fan-in/64/base	combined	39858088	400621	9539706
1	fan-in/256/base	ir	683594	12144	978787
1	fan-in/256/base	cfg	613210	0	0
1	fan-in/256/base	emission_exclusive	106572217	3819139	76937446
1	fan-in/256/base	serialization	17734435	169875	2040148
1	fan-in/256/base	combined	125603586	4001158	79956381
1	fan-in/1024/base	ir	6623867	48575	3929268
1	fan-in/1024/base	cfg	11663034	0	0
1	fan-in/1024/base	emission_exclusive	865419167	33453456	663421693
1	fan-in/1024/base	serialization	54174665	520489	7222939
1	fan-in/1024/base	combined	937880883	34022520	674573900
1	nested-loop/64/base	ir	130788	3028	240359
1	nested-loop/64/base	cfg	191021	0	0
1	nested-loop/64/base	emission_exclusive	4658968	158164	3203533
1	nested-loop/64/base	serialization	2008632	13198	348803
1	nested-loop/64/base	combined	6989529	174390	3792695
1	nested-loop/256/base	ir	632187	12105	966536
1	nested-loop/256/base	cfg	2338046	0	0
1	nested-loop/256/base	emission_exclusive	17390383	608659	17402870
1	nested-loop/256/base	serialization	8042843	48528	1356497
1	nested-loop/256/base	combined	28403569	669292	19725903
1	nested-loop/1024/base	ir	5630707	48407	3878737
1	nested-loop/1024/base	cfg	40131226	0	0
1	nested-loop/1024/base	emission_exclusive	68787051	2410535	149436100
1	nested-loop/1024/base	serialization	30464519	189842	5387591
1	nested-loop/1024/base	combined	145013623	2648784	158702428
1	multi-exit/64/base	ir	123474	3014	242868
1	multi-exit/64/base	cfg	85342	0	0
1	multi-exit/64/base	emission_exclusive	31836696	1057206	21442992
1	multi-exit/64/base	serialization	8572826	46594	569880
1	multi-exit/64/base	combined	40618488	1106814	22255740
1	multi-exit/256/base	ir	671461	12119	977717
1	multi-exit/256/base	cfg	582963	0	0
1	multi-exit/256/base	emission_exclusive	138915322	5477133	106749130
1	multi-exit/256/base	serialization	18820592	175763	2079434
1	multi-exit/256/base	combined	158990478	5665015	109806281
1	multi-exit/1024/base	ir	6714708	48549	3928190
1	multi-exit/1024/base	cfg	12912700	0	0
1	multi-exit/1024/base	emission_exclusive	975039783	39137448	770432210
1	multi-exit/1024/base	serialization	56192213	520489	7238547
1	multi-exit/1024/base	combined	1050859554	39706486	781598947
1	no-exit/64/base	ir	128924	3036	240455
1	no-exit/64/base	cfg	51318	0	0
1	no-exit/64/base	emission_exclusive	4170753	145625	2621882
1	no-exit/64/base	serialization	1892983	12278	343391
1	no-exit/64/base	combined	6244078	160939	3205728
1	no-exit/256/base	ir	640682	12113	966632
1	no-exit/256/base	cfg	453949	0	0
1	no-exit/256/base	emission_exclusive	16133907	578412	11987138
1	no-exit/256/base	serialization	7468926	47608	1349547
1	no-exit/256/base	combined	24697564	638133	14303317
1	no-exit/1024/base	ir	5366167	48415	3878833
1	no-exit/1024/base	cfg	8576011	0	0
1	no-exit/1024/base	emission_exclusive	64395571	2309490	73811799
1	no-exit/1024/base	serialization	29494393	188922	5374495
1	no-exit/1024/base	combined	107832262	2546827	83065127
1	irreducible/64/base	ir	122162	3032	242131
1	irreducible/64/base	cfg	90882	0	0
1	irreducible/64/base	emission_exclusive	1221326243	20020919	375957323
1	irreducible/64/base	serialization	301881173	2739433	16602620
1	irreducible/64/base	combined	1523420610	22763384	392802074
1	irreducible/256/base	ir	666462	12113	974548
1	irreducible/256/base	cfg	1214258	0	0
1	irreducible/256/base	emission_exclusive	2317847573	50823127	727892844
1	irreducible/256/base	serialization	413957407	3945831	24608381
1	irreducible/256/base	combined	2733686011	54781071	753475773
1	irreducible/1024/base	ir	5900167	48419	3911709
1	irreducible/1024/base	cfg	19037962	0	0
1	irreducible/1024/base	emission_exclusive	3913038046	121441564	1430393117
1	irreducible/1024/base	serialization	532993314	5140545	34956339
1	irreducible/1024/base	combined	4470969901	126630528	1469261165
2	linear/64/base	ir	149112	3026	240174
2	linear/64/base	cfg	113585	0	0
2	linear/64/base	emission_exclusive	3822665	140898	2638299
2	linear/64/base	serialization	1648400	12094	341915
2	linear/64/base	combined	5736657	156018	3220388
2	linear/64/light	ir	137400	3433	258352
2	linear/64/light	cfg	97725	0	0
2	linear/64/light	emission_exclusive	4040757	156825	2850866
2	linear/64/light	serialization	1634273	12094	341531
2	linear/64/light	combined	5910276	172352	3450749
2	linear/64/heavy	ir	473315	9640	916241
2	linear/64/heavy	cfg	93447	0	0
2	linear/64/heavy	emission_exclusive	11882669	327508	8490035
2	linear/64/heavy	serialization	6241874	12096	1167973
2	linear/64/heavy	combined	18691446	349244	10574249
2	linear/256/base	ir	632678	12103	966351
2	linear/256/base	cfg	1373229	0	0
2	linear/256/base	emission_exclusive	14710903	558295	13665132
2	linear/256/base	serialization	6722153	47424	1346537
2	linear/256/base	combined	23439123	617822	15978020
2	linear/256/light	ir	703061	13724	1036945
2	linear/256/light	cfg	1044467	0	0
2	linear/256/light	emission_exclusive	15883602	622853	14535262
2	linear/256/light	serialization	6688839	47424	1345097
2	linear/256/light	combined	24320140	684001	16917304
2	linear/256/heavy	ir	2808866	38556	3669938
2	linear/256/heavy	cfg	1266116	0	0
2	linear/256/heavy	emission_exclusive	47100106	1301966	37053122
2	linear/256/heavy	serialization	24449546	47426	4650931
2	linear/256/heavy	combined	75624774	1387948	45373991
2	linear/1024/base	ir	5372669	48405	3878552
2	linear/1024/base	cfg	23432069	0	0
2	linear/1024/base	emission_exclusive	58990931	2227809	106466310
2	linear/1024/base	serialization	26927154	188738	5365343
2	linear/1024/base	combined	114723093	2464952	115710205
2	linear/1024/light	ir	6878759	54890	4161114
2	linear/1024/light	cfg	22370730	0	0
2	linear/1024/light	emission_exclusive	63432218	2486886	109967920
2	linear/1024/light	serialization	26669367	188738	5359679
2	linear/1024/light	combined	119351254	2730514	119488713
2	linear/1024/heavy	ir	26433510	154218	14692987
2	linear/1024/heavy	cfg	21896022	0	0
2	linear/1024/heavy	emission_exclusive	187616248	5199855	200017585
2	linear/1024/heavy	serialization	97863544	188740	18583081
2	linear/1024/heavy	combined	333809654	5542813	233293653
2	diamond-chain/64/base	ir	125718	3032	241429
2	diamond-chain/64/base	cfg	110308	0	0
2	diamond-chain/64/base	emission_exclusive	5852358	231315	3991572
2	diamond-chain/64/base	serialization	1897792	17982	373065
2	diamond-chain/64/base	combined	7986346	252329	4606066
2	diamond-chain/64/light	ir	134124	3439	259607
2	diamond-chain/64/light	cfg	108475	0	0
2	diamond-chain/64/light	emission_exclusive	5895659	250653	4261308
2	diamond-chain/64/light	serialization	1921937	17982	372681
2	diamond-chain/64/light	combined	8060305	272074	4893596
2	diamond-chain/64/heavy	ir	397592	9646	917496
2	diamond-chain/64/heavy	cfg	105920	0	0
2	diamond-chain/64/heavy	emission_exclusive	15645844	508168	11427125
2	diamond-chain/64/heavy	serialization	6335932	17984	1199123
2	diamond-chain/64/heavy	combined	22485408	535798	13543744
2	diamond-chain/256/base	ir	636404	12113	971734
2	diamond-chain/256/base	cfg	1275855	0	0
2	diamond-chain/256/base	emission_exclusive	22034924	918258	18682496
2	diamond-chain/256/base	serialization	7892278	70976	1471095
2	diamond-chain/256/base	combined	31839602	1001347	21125325
2	diamond-chain/256/light	ir	733298	13734	1042328
2	diamond-chain/256/light	cfg	1263211	0	0
2	diamond-chain/256/light	emission_exclusive	23905676	996897	19787059
2	diamond-chain/256/light	serialization	7691207	70976	1469655
2	diamond-chain/256/light	combined	33593512	1081607	22299042
2	diamond-chain/256/heavy	ir	2320642	38566	3675321
2	diamond-chain/256/heavy	cfg	1257119	0	0
2	diamond-chain/256/heavy	emission_exclusive	62107801	2025306	48439647
2	diamond-chain/256/heavy	serialization	25082623	70978	4775489
2	diamond-chain/256/heavy	combined	90768305	2134850	56890457
2	diamond-chain/1024/base	ir	5530988	48419	3900447
2	diamond-chain/1024/base	cfg	21940858	0	0
2	diamond-chain/1024/base	emission_exclusive	88787525	3667460	120635206
2	diamond-chain/1024/base	serialization	31117045	282946	5863533
2	diamond-chain/1024/base	combined	147376547	3998825	130399186
2	diamond-chain/1024/light	ir	6898968	54904	4183009
2	diamond-chain/1024/light	cfg	18689673	0	0
2	diamond-chain/1024/light	emission_exclusive	94582325	3983307	125080753
2	diamond-chain/1024/light	serialization	30891567	282946	5857869
2	diamond-chain/1024/light	combined	151062663	4321157	135121631
2	diamond-chain/1024/heavy	ir	24292618	154232	14714882
2	diamond-chain/1024/heavy	cfg	22209976	0	0
2	diamond-chain/1024/heavy	emission_exclusive	256187030	8095428	239697466
2	diamond-chain/1024/heavy	serialization	102407094	282948	19081271
2	diamond-chain/1024/heavy	combined	405096878	8532608	273493619
2	fan-in/64/base	ir	134525	3035	243042
2	fan-in/64/base	cfg	78658	0	0
2	fan-in/64/base	emission_exclusive	31644032	374084	8862989
2	fan-in/64/base	serialization	5648971	23502	433675
2	fan-in/64/base	combined	37506307	400621	9539706
2	fan-in/256/base	ir	676661	12144	978787
2	fan-in/256/base	cfg	601819	0	0
2	fan-in/256/base	emission_exclusive	106174535	3819139	76937446
2	fan-in/256/base	serialization	16941495	169875	2040148
2	fan-in/256/base	combined	124394640	4001158	79956381
2	fan-in/1024/base	ir	6416845	48575	3929268
2	fan-in/1024/base	cfg	11299727	0	0
2	fan-in/1024/base	emission_exclusive	867368700	33453456	663421693
2	fan-in/1024/base	serialization	51862328	520489	7222939
2	fan-in/1024/base	combined	936947760	34022520	674573900
2	nested-loop/64/base	ir	119056	3028	240359
2	nested-loop/64/base	cfg	181564	0	0
2	nested-loop/64/base	emission_exclusive	4608151	158164	3203533
2	nested-loop/64/base	serialization	1966492	13198	348803
2	nested-loop/64/base	combined	6875373	174390	3792695
2	nested-loop/256/base	ir	695557	12105	966536
2	nested-loop/256/base	cfg	2337184	0	0
2	nested-loop/256/base	emission_exclusive	17292899	608659	17402870
2	nested-loop/256/base	serialization	7332348	48528	1356497
2	nested-loop/256/base	combined	27658108	669292	19725903
2	nested-loop/1024/base	ir	5676304	48407	3878737
2	nested-loop/1024/base	cfg	41431757	0	0
2	nested-loop/1024/base	emission_exclusive	67056006	2410535	149436100
2	nested-loop/1024/base	serialization	27574209	189842	5387591
2	nested-loop/1024/base	combined	141738406	2648784	158702428
2	multi-exit/64/base	ir	124486	3014	242868
2	multi-exit/64/base	cfg	86804	0	0
2	multi-exit/64/base	emission_exclusive	29853413	1057206	21442992
2	multi-exit/64/base	serialization	8141580	46594	569880
2	multi-exit/64/base	combined	38206433	1106814	22255740
2	multi-exit/256/base	ir	666872	12119	977717
2	multi-exit/256/base	cfg	581851	0	0
2	multi-exit/256/base	emission_exclusive	137541221	5477133	106749130
2	multi-exit/256/base	serialization	17954812	175763	2079434
2	multi-exit/256/base	combined	156744907	5665015	109806281
2	multi-exit/1024/base	ir	6327506	48549	3928190
2	multi-exit/1024/base	cfg	12483157	0	0
2	multi-exit/1024/base	emission_exclusive	973123089	39137448	770432210
2	multi-exit/1024/base	serialization	53454413	520489	7238547
2	multi-exit/1024/base	combined	1045388405	39706486	781598947
2	no-exit/64/base	ir	120729	3036	240455
2	no-exit/64/base	cfg	48201	0	0
2	no-exit/64/base	emission_exclusive	4122913	145625	2621882
2	no-exit/64/base	serialization	1801820	12278	343391
2	no-exit/64/base	combined	6093794	160939	3205728
2	no-exit/256/base	ir	631916	12113	966632
2	no-exit/256/base	cfg	424103	0	0
2	no-exit/256/base	emission_exclusive	15957262	578412	11987138
2	no-exit/256/base	serialization	7407300	47608	1349547
2	no-exit/256/base	combined	24420701	638133	14303317
2	no-exit/1024/base	ir	5588637	48415	3878833
2	no-exit/1024/base	cfg	8669990	0	0
2	no-exit/1024/base	emission_exclusive	63648556	2309490	73811799
2	no-exit/1024/base	serialization	29351223	188922	5374495
2	no-exit/1024/base	combined	107258546	2546827	83065127
2	irreducible/64/base	ir	121941	3032	242131
2	irreducible/64/base	cfg	89019	0	0
2	irreducible/64/base	emission_exclusive	1127760879	20020919	375957323
2	irreducible/64/base	serialization	289641368	2739433	16602620
2	irreducible/64/base	combined	1417613387	22763384	392802074
2	irreducible/256/base	ir	678515	12113	974548
2	irreducible/256/base	cfg	1216171	0	0
2	irreducible/256/base	emission_exclusive	2262507773	50823127	727892844
2	irreducible/256/base	serialization	400310089	3945831	24608381
2	irreducible/256/base	combined	2664712858	54781071	753475773
2	irreducible/1024/base	ir	5836136	48419	3911709
2	irreducible/1024/base	cfg	18776328	0	0
2	irreducible/1024/base	emission_exclusive	3888776762	121441564	1430393117
2	irreducible/1024/base	serialization	532442955	5140545	34956339
2	irreducible/1024/base	combined	4445832521	126630528	1469261165
3	linear/64/base	ir	153371	3026	240174
3	linear/64/base	cfg	118705	0	0
3	linear/64/base	emission_exclusive	3817024	140898	2638299
3	linear/64/base	serialization	1658388	12094	341915
3	linear/64/base	combined	5750775	156018	3220388
3	linear/64/light	ir	138572	3433	258352
3	linear/64/light	cfg	98026	0	0
3	linear/64/light	emission_exclusive	4032943	156825	2850866
3	linear/64/light	serialization	1645845	12094	341531
3	linear/64/light	combined	5915506	172352	3450749
3	linear/64/heavy	ir	475459	9640	916241
3	linear/64/heavy	cfg	92385	0	0
3	linear/64/heavy	emission_exclusive	11785246	327508	8490035
3	linear/64/heavy	serialization	5929473	12096	1167973
3	linear/64/heavy	combined	18282744	349244	10574249
3	linear/256/base	ir	627126	12103	966351
3	linear/256/base	cfg	1463389	0	0
3	linear/256/base	emission_exclusive	14584754	558295	13665132
3	linear/256/base	serialization	6452612	47424	1346537
3	linear/256/base	combined	23128024	617822	15978020
3	linear/256/light	ir	707089	13724	1036945
3	linear/256/light	cfg	1308116	0	0
3	linear/256/light	emission_exclusive	15678344	622853	14535262
3	linear/256/light	serialization	6345600	47424	1345097
3	linear/256/light	combined	24039309	684001	16917304
3	linear/256/heavy	ir	2757710	38556	3669938
3	linear/256/heavy	cfg	1275694	0	0
3	linear/256/heavy	emission_exclusive	46908303	1301966	37053122
3	linear/256/heavy	serialization	24470005	47426	4650931
3	linear/256/heavy	combined	75411872	1387948	45373991
3	linear/1024/base	ir	5496283	48405	3878552
3	linear/1024/base	cfg	23178790	0	0
3	linear/1024/base	emission_exclusive	58700572	2227809	106466310
3	linear/1024/base	serialization	26855520	188738	5365343
3	linear/1024/base	combined	114231335	2464952	115710205
3	linear/1024/light	ir	6974460	54890	4161114
3	linear/1024/light	cfg	22036027	0	0
3	linear/1024/light	emission_exclusive	63030316	2486886	109967920
3	linear/1024/light	serialization	26616167	188738	5359679
3	linear/1024/light	combined	118657121	2730514	119488713
3	linear/1024/heavy	ir	26264490	154218	14692987
3	linear/1024/heavy	cfg	21662601	0	0
3	linear/1024/heavy	emission_exclusive	187736417	5199855	200017585
3	linear/1024/heavy	serialization	92351703	188740	18583081
3	linear/1024/heavy	combined	328015361	5542813	233293653
3	diamond-chain/64/base	ir	141227	3032	241429
3	diamond-chain/64/base	cfg	111802	0	0
3	diamond-chain/64/base	emission_exclusive	5617151	231315	3991572
3	diamond-chain/64/base	serialization	1873175	17982	373065
3	diamond-chain/64/base	combined	7743756	252329	4606066
3	diamond-chain/64/light	ir	136328	3439	259607
3	diamond-chain/64/light	cfg	105410	0	0
3	diamond-chain/64/light	emission_exclusive	5893344	250653	4261308
3	diamond-chain/64/light	serialization	1864509	17982	372681
3	diamond-chain/64/light	combined	7999691	272074	4893596
3	diamond-chain/64/heavy	ir	390289	9646	917496
3	diamond-chain/64/heavy	cfg	106932	0	0
3	diamond-chain/64/heavy	emission_exclusive	15453099	508168	11427125
3	diamond-chain/64/heavy	serialization	5976071	17984	1199123
3	diamond-chain/64/heavy	combined	21926521	535798	13543744
3	diamond-chain/256/base	ir	639882	12113	971734
3	diamond-chain/256/base	cfg	1258371	0	0
3	diamond-chain/256/base	emission_exclusive	21710932	918258	18682496
3	diamond-chain/256/base	serialization	7488944	70976	1471095
3	diamond-chain/256/base	combined	31098289	1001347	21125325
3	diamond-chain/256/light	ir	761151	13734	1042328
3	diamond-chain/256/light	cfg	1229387	0	0
3	diamond-chain/256/light	emission_exclusive	23108497	996897	19787059
3	diamond-chain/256/light	serialization	7285479	70976	1469655
3	diamond-chain/256/light	combined	32384645	1081607	22299042
3	diamond-chain/256/heavy	ir	2344217	38566	3675321
3	diamond-chain/256/heavy	cfg	1225079	0	0
3	diamond-chain/256/heavy	emission_exclusive	61978606	2025306	48439647
3	diamond-chain/256/heavy	serialization	23648810	70978	4775489
3	diamond-chain/256/heavy	combined	89196842	2134850	56890457
3	diamond-chain/1024/base	ir	5536028	48419	3900447
3	diamond-chain/1024/base	cfg	21597708	0	0
3	diamond-chain/1024/base	emission_exclusive	87003240	3667460	120635206
3	diamond-chain/1024/base	serialization	29718388	282946	5863533
3	diamond-chain/1024/base	combined	143855544	3998825	130399186
3	diamond-chain/1024/light	ir	6929937	54904	4183009
3	diamond-chain/1024/light	cfg	19299488	0	0
3	diamond-chain/1024/light	emission_exclusive	91283070	3983307	125080753
3	diamond-chain/1024/light	serialization	28564123	282946	5857869
3	diamond-chain/1024/light	combined	146076868	4321157	135121631
3	diamond-chain/1024/heavy	ir	24049639	154232	14714882
3	diamond-chain/1024/heavy	cfg	21159078	0	0
3	diamond-chain/1024/heavy	emission_exclusive	250461785	8095428	239697466
3	diamond-chain/1024/heavy	serialization	101282757	282948	19081271
3	diamond-chain/1024/heavy	combined	396953419	8532608	273493619
3	fan-in/64/base	ir	124776	3035	243042
3	fan-in/64/base	cfg	72247	0	0
3	fan-in/64/base	emission_exclusive	31010614	374084	8862989
3	fan-in/64/base	serialization	5527231	23502	433675
3	fan-in/64/base	combined	36734988	400621	9539706
3	fan-in/256/base	ir	662033	12144	978787
3	fan-in/256/base	cfg	539672	0	0
3	fan-in/256/base	emission_exclusive	104047728	3819139	76937446
3	fan-in/256/base	serialization	16577517	169875	2040148
3	fan-in/256/base	combined	121827111	4001158	79956381
3	fan-in/1024/base	ir	6286939	48575	3929268
3	fan-in/1024/base	cfg	11032331	0	0
3	fan-in/1024/base	emission_exclusive	857910719	33453456	663421693
3	fan-in/1024/base	serialization	51570988	520489	7222939
3	fan-in/1024/base	combined	926801127	34022520	674573900
3	nested-loop/64/base	ir	123554	3028	240359
3	nested-loop/64/base	cfg	187114	0	0
3	nested-loop/64/base	emission_exclusive	4575039	158164	3203533
3	nested-loop/64/base	serialization	1899385	13198	348803
3	nested-loop/64/base	combined	6785212	174390	3792695
3	nested-loop/256/base	ir	626035	12105	966536
3	nested-loop/256/base	cfg	2331683	0	0
3	nested-loop/256/base	emission_exclusive	17372871	608659	17402870
3	nested-loop/256/base	serialization	7387051	48528	1356497
3	nested-loop/256/base	combined	27717771	669292	19725903
3	nested-loop/1024/base	ir	5438243	48407	3878737
3	nested-loop/1024/base	cfg	40126888	0	0
3	nested-loop/1024/base	emission_exclusive	68598886	2410535	149436100
3	nested-loop/1024/base	serialization	29114365	189842	5387591
3	nested-loop/1024/base	combined	143278613	2648784	158702428
3	multi-exit/64/base	ir	125808	3014	242868
3	multi-exit/64/base	cfg	85222	0	0
3	multi-exit/64/base	emission_exclusive	30640080	1057206	21442992
3	multi-exit/64/base	serialization	8182036	46594	569880
3	multi-exit/64/base	combined	39033278	1106814	22255740
3	multi-exit/256/base	ir	668806	12119	977717
3	multi-exit/256/base	cfg	574096	0	0
3	multi-exit/256/base	emission_exclusive	138812149	5477133	106749130
3	multi-exit/256/base	serialization	17997313	175763	2079434
3	multi-exit/256/base	combined	158052504	5665015	109806281
3	multi-exit/1024/base	ir	6275517	48549	3928190
3	multi-exit/1024/base	cfg	12539674	0	0
3	multi-exit/1024/base	emission_exclusive	976520771	39137448	770432210
3	multi-exit/1024/base	serialization	55990272	520489	7238547
3	multi-exit/1024/base	combined	1051326474	39706486	781598947
3	no-exit/64/base	ir	136288	3036	240455
3	no-exit/64/base	cfg	54744	0	0
3	no-exit/64/base	emission_exclusive	4230076	145625	2621882
3	no-exit/64/base	serialization	1916307	12278	343391
3	no-exit/64/base	combined	6337525	160939	3205728
3	no-exit/256/base	ir	643117	12113	966632
3	no-exit/256/base	cfg	458669	0	0
3	no-exit/256/base	emission_exclusive	16461205	578412	11987138
3	no-exit/256/base	serialization	7562263	47608	1349547
3	no-exit/256/base	combined	25125404	638133	14303317
3	no-exit/1024/base	ir	5641688	48415	3878833
3	no-exit/1024/base	cfg	8771292	0	0
3	no-exit/1024/base	emission_exclusive	63275621	2309490	73811799
3	no-exit/1024/base	serialization	26776620	188922	5374495
3	no-exit/1024/base	combined	104465351	2546827	83065127
3	irreducible/64/base	ir	123684	3032	242131
3	irreducible/64/base	cfg	90712	0	0
3	irreducible/64/base	emission_exclusive	1171767010	20020919	375957323
3	irreducible/64/base	serialization	288190827	2739433	16602620
3	irreducible/64/base	combined	1460172383	22763384	392802074
3	irreducible/256/base	ir	686369	12113	974548
3	irreducible/256/base	cfg	1208547	0	0
3	irreducible/256/base	emission_exclusive	2290624912	50823127	727892844
3	irreducible/256/base	serialization	401604263	3945831	24608381
3	irreducible/256/base	combined	2694124422	54781071	753475773
3	irreducible/1024/base	ir	5906829	48419	3911709
3	irreducible/1024/base	cfg	19187947	0	0
3	irreducible/1024/base	emission_exclusive	3904320931	121441564	1430393117
3	irreducible/1024/base	serialization	552784982	5140545	34956339
3	irreducible/1024/base	combined	4482201201	126630528	1469261165
4	linear/64/base	ir	149863	3026	240174
4	linear/64/base	cfg	115869	0	0
4	linear/64/base	emission_exclusive	3808458	140898	2638299
4	linear/64/base	serialization	1646076	12094	341915
4	linear/64/base	combined	5723222	156018	3220388
4	linear/64/light	ir	133292	3433	258352
4	linear/64/light	cfg	97735	0	0
4	linear/64/light	emission_exclusive	4055928	156825	2850866
4	linear/64/light	serialization	1643591	12094	341531
4	linear/64/light	combined	5930666	172352	3450749
4	linear/64/heavy	ir	476402	9640	916241
4	linear/64/heavy	cfg	96953	0	0
4	linear/64/heavy	emission_exclusive	11856842	327508	8490035
4	linear/64/heavy	serialization	6279475	12096	1167973
4	linear/64/heavy	combined	18709812	349244	10574249
4	linear/256/base	ir	629261	12103	966351
4	linear/256/base	cfg	1406342	0	0
4	linear/256/base	emission_exclusive	14650939	558295	13665132
4	linear/256/base	serialization	6767860	47424	1346537
4	linear/256/base	combined	23454512	617822	15978020
4	linear/256/light	ir	708682	13724	1036945
4	linear/256/light	cfg	1302816	0	0
4	linear/256/light	emission_exclusive	15855230	622853	14535262
4	linear/256/light	serialization	6676527	47424	1345097
4	linear/256/light	combined	24543355	684001	16917304
4	linear/256/heavy	ir	2730157	38556	3669938
4	linear/256/heavy	cfg	1252591	0	0
4	linear/256/heavy	emission_exclusive	47118010	1301966	37053122
4	linear/256/heavy	serialization	24510732	47426	4650931
4	linear/256/heavy	combined	75611660	1387948	45373991
4	linear/1024/base	ir	5566626	48405	3878552
4	linear/1024/base	cfg	23444553	0	0
4	linear/1024/base	emission_exclusive	58606774	2227809	106466310
4	linear/1024/base	serialization	26928729	188738	5365343
4	linear/1024/base	combined	114546912	2464952	115710205
4	linear/1024/light	ir	6557661	54890	4161114
4	linear/1024/light	cfg	22151887	0	0
4	linear/1024/light	emission_exclusive	63343219	2486886	109967920
4	linear/1024/light	serialization	25370849	188738	5359679
4	linear/1024/light	combined	117423846	2730514	119488713
4	linear/1024/heavy	ir	26426858	154218	14692987
4	linear/1024/heavy	cfg	21718708	0	0
4	linear/1024/heavy	emission_exclusive	188266620	5199855	200017585
4	linear/1024/heavy	serialization	92435121	188740	18583081
4	linear/1024/heavy	combined	328847537	5542813	233293653
4	diamond-chain/64/base	ir	123434	3032	241429
4	diamond-chain/64/base	cfg	109738	0	0
4	diamond-chain/64/base	emission_exclusive	5577185	231315	3991572
4	diamond-chain/64/base	serialization	1866673	17982	373065
4	diamond-chain/64/base	combined	7677150	252329	4606066
4	diamond-chain/64/light	ir	137239	3439	259607
4	diamond-chain/64/light	cfg	105109	0	0
4	diamond-chain/64/light	emission_exclusive	5884548	250653	4261308
4	diamond-chain/64/light	serialization	1863687	17982	372681
4	diamond-chain/64/light	combined	7990683	272074	4893596
4	diamond-chain/64/heavy	ir	394597	9646	917496
4	diamond-chain/64/heavy	cfg	105289	0	0
4	diamond-chain/64/heavy	emission_exclusive	15542829	508168	11427125
4	diamond-chain/64/heavy	serialization	5952797	17984	1199123
4	diamond-chain/64/heavy	combined	21995622	535798	13543744
4	diamond-chain/256/base	ir	634632	12113	971734
4	diamond-chain/256/base	cfg	1252371	0	0
4	diamond-chain/256/base	emission_exclusive	21885741	918258	18682496
4	diamond-chain/256/base	serialization	7706586	70976	1471095
4	diamond-chain/256/base	combined	31479442	1001347	21125325
4	diamond-chain/256/light	ir	728689	13734	1042328
4	diamond-chain/256/light	cfg	1225028	0	0
4	diamond-chain/256/light	emission_exclusive	23335247	996897	19787059
4	diamond-chain/256/light	serialization	7658555	70976	1469655
4	diamond-chain/256/light	combined	32947629	1081607	22299042
4	diamond-chain/256/heavy	ir	2318859	38566	3675321
4	diamond-chain/256/heavy	cfg	1247241	0	0
4	diamond-chain/256/heavy	emission_exclusive	63440062	2025306	48439647
4	diamond-chain/256/heavy	serialization	25295255	70978	4775489
4	diamond-chain/256/heavy	combined	92301568	2134850	56890457
4	diamond-chain/1024/base	ir	5526219	48419	3900447
4	diamond-chain/1024/base	cfg	21967929	0	0
4	diamond-chain/1024/base	emission_exclusive	88484615	3667460	120635206
4	diamond-chain/1024/base	serialization	29820891	282946	5863533
4	diamond-chain/1024/base	combined	145799814	3998825	130399186
4	diamond-chain/1024/light	ir	6647041	54904	4183009
4	diamond-chain/1024/light	cfg	18724220	0	0
4	diamond-chain/1024/light	emission_exclusive	94455715	3983307	125080753
4	diamond-chain/1024/light	serialization	29323400	282946	5857869
4	diamond-chain/1024/light	combined	149150526	4321157	135121631
4	diamond-chain/1024/heavy	ir	24154658	154232	14714882
4	diamond-chain/1024/heavy	cfg	20869560	0	0
4	diamond-chain/1024/heavy	emission_exclusive	253314486	8095428	239697466
4	diamond-chain/1024/heavy	serialization	101951212	282948	19081271
4	diamond-chain/1024/heavy	combined	400290076	8532608	273493619
4	fan-in/64/base	ir	131278	3035	243042
4	fan-in/64/base	cfg	73809	0	0
4	fan-in/64/base	emission_exclusive	31334587	374084	8862989
4	fan-in/64/base	serialization	5592074	23502	433675
4	fan-in/64/base	combined	37131898	400621	9539706
4	fan-in/256/base	ir	665910	12144	978787
4	fan-in/256/base	cfg	556824	0	0
4	fan-in/256/base	emission_exclusive	105696391	3819139	76937446
4	fan-in/256/base	serialization	17561157	169875	2040148
4	fan-in/256/base	combined	124480433	4001158	79956381
4	fan-in/1024/base	ir	6301326	48575	3929268
4	fan-in/1024/base	cfg	10655187	0	0
4	fan-in/1024/base	emission_exclusive	862945902	33453456	663421693
4	fan-in/1024/base	serialization	51403370	520489	7222939
4	fan-in/1024/base	combined	931305965	34022520	674573900
4	nested-loop/64/base	ir	123835	3028	240359
4	nested-loop/64/base	cfg	184749	0	0
4	nested-loop/64/base	emission_exclusive	4567806	158164	3203533
4	nested-loop/64/base	serialization	1894736	13198	348803
4	nested-loop/64/base	combined	6771236	174390	3792695
4	nested-loop/256/base	ir	629501	12105	966536
4	nested-loop/256/base	cfg	2319200	0	0
4	nested-loop/256/base	emission_exclusive	17183152	608659	17402870
4	nested-loop/256/base	serialization	7312882	48528	1356497
4	nested-loop/256/base	combined	27444835	669292	19725903
4	nested-loop/1024/base	ir	5808063	48407	3878737
4	nested-loop/1024/base	cfg	40642073	0	0
4	nested-loop/1024/base	emission_exclusive	67556854	2410535	149436100
4	nested-loop/1024/base	serialization	30237130	189842	5387591
4	nested-loop/1024/base	combined	144244290	2648784	158702428
4	multi-exit/64/base	ir	130306	3014	242868
4	multi-exit/64/base	cfg	100290	0	0
4	multi-exit/64/base	emission_exclusive	30350073	1057206	21442992
4	multi-exit/64/base	serialization	7691317	46594	569880
4	multi-exit/64/base	combined	38272136	1106814	22255740
4	multi-exit/256/base	ir	676791	12119	977717
4	multi-exit/256/base	cfg	618291	0	0
4	multi-exit/256/base	emission_exclusive	137636273	5477133	106749130
4	multi-exit/256/base	serialization	18026859	175763	2079434
4	multi-exit/256/base	combined	156958364	5665015	109806281
4	multi-exit/1024/base	ir	6406295	48549	3928190
4	multi-exit/1024/base	cfg	12394979	0	0
4	multi-exit/1024/base	emission_exclusive	963581414	39137448	770432210
4	multi-exit/1024/base	serialization	52747235	520489	7238547
4	multi-exit/1024/base	combined	1035130073	39706486	781598947
4	no-exit/64/base	ir	120298	3036	240455
4	no-exit/64/base	cfg	49223	0	0
4	no-exit/64/base	emission_exclusive	4085092	145625	2621882
4	no-exit/64/base	serialization	1775109	12278	343391
4	no-exit/64/base	combined	6029843	160939	3205728
4	no-exit/256/base	ir	625364	12113	966632
4	no-exit/256/base	cfg	428190	0	0
4	no-exit/256/base	emission_exclusive	15758627	578412	11987138
4	no-exit/256/base	serialization	6972196	47608	1349547
4	no-exit/256/base	combined	23784517	638133	14303317
4	no-exit/1024/base	ir	5498206	48415	3878833
4	no-exit/1024/base	cfg	8783354	0	0
4	no-exit/1024/base	emission_exclusive	62925138	2309490	73811799
4	no-exit/1024/base	serialization	27803213	188922	5374495
4	no-exit/1024/base	combined	105010172	2546827	83065127
4	irreducible/64/base	ir	124205	3032	242131
4	irreducible/64/base	cfg	96082	0	0
4	irreducible/64/base	emission_exclusive	1149426962	20020919	375957323
4	irreducible/64/base	serialization	280360617	2739433	16602620
4	irreducible/64/base	combined	1430008126	22763384	392802074
4	irreducible/256/base	ir	675258	12113	974548
4	irreducible/256/base	cfg	1221171	0	0
4	irreducible/256/base	emission_exclusive	2306948857	50823127	727892844
4	irreducible/256/base	serialization	415587039	3945831	24608381
4	irreducible/256/base	combined	2724432635	54781071	753475773
4	irreducible/1024/base	ir	6152374	48419	3911709
4	irreducible/1024/base	cfg	18976437	0	0
4	irreducible/1024/base	emission_exclusive	3920296442	121441564	1430393117
4	irreducible/1024/base	serialization	512465972	5140545	34956339
4	irreducible/1024/base	combined	4457891546	126630528	1469261165
5	linear/64/base	ir	148270	3026	240174
5	linear/64/base	cfg	116260	0	0
5	linear/64/base	emission_exclusive	3801576	140898	2638299
5	linear/64/base	serialization	1648259	12094	341915
5	linear/64/base	combined	5717402	156018	3220388
5	linear/64/light	ir	140326	3433	258352
5	linear/64/light	cfg	99939	0	0
5	linear/64/light	emission_exclusive	4014228	156825	2850866
5	linear/64/light	serialization	1646927	12094	341531
5	linear/64/light	combined	5901540	172352	3450749
5	linear/64/heavy	ir	472915	9640	916241
5	linear/64/heavy	cfg	93687	0	0
5	linear/64/heavy	emission_exclusive	11752053	327508	8490035
5	linear/64/heavy	serialization	5930765	12096	1167973
5	linear/64/heavy	combined	18249560	349244	10574249
5	linear/256/base	ir	640311	12103	966351
5	linear/256/base	cfg	1391313	0	0
5	linear/256/base	emission_exclusive	14625031	558295	13665132
5	linear/256/base	serialization	6375958	47424	1346537
5	linear/256/base	combined	23032754	617822	15978020
5	linear/256/light	ir	707459	13724	1036945
5	linear/256/light	cfg	1035170	0	0
5	linear/256/light	emission_exclusive	15892409	622853	14535262
5	linear/256/light	serialization	6368303	47424	1345097
5	linear/256/light	combined	24003491	684001	16917304
5	linear/256/heavy	ir	2734595	38556	3669938
5	linear/256/heavy	cfg	1275364	0	0
5	linear/256/heavy	emission_exclusive	47074157	1301966	37053122
5	linear/256/heavy	serialization	24566017	47426	4650931
5	linear/256/heavy	combined	75650273	1387948	45373991
5	linear/1024/base	ir	5612182	48405	3878552
5	linear/1024/base	cfg	23254844	0	0
5	linear/1024/base	emission_exclusive	58520132	2227809	106466310
5	linear/1024/base	serialization	26940872	188738	5365343
5	linear/1024/base	combined	114328270	2464952	115710205
5	linear/1024/light	ir	6752060	54890	4161114
5	linear/1024/light	cfg	22209246	0	0
5	linear/1024/light	emission_exclusive	63711186	2486886	109967920
5	linear/1024/light	serialization	26641625	188738	5359679
5	linear/1024/light	combined	119314337	2730514	119488713
5	linear/1024/heavy	ir	26087865	154218	14692987
5	linear/1024/heavy	cfg	21573512	0	0
5	linear/1024/heavy	emission_exclusive	186674590	5199855	200017585
5	linear/1024/heavy	serialization	97714975	188740	18583081
5	linear/1024/heavy	combined	332051203	5542813	233293653
5	diamond-chain/64/base	ir	122683	3032	241429
5	diamond-chain/64/base	cfg	108245	0	0
5	diamond-chain/64/base	emission_exclusive	5578287	231315	3991572
5	diamond-chain/64/base	serialization	1967635	17982	373065
5	diamond-chain/64/base	combined	7776980	252329	4606066
5	diamond-chain/64/light	ir	137150	3439	259607
5	diamond-chain/64/light	cfg	105750	0	0
5	diamond-chain/64/light	emission_exclusive	5884287	250653	4261308
5	diamond-chain/64/light	serialization	1931756	17982	372681
5	diamond-chain/64/light	combined	8059053	272074	4893596
5	diamond-chain/64/heavy	ir	385620	9646	917496
5	diamond-chain/64/heavy	cfg	104568	0	0
5	diamond-chain/64/heavy	emission_exclusive	15833558	508168	11427125
5	diamond-chain/64/heavy	serialization	6316145	17984	1199123
5	diamond-chain/64/heavy	combined	22640011	535798	13543744
5	diamond-chain/256/base	ir	638629	12113	971734
5	diamond-chain/256/base	cfg	1250887	0	0
5	diamond-chain/256/base	emission_exclusive	22077166	918258	18682496
5	diamond-chain/256/base	serialization	7864665	70976	1471095
5	diamond-chain/256/base	combined	31831457	1001347	21125325
5	diamond-chain/256/light	ir	725173	13734	1042328
5	diamond-chain/256/light	cfg	1235198	0	0
5	diamond-chain/256/light	emission_exclusive	24738382	996897	19787059
5	diamond-chain/256/light	serialization	7847112	70976	1469655
5	diamond-chain/256/light	combined	34546065	1081607	22299042
5	diamond-chain/256/heavy	ir	2339468	38566	3675321
5	diamond-chain/256/heavy	cfg	1245688	0	0
5	diamond-chain/256/heavy	emission_exclusive	63461113	2025306	48439647
5	diamond-chain/256/heavy	serialization	25213422	70978	4775489
5	diamond-chain/256/heavy	combined	92259831	2134850	56890457
5	diamond-chain/1024/base	ir	5723833	48419	3900447
5	diamond-chain/1024/base	cfg	21922122	0	0
5	diamond-chain/1024/base	emission_exclusive	90714466	3667460	120635206
5	diamond-chain/1024/base	serialization	31286446	282946	5863533
5	diamond-chain/1024/base	combined	149647007	3998825	130399186
5	diamond-chain/1024/light	ir	7035466	54904	4183009
5	diamond-chain/1024/light	cfg	19463228	0	0
5	diamond-chain/1024/light	emission_exclusive	95826902	3983307	125080753
5	diamond-chain/1024/light	serialization	30971129	282946	5857869
5	diamond-chain/1024/light	combined	153296866	4321157	135121631
5	diamond-chain/1024/heavy	ir	24249106	154232	14714882
5	diamond-chain/1024/heavy	cfg	20940925	0	0
5	diamond-chain/1024/heavy	emission_exclusive	256291783	8095428	239697466
5	diamond-chain/1024/heavy	serialization	101989806	282948	19081271
5	diamond-chain/1024/heavy	combined	403471801	8532608	273493619
5	fan-in/64/base	ir	124897	3035	243042
5	fan-in/64/base	cfg	72276	0	0
5	fan-in/64/base	emission_exclusive	31395914	374084	8862989
5	fan-in/64/base	serialization	5641438	23502	433675
5	fan-in/64/base	combined	37234665	400621	9539706
5	fan-in/256/base	ir	662254	12144	978787
5	fan-in/256/base	cfg	557405	0	0
5	fan-in/256/base	emission_exclusive	105659912	3819139	76937446
5	fan-in/256/base	serialization	16927970	169875	2040148
5	fan-in/256/base	combined	123807671	4001158	79956381
5	fan-in/1024/base	ir	6524579	48575	3929268
5	fan-in/1024/base	cfg	10459636	0	0
5	fan-in/1024/base	emission_exclusive	863673758	33453456	663421693
5	fan-in/1024/base	serialization	51833976	520489	7222939
5	fan-in/1024/base	combined	932492099	34022520	674573900
5	nested-loop/64/base	ir	119907	3028	240359
5	nested-loop/64/base	cfg	183187	0	0
5	nested-loop/64/base	emission_exclusive	4605527	158164	3203533
5	nested-loop/64/base	serialization	1911067	13198	348803
5	nested-loop/64/base	combined	6819808	174390	3792695
5	nested-loop/256/base	ir	619142	12105	966536
5	nested-loop/256/base	cfg	2296508	0	0
5	nested-loop/256/base	emission_exclusive	17179695	608659	17402870
5	nested-loop/256/base	serialization	7317940	48528	1356497
5	nested-loop/256/base	combined	27413415	669292	19725903
5	nested-loop/1024/base	ir	5727170	48407	3878737
5	nested-loop/1024/base	cfg	40464207	0	0
5	nested-loop/1024/base	emission_exclusive	67991608	2410535	149436100
5	nested-loop/1024/base	serialization	29132309	189842	5387591
5	nested-loop/1024/base	combined	143315494	2648784	158702428
5	multi-exit/64/base	ir	124917	3014	242868
5	multi-exit/64/base	cfg	83157	0	0
5	multi-exit/64/base	emission_exclusive	30597152	1057206	21442992
5	multi-exit/64/base	serialization	8215820	46594	569880
5	multi-exit/64/base	combined	39021176	1106814	22255740
5	multi-exit/256/base	ir	666882	12119	977717
5	multi-exit/256/base	cfg	601067	0	0
5	multi-exit/256/base	emission_exclusive	137836454	5477133	106749130
5	multi-exit/256/base	serialization	18061014	175763	2079434
5	multi-exit/256/base	combined	157165567	5665015	109806281
5	multi-exit/1024/base	ir	6578621	48549	3928190
5	multi-exit/1024/base	cfg	12743099	0	0
5	multi-exit/1024/base	emission_exclusive	975489972	39137448	770432210
5	multi-exit/1024/base	serialization	53539795	520489	7238547
5	multi-exit/1024/base	combined	1048351737	39706486	781598947
5	no-exit/64/base	ir	128423	3036	240455
5	no-exit/64/base	cfg	53852	0	0
5	no-exit/64/base	emission_exclusive	4116301	145625	2621882
5	no-exit/64/base	serialization	1809194	12278	343391
5	no-exit/64/base	combined	6107870	160939	3205728
5	no-exit/256/base	ir	631355	12113	966632
5	no-exit/256/base	cfg	446726	0	0
5	no-exit/256/base	emission_exclusive	15917206	578412	11987138
5	no-exit/256/base	serialization	7088116	47608	1349547
5	no-exit/256/base	combined	24083543	638133	14303317
5	no-exit/1024/base	ir	5650033	48415	3878833
5	no-exit/1024/base	cfg	8783504	0	0
5	no-exit/1024/base	emission_exclusive	63091143	2309490	73811799
5	no-exit/1024/base	serialization	28093573	188922	5374495
5	no-exit/1024/base	combined	105618454	2546827	83065127
5	irreducible/64/base	ir	126930	3032	242131
5	irreducible/64/base	cfg	91483	0	0
5	irreducible/64/base	emission_exclusive	1170455975	20020919	375957323
5	irreducible/64/base	serialization	288388845	2739433	16602620
5	irreducible/64/base	combined	1459063463	22763384	392802074
5	irreducible/256/base	ir	661632	12113	974548
5	irreducible/256/base	cfg	1208357	0	0
5	irreducible/256/base	emission_exclusive	2322906311	50823127	727892844
5	irreducible/256/base	serialization	414191360	3945831	24608381
5	irreducible/256/base	combined	2738968071	54781071	753475773
5	irreducible/1024/base	ir	5930325	48419	3911709
5	irreducible/1024/base	cfg	18952862	0	0
5	irreducible/1024/base	emission_exclusive	3935474987	121441564	1430393117
5	irreducible/1024/base	serialization	534446941	5140545	34956339
5	irreducible/1024/base	combined	4494805505	126630528	1469261165
6	linear/64/base	ir	152760	3026	240174
6	linear/64/base	cfg	120618	0	0
6	linear/64/base	emission_exclusive	3803910	140898	2638299
6	linear/64/base	serialization	1650373	12094	341915
6	linear/64/base	combined	5730987	156018	3220388
6	linear/64/light	ir	133503	3433	258352
6	linear/64/light	cfg	90702	0	0
6	linear/64/light	emission_exclusive	3997025	156825	2850866
6	linear/64/light	serialization	1648750	12094	341531
6	linear/64/light	combined	5870090	172352	3450749
6	linear/64/heavy	ir	476132	9640	916241
6	linear/64/heavy	cfg	93056	0	0
6	linear/64/heavy	emission_exclusive	11693341	327508	8490035
6	linear/64/heavy	serialization	6255650	12096	1167973
6	linear/64/heavy	combined	18518350	349244	10574249
6	linear/256/base	ir	634861	12103	966351
6	linear/256/base	cfg	1371246	0	0
6	linear/256/base	emission_exclusive	14492129	558295	13665132
6	linear/256/base	serialization	6581627	47424	1346537
6	linear/256/base	combined	23080013	617822	15978020
6	linear/256/light	ir	710655	13724	1036945
6	linear/256/light	cfg	1091275	0	0
6	linear/256/light	emission_exclusive	15629723	622853	14535262
6	linear/256/light	serialization	6309281	47424	1345097
6	linear/256/light	combined	23741064	684001	16917304
6	linear/256/heavy	ir	2705190	38556	3669938
6	linear/256/heavy	cfg	1256738	0	0
6	linear/256/heavy	emission_exclusive	47195278	1301966	37053122
6	linear/256/heavy	serialization	24582056	47426	4650931
6	linear/256/heavy	combined	75739423	1387948	45373991
6	linear/1024/base	ir	5655404	48405	3878552
6	linear/1024/base	cfg	23223015	0	0
6	linear/1024/base	emission_exclusive	57407194	2227809	106466310
6	linear/1024/base	serialization	25531674	188738	5365343
6	linear/1024/base	combined	111817547	2464952	115710205
6	linear/1024/light	ir	6813275	54890	4161114
6	linear/1024/light	cfg	22058010	0	0
6	linear/1024/light	emission_exclusive	66339711	2486886	109967920
6	linear/1024/light	serialization	27250888	188738	5359679
6	linear/1024/light	combined	122462074	2730514	119488713
6	linear/1024/heavy	ir	28537393	154218	14692987
6	linear/1024/heavy	cfg	21757330	0	0
6	linear/1024/heavy	emission_exclusive	187389844	5199855	200017585
6	linear/1024/heavy	serialization	98167762	188740	18583081
6	linear/1024/heavy	combined	335852890	5542813	233293653
6	diamond-chain/64/base	ir	125207	3032	241429
6	diamond-chain/64/base	cfg	110319	0	0
6	diamond-chain/64/base	emission_exclusive	5608054	231315	3991572
6	diamond-chain/64/base	serialization	1976571	17982	373065
6	diamond-chain/64/base	combined	7820271	252329	4606066
6	diamond-chain/64/light	ir	134555	3439	259607
6	diamond-chain/64/light	cfg	107704	0	0
6	diamond-chain/64/light	emission_exclusive	5969017	250653	4261308
6	diamond-chain/64/light	serialization	1943158	17982	372681
6	diamond-chain/64/light	combined	8154534	272074	4893596
6	diamond-chain/64/heavy	ir	389377	9646	917496
6	diamond-chain/64/heavy	cfg	107263	0	0
6	diamond-chain/64/heavy	emission_exclusive	15657806	508168	11427125
6	diamond-chain/64/heavy	serialization	6289214	17984	1199123
6	diamond-chain/64/heavy	combined	22443770	535798	13543744
6	diamond-chain/256/base	ir	630003	12113	971734
6	diamond-chain/256/base	cfg	1252371	0	0
6	diamond-chain/256/base	emission_exclusive	22124414	918258	18682496
6	diamond-chain/256/base	serialization	7828878	70976	1471095
6	diamond-chain/256/base	combined	31835766	1001347	21125325
6	diamond-chain/256/light	ir	721796	13734	1042328
6	diamond-chain/256/light	cfg	1224588	0	0
6	diamond-chain/256/light	emission_exclusive	23811358	996897	19787059
6	diamond-chain/256/light	serialization	7783513	70976	1469655
6	diamond-chain/256/light	combined	33541375	1081607	22299042
6	diamond-chain/256/heavy	ir	2358965	38566	3675321
6	diamond-chain/256/heavy	cfg	1235949	0	0
6	diamond-chain/256/heavy	emission_exclusive	63671842	2025306	48439647
6	diamond-chain/256/heavy	serialization	25232618	70978	4775489
6	diamond-chain/256/heavy	combined	92499514	2134850	56890457
6	diamond-chain/1024/base	ir	5906198	48419	3900447
6	diamond-chain/1024/base	cfg	22064592	0	0
6	diamond-chain/1024/base	emission_exclusive	89216040	3667460	120635206
6	diamond-chain/1024/base	serialization	31174203	282946	5863533
6	diamond-chain/1024/base	combined	148361183	3998825	130399186
6	diamond-chain/1024/light	ir	7043721	54904	4183009
6	diamond-chain/1024/light	cfg	18798250	0	0
6	diamond-chain/1024/light	emission_exclusive	95267092	3983307	125080753
6	diamond-chain/1024/light	serialization	30908621	282946	5857869
6	diamond-chain/1024/light	combined	152017824	4321157	135121631
6	diamond-chain/1024/heavy	ir	24171660	154232	14714882
6	diamond-chain/1024/heavy	cfg	20838681	0	0
6	diamond-chain/1024/heavy	emission_exclusive	256645144	8095428	239697466
6	diamond-chain/1024/heavy	serialization	102050501	282948	19081271
6	diamond-chain/1024/heavy	combined	403706146	8532608	273493619
6	fan-in/64/base	ir	133322	3035	243042
6	fan-in/64/base	cfg	76645	0	0
6	fan-in/64/base	emission_exclusive	31460536	374084	8862989
6	fan-in/64/base	serialization	5583658	23502	433675
6	fan-in/64/base	combined	37254291	400621	9539706
6	fan-in/256/base	ir	669487	12144	978787
6	fan-in/256/base	cfg	567063	0	0
6	fan-in/256/base	emission_exclusive	105531100	3819139	76937446
6	fan-in/256/base	serialization	16867425	169875	2040148
6	fan-in/256/base	combined	123635215	4001158	79956381
6	fan-in/1024/base	ir	6425281	48575	3929268
6	fan-in/1024/base	cfg	10678511	0	0
6	fan-in/1024/base	emission_exclusive	858909032	33453456	663421693
6	fan-in/1024/base	serialization	51620091	520489	7222939
6	fan-in/1024/base	combined	927633075	34022520	674573900
6	nested-loop/64/base	ir	119326	3028	240359
6	nested-loop/64/base	cfg	181183	0	0
6	nested-loop/64/base	emission_exclusive	4549431	158164	3203533
6	nested-loop/64/base	serialization	1901449	13198	348803
6	nested-loop/64/base	combined	6751489	174390	3792695
6	nested-loop/256/base	ir	627087	12105	966536
6	nested-loop/256/base	cfg	2314290	0	0
6	nested-loop/256/base	emission_exclusive	17168846	608659	17402870
6	nested-loop/256/base	serialization	7376882	48528	1356497
6	nested-loop/256/base	combined	27487216	669292	19725903
6	nested-loop/1024/base	ir	5756966	48407	3878737
6	nested-loop/1024/base	cfg	39802755	0	0
6	nested-loop/1024/base	emission_exclusive	69125874	2410535	149436100
6	nested-loop/1024/base	serialization	29179948	189842	5387591
6	nested-loop/1024/base	combined	143865786	2648784	158702428
6	multi-exit/64/base	ir	129064	3014	242868
6	multi-exit/64/base	cfg	86884	0	0
6	multi-exit/64/base	emission_exclusive	30547548	1057206	21442992
6	multi-exit/64/base	serialization	8145237	46594	569880
6	multi-exit/64/base	combined	38908864	1106814	22255740
6	multi-exit/256/base	ir	671431	12119	977717
6	multi-exit/256/base	cfg	606638	0	0
6	multi-exit/256/base	emission_exclusive	137343942	5477133	106749130
6	multi-exit/256/base	serialization	17992885	175763	2079434
6	multi-exit/256/base	combined	156615046	5665015	109806281
6	multi-exit/1024/base	ir	6383763	48549	3928190
6	multi-exit/1024/base	cfg	12418574	0	0
6	multi-exit/1024/base	emission_exclusive	973401442	39137448	770432210
6	multi-exit/1024/base	serialization	53533212	520489	7238547
6	multi-exit/1024/base	combined	1045737132	39706486	781598947
6	no-exit/64/base	ir	118434	3036	240455
6	no-exit/64/base	cfg	47590	0	0
6	no-exit/64/base	emission_exclusive	4151267	145625	2621882
6	no-exit/64/base	serialization	1825104	12278	343391
6	no-exit/64/base	combined	6142516	160939	3205728
6	no-exit/256/base	ir	637828	12113	966632
6	no-exit/256/base	cfg	433771	0	0
6	no-exit/256/base	emission_exclusive	16112436	578412	11987138
6	no-exit/256/base	serialization	7068929	47608	1349547
6	no-exit/256/base	combined	24253064	638133	14303317
6	no-exit/1024/base	ir	5378690	48415	3878833
6	no-exit/1024/base	cfg	8522220	0	0
6	no-exit/1024/base	emission_exclusive	63780498	2309490	73811799
6	no-exit/1024/base	serialization	28193482	188922	5374495
6	no-exit/1024/base	combined	105874990	2546827	83065127
6	irreducible/64/base	ir	126689	3032	242131
6	irreducible/64/base	cfg	90441	0	0
6	irreducible/64/base	emission_exclusive	1166199022	20020919	375957323
6	irreducible/64/base	serialization	287703758	2739433	16602620
6	irreducible/64/base	combined	1454120280	22763384	392802074
6	irreducible/256/base	ir	696748	12113	974548
6	irreducible/256/base	cfg	1242582	0	0
6	irreducible/256/base	emission_exclusive	2312212088	50823127	727892844
6	irreducible/256/base	serialization	417242868	3945831	24608381
6	irreducible/256/base	combined	2731394606	54781071	753475773
6	irreducible/1024/base	ir	6342996	48419	3911709
6	irreducible/1024/base	cfg	18736011	0	0
6	irreducible/1024/base	emission_exclusive	3921534585	121441564	1430393117
6	irreducible/1024/base	serialization	533974727	5140545	34956339
6	irreducible/1024/base	combined	4480588640	126630528	1469261165
7	linear/64/base	ir	149694	3026	240174
7	linear/64/base	cfg	117011	0	0
7	linear/64/base	emission_exclusive	3811475	140898	2638299
7	linear/64/base	serialization	1658919	12094	341915
7	linear/64/base	combined	5740135	156018	3220388
7	linear/64/light	ir	134505	3433	258352
7	linear/64/light	cfg	100220	0	0
7	linear/64/light	emission_exclusive	4012043	156825	2850866
7	linear/64/light	serialization	1644182	12094	341531
7	linear/64/light	combined	5891060	172352	3450749
7	linear/64/heavy	ir	474378	9640	916241
7	linear/64/heavy	cfg	94128	0	0
7	linear/64/heavy	emission_exclusive	11991146	327508	8490035
7	linear/64/heavy	serialization	6254749	12096	1167973
7	linear/64/heavy	combined	18814531	349244	10574249
7	linear/256/base	ir	637957	12103	966351
7	linear/256/base	cfg	1423184	0	0
7	linear/256/base	emission_exclusive	14805803	558295	13665132
7	linear/256/base	serialization	6782678	47424	1346537
7	linear/256/base	combined	23649772	617822	15978020
7	linear/256/light	ir	709312	13724	1036945
7	linear/256/light	cfg	1309127	0	0
7	linear/256/light	emission_exclusive	15995095	622853	14535262
7	linear/256/light	serialization	6785483	47424	1345097
7	linear/256/light	combined	24799127	684001	16917304
7	linear/256/heavy	ir	2773489	38556	3669938
7	linear/256/heavy	cfg	1252420	0	0
7	linear/256/heavy	emission_exclusive	47505946	1301966	37053122
7	linear/256/heavy	serialization	24673199	47426	4650931
7	linear/256/heavy	combined	76205224	1387948	45373991
7	linear/1024/base	ir	5421823	48405	3878552
7	linear/1024/base	cfg	22879594	0	0
7	linear/1024/base	emission_exclusive	58893989	2227809	106466310
7	linear/1024/base	serialization	26989352	188738	5365343
7	linear/1024/base	combined	114185009	2464952	115710205
7	linear/1024/light	ir	6424551	54890	4161114
7	linear/1024/light	cfg	21854585	0	0
7	linear/1024/light	emission_exclusive	63102523	2486886	109967920
7	linear/1024/light	serialization	26646454	188738	5359679
7	linear/1024/light	combined	118028325	2730514	119488713
7	linear/1024/heavy	ir	26302583	154218	14692987
7	linear/1024/heavy	cfg	21518788	0	0
7	linear/1024/heavy	emission_exclusive	187797738	5199855	200017585
7	linear/1024/heavy	serialization	98440550	188740	18583081
7	linear/1024/heavy	combined	334059979	5542813	233293653
7	diamond-chain/64/base	ir	133934	3032	241429
7	diamond-chain/64/base	cfg	113304	0	0
7	diamond-chain/64/base	emission_exclusive	5576956	231315	3991572
7	diamond-chain/64/base	serialization	1966883	17982	373065
7	diamond-chain/64/base	combined	7791277	252329	4606066
7	diamond-chain/64/light	ir	135376	3439	259607
7	diamond-chain/64/light	cfg	106442	0	0
7	diamond-chain/64/light	emission_exclusive	5903633	250653	4261308
7	diamond-chain/64/light	serialization	1954289	17982	372681
7	diamond-chain/64/light	combined	8099830	272074	4893596
7	diamond-chain/64/heavy	ir	392763	9646	917496
7	diamond-chain/64/heavy	cfg	105480	0	0
7	diamond-chain/64/heavy	emission_exclusive	15449562	508168	11427125
7	diamond-chain/64/heavy	serialization	6293592	17984	1199123
7	diamond-chain/64/heavy	combined	22241537	535798	13543744
7	diamond-chain/256/base	ir	647886	12113	971734
7	diamond-chain/256/base	cfg	1259373	0	0
7	diamond-chain/256/base	emission_exclusive	21590546	918258	18682496
7	diamond-chain/256/base	serialization	7699373	70976	1471095
7	diamond-chain/256/base	combined	31197288	1001347	21125325
7	diamond-chain/256/light	ir	721566	13734	1042328
7	diamond-chain/256/light	cfg	1233274	0	0
7	diamond-chain/256/light	emission_exclusive	22966690	996897	19787059
7	diamond-chain/256/light	serialization	7681528	70976	1469655
7	diamond-chain/256/light	combined	32603198	1081607	22299042
7	diamond-chain/256/heavy	ir	2303850	38566	3675321
7	diamond-chain/256/heavy	cfg	1241269	0	0
7	diamond-chain/256/heavy	emission_exclusive	61877046	2025306	48439647
7	diamond-chain/256/heavy	serialization	25278244	70978	4775489
7	diamond-chain/256/heavy	combined	90700540	2134850	56890457
7	diamond-chain/1024/base	ir	5737199	48419	3900447
7	diamond-chain/1024/base	cfg	22432378	0	0
7	diamond-chain/1024/base	emission_exclusive	86542481	3667460	120635206
7	diamond-chain/1024/base	serialization	30726547	282946	5863533
7	diamond-chain/1024/base	combined	145438815	3998825	130399186
7	diamond-chain/1024/light	ir	6926790	54904	4183009
7	diamond-chain/1024/light	cfg	18973001	0	0
7	diamond-chain/1024/light	emission_exclusive	92079620	3983307	125080753
7	diamond-chain/1024/light	serialization	30262598	282946	5857869
7	diamond-chain/1024/light	combined	148242149	4321157	135121631
7	diamond-chain/1024/heavy	ir	24276188	154232	14714882
7	diamond-chain/1024/heavy	cfg	20759371	0	0
7	diamond-chain/1024/heavy	emission_exclusive	250845950	8095428	239697466
7	diamond-chain/1024/heavy	serialization	105643052	282948	19081271
7	diamond-chain/1024/heavy	combined	401524731	8532608	273493619
7	fan-in/64/base	ir	145235	3035	243042
7	fan-in/64/base	cfg	78178	0	0
7	fan-in/64/base	emission_exclusive	30939650	374084	8862989
7	fan-in/64/base	serialization	5569101	23502	433675
7	fan-in/64/base	combined	36732394	400621	9539706
7	fan-in/256/base	ir	680909	12144	978787
7	fan-in/256/base	cfg	604654	0	0
7	fan-in/256/base	emission_exclusive	104504838	3819139	76937446
7	fan-in/256/base	serialization	16610628	169875	2040148
7	fan-in/256/base	combined	122401180	4001158	79956381
7	fan-in/1024/base	ir	6392480	48575	3929268
7	fan-in/1024/base	cfg	10838594	0	0
7	fan-in/1024/base	emission_exclusive	862474537	33453456	663421693
7	fan-in/1024/base	serialization	51732525	520489	7222939
7	fan-in/1024/base	combined	931438306	34022520	674573900
7	nested-loop/64/base	ir	120799	3028	240359
7	nested-loop/64/base	cfg	182876	0	0
7	nested-loop/64/base	emission_exclusive	4574849	158164	3203533
7	nested-loop/64/base	serialization	1923441	13198	348803
7	nested-loop/64/base	combined	6802085	174390	3792695
7	nested-loop/256/base	ir	630012	12105	966536
7	nested-loop/256/base	cfg	2322946	0	0
7	nested-loop/256/base	emission_exclusive	17238328	608659	17402870
7	nested-loop/256/base	serialization	7378094	48528	1356497
7	nested-loop/256/base	combined	27569521	669292	19725903
7	nested-loop/1024/base	ir	5415189	48407	3878737
7	nested-loop/1024/base	cfg	40931542	0	0
7	nested-loop/1024/base	emission_exclusive	68138587	2410535	149436100
7	nested-loop/1024/base	serialization	29207262	189842	5387591
7	nested-loop/1024/base	combined	143692710	2648784	158702428
7	multi-exit/64/base	ir	126940	3014	242868
7	multi-exit/64/base	cfg	83839	0	0
7	multi-exit/64/base	emission_exclusive	30587263	1057206	21442992
7	multi-exit/64/base	serialization	8157349	46594	569880
7	multi-exit/64/base	combined	38955521	1106814	22255740
7	multi-exit/256/base	ir	680548	12119	977717
7	multi-exit/256/base	cfg	632417	0	0
7	multi-exit/256/base	emission_exclusive	138257622	5477133	106749130
7	multi-exit/256/base	serialization	18001711	175763	2079434
7	multi-exit/256/base	combined	157572459	5665015	109806281
7	multi-exit/1024/base	ir	6438758	48549	3928190
7	multi-exit/1024/base	cfg	12448982	0	0
7	multi-exit/1024/base	emission_exclusive	975360317	39137448	770432210
7	multi-exit/1024/base	serialization	53855925	520489	7238547
7	multi-exit/1024/base	combined	1048104142	39706486	781598947
7	no-exit/64/base	ir	149873	3036	240455
7	no-exit/64/base	cfg	57660	0	0
7	no-exit/64/base	emission_exclusive	4193706	145625	2621882
7	no-exit/64/base	serialization	1832458	12278	343391
7	no-exit/64/base	combined	6233878	160939	3205728
7	no-exit/256/base	ir	652174	12113	966632
7	no-exit/256/base	cfg	480981	0	0
7	no-exit/256/base	emission_exclusive	16097638	578412	11987138
7	no-exit/256/base	serialization	7145384	47608	1349547
7	no-exit/256/base	combined	24376288	638133	14303317
7	no-exit/1024/base	ir	5659653	48415	3878833
7	no-exit/1024/base	cfg	8904613	0	0
7	no-exit/1024/base	emission_exclusive	63466154	2309490	73811799
7	no-exit/1024/base	serialization	27796401	188922	5374495
7	no-exit/1024/base	combined	105827051	2546827	83065127
7	irreducible/64/base	ir	141588	3032	242131
7	irreducible/64/base	cfg	100421	0	0
7	irreducible/64/base	emission_exclusive	1157215558	20020919	375957323
7	irreducible/64/base	serialization	280697590	2739433	16602620
7	irreducible/64/base	combined	1438155437	22763384	392802074
7	irreducible/256/base	ir	663536	12113	974548
7	irreducible/256/base	cfg	1214168	0	0
7	irreducible/256/base	emission_exclusive	2320973831	50823127	727892844
7	irreducible/256/base	serialization	426742773	3945831	24608381
7	irreducible/256/base	combined	2749594758	54781071	753475773
7	irreducible/1024/base	ir	5899276	48419	3911709
7	irreducible/1024/base	cfg	19065094	0	0
7	irreducible/1024/base	emission_exclusive	3889860007	121441564	1430393117
7	irreducible/1024/base	serialization	515154973	5140545	34956339
7	irreducible/1024/base	combined	4429980031	126630528	1469261165
8	linear/64/base	ir	146808	3026	240174
8	linear/64/base	cfg	119817	0	0
8	linear/64/base	emission_exclusive	3785344	140898	2638299
8	linear/64/base	serialization	1656124	12094	341915
8	linear/64/base	combined	5711480	156018	3220388
8	linear/64/light	ir	133253	3433	258352
8	linear/64/light	cfg	91493	0	0
8	linear/64/light	emission_exclusive	3992176	156825	2850866
8	linear/64/light	serialization	1761584	12094	341531
8	linear/64/light	combined	5978596	172352	3450749
8	linear/64/heavy	ir	477764	9640	916241
8	linear/64/heavy	cfg	92034	0	0
8	linear/64/heavy	emission_exclusive	11989003	327508	8490035
8	linear/64/heavy	serialization	6266160	12096	1167973
8	linear/64/heavy	combined	18825111	349244	10574249
8	linear/256/base	ir	634281	12103	966351
8	linear/256/base	cfg	1437441	0	0
8	linear/256/base	emission_exclusive	14834066	558295	13665132
8	linear/256/base	serialization	6986002	47424	1346537
8	linear/256/base	combined	23891931	617822	15978020
8	linear/256/light	ir	705015	13724	1036945
8	linear/256/light	cfg	1310370	0	0
8	linear/256/light	emission_exclusive	15960509	622853	14535262
8	linear/256/light	serialization	7000770	47424	1345097
8	linear/256/light	combined	24976784	684001	16917304
8	linear/256/heavy	ir	2696053	38556	3669938
8	linear/256/heavy	cfg	1264063	0	0
8	linear/256/heavy	emission_exclusive	47033090	1301966	37053122
8	linear/256/heavy	serialization	24585633	47426	4650931
8	linear/256/heavy	combined	75578990	1387948	45373991
8	linear/1024/base	ir	5573689	48405	3878552
8	linear/1024/base	cfg	23243974	0	0
8	linear/1024/base	emission_exclusive	58486338	2227809	106466310
8	linear/1024/base	serialization	25648244	188738	5365343
8	linear/1024/base	combined	112952506	2464952	115710205
8	linear/1024/light	ir	6650158	54890	4161114
8	linear/1024/light	cfg	22498193	0	0
8	linear/1024/light	emission_exclusive	62595485	2486886	109967920
8	linear/1024/light	serialization	26706878	188738	5359679
8	linear/1024/light	combined	118450854	2730514	119488713
8	linear/1024/heavy	ir	28165579	154218	14692987
8	linear/1024/heavy	cfg	22337448	0	0
8	linear/1024/heavy	emission_exclusive	188033985	5199855	200017585
8	linear/1024/heavy	serialization	92695156	188740	18583081
8	linear/1024/heavy	combined	331232679	5542813	233293653
8	diamond-chain/64/base	ir	129596	3032	241429
8	diamond-chain/64/base	cfg	110389	0	0
8	diamond-chain/64/base	emission_exclusive	5538733	231315	3991572
8	diamond-chain/64/base	serialization	1869288	17982	373065
8	diamond-chain/64/base	combined	7648136	252329	4606066
8	diamond-chain/64/light	ir	137600	3439	259607
8	diamond-chain/64/light	cfg	107052	0	0
8	diamond-chain/64/light	emission_exclusive	5854101	250653	4261308
8	diamond-chain/64/light	serialization	1936675	17982	372681
8	diamond-chain/64/light	combined	8035529	272074	4893596
8	diamond-chain/64/heavy	ir	408964	9646	917496
8	diamond-chain/64/heavy	cfg	106592	0	0
8	diamond-chain/64/heavy	emission_exclusive	15664528	508168	11427125
8	diamond-chain/64/heavy	serialization	6313580	17984	1199123
8	diamond-chain/64/heavy	combined	22493784	535798	13543744
8	diamond-chain/256/base	ir	653627	12113	971734
8	diamond-chain/256/base	cfg	1280874	0	0
8	diamond-chain/256/base	emission_exclusive	21861648	918258	18682496
8	diamond-chain/256/base	serialization	7767702	70976	1471095
8	diamond-chain/256/base	combined	31563981	1001347	21125325
8	diamond-chain/256/light	ir	731124	13734	1042328
8	diamond-chain/256/light	cfg	1247711	0	0
8	diamond-chain/256/light	emission_exclusive	23223446	996897	19787059
8	diamond-chain/256/light	serialization	7682702	70976	1469655
8	diamond-chain/256/light	combined	32885153	1081607	22299042
8	diamond-chain/256/heavy	ir	2341501	38566	3675321
8	diamond-chain/256/heavy	cfg	1241390	0	0
8	diamond-chain/256/heavy	emission_exclusive	62923847	2025306	48439647
8	diamond-chain/256/heavy	serialization	25247917	70978	4775489
8	diamond-chain/256/heavy	combined	91754795	2134850	56890457
8	diamond-chain/1024/base	ir	5760023	48419	3900447
8	diamond-chain/1024/base	cfg	22004298	0	0
8	diamond-chain/1024/base	emission_exclusive	88611366	3667460	120635206
8	diamond-chain/1024/base	serialization	31138907	282946	5863533
8	diamond-chain/1024/base	combined	147514734	3998825	130399186
8	diamond-chain/1024/light	ir	7045616	54904	4183009
8	diamond-chain/1024/light	cfg	18677502	0	0
8	diamond-chain/1024/light	emission_exclusive	93731095	3983307	125080753
8	diamond-chain/1024/light	serialization	30810165	282946	5857869
8	diamond-chain/1024/light	combined	150264528	4321157	135121631
8	diamond-chain/1024/heavy	ir	24198130	154232	14714882
8	diamond-chain/1024/heavy	cfg	20959521	0	0
8	diamond-chain/1024/heavy	emission_exclusive	255609305	8095428	239697466
8	diamond-chain/1024/heavy	serialization	101979479	282948	19081271
8	diamond-chain/1024/heavy	combined	402746565	8532608	273493619
8	fan-in/64/base	ir	128594	3035	243042
8	fan-in/64/base	cfg	73018	0	0
8	fan-in/64/base	emission_exclusive	31463731	374084	8862989
8	fan-in/64/base	serialization	5619798	23502	433675
8	fan-in/64/base	combined	37285271	400621	9539706
8	fan-in/256/base	ir	663686	12144	978787
8	fan-in/256/base	cfg	566903	0	0
8	fan-in/256/base	emission_exclusive	105647431	3819139	76937446
8	fan-in/256/base	serialization	16899987	169875	2040148
8	fan-in/256/base	combined	123778167	4001158	79956381
8	fan-in/1024/base	ir	6598629	48575	3929268
8	fan-in/1024/base	cfg	10898378	0	0
8	fan-in/1024/base	emission_exclusive	860870493	33453456	663421693
8	fan-in/1024/base	serialization	51734149	520489	7222939
8	fan-in/1024/base	combined	930101889	34022520	674573900
8	nested-loop/64/base	ir	122663	3028	240359
8	nested-loop/64/base	cfg	186012	0	0
8	nested-loop/64/base	emission_exclusive	4599575	158164	3203533
8	nested-loop/64/base	serialization	1908182	13198	348803
8	nested-loop/64/base	combined	6816542	174390	3792695
8	nested-loop/256/base	ir	627798	12105	966536
8	nested-loop/256/base	cfg	2323527	0	0
8	nested-loop/256/base	emission_exclusive	17297500	608659	17402870
8	nested-loop/256/base	serialization	8015221	48528	1356497
8	nested-loop/256/base	combined	28264176	669292	19725903
8	nested-loop/1024/base	ir	5617563	48407	3878737
8	nested-loop/1024/base	cfg	41916566	0	0
8	nested-loop/1024/base	emission_exclusive	68365596	2410535	149436100
8	nested-loop/1024/base	serialization	30009930	189842	5387591
8	nested-loop/1024/base	combined	145909896	2648784	158702428
8	multi-exit/64/base	ir	132741	3014	242868
8	multi-exit/64/base	cfg	87977	0	0
8	multi-exit/64/base	emission_exclusive	30614965	1057206	21442992
8	multi-exit/64/base	serialization	8592764	46594	569880
8	multi-exit/64/base	combined	39428587	1106814	22255740
8	multi-exit/256/base	ir	684486	12119	977717
8	multi-exit/256/base	cfg	615194	0	0
8	multi-exit/256/base	emission_exclusive	137601612	5477133	106749130
8	multi-exit/256/base	serialization	17717033	175763	2079434
8	multi-exit/256/base	combined	156618485	5665015	109806281
8	multi-exit/1024/base	ir	6576046	48549	3928190
8	multi-exit/1024/base	cfg	12458941	0	0
8	multi-exit/1024/base	emission_exclusive	966313969	39137448	770432210
8	multi-exit/1024/base	serialization	52843107	520489	7238547
8	multi-exit/1024/base	combined	1038192303	39706486	781598947
8	no-exit/64/base	ir	122722	3036	240455
8	no-exit/64/base	cfg	52019	0	0
8	no-exit/64/base	emission_exclusive	4013526	145625	2621882
8	no-exit/64/base	serialization	1779969	12278	343391
8	no-exit/64/base	combined	5968347	160939	3205728
8	no-exit/256/base	ir	632718	12113	966632
8	no-exit/256/base	cfg	437268	0	0
8	no-exit/256/base	emission_exclusive	15402752	578412	11987138
8	no-exit/256/base	serialization	6990922	47608	1349547
8	no-exit/256/base	combined	23463771	638133	14303317
8	no-exit/1024/base	ir	5573529	48415	3878833
8	no-exit/1024/base	cfg	8489408	0	0
8	no-exit/1024/base	emission_exclusive	61808826	2309490	73811799
8	no-exit/1024/base	serialization	27609969	188922	5374495
8	no-exit/1024/base	combined	103481862	2546827	83065127
8	irreducible/64/base	ir	121871	3032	242131
8	irreducible/64/base	cfg	89599	0	0
8	irreducible/64/base	emission_exclusive	1165981443	20020919	375957323
8	irreducible/64/base	serialization	287303695	2739433	16602620
8	irreducible/64/base	combined	1453496768	22763384	392802074
8	irreducible/256/base	ir	677603	12113	974548
8	irreducible/256/base	cfg	1209609	0	0
8	irreducible/256/base	emission_exclusive	2291403238	50823127	727892844
8	irreducible/256/base	serialization	414098091	3945831	24608381
8	irreducible/256/base	combined	2707389012	54781071	753475773
8	irreducible/1024/base	ir	5910687	48419	3911709
8	irreducible/1024/base	cfg	18910162	0	0
8	irreducible/1024/base	emission_exclusive	3917587929	121441564	1430393117
8	irreducible/1024/base	serialization	530965328	5140545	34956339
8	irreducible/1024/base	combined	4473374436	126630528	1469261165
9	linear/64/base	ir	148100	3026	240174
9	linear/64/base	cfg	114527	0	0
9	linear/64/base	emission_exclusive	3877289	140898	2638299
9	linear/64/base	serialization	1765452	12094	341915
9	linear/64/base	combined	5908574	156018	3220388
9	linear/64/light	ir	135065	3433	258352
9	linear/64/light	cfg	98396	0	0
9	linear/64/light	emission_exclusive	4063272	156825	2850866
9	linear/64/light	serialization	1739833	12094	341531
9	linear/64/light	combined	6036686	172352	3450749
9	linear/64/heavy	ir	475460	9640	916241
9	linear/64/heavy	cfg	92865	0	0
9	linear/64/heavy	emission_exclusive	12042123	327508	8490035
9	linear/64/heavy	serialization	6238418	12096	1167973
9	linear/64/heavy	combined	18849006	349244	10574249
9	linear/256/base	ir	635133	12103	966351
9	linear/256/base	cfg	1412704	0	0
9	linear/256/base	emission_exclusive	14812926	558295	13665132
9	linear/256/base	serialization	6769963	47424	1346537
9	linear/256/base	combined	23630897	617822	15978020
9	linear/256/light	ir	707579	13724	1036945
9	linear/256/light	cfg	1302185	0	0
9	linear/256/light	emission_exclusive	16054938	622853	14535262
9	linear/256/light	serialization	6676858	47424	1345097
9	linear/256/light	combined	24741660	684001	16917304
9	linear/256/heavy	ir	2680964	38556	3669938
9	linear/256/heavy	cfg	1265605	0	0
9	linear/256/heavy	emission_exclusive	47268267	1301966	37053122
9	linear/256/heavy	serialization	24619598	47426	4650931
9	linear/256/heavy	combined	75834594	1387948	45373991
9	linear/1024/base	ir	5596983	48405	3878552
9	linear/1024/base	cfg	23781903	0	0
9	linear/1024/base	emission_exclusive	58464988	2227809	106466310
9	linear/1024/base	serialization	25577651	188738	5365343
9	linear/1024/base	combined	113421775	2464952	115710205
9	linear/1024/light	ir	6826331	54890	4161114
9	linear/1024/light	cfg	22638939	0	0
9	linear/1024/light	emission_exclusive	62937474	2486886	109967920
9	linear/1024/light	serialization	25418069	188738	5359679
9	linear/1024/light	combined	117820943	2730514	119488713
9	linear/1024/heavy	ir	26099479	154218	14692987
9	linear/1024/heavy	cfg	21536322	0	0
9	linear/1024/heavy	emission_exclusive	189074065	5199855	200017585
9	linear/1024/heavy	serialization	98419111	188740	18583081
9	linear/1024/heavy	combined	335129207	5542813	233293653
9	diamond-chain/64/base	ir	143551	3032	241429
9	diamond-chain/64/base	cfg	116330	0	0
9	diamond-chain/64/base	emission_exclusive	5667166	231315	3991572
9	diamond-chain/64/base	serialization	1971451	17982	373065
9	diamond-chain/64/base	combined	7898759	252329	4606066
9	diamond-chain/64/light	ir	132982	3439	259607
9	diamond-chain/64/light	cfg	107704	0	0
9	diamond-chain/64/light	emission_exclusive	5959390	250653	4261308
9	diamond-chain/64/light	serialization	1943318	17982	372681
9	diamond-chain/64/light	combined	8143504	272074	4893596
9	diamond-chain/64/heavy	ir	397132	9646	917496
9	diamond-chain/64/heavy	cfg	105981	0	0
9	diamond-chain/64/heavy	emission_exclusive	15674597	508168	11427125
9	diamond-chain/64/heavy	serialization	6352433	17984	1199123
9	diamond-chain/64/heavy	combined	22530273	535798	13543744
9	diamond-chain/256/base	ir	633168	12113	971734
9	diamond-chain/256/base	cfg	1267769	0	0
9	diamond-chain/256/base	emission_exclusive	22089039	918258	18682496
9	diamond-chain/256/base	serialization	7779485	70976	1471095
9	diamond-chain/256/base	combined	31769601	1001347	21125325
9	diamond-chain/256/light	ir	725303	13734	1042328
9	diamond-chain/256/light	cfg	1222524	0	0
9	diamond-chain/256/light	emission_exclusive	23307054	996897	19787059
9	diamond-chain/256/light	serialization	7650841	70976	1469655
9	diamond-chain/256/light	combined	32905852	1081607	22299042
9	diamond-chain/256/heavy	ir	2326914	38566	3675321
9	diamond-chain/256/heavy	cfg	1234015	0	0
9	diamond-chain/256/heavy	emission_exclusive	61992606	2025306	48439647
9	diamond-chain/256/heavy	serialization	25183586	70978	4775489
9	diamond-chain/256/heavy	combined	90737251	2134850	56890457
9	diamond-chain/1024/base	ir	5799256	48419	3900447
9	diamond-chain/1024/base	cfg	21888850	0	0
9	diamond-chain/1024/base	emission_exclusive	88105749	3667460	120635206
9	diamond-chain/1024/base	serialization	30652487	282946	5863533
9	diamond-chain/1024/base	combined	146446483	3998825	130399186
9	diamond-chain/1024/light	ir	7077827	54904	4183009
9	diamond-chain/1024/light	cfg	18635662	0	0
9	diamond-chain/1024/light	emission_exclusive	93713143	3983307	125080753
9	diamond-chain/1024/light	serialization	29083397	282946	5857869
9	diamond-chain/1024/light	combined	148510209	4321157	135121631
9	diamond-chain/1024/heavy	ir	24835687	154232	14714882
9	diamond-chain/1024/heavy	cfg	21540650	0	0
9	diamond-chain/1024/heavy	emission_exclusive	258473780	8095428	239697466
9	diamond-chain/1024/heavy	serialization	102236024	282948	19081271
9	diamond-chain/1024/heavy	combined	407086462	8532608	273493619
9	fan-in/64/base	ir	133533	3035	243042
9	fan-in/64/base	cfg	76074	0	0
9	fan-in/64/base	emission_exclusive	31609128	374084	8862989
9	fan-in/64/base	serialization	5617191	23502	433675
9	fan-in/64/base	combined	37436116	400621	9539706
9	fan-in/256/base	ir	684736	12144	978787
9	fan-in/256/base	cfg	583334	0	0
9	fan-in/256/base	emission_exclusive	106323912	3819139	76937446
9	fan-in/256/base	serialization	16839723	169875	2040148
9	fan-in/256/base	combined	124431825	4001158	79956381
9	fan-in/1024/base	ir	6510923	48575	3929268
9	fan-in/1024/base	cfg	10628977	0	0
9	fan-in/1024/base	emission_exclusive	868054087	33453456	663421693
9	fan-in/1024/base	serialization	51782199	520489	7222939
9	fan-in/1024/base	combined	936976357	34022520	674573900
9	nested-loop/64/base	ir	120859	3028	240359
9	nested-loop/64/base	cfg	183538	0	0
9	nested-loop/64/base	emission_exclusive	4661813	158164	3203533
9	nested-loop/64/base	serialization	1910486	13198	348803
9	nested-loop/64/base	combined	6876816	174390	3792695
9	nested-loop/256/base	ir	629141	12105	966536
9	nested-loop/256/base	cfg	2305353	0	0
9	nested-loop/256/base	emission_exclusive	17417627	608659	17402870
9	nested-loop/256/base	serialization	7358788	48528	1356497
9	nested-loop/256/base	combined	27711019	669292	19725903
9	nested-loop/1024/base	ir	5559153	48407	3878737
9	nested-loop/1024/base	cfg	40790695	0	0
9	nested-loop/1024/base	emission_exclusive	68665485	2410535	149436100
9	nested-loop/1024/base	serialization	29218363	189842	5387591
9	nested-loop/1024/base	combined	144233846	2648784	158702428
9	multi-exit/64/base	ir	126319	3014	242868
9	multi-exit/64/base	cfg	83779	0	0
9	multi-exit/64/base	emission_exclusive	30652796	1057206	21442992
9	multi-exit/64/base	serialization	8166668	46594	569880
9	multi-exit/64/base	combined	39029702	1106814	22255740
9	multi-exit/256/base	ir	692641	12119	977717
9	multi-exit/256/base	cfg	579898	0	0
9	multi-exit/256/base	emission_exclusive	139432016	5477133	106749130
9	multi-exit/256/base	serialization	18768373	175763	2079434
9	multi-exit/256/base	combined	159473098	5665015	109806281
9	multi-exit/1024/base	ir	6789620	48549	3928190
9	multi-exit/1024/base	cfg	12826076	0	0
9	multi-exit/1024/base	emission_exclusive	976016119	39137448	770432210
9	multi-exit/1024/base	serialization	53713334	520489	7238547
9	multi-exit/1024/base	combined	1049345321	39706486	781598947
9	no-exit/64/base	ir	126830	3036	240455
9	no-exit/64/base	cfg	53211	0	0
9	no-exit/64/base	emission_exclusive	4164351	145625	2621882
9	no-exit/64/base	serialization	1824624	12278	343391
9	no-exit/64/base	combined	6169116	160939	3205728
9	no-exit/256/base	ir	645763	12113	966632
9	no-exit/256/base	cfg	442607	0	0
9	no-exit/256/base	emission_exclusive	16012658	578412	11987138
9	no-exit/256/base	serialization	7114416	47608	1349547
9	no-exit/256/base	combined	24215594	638133	14303317
9	no-exit/1024/base	ir	5771193	48415	3878833
9	no-exit/1024/base	cfg	8828410	0	0
9	no-exit/1024/base	emission_exclusive	63347228	2309490	73811799
9	no-exit/1024/base	serialization	28091650	188922	5374495
9	no-exit/1024/base	combined	106038611	2546827	83065127
9	irreducible/64/base	ir	126490	3032	242131
9	irreducible/64/base	cfg	92756	0	0
9	irreducible/64/base	emission_exclusive	1183420979	20020919	375957323
9	irreducible/64/base	serialization	302842808	2739433	16602620
9	irreducible/64/base	combined	1486483263	22763384	392802074
9	irreducible/256/base	ir	697811	12113	974548
9	irreducible/256/base	cfg	1239476	0	0
9	irreducible/256/base	emission_exclusive	2404182535	50823127	727892844
9	irreducible/256/base	serialization	433683854	3945831	24608381
9	irreducible/256/base	combined	2839803927	54781071	753475773
9	irreducible/1024/base	ir	6209433	48419	3911709
9	irreducible/1024/base	cfg	18971448	0	0
9	irreducible/1024/base	emission_exclusive	3933617407	121441564	1430393117
9	irreducible/1024/base	serialization	533611862	5140545	34956339
9	irreducible/1024/base	combined	4492410421	126630528	1469261165
10	linear/64/base	ir	151867	3026	240174
10	linear/64/base	cfg	115097	0	0
10	linear/64/base	emission_exclusive	3786818	140898	2638299
10	linear/64/base	serialization	1658059	12094	341915
10	linear/64/base	combined	5714827	156018	3220388
10	linear/64/light	ir	134735	3433	258352
10	linear/64/light	cfg	101903	0	0
10	linear/64/light	emission_exclusive	3997236	156825	2850866
10	linear/64/light	serialization	1637539	12094	341531
10	linear/64/light	combined	5871523	172352	3450749
10	linear/64/heavy	ir	479147	9640	916241
10	linear/64/heavy	cfg	93317	0	0
10	linear/64/heavy	emission_exclusive	11935241	327508	8490035
10	linear/64/heavy	serialization	6276629	12096	1167973
10	linear/64/heavy	combined	18784494	349244	10574249
10	linear/256/base	ir	624231	12103	966351
10	linear/256/base	cfg	1423705	0	0
10	linear/256/base	emission_exclusive	14863493	558295	13665132
10	linear/256/base	serialization	6773871	47424	1346537
10	linear/256/base	combined	23685460	617822	15978020
10	linear/256/light	ir	710906	13724	1036945
10	linear/256/light	cfg	1299970	0	0
10	linear/256/light	emission_exclusive	16132094	622853	14535262
10	linear/256/light	serialization	6700662	47424	1345097
10	linear/256/light	combined	24843772	684001	16917304
10	linear/256/heavy	ir	2712394	38556	3669938
10	linear/256/heavy	cfg	1268270	0	0
10	linear/256/heavy	emission_exclusive	47070011	1301966	37053122
10	linear/256/heavy	serialization	23133586	47426	4650931
10	linear/256/heavy	combined	74184411	1387948	45373991
10	linear/1024/base	ir	5536559	48405	3878552
10	linear/1024/base	cfg	23291765	0	0
10	linear/1024/base	emission_exclusive	57980421	2227809	106466310
10	linear/1024/base	serialization	25660948	188738	5365343
10	linear/1024/base	combined	112469955	2464952	115710205
10	linear/1024/light	ir	6568462	54890	4161114
10	linear/1024/light	cfg	22245744	0	0
10	linear/1024/light	emission_exclusive	63713875	2486886	109967920
10	linear/1024/light	serialization	26807529	188738	5359679
10	linear/1024/light	combined	119335830	2730514	119488713
10	linear/1024/heavy	ir	26253461	154218	14692987
10	linear/1024/heavy	cfg	21658704	0	0
10	linear/1024/heavy	emission_exclusive	187432077	5199855	200017585
10	linear/1024/heavy	serialization	92918099	188740	18583081
10	linear/1024/heavy	combined	328262902	5542813	233293653
10	diamond-chain/64/base	ir	152699	3032	241429
10	diamond-chain/64/base	cfg	121070	0	0
10	diamond-chain/64/base	emission_exclusive	5633762	231315	3991572
10	diamond-chain/64/base	serialization	1981881	17982	373065
10	diamond-chain/64/base	combined	7889623	252329	4606066
10	diamond-chain/64/light	ir	139674	3439	259607
10	diamond-chain/64/light	cfg	109828	0	0
10	diamond-chain/64/light	emission_exclusive	5904126	250653	4261308
10	diamond-chain/64/light	serialization	1946313	17982	372681
10	diamond-chain/64/light	combined	8100052	272074	4893596
10	diamond-chain/64/heavy	ir	400037	9646	917496
10	diamond-chain/64/heavy	cfg	106872	0	0
10	diamond-chain/64/heavy	emission_exclusive	15578246	508168	11427125
10	diamond-chain/64/heavy	serialization	6329059	17984	1199123
10	diamond-chain/64/heavy	combined	22414364	535798	13543744
10	diamond-chain/256/base	ir	643788	12113	971734
10	diamond-chain/256/base	cfg	1293157	0	0
10	diamond-chain/256/base	emission_exclusive	21678432	918258	18682496
10	diamond-chain/256/base	serialization	7984132	70976	1471095
10	diamond-chain/256/base	combined	31599649	1001347	21125325
10	diamond-chain/256/light	ir	732797	13734	1042328
10	diamond-chain/256/light	cfg	1220220	0	0
10	diamond-chain/256/light	emission_exclusive	23015251	996897	19787059
10	diamond-chain/256/light	serialization	7685136	70976	1469655
10	diamond-chain/256/light	combined	32653534	1081607	22299042
10	diamond-chain/256/heavy	ir	2294011	38566	3675321
10	diamond-chain/256/heavy	cfg	1245889	0	0
10	diamond-chain/256/heavy	emission_exclusive	61901573	2025306	48439647
10	diamond-chain/256/heavy	serialization	25235754	70978	4775489
10	diamond-chain/256/heavy	combined	90677347	2134850	56890457
10	diamond-chain/1024/base	ir	5588478	48419	3900447
10	diamond-chain/1024/base	cfg	22085021	0	0
10	diamond-chain/1024/base	emission_exclusive	87279336	3667460	120635206
10	diamond-chain/1024/base	serialization	30501561	282946	5863533
10	diamond-chain/1024/base	combined	145454766	3998825	130399186
10	diamond-chain/1024/light	ir	6917743	54904	4183009
10	diamond-chain/1024/light	cfg	19141440	0	0
10	diamond-chain/1024/light	emission_exclusive	93288489	3983307	125080753
10	diamond-chain/1024/light	serialization	28632374	282946	5857869
10	diamond-chain/1024/light	combined	147980206	4321157	135121631
10	diamond-chain/1024/heavy	ir	24227616	154232	14714882
10	diamond-chain/1024/heavy	cfg	20780351	0	0
10	diamond-chain/1024/heavy	emission_exclusive	252482762	8095428	239697466
10	diamond-chain/1024/heavy	serialization	96445825	282948	19081271
10	diamond-chain/1024/heavy	combined	393936855	8532608	273493619
10	fan-in/64/base	ir	145145	3035	243042
10	fan-in/64/base	cfg	82115	0	0
10	fan-in/64/base	emission_exclusive	28917363	374084	8862989
10	fan-in/64/base	serialization	5239567	23502	433675
10	fan-in/64/base	combined	34384400	400621	9539706
10	fan-in/256/base	ir	683514	12144	978787
10	fan-in/256/base	cfg	601168	0	0
10	fan-in/256/base	emission_exclusive	105833293	3819139	76937446
10	fan-in/256/base	serialization	16650385	169875	2040148
10	fan-in/256/base	combined	123768510	4001158	79956381
10	fan-in/1024/base	ir	6507256	48575	3929268
10	fan-in/1024/base	cfg	10902525	0	0
10	fan-in/1024/base	emission_exclusive	862956843	33453456	663421693
10	fan-in/1024/base	serialization	50598990	520489	7222939
10	fan-in/1024/base	combined	930965784	34022520	674573900
10	nested-loop/64/base	ir	116881	3028	240359
10	nested-loop/64/base	cfg	181914	0	0
10	nested-loop/64/base	emission_exclusive	4395479	158164	3203533
10	nested-loop/64/base	serialization	1868166	13198	348803
10	nested-loop/64/base	combined	6562561	174390	3792695
10	nested-loop/256/base	ir	617018	12105	966536
10	nested-loop/256/base	cfg	2309691	0	0
10	nested-loop/256/base	emission_exclusive	16331782	608659	17402870
10	nested-loop/256/base	serialization	6798709	48528	1356497
10	nested-loop/256/base	combined	26057340	669292	19725903
10	nested-loop/1024/base	ir	5313496	48407	3878737
10	nested-loop/1024/base	cfg	39909287	0	0
10	nested-loop/1024/base	emission_exclusive	65203102	2410535	149436100
10	nested-loop/1024/base	serialization	26934841	189842	5387591
10	nested-loop/1024/base	combined	137360866	2648784	158702428
10	multi-exit/64/base	ir	125177	3014	242868
10	multi-exit/64/base	cfg	85492	0	0
10	multi-exit/64/base	emission_exclusive	29277524	1057206	21442992
10	multi-exit/64/base	serialization	7596678	46594	569880
10	multi-exit/64/base	combined	37084992	1106814	22255740
10	multi-exit/256/base	ir	683904	12119	977717
10	multi-exit/256/base	cfg	611648	0	0
10	multi-exit/256/base	emission_exclusive	136860871	5477133	106749130
10	multi-exit/256/base	serialization	17952128	175763	2079434
10	multi-exit/256/base	combined	156108701	5665015	109806281
10	multi-exit/1024/base	ir	6599601	48549	3928190
10	multi-exit/1024/base	cfg	12567988	0	0
10	multi-exit/1024/base	emission_exclusive	967468454	39137448	770432210
10	multi-exit/1024/base	serialization	52864638	520489	7238547
10	multi-exit/1024/base	combined	1039500931	39706486	781598947
10	no-exit/64/base	ir	122081	3036	240455
10	no-exit/64/base	cfg	53201	0	0
10	no-exit/64/base	emission_exclusive	4032322	145625	2621882
10	no-exit/64/base	serialization	1778226	12278	343391
10	no-exit/64/base	combined	5985940	160939	3205728
10	no-exit/256/base	ir	623840	12113	966632
10	no-exit/256/base	cfg	438129	0	0
10	no-exit/256/base	emission_exclusive	15601449	578412	11987138
10	no-exit/256/base	serialization	7013484	47608	1349547
10	no-exit/256/base	combined	23677013	638133	14303317
10	no-exit/1024/base	ir	5585671	48415	3878833
10	no-exit/1024/base	cfg	8732037	0	0
10	no-exit/1024/base	emission_exclusive	61261964	2309490	73811799
10	no-exit/1024/base	serialization	26884534	188922	5374495
10	no-exit/1024/base	combined	102464428	2546827	83065127
10	irreducible/64/base	ir	122652	3032	242131
10	irreducible/64/base	cfg	95190	0	0
10	irreducible/64/base	emission_exclusive	1135158796	20020919	375957323
10	irreducible/64/base	serialization	279580950	2739433	16602620
10	irreducible/64/base	combined	1414957829	22763384	392802074
10	irreducible/256/base	ir	684195	12113	974548
10	irreducible/256/base	cfg	1233534	0	0
10	irreducible/256/base	emission_exclusive	2257102210	50823127	727892844
10	irreducible/256/base	serialization	399735240	3945831	24608381
10	irreducible/256/base	combined	2658755510	54781071	753475773
10	irreducible/1024/base	ir	6257093	48419	3911709
10	irreducible/1024/base	cfg	18977329	0	0
10	irreducible/1024/base	emission_exclusive	3902673429	121441564	1430393117
10	irreducible/1024/base	serialization	531913117	5140545	34956339
10	irreducible/1024/base	combined	4459821460	126630528	1469261165
11	linear/64/base	ir	148601	3026	240174
11	linear/64/base	cfg	114998	0	0
11	linear/64/base	emission_exclusive	3844196	140898	2638299
11	linear/64/base	serialization	1673267	12094	341915
11	linear/64/base	combined	5784368	156018	3220388
11	linear/64/light	ir	134705	3433	258352
11	linear/64/light	cfg	91343	0	0
11	linear/64/light	emission_exclusive	4008757	156825	2850866
11	linear/64/light	serialization	1644222	12094	341531
11	linear/64/light	combined	5879137	172352	3450749
11	linear/64/heavy	ir	480870	9640	916241
11	linear/64/heavy	cfg	94519	0	0
11	linear/64/heavy	emission_exclusive	11843877	327508	8490035
11	linear/64/heavy	serialization	5914535	12096	1167973
11	linear/64/heavy	combined	18333962	349244	10574249
11	linear/256/base	ir	632748	12103	966351
11	linear/256/base	cfg	1436499	0	0
11	linear/256/base	emission_exclusive	14665969	558295	13665132
11	linear/256/base	serialization	6443014	47424	1346537
11	linear/256/base	combined	23178370	617822	15978020
11	linear/256/light	ir	706247	13724	1036945
11	linear/256/light	cfg	1444044	0	0
11	linear/256/light	emission_exclusive	16013949	622853	14535262
11	linear/256/light	serialization	6378183	47424	1345097
11	linear/256/light	combined	24542563	684001	16917304
11	linear/256/heavy	ir	2762308	38556	3669938
11	linear/256/heavy	cfg	1265846	0	0
11	linear/256/heavy	emission_exclusive	47549258	1301966	37053122
11	linear/256/heavy	serialization	24478391	47426	4650931
11	linear/256/heavy	combined	76055943	1387948	45373991
11	linear/1024/base	ir	5591693	48405	3878552
11	linear/1024/base	cfg	23669129	0	0
11	linear/1024/base	emission_exclusive	59427541	2227809	106466310
11	linear/1024/base	serialization	27521981	188738	5365343
11	linear/1024/base	combined	116210576	2464952	115710205
11	linear/1024/light	ir	6956276	54890	4161114
11	linear/1024/light	cfg	22788091	0	0
11	linear/1024/light	emission_exclusive	65210567	2486886	109967920
11	linear/1024/light	serialization	27211965	188738	5359679
11	linear/1024/light	combined	122167090	2730514	119488713
11	linear/1024/heavy	ir	26420568	154218	14692987
11	linear/1024/heavy	cfg	21804790	0	0
11	linear/1024/heavy	emission_exclusive	194379078	5199855	200017585
11	linear/1024/heavy	serialization	92636076	188740	18583081
11	linear/1024/heavy	combined	335240742	5542813	233293653
11	diamond-chain/64/base	ir	125898	3032	241429
11	diamond-chain/64/base	cfg	109547	0	0
11	diamond-chain/64/base	emission_exclusive	5746387	231315	3991572
11	diamond-chain/64/base	serialization	2010936	17982	373065
11	diamond-chain/64/base	combined	7992888	252329	4606066
11	diamond-chain/64/light	ir	135677	3439	259607
11	diamond-chain/64/light	cfg	106111	0	0
11	diamond-chain/64/light	emission_exclusive	6052326	250653	4261308
11	diamond-chain/64/light	serialization	1977463	17982	372681
11	diamond-chain/64/light	combined	8271687	272074	4893596
11	diamond-chain/64/heavy	ir	387934	9646	917496
11	diamond-chain/64/heavy	cfg	105529	0	0
11	diamond-chain/64/heavy	emission_exclusive	16036514	508168	11427125
11	diamond-chain/64/heavy	serialization	6358805	17984	1199123
11	diamond-chain/64/heavy	combined	22888892	535798	13543744
11	diamond-chain/256/base	ir	638388	12113	971734
11	diamond-chain/256/base	cfg	1243634	0	0
11	diamond-chain/256/base	emission_exclusive	22447407	918258	18682496
11	diamond-chain/256/base	serialization	7925350	70976	1471095
11	diamond-chain/256/base	combined	32254900	1001347	21125325
11	diamond-chain/256/light	ir	729291	13734	1042328
11	diamond-chain/256/light	cfg	1226261	0	0
11	diamond-chain/256/light	emission_exclusive	23945913	996897	19787059
11	diamond-chain/256/light	serialization	7770047	70976	1469655
11	diamond-chain/256/light	combined	33671622	1081607	22299042
11	diamond-chain/256/heavy	ir	2392829	38566	3675321
11	diamond-chain/256/heavy	cfg	1254985	0	0
11	diamond-chain/256/heavy	emission_exclusive	63767004	2025306	48439647
11	diamond-chain/256/heavy	serialization	25157196	70978	4775489
11	diamond-chain/256/heavy	combined	92572144	2134850	56890457
11	diamond-chain/1024/base	ir	6084866	48419	3900447
11	diamond-chain/1024/base	cfg	21699842	0	0
11	diamond-chain/1024/base	emission_exclusive	89239768	3667460	120635206
11	diamond-chain/1024/base	serialization	30054956	282946	5863533
11	diamond-chain/1024/base	combined	147079653	3998825	130399186
11	diamond-chain/1024/light	ir	7272715	54904	4183009
11	diamond-chain/1024/light	cfg	19295732	0	0
11	diamond-chain/1024/light	emission_exclusive	95990364	3983307	125080753
11	diamond-chain/1024/light	serialization	30854199	282946	5857869
11	diamond-chain/1024/light	combined	153413150	4321157	135121631
11	diamond-chain/1024/heavy	ir	24542623	154232	14714882
11	diamond-chain/1024/heavy	cfg	21379926	0	0
11	diamond-chain/1024/heavy	emission_exclusive	258186779	8095428	239697466
11	diamond-chain/1024/heavy	serialization	102666511	282948	19081271
11	diamond-chain/1024/heavy	combined	406776210	8532608	273493619
11	fan-in/64/base	ir	148641	3035	243042
11	fan-in/64/base	cfg	87225	0	0
11	fan-in/64/base	emission_exclusive	31755154	374084	8862989
11	fan-in/64/base	serialization	5638613	23502	433675
11	fan-in/64/base	combined	37629863	400621	9539706
11	fan-in/256/base	ir	690277	12144	978787
11	fan-in/256/base	cfg	611247	0	0
11	fan-in/256/base	emission_exclusive	106634200	3819139	76937446
11	fan-in/256/base	serialization	16894877	169875	2040148
11	fan-in/256/base	combined	124830752	4001158	79956381
11	fan-in/1024/base	ir	6754444	48575	3929268
11	fan-in/1024/base	cfg	10956016	0	0
11	fan-in/1024/base	emission_exclusive	865607937	33453456	663421693
11	fan-in/1024/base	serialization	51244451	520489	7222939
11	fan-in/1024/base	combined	934563008	34022520	674573900
11	nested-loop/64/base	ir	120719	3028	240359
11	nested-loop/64/base	cfg	183647	0	0
11	nested-loop/64/base	emission_exclusive	4590680	158164	3203533
11	nested-loop/64/base	serialization	1889817	13198	348803
11	nested-loop/64/base	combined	6784973	174390	3792695
11	nested-loop/256/base	ir	625774	12105	966536
11	nested-loop/256/base	cfg	2318909	0	0
11	nested-loop/256/base	emission_exclusive	17367923	608659	17402870
11	nested-loop/256/base	serialization	7243730	48528	1356497
11	nested-loop/256/base	combined	27556466	669292	19725903
11	nested-loop/1024/base	ir	5705179	48407	3878737
11	nested-loop/1024/base	cfg	39718737	0	0
11	nested-loop/1024/base	emission_exclusive	70040958	2410535	149436100
11	nested-loop/1024/base	serialization	29138661	189842	5387591
11	nested-loop/1024/base	combined	144603686	2648784	158702428
11	multi-exit/64/base	ir	124766	3014	242868
11	multi-exit/64/base	cfg	83208	0	0
11	multi-exit/64/base	emission_exclusive	30921015	1057206	21442992
11	multi-exit/64/base	serialization	8225389	46594	569880
11	multi-exit/64/base	combined	39354518	1106814	22255740
11	multi-exit/256/base	ir	681941	12119	977717
11	multi-exit/256/base	cfg	638238	0	0
11	multi-exit/256/base	emission_exclusive	139303354	5477133	106749130
11	multi-exit/256/base	serialization	18393634	175763	2079434
11	multi-exit/256/base	combined	159017317	5665015	109806281
11	multi-exit/1024/base	ir	6497037	48549	3928190
11	multi-exit/1024/base	cfg	12371136	0	0
11	multi-exit/1024/base	emission_exclusive	960833962	39137448	770432210
11	multi-exit/1024/base	serialization	54408110	520489	7238547
11	multi-exit/1024/base	combined	1034110445	39706486	781598947
11	no-exit/64/base	ir	123213	3036	240455
11	no-exit/64/base	cfg	56487	0	0
11	no-exit/64/base	emission_exclusive	4081465	145625	2621882
11	no-exit/64/base	serialization	1865722	12278	343391
11	no-exit/64/base	combined	6126977	160939	3205728
11	no-exit/256/base	ir	626446	12113	966632
11	no-exit/256/base	cfg	434984	0	0
11	no-exit/256/base	emission_exclusive	15671772	578412	11987138
11	no-exit/256/base	serialization	7312821	47608	1349547
11	no-exit/256/base	combined	24046143	638133	14303317
11	no-exit/1024/base	ir	5694618	48415	3878833
11	no-exit/1024/base	cfg	8839461	0	0
11	no-exit/1024/base	emission_exclusive	61911130	2309490	73811799
11	no-exit/1024/base	serialization	29185010	188922	5374495
11	no-exit/1024/base	combined	105630360	2546827	83065127
11	irreducible/64/base	ir	131448	3032	242131
11	irreducible/64/base	cfg	95030	0	0
11	irreducible/64/base	emission_exclusive	1163820062	20020919	375957323
11	irreducible/64/base	serialization	288071032	2739433	16602620
11	irreducible/64/base	combined	1452117904	22763384	392802074
11	irreducible/256/base	ir	671581	12113	974548
11	irreducible/256/base	cfg	1218136	0	0
11	irreducible/256/base	emission_exclusive	2301625795	50823127	727892844
11	irreducible/256/base	serialization	412692147	3945831	24608381
11	irreducible/256/base	combined	2716207820	54781071	753475773
11	irreducible/1024/base	ir	5943419	48419	3911709
11	irreducible/1024/base	cfg	18988731	0	0
11	irreducible/1024/base	emission_exclusive	3920568728	121441564	1430393117
11	irreducible/1024/base	serialization	531150267	5140545	34956339
11	irreducible/1024/base	combined	4476651575	126630528	1469261165
12	linear/64/base	ir	147890	3026	240174
12	linear/64/base	cfg	113174	0	0
12	linear/64/base	emission_exclusive	3842072	140898	2638299
12	linear/64/base	serialization	1654852	12094	341915
12	linear/64/base	combined	5761074	156018	3220388
12	linear/64/light	ir	138603	3433	258352
12	linear/64/light	cfg	98256	0	0
12	linear/64/light	emission_exclusive	3996814	156825	2850866
12	linear/64/light	serialization	1722541	12094	341531
12	linear/64/light	combined	5956314	172352	3450749
12	linear/64/heavy	ir	477163	9640	916241
12	linear/64/heavy	cfg	92846	0	0
12	linear/64/heavy	emission_exclusive	11707569	327508	8490035
12	linear/64/heavy	serialization	6269076	12096	1167973
12	linear/64/heavy	combined	18546805	349244	10574249
12	linear/256/base	ir	642706	12103	966351
12	linear/256/base	cfg	1445275	0	0
12	linear/256/base	emission_exclusive	14606236	558295	13665132
12	linear/256/base	serialization	6776967	47424	1346537
12	linear/256/base	combined	23471344	617822	15978020
12	linear/256/light	ir	730964	13724	1036945
12	linear/256/light	cfg	1309108	0	0
12	linear/256/light	emission_exclusive	15802981	622853	14535262
12	linear/256/light	serialization	6712535	47424	1345097
12	linear/256/light	combined	24555708	684001	16917304
12	linear/256/heavy	ir	2873529	38556	3669938
12	linear/256/heavy	cfg	1272138	0	0
12	linear/256/heavy	emission_exclusive	46243678	1301966	37053122
12	linear/256/heavy	serialization	23288959	47426	4650931
12	linear/256/heavy	combined	73678464	1387948	45373991
12	linear/1024/base	ir	5676454	48405	3878552
12	linear/1024/base	cfg	23532250	0	0
12	linear/1024/base	emission_exclusive	58018133	2227809	106466310
12	linear/1024/base	serialization	25556692	188738	5365343
12	linear/1024/base	combined	112784040	2464952	115710205
12	linear/1024/light	ir	6935748	54890	4161114
12	linear/1024/light	cfg	22439682	0	0
12	linear/1024/light	emission_exclusive	62449651	2486886	109967920
12	linear/1024/light	serialization	25222129	188738	5359679
12	linear/1024/light	combined	117047440	2730514	119488713
12	linear/1024/heavy	ir	26202153	154218	14692987
12	linear/1024/heavy	cfg	21898087	0	0
12	linear/1024/heavy	emission_exclusive	187691981	5199855	200017585
12	linear/1024/heavy	serialization	98093976	188740	18583081
12	linear/1024/heavy	combined	333886429	5542813	233293653
12	diamond-chain/64/base	ir	126069	3032	241429
12	diamond-chain/64/base	cfg	111341	0	0
12	diamond-chain/64/base	emission_exclusive	5642118	231315	3991572
12	diamond-chain/64/base	serialization	1966953	17982	373065
12	diamond-chain/64/base	combined	7846611	252329	4606066
12	diamond-chain/64/light	ir	134584	3439	259607
12	diamond-chain/64/light	cfg	108937	0	0
12	diamond-chain/64/light	emission_exclusive	5932338	250653	4261308
12	diamond-chain/64/light	serialization	1943669	17982	372681
12	diamond-chain/64/light	combined	8119628	272074	4893596
12	diamond-chain/64/heavy	ir	384117	9646	917496
12	diamond-chain/64/heavy	cfg	106291	0	0
12	diamond-chain/64/heavy	emission_exclusive	15748227	508168	11427125
12	diamond-chain/64/heavy	serialization	6310935	17984	1199123
12	diamond-chain/64/heavy	combined	22549690	535798	13543744
12	diamond-chain/256/base	ir	637747	12113	971734
12	diamond-chain/256/base	cfg	1262810	0	0
12	diamond-chain/256/base	emission_exclusive	21938674	918258	18682496
12	diamond-chain/256/base	serialization	7739679	70976	1471095
12	diamond-chain/256/base	combined	31579031	1001347	21125325
12	diamond-chain/256/light	ir	731214	13734	1042328
12	diamond-chain/256/light	cfg	1229186	0	0
12	diamond-chain/256/light	emission_exclusive	23125791	996897	19787059
12	diamond-chain/256/light	serialization	7643086	70976	1469655
12	diamond-chain/256/light	combined	32729398	1081607	22299042
12	diamond-chain/256/heavy	ir	2412325	38566	3675321
12	diamond-chain/256/heavy	cfg	1231541	0	0
12	diamond-chain/256/heavy	emission_exclusive	62030908	2025306	48439647
12	diamond-chain/256/heavy	serialization	25058539	70978	4775489
12	diamond-chain/256/heavy	combined	90733444	2134850	56890457
12	diamond-chain/1024/base	ir	5966694	48419	3900447
12	diamond-chain/1024/base	cfg	21712787	0	0
12	diamond-chain/1024/base	emission_exclusive	87291780	3667460	120635206
12	diamond-chain/1024/base	serialization	30699817	282946	5863533
12	diamond-chain/1024/base	combined	145671248	3998825	130399186
12	diamond-chain/1024/light	ir	7298012	54904	4183009
12	diamond-chain/1024/light	cfg	19329777	0	0
12	diamond-chain/1024/light	emission_exclusive	92931685	3983307	125080753
12	diamond-chain/1024/light	serialization	30223565	282946	5857869
12	diamond-chain/1024/light	combined	149783169	4321157	135121631
12	diamond-chain/1024/heavy	ir	24290295	154232	14714882
12	diamond-chain/1024/heavy	cfg	20806632	0	0
12	diamond-chain/1024/heavy	emission_exclusive	251055020	8095428	239697466
12	diamond-chain/1024/heavy	serialization	101732804	282948	19081271
12	diamond-chain/1024/heavy	combined	397884911	8532608	273493619
12	fan-in/64/base	ir	125227	3035	243042
12	fan-in/64/base	cfg	71124	0	0
12	fan-in/64/base	emission_exclusive	30947827	374084	8862989
12	fan-in/64/base	serialization	5539115	23502	433675
12	fan-in/64/base	combined	36683403	400621	9539706
12	fan-in/256/base	ir	672413	12144	978787
12	fan-in/256/base	cfg	548478	0	0
12	fan-in/256/base	emission_exclusive	103897580	3819139	76937446
12	fan-in/256/base	serialization	16555525	169875	2040148
12	fan-in/256/base	combined	121674146	4001158	79956381
12	fan-in/1024/base	ir	6490165	48575	3929268
12	fan-in/1024/base	cfg	10652763	0	0
12	fan-in/1024/base	emission_exclusive	856684267	33453456	663421693
12	fan-in/1024/base	serialization	51592050	520489	7222939
12	fan-in/1024/base	combined	925419405	34022520	674573900
12	nested-loop/64/base	ir	120869	3028	240359
12	nested-loop/64/base	cfg	187355	0	0
12	nested-loop/64/base	emission_exclusive	4508212	158164	3203533
12	nested-loop/64/base	serialization	1904465	13198	348803
12	nested-loop/64/base	combined	6721011	174390	3792695
12	nested-loop/256/base	ir	630454	12105	966536
12	nested-loop/256/base	cfg	2335170	0	0
12	nested-loop/256/base	emission_exclusive	16956253	608659	17402870
12	nested-loop/256/base	serialization	7308764	48528	1356497
12	nested-loop/256/base	combined	27230761	669292	19725903
12	nested-loop/1024/base	ir	5798966	48407	3878737
12	nested-loop/1024/base	cfg	39671427	0	0
12	nested-loop/1024/base	emission_exclusive	68185858	2410535	149436100
12	nested-loop/1024/base	serialization	28988017	189842	5387591
12	nested-loop/1024/base	combined	142644428	2648784	158702428
12	multi-exit/64/base	ir	123053	3014	242868
12	multi-exit/64/base	cfg	83508	0	0
12	multi-exit/64/base	emission_exclusive	30581773	1057206	21442992
12	multi-exit/64/base	serialization	8159344	46594	569880
12	multi-exit/64/base	combined	38947798	1106814	22255740
12	multi-exit/256/base	ir	679957	12119	977717
12	multi-exit/256/base	cfg	582372	0	0
12	multi-exit/256/base	emission_exclusive	138369868	5477133	106749130
12	multi-exit/256/base	serialization	18063500	175763	2079434
12	multi-exit/256/base	combined	157695847	5665015	109806281
12	multi-exit/1024/base	ir	6666428	48549	3928190
12	multi-exit/1024/base	cfg	12477297	0	0
12	multi-exit/1024/base	emission_exclusive	978624558	39137448	770432210
12	multi-exit/1024/base	serialization	54010277	520489	7238547
12	multi-exit/1024/base	combined	1051778710	39706486	781598947
12	no-exit/64/base	ir	134144	3036	240455
12	no-exit/64/base	cfg	54123	0	0
12	no-exit/64/base	emission_exclusive	4171686	145625	2621882
12	no-exit/64/base	serialization	1823691	12278	343391
12	no-exit/64/base	combined	6183754	160939	3205728
12	no-exit/256/base	ir	643899	12113	966632
12	no-exit/256/base	cfg	444762	0	0
12	no-exit/256/base	emission_exclusive	15876129	578412	11987138
12	no-exit/256/base	serialization	6999107	47608	1349547
12	no-exit/256/base	combined	23964027	638133	14303317
12	no-exit/1024/base	ir	5963618	48415	3878833
12	no-exit/1024/base	cfg	8736095	0	0
12	no-exit/1024/base	emission_exclusive	61679684	2309490	73811799
12	no-exit/1024/base	serialization	27831057	188922	5374495
12	no-exit/1024/base	combined	104210574	2546827	83065127
12	irreducible/64/base	ir	144614	3032	242131
12	irreducible/64/base	cfg	99628	0	0
12	irreducible/64/base	emission_exclusive	1131697836	20020919	375957323
12	irreducible/64/base	serialization	287771296	2739433	16602620
12	irreducible/64/base	combined	1419713694	22763384	392802074
12	irreducible/256/base	ir	665019	12113	974548
12	irreducible/256/base	cfg	1212085	0	0
12	irreducible/256/base	emission_exclusive	2323170510	50823127	727892844
12	irreducible/256/base	serialization	404095046	3945831	24608381
12	irreducible/256/base	combined	2729143130	54781071	753475773
12	irreducible/1024/base	ir	6025685	48419	3911709
12	irreducible/1024/base	cfg	19431970	0	0
12	irreducible/1024/base	emission_exclusive	3903435218	121441564	1430393117
12	irreducible/1024/base	serialization	542411142	5140545	34956339
12	irreducible/1024/base	combined	4471304535	126630528	1469261165
13	linear/64/base	ir	146608	3026	240174
13	linear/64/base	cfg	115638	0	0
13	linear/64/base	emission_exclusive	3810112	140898	2638299
13	linear/64/base	serialization	1651145	12094	341915
13	linear/64/base	combined	5726649	156018	3220388
13	linear/64/light	ir	136940	3433	258352
13	linear/64/light	cfg	99288	0	0
13	linear/64/light	emission_exclusive	4078399	156825	2850866
13	linear/64/light	serialization	1635054	12094	341531
13	linear/64/light	combined	5949801	172352	3450749
13	linear/64/heavy	ir	470801	9640	916241
13	linear/64/heavy	cfg	94519	0	0
13	linear/64/heavy	emission_exclusive	11924580	327508	8490035
13	linear/64/heavy	serialization	6237507	12096	1167973
13	linear/64/heavy	combined	18727547	349244	10574249
13	linear/256/base	ir	631946	12103	966351
13	linear/256/base	cfg	1375774	0	0
13	linear/256/base	emission_exclusive	14670757	558295	13665132
13	linear/256/base	serialization	6737503	47424	1346537
13	linear/256/base	combined	23416121	617822	15978020
13	linear/256/light	ir	708901	13724	1036945
13	linear/256/light	cfg	1047733	0	0
13	linear/256/light	emission_exclusive	16099943	622853	14535262
13	linear/256/light	serialization	6764293	47424	1345097
13	linear/256/light	combined	24621071	684001	16917304
13	linear/256/heavy	ir	2506824	38556	3669938
13	linear/256/heavy	cfg	1128186	0	0
13	linear/256/heavy	emission_exclusive	47111259	1301966	37053122
13	linear/256/heavy	serialization	24673150	47426	4650931
13	linear/256/heavy	combined	75419599	1387948	45373991
13	linear/1024/base	ir	5705460	48405	3878552
13	linear/1024/base	cfg	23891451	0	0
13	linear/1024/base	emission_exclusive	58260511	2227809	106466310
13	linear/1024/base	serialization	27162752	188738	5365343
13	linear/1024/base	combined	115020374	2464952	115710205
13	linear/1024/light	ir	7266665	54890	4161114
13	linear/1024/light	cfg	22704654	0	0
13	linear/1024/light	emission_exclusive	61948041	2486886	109967920
13	linear/1024/light	serialization	25273367	188738	5359679
13	linear/1024/light	combined	117193077	2730514	119488713
13	linear/1024/heavy	ir	26214728	154218	14692987
13	linear/1024/heavy	cfg	21681397	0	0
13	linear/1024/heavy	emission_exclusive	186628009	5199855	200017585
13	linear/1024/heavy	serialization	97512566	188740	18583081
13	linear/1024/heavy	combined	332036911	5542813	233293653
13	diamond-chain/64/base	ir	125759	3032	241429
13	diamond-chain/64/base	cfg	108596	0	0
13	diamond-chain/64/base	emission_exclusive	5641848	231315	3991572
13	diamond-chain/64/base	serialization	1978976	17982	373065
13	diamond-chain/64/base	combined	7855409	252329	4606066
13	diamond-chain/64/light	ir	135666	3439	259607
13	diamond-chain/64/light	cfg	107043	0	0
13	diamond-chain/64/light	emission_exclusive	5962314	250653	4261308
13	diamond-chain/64/light	serialization	1933059	17982	372681
13	diamond-chain/64/light	combined	8138193	272074	4893596
13	diamond-chain/64/heavy	ir	392002	9646	917496
13	diamond-chain/64/heavy	cfg	105410	0	0
13	diamond-chain/64/heavy	emission_exclusive	15938077	508168	11427125
13	diamond-chain/64/heavy	serialization	6348425	17984	1199123
13	diamond-chain/64/heavy	combined	22784045	535798	13543744
13	diamond-chain/256/base	ir	647756	12113	971734
13	diamond-chain/256/base	cfg	1241450	0	0
13	diamond-chain/256/base	emission_exclusive	22502722	918258	18682496
13	diamond-chain/256/base	serialization	7855829	70976	1471095
13	diamond-chain/256/base	combined	32247917	1001347	21125325
13	diamond-chain/256/light	ir	727657	13734	1042328
13	diamond-chain/256/light	cfg	1224568	0	0
13	diamond-chain/256/light	emission_exclusive	23734173	996897	19787059
13	diamond-chain/256/light	serialization	7805343	70976	1469655
13	diamond-chain/256/light	combined	33491881	1081607	22299042
13	diamond-chain/256/heavy	ir	2395494	38566	3675321
13	diamond-chain/256/heavy	cfg	1239626	0	0
13	diamond-chain/256/heavy	emission_exclusive	63479791	2025306	48439647
13	diamond-chain/256/heavy	serialization	25225857	70978	4775489
13	diamond-chain/256/heavy	combined	92340898	2134850	56890457
13	diamond-chain/1024/base	ir	5696282	48419	3900447
13	diamond-chain/1024/base	cfg	21684183	0	0
13	diamond-chain/1024/base	emission_exclusive	89235859	3667460	120635206
13	diamond-chain/1024/base	serialization	31177432	282946	5863533
13	diamond-chain/1024/base	combined	147793896	3998825	130399186
13	diamond-chain/1024/light	ir	6988817	54904	4183009
13	diamond-chain/1024/light	cfg	18846862	0	0
13	diamond-chain/1024/light	emission_exclusive	96209920	3983307	125080753
13	diamond-chain/1024/light	serialization	29299075	282946	5857869
13	diamond-chain/1024/light	combined	151344816	4321157	135121631
13	diamond-chain/1024/heavy	ir	24526583	154232	14714882
13	diamond-chain/1024/heavy	cfg	21588150	0	0
13	diamond-chain/1024/heavy	emission_exclusive	260827671	8095428	239697466
13	diamond-chain/1024/heavy	serialization	102238231	282948	19081271
13	diamond-chain/1024/heavy	combined	409180955	8532608	273493619
13	fan-in/64/base	ir	136188	3035	243042
13	fan-in/64/base	cfg	76876	0	0
13	fan-in/64/base	emission_exclusive	31580624	374084	8862989
13	fan-in/64/base	serialization	5651737	23502	433675
13	fan-in/64/base	combined	37445545	400621	9539706
13	fan-in/256/base	ir	676761	12144	978787
13	fan-in/256/base	cfg	570660	0	0
13	fan-in/256/base	emission_exclusive	105727395	3819139	76937446
13	fan-in/256/base	serialization	16936246	169875	2040148
13	fan-in/256/base	combined	123911192	4001158	79956381
13	fan-in/1024/base	ir	6818134	48575	3929268
13	fan-in/1024/base	cfg	10664395	0	0
13	fan-in/1024/base	emission_exclusive	869466957	33453456	663421693
13	fan-in/1024/base	serialization	51780908	520489	7222939
13	fan-in/1024/base	combined	938730615	34022520	674573900
13	nested-loop/64/base	ir	122662	3028	240359
13	nested-loop/64/base	cfg	182456	0	0
13	nested-loop/64/base	emission_exclusive	4650481	158164	3203533
13	nested-loop/64/base	serialization	1904214	13198	348803
13	nested-loop/64/base	combined	6859914	174390	3792695
13	nested-loop/256/base	ir	632026	12105	966536
13	nested-loop/256/base	cfg	2294012	0	0
13	nested-loop/256/base	emission_exclusive	17572741	608659	17402870
13	nested-loop/256/base	serialization	7323782	48528	1356497
13	nested-loop/256/base	combined	27822671	669292	19725903
13	nested-loop/1024/base	ir	5788607	48407	3878737
13	nested-loop/1024/base	cfg	40668404	0	0
13	nested-loop/1024/base	emission_exclusive	68926601	2410535	149436100
13	nested-loop/1024/base	serialization	28993788	189842	5387591
13	nested-loop/1024/base	combined	144377550	2648784	158702428
13	multi-exit/64/base	ir	127281	3014	242868
13	multi-exit/64/base	cfg	83347	0	0
13	multi-exit/64/base	emission_exclusive	30840835	1057206	21442992
13	multi-exit/64/base	serialization	8158432	46594	569880
13	multi-exit/64/base	combined	39210035	1106814	22255740
13	multi-exit/256/base	ir	675699	12119	977717
13	multi-exit/256/base	cfg	611908	0	0
13	multi-exit/256/base	emission_exclusive	139126050	5477133	106749130
13	multi-exit/256/base	serialization	17997014	175763	2079434
13	multi-exit/256/base	combined	158410811	5665015	109806281
13	multi-exit/1024/base	ir	6575085	48549	3928190
13	multi-exit/1024/base	cfg	12279562	0	0
13	multi-exit/1024/base	emission_exclusive	972871085	39137448	770432210
13	multi-exit/1024/base	serialization	52952956	520489	7238547
13	multi-exit/1024/base	combined	1044678938	39706486	781598947
13	no-exit/64/base	ir	124034	3036	240455
13	no-exit/64/base	cfg	47119	0	0
13	no-exit/64/base	emission_exclusive	4142100	145625	2621882
13	no-exit/64/base	serialization	1800608	12278	343391
13	no-exit/64/base	combined	6113972	160939	3205728
13	no-exit/256/base	ir	640552	12113	966632
13	no-exit/256/base	cfg	423852	0	0
13	no-exit/256/base	emission_exclusive	15989695	578412	11987138
13	no-exit/256/base	serialization	6974451	47608	1349547
13	no-exit/256/base	combined	24028680	638133	14303317
13	no-exit/1024/base	ir	5991530	48415	3878833
13	no-exit/1024/base	cfg	8484479	0	0
13	no-exit/1024/base	emission_exclusive	63790830	2309490	73811799
13	no-exit/1024/base	serialization	27840094	188922	5374495
13	no-exit/1024/base	combined	106107093	2546827	83065127
13	irreducible/64/base	ir	130216	3032	242131
13	irreducible/64/base	cfg	96834	0	0
13	irreducible/64/base	emission_exclusive	1173821462	20020919	375957323
13	irreducible/64/base	serialization	288514995	2739433	16602620
13	irreducible/64/base	combined	1462563737	22763384	392802074
13	irreducible/256/base	ir	668706	12113	974548
13	irreducible/256/base	cfg	1227062	0	0
13	irreducible/256/base	emission_exclusive	2334419186	50823127	727892844
13	irreducible/256/base	serialization	415551662	3945831	24608381
13	irreducible/256/base	combined	2751866917	54781071	753475773
13	irreducible/1024/base	ir	6134261	48419	3911709
13	irreducible/1024/base	cfg	18940119	0	0
13	irreducible/1024/base	emission_exclusive	3933761592	121441564	1430393117
13	irreducible/1024/base	serialization	532746883	5140545	34956339
13	irreducible/1024/base	combined	4491583256	126630528	1469261165
14	linear/64/base	ir	146107	3026	240174
14	linear/64/base	cfg	114146	0	0
14	linear/64/base	emission_exclusive	3812256	140898	2638299
14	linear/64/base	serialization	1668097	12094	341915
14	linear/64/base	combined	5743922	156018	3220388
14	linear/64/light	ir	135787	3433	258352
14	linear/64/light	cfg	98035	0	0
14	linear/64/light	emission_exclusive	4066006	156825	2850866
14	linear/64/light	serialization	1725255	12094	341531
14	linear/64/light	combined	6025183	172352	3450749
14	linear/64/heavy	ir	475370	9640	916241
14	linear/64/heavy	cfg	92635	0	0
14	linear/64/heavy	emission_exclusive	12028698	327508	8490035
14	linear/64/heavy	serialization	6258947	12096	1167973
14	linear/64/heavy	combined	18855790	349244	10574249
14	linear/256/base	ir	627588	12103	966351
14	linear/256/base	cfg	1366526	0	0
14	linear/256/base	emission_exclusive	14796977	558295	13665132
14	linear/256/base	serialization	6745498	47424	1346537
14	linear/256/base	combined	23536739	617822	15978020
14	linear/256/light	ir	716576	13724	1036945
14	linear/256/light	cfg	1050698	0	0
14	linear/256/light	emission_exclusive	15812730	622853	14535262
14	linear/256/light	serialization	6642693	47424	1345097
14	linear/256/light	combined	24222837	684001	16917304
14	linear/256/heavy	ir	2582910	38556	3669938
14	linear/256/heavy	cfg	1158853	0	0
14	linear/256/heavy	emission_exclusive	46857579	1301966	37053122
14	linear/256/heavy	serialization	24466920	47426	4650931
14	linear/256/heavy	combined	75066372	1387948	45373991
14	linear/1024/base	ir	5561957	48405	3878552
14	linear/1024/base	cfg	23555654	0	0
14	linear/1024/base	emission_exclusive	58833968	2227809	106466310
14	linear/1024/base	serialization	27084715	188738	5365343
14	linear/1024/base	combined	115036545	2464952	115710205
14	linear/1024/light	ir	7117241	54890	4161114
14	linear/1024/light	cfg	22344191	0	0
14	linear/1024/light	emission_exclusive	62281053	2486886	109967920
14	linear/1024/light	serialization	26606619	188738	5359679
14	linear/1024/light	combined	118349264	2730514	119488713
14	linear/1024/heavy	ir	26458138	154218	14692987
14	linear/1024/heavy	cfg	21851931	0	0
14	linear/1024/heavy	emission_exclusive	186614193	5199855	200017585
14	linear/1024/heavy	serialization	97796404	188740	18583081
14	linear/1024/heavy	combined	332720946	5542813	233293653
14	diamond-chain/64/base	ir	121751	3032	241429
14	diamond-chain/64/base	cfg	110509	0	0
14	diamond-chain/64/base	emission_exclusive	5690310	231315	3991572
14	diamond-chain/64/base	serialization	1976080	17982	373065
14	diamond-chain/64/base	combined	7898810	252329	4606066
14	diamond-chain/64/light	ir	132300	3439	259607
14	diamond-chain/64/light	cfg	108235	0	0
14	diamond-chain/64/light	emission_exclusive	5996120	250653	4261308
14	diamond-chain/64/light	serialization	1958467	17982	372681
14	diamond-chain/64/light	combined	8195232	272074	4893596
14	diamond-chain/64/heavy	ir	387694	9646	917496
14	diamond-chain/64/heavy	cfg	110118	0	0
14	diamond-chain/64/heavy	emission_exclusive	15605107	508168	11427125
14	diamond-chain/64/heavy	serialization	6351132	17984	1199123
14	diamond-chain/64/heavy	combined	22454171	535798	13543744
14	diamond-chain/256/base	ir	639791	12113	971734
14	diamond-chain/256/base	cfg	1283419	0	0
14	diamond-chain/256/base	emission_exclusive	21875444	918258	18682496
14	diamond-chain/256/base	serialization	7729751	70976	1471095
14	diamond-chain/256/base	combined	31528525	1001347	21125325
14	diamond-chain/256/light	ir	730522	13734	1042328
14	diamond-chain/256/light	cfg	1220701	0	0
14	diamond-chain/256/light	emission_exclusive	23205301	996897	19787059
14	diamond-chain/256/light	serialization	7661321	70976	1469655
14	diamond-chain/256/light	combined	32817977	1081607	22299042
14	diamond-chain/256/heavy	ir	2350299	38566	3675321
14	diamond-chain/256/heavy	cfg	1242902	0	0
14	diamond-chain/256/heavy	emission_exclusive	61985643	2025306	48439647
14	diamond-chain/256/heavy	serialization	26127162	70978	4775489
14	diamond-chain/256/heavy	combined	91706146	2134850	56890457
14	diamond-chain/1024/base	ir	5713505	48419	3900447
14	diamond-chain/1024/base	cfg	22131278	0	0
14	diamond-chain/1024/base	emission_exclusive	87174980	3667460	120635206
14	diamond-chain/1024/base	serialization	30593356	282946	5863533
14	diamond-chain/1024/base	combined	145613269	3998825	130399186
14	diamond-chain/1024/light	ir	7147438	54904	4183009
14	diamond-chain/1024/light	cfg	19615988	0	0
14	diamond-chain/1024/light	emission_exclusive	93912412	3983307	125080753
14	diamond-chain/1024/light	serialization	30770491	282946	5857869
14	diamond-chain/1024/light	combined	151446470	4321157	135121631
14	diamond-chain/1024/heavy	ir	24184445	154232	14714882
14	diamond-chain/1024/heavy	cfg	20893025	0	0
14	diamond-chain/1024/heavy	emission_exclusive	255902117	8095428	239697466
14	diamond-chain/1024/heavy	serialization	103064855	282948	19081271
14	diamond-chain/1024/heavy	combined	404044653	8532608	273493619
14	fan-in/64/base	ir	150254	3035	243042
14	fan-in/64/base	cfg	82406	0	0
14	fan-in/64/base	emission_exclusive	31520651	374084	8862989
14	fan-in/64/base	serialization	5606762	23502	433675
14	fan-in/64/base	combined	37360273	400621	9539706
14	fan-in/256/base	ir	667113	12144	978787
14	fan-in/256/base	cfg	601158	0	0
14	fan-in/256/base	emission_exclusive	105051296	3819139	76937446
14	fan-in/256/base	serialization	17245902	169875	2040148
14	fan-in/256/base	combined	123565619	4001158	79956381
14	fan-in/1024/base	ir	6696656	48575	3929268
14	fan-in/1024/base	cfg	11108736	0	0
14	fan-in/1024/base	emission_exclusive	860010991	33453456	663421693
14	fan-in/1024/base	serialization	51594064	520489	7222939
14	fan-in/1024/base	combined	929410607	34022520	674573900
14	nested-loop/64/base	ir	120659	3028	240359
14	nested-loop/64/base	cfg	186183	0	0
14	nested-loop/64/base	emission_exclusive	4576170	158164	3203533
14	nested-loop/64/base	serialization	1900658	13198	348803
14	nested-loop/64/base	combined	6783780	174390	3792695
14	nested-loop/256/base	ir	624492	12105	966536
14	nested-loop/256/base	cfg	2304261	0	0
14	nested-loop/256/base	emission_exclusive	17297530	608659	17402870
14	nested-loop/256/base	serialization	7318532	48528	1356497
14	nested-loop/256/base	combined	27544935	669292	19725903
14	nested-loop/1024/base	ir	5803515	48407	3878737
14	nested-loop/1024/base	cfg	40048060	0	0
14	nested-loop/1024/base	emission_exclusive	68782709	2410535	149436100
14	nested-loop/1024/base	serialization	29078819	189842	5387591
14	nested-loop/1024/base	combined	143713263	2648784	158702428
14	multi-exit/64/base	ir	123734	3014	242868
14	multi-exit/64/base	cfg	83087	0	0
14	multi-exit/64/base	emission_exclusive	30404548	1057206	21442992
14	multi-exit/64/base	serialization	8161187	46594	569880
14	multi-exit/64/base	combined	38772696	1106814	22255740
14	multi-exit/256/base	ir	668505	12119	977717
14	multi-exit/256/base	cfg	581190	0	0
14	multi-exit/256/base	emission_exclusive	137748012	5477133	106749130
14	multi-exit/256/base	serialization	18037030	175763	2079434
14	multi-exit/256/base	combined	157034877	5665015	109806281
14	multi-exit/1024/base	ir	6749184	48549	3928190
14	multi-exit/1024/base	cfg	12946063	0	0
14	multi-exit/1024/base	emission_exclusive	966809494	39137448	770432210
14	multi-exit/1024/base	serialization	53528005	520489	7238547
14	multi-exit/1024/base	combined	1040032967	39706486	781598947
14	no-exit/64/base	ir	122882	3036	240455
14	no-exit/64/base	cfg	50776	0	0
14	no-exit/64/base	emission_exclusive	4153602	145625	2621882
14	no-exit/64/base	serialization	1810878	12278	343391
14	no-exit/64/base	combined	6138249	160939	3205728
14	no-exit/256/base	ir	631926	12113	966632
14	no-exit/256/base	cfg	443720	0	0
14	no-exit/256/base	emission_exclusive	16105834	578412	11987138
14	no-exit/256/base	serialization	7136147	47608	1349547
14	no-exit/256/base	combined	24317747	638133	14303317
14	no-exit/1024/base	ir	5813874	48415	3878833
14	no-exit/1024/base	cfg	8644251	0	0
14	no-exit/1024/base	emission_exclusive	63894266	2309490	73811799
14	no-exit/1024/base	serialization	28486408	188922	5374495
14	no-exit/1024/base	combined	106838949	2546827	83065127
14	irreducible/64/base	ir	127551	3032	242131
14	irreducible/64/base	cfg	95050	0	0
14	irreducible/64/base	emission_exclusive	1162452938	20020919	375957323
14	irreducible/64/base	serialization	282383790	2739433	16602620
14	irreducible/64/base	combined	1445059499	22763384	392802074
14	irreducible/256/base	ir	661132	12113	974548
14	irreducible/256/base	cfg	1230870	0	0
14	irreducible/256/base	emission_exclusive	2289221873	50823127	727892844
14	irreducible/256/base	serialization	398375544	3945831	24608381
14	irreducible/256/base	combined	2689489699	54781071	753475773
14	irreducible/1024/base	ir	6239370	48419	3911709
14	irreducible/1024/base	cfg	18851701	0	0
14	irreducible/1024/base	emission_exclusive	3918973411	121441564	1430393117
14	irreducible/1024/base	serialization	544374804	5140545	34956339
14	irreducible/1024/base	combined	4488439696	126630528	1469261165
