run	case	phase	nanos	alloc_count	alloc_bytes
0	linear/64/base	ir	147429	3026	240174
0	linear/64/base	cfg	114647	0	0
0	linear/64/base	emission_exclusive	3754746	140898	2638299
0	linear/64/base	serialization	1823041	12094	341915
0	linear/64/base	combined	5840144	156018	3220388
0	linear/64/light	ir	133894	3433	258352
0	linear/64/light	cfg	98437	0	0
0	linear/64/light	emission_exclusive	3959774	156825	2850866
0	linear/64/light	serialization	1820786	12094	341531
0	linear/64/light	combined	6013011	172352	3450749
0	linear/64/heavy	ir	475961	9640	916241
0	linear/64/heavy	cfg	92245	0	0
0	linear/64/heavy	emission_exclusive	11593272	327508	8490035
0	linear/64/heavy	serialization	6580965	12096	1167973
0	linear/64/heavy	combined	18742593	349244	10574249
0	linear/256/base	ir	631886	12103	966351
0	linear/256/base	cfg	1417032	0	0
0	linear/256/base	emission_exclusive	14472802	558295	13665132
0	linear/256/base	serialization	7070282	47424	1346537
0	linear/256/base	combined	23592142	617822	15978020
0	linear/256/light	ir	705856	13724	1036945
0	linear/256/light	cfg	1293879	0	0
0	linear/256/light	emission_exclusive	15591760	622853	14535262
0	linear/256/light	serialization	6978408	47424	1345097
0	linear/256/light	combined	24570043	684001	16917304
0	linear/256/heavy	ir	2783368	38556	3669938
0	linear/256/heavy	cfg	1269012	0	0
0	linear/256/heavy	emission_exclusive	45360041	1301966	37053122
0	linear/256/heavy	serialization	25774553	47426	4650931
0	linear/256/heavy	combined	75187124	1387948	45373991
0	linear/1024/base	ir	5676925	48405	3878552
0	linear/1024/base	cfg	23095262	0	0
0	linear/1024/base	emission_exclusive	57549932	2227809	106466310
0	linear/1024/base	serialization	29423139	188738	5365343
0	linear/1024/base	combined	115745668	2464952	115710205
0	linear/1024/light	ir	6799660	54890	4161114
0	linear/1024/light	cfg	21940807	0	0
0	linear/1024/light	emission_exclusive	61941814	2486886	109967920
0	linear/1024/light	serialization	29144892	188738	5359679
0	linear/1024/light	combined	119827423	2730514	119488713
0	linear/1024/heavy	ir	26477163	154218	14692987
0	linear/1024/heavy	cfg	21583200	0	0
0	linear/1024/heavy	emission_exclusive	184392953	5199855	200017585
0	linear/1024/heavy	serialization	108383885	188740	18583081
0	linear/1024/heavy	combined	340837552	5542813	233293653
0	diamond-chain/64/base	ir	128203	3032	241429
0	diamond-chain/64/base	cfg	106601	0	0
0	diamond-chain/64/base	emission_exclusive	5560154	231315	3991572
0	diamond-chain/64/base	serialization	2168344	17982	373065
0	diamond-chain/64/base	combined	7963452	252329	4606066
0	diamond-chain/64/light	ir	137691	3439	259607
0	diamond-chain/64/light	cfg	106962	0	0
0	diamond-chain/64/light	emission_exclusive	5937418	250653	4261308
0	diamond-chain/64/light	serialization	2116375	17982	372681
0	diamond-chain/64/light	combined	8298577	272074	4893596
0	diamond-chain/64/heavy	ir	396260	9646	917496
0	diamond-chain/64/heavy	cfg	103757	0	0
0	diamond-chain/64/heavy	emission_exclusive	15397501	508168	11427125
0	diamond-chain/64/heavy	serialization	7050134	17984	1199123
0	diamond-chain/64/heavy	combined	22947772	535798	13543744
0	diamond-chain/256/base	ir	636625	12113	971734
0	diamond-chain/256/base	cfg	1231030	0	0
0	diamond-chain/256/base	emission_exclusive	21701524	918258	18682496
0	diamond-chain/256/base	serialization	8037332	70976	1471095
0	diamond-chain/256/base	combined	31606701	1001347	21125325
0	diamond-chain/256/light	ir	729040	13734	1042328
0	diamond-chain/256/light	cfg	1223946	0	0
0	diamond-chain/256/light	emission_exclusive	22580197	996897	19787059
0	diamond-chain/256/light	serialization	7937984	70976	1469655
0	diamond-chain/256/light	combined	32471297	1081607	22299042
0	diamond-chain/256/heavy	ir	2332675	38566	3675321
0	diamond-chain/256/heavy	cfg	1199160	0	0
0	diamond-chain/256/heavy	emission_exclusive	60900063	2025306	48439647
0	diamond-chain/256/heavy	serialization	27866452	70978	4775489
0	diamond-chain/256/heavy	combined	92298500	2134850	56890457
0	diamond-chain/1024/base	ir	5746787	48419	3900447
0	diamond-chain/1024/base	cfg	21828534	0	0
0	diamond-chain/1024/base	emission_exclusive	86106661	3667460	120635206
0	diamond-chain/1024/base	serialization	33339491	282946	5863533
0	diamond-chain/1024/base	combined	147021643	3998825	130399186
0	diamond-chain/1024/light	ir	6984039	54904	4183009
0	diamond-chain/1024/light	cfg	18226937	0	0
0	diamond-chain/1024/light	emission_exclusive	93372684	3983307	125080753
0	diamond-chain/1024/light	serialization	33519331	282946	5857869
0	diamond-chain/1024/light	combined	152103211	4321157	135121631
0	diamond-chain/1024/heavy	ir	24255298	154232	14714882
0	diamond-chain/1024/heavy	cfg	20408126	0	0
0	diamond-chain/1024/heavy	emission_exclusive	252424345	8095428	239697466
0	diamond-chain/1024/heavy	serialization	112251063	282948	19081271
0	diamond-chain/1024/heavy	combined	409338952	8532608	273493619
0	fan-in/64/base	ir	126409	3035	243042
0	fan-in/64/base	cfg	74531	0	0
0	fan-in/64/base	emission_exclusive	29256754	374084	8862989
0	fan-in/64/base	serialization	6176330	23502	433675
0	fan-in/64/base	combined	35634154	400621	9539706
0	fan-in/256/base	ir	672773	12144	978787
0	fan-in/256/base	cfg	551424	0	0
0	fan-in/256/base	emission_exclusive	93987907	2690323	73940842
0	fan-in/256/base	serialization	19657045	169875	2040148
0	fan-in/256/base	combined	114869309	2872342	76959777
0	fan-in/1024/base	ir	6498970	48575	3929268
0	fan-in/1024/base	cfg	11144923	0	0
0	fan-in/1024/base	emission_exclusive	725038678	19571016	628456763
0	fan-in/1024/base	serialization	56188165	520489	7222939
0	fan-in/1024/base	combined	798870986	20140080	639608970
0	nested-loop/64/base	ir	121029	3028	240359
0	nested-loop/64/base	cfg	183006	0	0
0	nested-loop/64/base	emission_exclusive	4550463	158164	3203533
0	nested-loop/64/base	serialization	2099724	13198	348803
0	nested-loop/64/base	combined	6954362	174390	3792695
0	nested-loop/256/base	ir	624422	12105	966536
0	nested-loop/256/base	cfg	2284273	0	0
0	nested-loop/256/base	emission_exclusive	17005526	608659	17402870
0	nested-loop/256/base	serialization	8045568	48528	1356497
0	nested-loop/256/base	combined	27959919	669292	19725903
0	nested-loop/1024/base	ir	5398056	48407	3878737
0	nested-loop/1024/base	cfg	39648581	0	0
0	nested-loop/1024/base	emission_exclusive	67611156	2410535	149436100
0	nested-loop/1024/base	serialization	33211007	189842	5387591
0	nested-loop/1024/base	combined	145869051	2648784	158702428
0	multi-exit/64/base	ir	131048	3014	242868
0	multi-exit/64/base	cfg	86984	0	0
0	multi-exit/64/base	emission_exclusive	29738186	1057206	21442992
0	multi-exit/64/base	serialization	9002659	46594	569880
0	multi-exit/64/base	combined	38958987	1106814	22255740
0	multi-exit/256/base	ir	669077	12119	977717
0	multi-exit/256/base	cfg	624382	0	0
0	multi-exit/256/base	emission_exclusive	124873183	4323519	103684200
0	multi-exit/256/base	serialization	19267597	175763	2079434
0	multi-exit/256/base	combined	145434389	4511401	106741351
0	multi-exit/1024/base	ir	6437705	48549	3928190
0	multi-exit/1024/base	cfg	12456686	0	0
0	multi-exit/1024/base	emission_exclusive	828779413	25295763	735568095
0	multi-exit/1024/base	serialization	57681051	520489	7238547
0	multi-exit/1024/base	combined	905355166	25864801	746734832
0	no-exit/64/base	ir	130647	3036	240455
0	no-exit/64/base	cfg	53942	0	0
0	no-exit/64/base	emission_exclusive	4033324	145625	2621882
0	no-exit/64/base	serialization	1958076	12278	343391
0	no-exit/64/base	combined	6176099	160939	3205728
0	no-exit/256/base	ir	633539	12113	966632
0	no-exit/256/base	cfg	459209	0	0
0	no-exit/256/base	emission_exclusive	15491912	578412	11987138
0	no-exit/256/base	serialization	7690656	47608	1349547
0	no-exit/256/base	combined	24275436	638133	14303317
0	no-exit/1024/base	ir	5848229	48415	3878833
0	no-exit/1024/base	cfg	8742166	0	0
0	no-exit/1024/base	emission_exclusive	61528523	2309490	73811799
0	no-exit/1024/base	serialization	30336988	188922	5374495
0	no-exit/1024/base	combined	106456216	2546827	83065127
0	irreducible/64/base	ir	122642	3032	242131
0	irreducible/64/base	cfg	89339	0	0
0	irreducible/64/base	emission_exclusive	1068015488	16409799	363084941
0	irreducible/64/base	serialization	312120069	2739433	16602620
0	irreducible/64/base	combined	1380347939	19152264	379929692
0	irreducible/256/base	ir	660901	12113	974548
0	irreducible/256/base	cfg	1175275	0	0
0	irreducible/256/base	emission_exclusive	2022225642	26436815	661980200
0	irreducible/256/base	serialization	449404274	3945831	24608381
0	irreducible/256/base	combined	2473466332	30394759	687563129
0	irreducible/1024/base	ir	6129861	48419	3911709
0	irreducible/1024/base	cfg	18560048	0	0
0	irreducible/1024/base	emission_exclusive	3182286596	44110148	1232171031
0	irreducible/1024/base	serialization	579539967	5140545	34956339
0	irreducible/1024/base	combined	3786516943	49299112	1271039079
1	linear/64/base	ir	148772	3026	240174
1	linear/64/base	cfg	116351	0	0
1	linear/64/base	emission_exclusive	3802697	140898	2638299
1	linear/64/base	serialization	1813793	12094	341915
1	linear/64/base	combined	5881843	156018	3220388
1	linear/64/light	ir	186513	3433	258352
1	linear/64/light	cfg	91764	0	0
1	linear/64/light	emission_exclusive	3980353	156825	2850866
1	linear/64/light	serialization	1806629	12094	341531
1	linear/64/light	combined	6065400	172352	3450749
1	linear/64/heavy	ir	468817	9640	916241
1	linear/64/heavy	cfg	93086	0	0
1	linear/64/heavy	emission_exclusive	11529481	327508	8490035
1	linear/64/heavy	serialization	6558383	12096	1167973
1	linear/64/heavy	combined	18649907	349244	10574249
1	linear/256/base	ir	626476	12103	966351
1	linear/256/base	cfg	1418285	0	0
1	linear/256/base	emission_exclusive	14382691	558295	13665132
1	linear/256/base	serialization	7062447	47424	1346537
1	linear/256/base	combined	23490039	617822	15978020
1	linear/256/light	ir	706136	13724	1036945
1	linear/256/light	cfg	1305160	0	0
1	linear/256/light	emission_exclusive	15580438	622853	14535262
1	linear/256/light	serialization	6960914	47424	1345097
1	linear/256/light	combined	24552770	684001	16917304
1	linear/256/heavy	ir	2743683	38556	3669938
1	linear/256/heavy	cfg	1277127	0	0
1	linear/256/heavy	emission_exclusive	45444882	1301966	37053122
1	linear/256/heavy	serialization	25710521	47426	4650931
1	linear/256/heavy	combined	75176374	1387948	45373991
1	linear/1024/base	ir	5522452	48405	3878552
1	linear/1024/base	cfg	23177257	0	0
1	linear/1024/base	emission_exclusive	56663806	2227809	106466310
1	linear/1024/base	serialization	28112978	188738	5365343
1	linear/1024/base	combined	113476794	2464952	115710205
1	linear/1024/light	ir	6828023	54890	4161114
1	linear/1024/light	cfg	21821060	0	0
1	linear/1024/light	emission_exclusive	61675711	2486886	109967920
1	linear/1024/light	serialization	27860621	188738	5359679
1	linear/1024/light	combined	118185777	2730514	119488713
1	linear/1024/heavy	ir	26524282	154218	14692987
1	linear/1024/heavy	cfg	21941979	0	0
1	linear/1024/heavy	emission_exclusive	183691698	5199855	200017585
1	linear/1024/heavy	serialization	103061832	188740	18583081
1	linear/1024/heavy	combined	335220031	5542813	233293653
1	diamond-chain/64/base	ir	126349	3032	241429
1	diamond-chain/64/base	cfg	107864	0	0
1	diamond-chain/64/base	emission_exclusive	5818553	231315	3991572
1	diamond-chain/64/base	serialization	2085477	17982	373065
1	diamond-chain/64/base	combined	8138383	252329	4606066
1	diamond-chain/64/light	ir	137971	3439	259607
1	diamond-chain/64/light	cfg	104638	0	0
1	diamond-chain/64/light	emission_exclusive	5914214	250653	4261308
1	diamond-chain/64/light	serialization	2074266	17982	372681
1	diamond-chain/64/light	combined	8231209	272074	4893596
1	diamond-chain/64/heavy	ir	391561	9646	917496
1	diamond-chain/64/heavy	cfg	104057	0	0
1	diamond-chain/64/heavy	emission_exclusive	15672533	508168	11427125
1	diamond-chain/64/heavy	serialization	6650898	17984	1199123
1	diamond-chain/64/heavy	combined	22819189	535798	13543744
1	diamond-chain/256/base	ir	634140	12113	971734
1	diamond-chain/256/base	cfg	1222594	0	0
1	diamond-chain/256/base	emission_exclusive	21838202	918258	18682496
1	diamond-chain/256/base	serialization	8216901	70976	1471095
1	diamond-chain/256/base	combined	31911978	1001347	21125325
1	diamond-chain/256/light	ir	727848	13734	1042328
1	diamond-chain/256/light	cfg	1195322	0	0
1	diamond-chain/256/light	emission_exclusive	23242440	996897	19787059
1	diamond-chain/256/light	serialization	8070646	70976	1469655
1	diamond-chain/256/light	combined	33236396	1081607	22299042
1	diamond-chain/256/heavy	ir	2389743	38566	3675321
1	diamond-chain/256/heavy	cfg	1229177	0	0
1	diamond-chain/256/heavy	emission_exclusive	63701926	2025306	48439647
1	diamond-chain/256/heavy	serialization	27937256	70978	4775489
1	diamond-chain/256/heavy	combined	95258242	2134850	56890457
1	diamond-chain/1024/base	ir	5995207	48419	3900447
1	diamond-chain/1024/base	cfg	22589815	0	0
1	diamond-chain/1024/base	emission_exclusive	89238851	3667460	120635206
1	diamond-chain/1024/base	serialization	33990232	282946	5863533
1	diamond-chain/1024/base	combined	151814265	3998825	130399186
1	diamond-chain/1024/light	ir	7166143	54904	4183009
1	diamond-chain/1024/light	cfg	18781307	0	0
1	diamond-chain/1024/light	emission_exclusive	95045559	3983307	125080753
1	diamond-chain/1024/light	serialization	33541844	282946	5857869
1	diamond-chain/1024/light	combined	154535003	4321157	135121631
1	diamond-chain/1024/heavy	ir	24119951	154232	14714882
1	diamond-chain/1024/heavy	cfg	20712472	0	0
1	diamond-chain/1024/heavy	emission_exclusive	256193259	8095428	239697466
1	diamond-chain/1024/heavy	serialization	112750009	282948	19081271
1	diamond-chain/1024/heavy	combined	413775862	8532608	273493619
1	fan-in/64/base	ir	131790	3035	243042
1	fan-in/64/base	cfg	72407	0	0
1	fan-in/64/base	emission_exclusive	29088505	374084	8862989
1	fan-in/64/base	serialization	6213580	23502	433675
1	fan-in/64/base	combined	35506753	400621	9539706
1	fan-in/256/base	ir	665289	12144	978787
1	fan-in/256/base	cfg	554469	0	0
1	fan-in/256/base	emission_exclusive	93647625	2690323	73940842
1	fan-in/256/base	serialization	18337467	169875	2040148
1	fan-in/256/base	combined	113204990	2872342	76959777
1	fan-in/1024/base	ir	6559405	48575	3929268
1	fan-in/1024/base	cfg	10729518	0	0
1	fan-in/1024/base	emission_exclusive	728477146	19571016	628456763
1	fan-in/1024/base	serialization	56338070	520489	7222939
1	fan-in/1024/base	combined	802104389	20140080	639608970
1	nested-loop/64/base	ir	123063	3028	240359
1	nested-loop/64/base	cfg	190530	0	0
1	nested-loop/64/base	emission_exclusive	4570642	158164	3203533
1	nested-loop/64/base	serialization	2083203	13198	348803
1	nested-loop/64/base	combined	6967578	174390	3792695
1	nested-loop/256/base	ir	624502	12105	966536
1	nested-loop/256/base	cfg	2280666	0	0
1	nested-loop/256/base	emission_exclusive	17073445	608659	17402870
1	nested-loop/256/base	serialization	8062179	48528	1356497
1	nested-loop/256/base	combined	28040942	669292	19725903
1	nested-loop/1024/base	ir	5401053	48407	3878737
1	nested-loop/1024/base	cfg	39718243	0	0
1	nested-loop/1024/base	emission_exclusive	68015702	2410535	149436100
1	nested-loop/1024/base	serialization	31723763	189842	5387591
1	nested-loop/1024/base	combined	144858921	2648784	158702428
1	multi-exit/64/base	ir	123273	3014	242868
1	multi-exit/64/base	cfg	82106	0	0
1	multi-exit/64/base	emission_exclusive	29942421	1057206	21442992
1	multi-exit/64/base	serialization	8997269	46594	569880
1	multi-exit/64/base	combined	39145229	1106814	22255740
1	multi-exit/256/base	ir	666120	12119	977717
1	multi-exit/256/base	cfg	572383	0	0
1	multi-exit/256/base	emission_exclusive	126366269	4323519	103684200
1	multi-exit/256/base	serialization	19623261	175763	2079434
1	multi-exit/256/base	combined	147228264	4511401	106741351
1	multi-exit/1024/base	ir	6597247	48549	3928190
1	multi-exit/1024/base	cfg	12988002	0	0
1	multi-exit/1024/base	emission_exclusive	835765820	25295763	735568095
1	multi-exit/1024/base	serialization	58419018	520489	7238547
1	multi-exit/1024/base	combined	913770257	25864801	746734832
1	no-exit/64/base	ir	117753	3036	240455
1	no-exit/64/base	cfg	46117	0	0
1	no-exit/64/base	emission_exclusive	4114588	145625	2621882
1	no-exit/64/base	serialization	1990888	12278	343391
1	no-exit/64/base	combined	6269476	160939	3205728
1	no-exit/256/base	ir	637617	12113	966632
1	no-exit/256/base	cfg	446275	0	0
1	no-exit/256/base	emission_exclusive	16080825	578412	11987138
1	no-exit/256/base	serialization	7766169	47608	1349547
1	no-exit/256/base	combined	24931016	638133	14303317
1	no-exit/1024/base	ir	5538874	48415	3878833
1	no-exit/1024/base	cfg	8841073	0	0
1	no-exit/1024/base	emission_exclusive	63303102	2309490	73811799
1	no-exit/1024/base	serialization	30708131	188922	5374495
1	no-exit/1024/base	combined	108391330	2546827	83065127
1	irreducible/64/base	ir	123964	3032	242131
1	irreducible/64/base	cfg	89409	0	0
1	irreducible/64/base	emission_exclusive	1080926119	16409799	363084941
1	irreducible/64/base	serialization	314719470	2739433	16602620
1	irreducible/64/base	combined	1395859202	19152264	379929692
1	irreducible/256/base	ir	670328	12113	974548
1	irreducible/256/base	cfg	1189100	0	0
1	irreducible/256/base	emission_exclusive	2012908005	26436815	661980200
1	irreducible/256/base	serialization	456995653	3945831	24608381
1	irreducible/256/base	combined	2471763437	30394759	687563129
1	irreducible/1024/base	ir	6221456	48419	3911709
1	irreducible/1024/base	cfg	18483633	0	0
1	irreducible/1024/base	emission_exclusive	3190539237	44110148	1232171031
1	irreducible/1024/base	serialization	578571016	5140545	34956339
1	irreducible/1024/base	combined	3793815843	49299112	1271039079
2	linear/64/base	ir	148281	3026	240174
2	linear/64/base	cfg	116040	0	0
2	linear/64/base	emission_exclusive	3796215	140898	2638299
2	linear/64/base	serialization	1823091	12094	341915
2	linear/64/base	combined	5883867	156018	3220388
2	linear/64/light	ir	133683	3433	258352
2	linear/64/light	cfg	91583	0	0
2	linear/64/light	emission_exclusive	4048323	156825	2850866
2	linear/64/light	serialization	1805467	12094	341531
2	linear/64/light	combined	6079186	172352	3450749
2	linear/64/heavy	ir	473927	9640	916241
2	linear/64/heavy	cfg	93457	0	0
2	linear/64/heavy	emission_exclusive	11728518	327508	8490035
2	linear/64/heavy	serialization	6594742	12096	1167973
2	linear/64/heavy	combined	18890794	349244	10574249
2	linear/256/base	ir	640712	12103	966351
2	linear/256/base	cfg	1364903	0	0
2	linear/256/base	emission_exclusive	14489455	558295	13665132
2	linear/256/base	serialization	7005729	47424	1346537
2	linear/256/base	combined	23500959	617822	15978020
2	linear/256/light	ir	715113	13724	1036945
2	linear/256/light	cfg	1023597	0	0
2	linear/256/light	emission_exclusive	15632489	622853	14535262
2	linear/256/light	serialization	6987846	47424	1345097
2	linear/256/light	combined	24359195	684001	16917304
2	linear/256/heavy	ir	2793778	38556	3669938
2	linear/256/heavy	cfg	1252611	0	0
2	linear/256/heavy	emission_exclusive	45134264	1301966	37053122
2	linear/256/heavy	serialization	25757841	47426	4650931
2	linear/256/heavy	combined	74938624	1387948	45373991
2	linear/1024/base	ir	5541638	48405	3878552
2	linear/1024/base	cfg	23222122	0	0
2	linear/1024/base	emission_exclusive	57516511	2227809	106466310
2	linear/1024/base	serialization	29527967	188738	5365343
2	linear/1024/base	combined	115808408	2464952	115710205
2	linear/1024/light	ir	6929505	54890	4161114
2	linear/1024/light	cfg	21808347	0	0
2	linear/1024/light	emission_exclusive	61968706	2486886	109967920
2	linear/1024/light	serialization	29164730	188738	5359679
2	linear/1024/light	combined	119871570	2730514	119488713
2	linear/1024/heavy	ir	26498533	154218	14692987
2	linear/1024/heavy	cfg	22011360	0	0
2	linear/1024/heavy	emission_exclusive	185306577	5199855	200017585
2	linear/1024/heavy	serialization	111717856	188740	18583081
2	linear/1024/heavy	combined	345534476	5542813	233293653
2	diamond-chain/64/base	ir	144153	3032	241429
2	diamond-chain/64/base	cfg	114737	0	0
2	diamond-chain/64/base	emission_exclusive	5716660	231315	3991572
2	diamond-chain/64/base	serialization	2183602	17982	373065
2	diamond-chain/64/base	combined	8159403	252329	4606066
2	diamond-chain/64/light	ir	141829	3439	259607
2	diamond-chain/64/light	cfg	107313	0	0
2	diamond-chain/64/light	emission_exclusive	5990628	250653	4261308
2	diamond-chain/64/light	serialization	2152945	17982	372681
2	diamond-chain/64/light	combined	8392835	272074	4893596
2	diamond-chain/64/heavy	ir	388495	9646	917496
2	diamond-chain/64/heavy	cfg	103927	0	0
2	diamond-chain/64/heavy	emission_exclusive	15837004	508168	11427125
2	diamond-chain/64/heavy	serialization	7032730	17984	1199123
2	diamond-chain/64/heavy	combined	23362277	535798	13543744
2	diamond-chain/256/base	ir	664056	12113	971734
2	diamond-chain/256/base	cfg	1260395	0	0
2	diamond-chain/256/base	emission_exclusive	22147528	918258	18682496
2	diamond-chain/256/base	serialization	8570632	70976	1471095
2	diamond-chain/256/base	combined	32642732	1001347	21125325
2	diamond-chain/256/light	ir	727657	13734	1042328
2	diamond-chain/256/light	cfg	1208518	0	0
2	diamond-chain/256/light	emission_exclusive	23427822	996897	19787059
2	diamond-chain/256/light	serialization	8460262	70976	1469655
2	diamond-chain/256/light	combined	33824379	1081607	22299042
2	diamond-chain/256/heavy	ir	2393500	38566	3675321
2	diamond-chain/256/heavy	cfg	1201103	0	0
2	diamond-chain/256/heavy	emission_exclusive	62604370	2025306	48439647
2	diamond-chain/256/heavy	serialization	27934612	70978	4775489
2	diamond-chain/256/heavy	combined	94133695	2134850	56890457
2	diamond-chain/1024/base	ir	6034271	48419	3900447
2	diamond-chain/1024/base	cfg	21597246	0	0
2	diamond-chain/1024/base	emission_exclusive	88626362	3667460	120635206
2	diamond-chain/1024/base	serialization	34080463	282946	5863533
2	diamond-chain/1024/base	combined	150338493	3998825	130399186
2	diamond-chain/1024/light	ir	6898907	54904	4183009
2	diamond-chain/1024/light	cfg	18220856	0	0
2	diamond-chain/1024/light	emission_exclusive	94776302	3983307	125080753
2	diamond-chain/1024/light	serialization	33590746	282946	5857869
2	diamond-chain/1024/light	combined	153486971	4321157	135121631
2	diamond-chain/1024/heavy	ir	24114010	154232	14714882
2	diamond-chain/1024/heavy	cfg	20967565	0	0
2	diamond-chain/1024/heavy	emission_exclusive	255478548	8095428	239697466
2	diamond-chain/1024/heavy	serialization	107220554	282948	19081271
2	diamond-chain/1024/heavy	combined	407780859	8532608	273493619
2	fan-in/64/base	ir	126269	3035	243042
2	fan-in/64/base	cfg	70994	0	0
2	fan-in/64/base	emission_exclusive	27261328	374084	8862989
2	fan-in/64/base	serialization	5917360	23502	433675
2	fan-in/64/base	combined	33376111	400621	9539706
2	fan-in/256/base	ir	679055	12144	978787
2	fan-in/256/base	cfg	556222	0	0
2	fan-in/256/base	emission_exclusive	93815724	2690323	73940842
2	fan-in/256/base	serialization	18104295	169875	2040148
2	fan-in/256/base	combined	113155557	2872342	76959777
2	fan-in/1024/base	ir	6301647	48575	3929268
2	fan-in/1024/base	cfg	11106361	0	0
2	fan-in/1024/base	emission_exclusive	715335692	19571016	628456763
2	fan-in/1024/base	serialization	56260032	520489	7222939
2	fan-in/1024/base	combined	789003903	20140080	639608970
2	nested-loop/64/base	ir	119476	3028	240359
2	nested-loop/64/base	cfg	182275	0	0
2	nested-loop/64/base	emission_exclusive	4546155	158164	3203533
2	nested-loop/64/base	serialization	2088382	13198	348803
2	nested-loop/64/base	combined	6936428	174390	3792695
2	nested-loop/256/base	ir	623019	12105	966536
2	nested-loop/256/base	cfg	2270056	0	0
2	nested-loop/256/base	emission_exclusive	17048217	608659	17402870
2	nested-loop/256/base	serialization	8018647	48528	1356497
2	nested-loop/256/base	combined	27960069	669292	19725903
2	nested-loop/1024/base	ir	5457479	48407	3878737
2	nested-loop/1024/base	cfg	39825076	0	0
2	nested-loop/1024/base	emission_exclusive	67535032	2410535	149436100
2	nested-loop/1024/base	serialization	31798865	189842	5387591
2	nested-loop/1024/base	combined	144616763	2648784	158702428
2	multi-exit/64/base	ir	128844	3014	242868
2	multi-exit/64/base	cfg	86183	0	0
2	multi-exit/64/base	emission_exclusive	29776718	1057206	21442992
2	multi-exit/64/base	serialization	8960520	46594	569880
2	multi-exit/64/base	combined	38952425	1106814	22255740
2	multi-exit/256/base	ir	670378	12119	977717
2	multi-exit/256/base	cfg	608641	0	0
2	multi-exit/256/base	emission_exclusive	125327336	4323519	103684200
2	multi-exit/256/base	serialization	19513092	175763	2079434
2	multi-exit/256/base	combined	146119597	4511401	106741351
2	multi-exit/1024/base	ir	6483421	48549	3928190
2	multi-exit/1024/base	cfg	12551025	0	0
2	multi-exit/1024/base	emission_exclusive	836480392	25295763	735568095
2	multi-exit/1024/base	serialization	58054539	520489	7238547
2	multi-exit/1024/base	combined	913569978	25864801	746734832
2	no-exit/64/base	ir	120779	3036	240455
2	no-exit/64/base	cfg	51637	0	0
2	no-exit/64/base	emission_exclusive	4107826	145625	2621882
2	no-exit/64/base	serialization	1972393	12278	343391
2	no-exit/64/base	combined	6252765	160939	3205728
2	no-exit/256/base	ir	624352	12113	966632
2	no-exit/256/base	cfg	443629	0	0
2	no-exit/256/base	emission_exclusive	15837095	578412	11987138
2	no-exit/256/base	serialization	7735441	47608	1349547
2	no-exit/256/base	combined	24640637	638133	14303317
2	no-exit/1024/base	ir	5579991	48415	3878833
2	no-exit/1024/base	cfg	8766792	0	0
2	no-exit/1024/base	emission_exclusive	62903457	2309490	73811799
2	no-exit/1024/base	serialization	30749188	188922	5374495
2	no-exit/1024/base	combined	107999568	2546827	83065127
2	irreducible/64/base	ir	119406	3032	242131
2	irreducible/64/base	cfg	91393	0	0
2	irreducible/64/base	emission_exclusive	1082662596	16409799	363084941
2	irreducible/64/base	serialization	311995849	2739433	16602620
2	irreducible/64/base	combined	1394869486	19152264	379929692
2	irreducible/256/base	ir	666281	12113	974548
2	irreducible/256/base	cfg	1179322	0	0
2	irreducible/256/base	emission_exclusive	2025133365	26436815	661980200
2	irreducible/256/base	serialization	458301110	3945831	24608381
2	irreducible/256/base	combined	2485280398	30394759	687563129
2	irreducible/1024/base	ir	6063346	48419	3911709
2	irreducible/1024/base	cfg	18653355	0	0
2	irreducible/1024/base	emission_exclusive	3188832122	44110148	1232171031
2	irreducible/1024/base	serialization	581568476	5140545	34956339
2	irreducible/1024/base	combined	3795117829	49299112	1271039079
3	linear/64/base	ir	152489	3026	240174
3	linear/64/base	cfg	114386	0	0
3	linear/64/base	emission_exclusive	3776368	140898	2638299
3	linear/64/base	serialization	1832258	12094	341915
3	linear/64/base	combined	5875781	156018	3220388
3	linear/64/light	ir	136699	3433	258352
3	linear/64/light	cfg	98236	0	0
3	linear/64/light	emission_exclusive	3975965	156825	2850866
3	linear/64/light	serialization	1785570	12094	341531
3	linear/64/light	combined	5996590	172352	3450749
3	linear/64/heavy	ir	482363	9640	916241
3	linear/64/heavy	cfg	93517	0	0
3	linear/64/heavy	emission_exclusive	11516387	327508	8490035
3	linear/64/heavy	serialization	6578381	12096	1167973
3	linear/64/heavy	combined	18670808	349244	10574249
3	linear/256/base	ir	630524	12103	966351
3	linear/256/base	cfg	1368571	0	0
3	linear/256/base	emission_exclusive	14374376	558295	13665132
3	linear/256/base	serialization	7048550	47424	1346537
3	linear/256/base	combined	23422152	617822	15978020
3	linear/256/light	ir	700886	13724	1036945
3	linear/256/light	cfg	1027144	0	0
3	linear/256/light	emission_exclusive	15514924	622853	14535262
3	linear/256/light	serialization	6952369	47424	1345097
3	linear/256/light	combined	24195484	684001	16917304
3	linear/256/heavy	ir	2792385	38556	3669938
3	linear/256/heavy	cfg	1242111	0	0
3	linear/256/heavy	emission_exclusive	46133526	1301966	37053122
3	linear/256/heavy	serialization	27113036	47426	4650931
3	linear/256/heavy	combined	77281219	1387948	45373991
3	linear/1024/base	ir	5462238	48405	3878552
3	linear/1024/base	cfg	23267608	0	0
3	linear/1024/base	emission_exclusive	57464943	2227809	106466310
3	linear/1024/base	serialization	29628897	188738	5365343
3	linear/1024/base	combined	115823867	2464952	115710205
3	linear/1024/light	ir	6855766	54890	4161114
3	linear/1024/light	cfg	21467842	0	0
3	linear/1024/light	emission_exclusive	62031857	2486886	109967920
3	linear/1024/light	serialization	28870472	188738	5359679
3	linear/1024/light	combined	119226088	2730514	119488713
3	linear/1024/heavy	ir	24446579	154218	14692987
3	linear/1024/heavy	cfg	19465863	0	0
3	linear/1024/heavy	emission_exclusive	184772336	5199855	200017585
3	linear/1024/heavy	serialization	108474658	188740	18583081
3	linear/1024/heavy	combined	337159576	5542813	233293653
3	diamond-chain/64/base	ir	125778	3032	241429
3	diamond-chain/64/base	cfg	108435	0	0
3	diamond-chain/64/base	emission_exclusive	5652739	231315	3991572
3	diamond-chain/64/base	serialization	2167483	17982	373065
3	diamond-chain/64/base	combined	8054585	252329	4606066
3	diamond-chain/64/light	ir	138231	3439	259607
3	diamond-chain/64/light	cfg	105159	0	0
3	diamond-chain/64/light	emission_exclusive	5958128	250653	4261308
3	diamond-chain/64/light	serialization	2114331	17982	372681
3	diamond-chain/64/light	combined	8315980	272074	4893596
3	diamond-chain/64/heavy	ir	393455	9646	917496
3	diamond-chain/64/heavy	cfg	108445	0	0
3	diamond-chain/64/heavy	emission_exclusive	15716056	508168	11427125
3	diamond-chain/64/heavy	serialization	7032049	17984	1199123
3	diamond-chain/64/heavy	combined	23250466	535798	13543744
3	diamond-chain/256/base	ir	650752	12113	971734
3	diamond-chain/256/base	cfg	1242893	0	0
3	diamond-chain/256/base	emission_exclusive	22495276	918258	18682496
3	diamond-chain/256/base	serialization	8661874	70976	1471095
3	diamond-chain/256/base	combined	33050925	1001347	21125325
3	diamond-chain/256/light	ir	753396	13734	1042328
3	diamond-chain/256/light	cfg	1228916	0	0
3	diamond-chain/256/light	emission_exclusive	23672085	996897	19787059
3	diamond-chain/256/light	serialization	8489898	70976	1469655
3	diamond-chain/256/light	combined	34144425	1081607	22299042
3	diamond-chain/256/heavy	ir	2370076	38566	3675321
3	diamond-chain/256/heavy	cfg	1232663	0	0
3	diamond-chain/256/heavy	emission_exclusive	63246616	2025306	48439647
3	diamond-chain/256/heavy	serialization	28059237	70978	4775489
3	diamond-chain/256/heavy	combined	94909153	2134850	56890457
3	diamond-chain/1024/base	ir	5729293	48419	3900447
3	diamond-chain/1024/base	cfg	21922832	0	0
3	diamond-chain/1024/base	emission_exclusive	89074883	3667460	120635206
3	diamond-chain/1024/base	serialization	33998839	282946	5863533
3	diamond-chain/1024/base	combined	150726107	3998825	130399186
3	diamond-chain/1024/light	ir	6881064	54904	4183009
3	diamond-chain/1024/light	cfg	18765867	0	0
3	diamond-chain/1024/light	emission_exclusive	95067835	3983307	125080753
3	diamond-chain/1024/light	serialization	33501918	282946	5857869
3	diamond-chain/1024/light	combined	154216844	4321157	135121631
3	diamond-chain/1024/heavy	ir	24219009	154232	14714882
3	diamond-chain/1024/heavy	cfg	20492095	0	0
3	diamond-chain/1024/heavy	emission_exclusive	256026388	8095428	239697466
3	diamond-chain/1024/heavy	serialization	109162911	282948	19081271
3	diamond-chain/1024/heavy	combined	409900603	8532608	273493619
3	fan-in/64/base	ir	138893	3035	243042
3	fan-in/64/base	cfg	76826	0	0
3	fan-in/64/base	emission_exclusive	29217870	374084	8862989
3	fan-in/64/base	serialization	6185918	23502	433675
3	fan-in/64/base	combined	35619717	400621	9539706
3	fan-in/256/base	ir	686439	12144	978787
3	fan-in/256/base	cfg	571502	0	0
3	fan-in/256/base	emission_exclusive	93440152	2690323	73940842
3	fan-in/256/base	serialization	18587612	169875	2040148
3	fan-in/256/base	combined	113285915	2872342	76959777
3	fan-in/1024/base	ir	6494362	48575	3929268
3	fan-in/1024/base	cfg	10770945	0	0
3	fan-in/1024/base	emission_exclusive	724266880	19571016	628456763
3	fan-in/1024/base	serialization	56408923	520489	7222939
3	fan-in/1024/base	combined	797941351	20140080	639608970
3	nested-loop/64/base	ir	123012	3028	240359
3	nested-loop/64/base	cfg	184629	0	0
3	nested-loop/64/base	emission_exclusive	4534513	158164	3203533
3	nested-loop/64/base	serialization	2089104	13198	348803
3	nested-loop/64/base	combined	6931408	174390	3792695
3	nested-loop/256/base	ir	633309	12105	966536
3	nested-loop/256/base	cfg	2294964	0	0
3	nested-loop/256/base	emission_exclusive	17139039	608659	17402870
3	nested-loop/256/base	serialization	8089320	48528	1356497
3	nested-loop/256/base	combined	28156772	669292	19725903
3	nested-loop/1024/base	ir	5666305	48407	3878737
3	nested-loop/1024/base	cfg	40787228	0	0
3	nested-loop/1024/base	emission_exclusive	67727125	2410535	149436100
3	nested-loop/1024/base	serialization	31883045	189842	5387591
3	nested-loop/1024/base	combined	146063873	2648784	158702428
3	multi-exit/64/base	ir	125828	3014	242868
3	multi-exit/64/base	cfg	84861	0	0
3	multi-exit/64/base	emission_exclusive	30035908	1057206	21442992
3	multi-exit/64/base	serialization	9007298	46594	569880
3	multi-exit/64/base	combined	39254035	1106814	22255740
3	multi-exit/256/base	ir	686159	12119	977717
3	multi-exit/256/base	cfg	610836	0	0
3	multi-exit/256/base	emission_exclusive	126298724	4323519	103684200
3	multi-exit/256/base	serialization	19635584	175763	2079434
3	multi-exit/256/base	combined	147231553	4511401	106741351
3	multi-exit/1024/base	ir	6446382	48549	3928190
3	multi-exit/1024/base	cfg	12276736	0	0
3	multi-exit/1024/base	emission_exclusive	837227999	25295763	735568095
3	multi-exit/1024/base	serialization	58583120	520489	7238547
3	multi-exit/1024/base	combined	914534477	25864801	746734832
3	no-exit/64/base	ir	127190	3036	240455
3	no-exit/64/base	cfg	52449	0	0
3	no-exit/64/base	emission_exclusive	4152750	145625	2621882
3	no-exit/64/base	serialization	2005926	12278	343391
3	no-exit/64/base	combined	6338446	160939	3205728
3	no-exit/256/base	ir	640583	12113	966632
3	no-exit/256/base	cfg	441736	0	0
3	no-exit/256/base	emission_exclusive	15858385	578412	11987138
3	no-exit/256/base	serialization	7755518	47608	1349547
3	no-exit/256/base	combined	24696393	638133	14303317
3	no-exit/1024/base	ir	5512123	48415	3878833
3	no-exit/1024/base	cfg	8551024	0	0
3	no-exit/1024/base	emission_exclusive	63658806	2309490	73811799
3	no-exit/1024/base	serialization	30776950	188922	5374495
3	no-exit/1024/base	combined	108499084	2546827	83065127
3	irreducible/64/base	ir	120799	3032	242131
3	irreducible/64/base	cfg	88076	0	0
3	irreducible/64/base	emission_exclusive	1083509585	16409799	363084941
3	irreducible/64/base	serialization	319747131	2739433	16602620
3	irreducible/64/base	combined	1403466011	19152264	379929692
3	irreducible/256/base	ir	679866	12113	974548
3	irreducible/256/base	cfg	1184462	0	0
3	irreducible/256/base	emission_exclusive	1955291083	26436815	661980200
3	irreducible/256/base	serialization	440406802	3945831	24608381
3	irreducible/256/base	combined	2397562525	30394759	687563129
3	irreducible/1024/base	ir	6275427	48419	3911709
3	irreducible/1024/base	cfg	19413905	0	0
3	irreducible/1024/base	emission_exclusive	3185236246	44110148	1232171031
3	irreducible/1024/base	serialization	575981002	5140545	34956339
3	irreducible/1024/base	combined	3786907221	49299112	1271039079
4	linear/64/base	ir	144834	3026	240174
4	linear/64/base	cfg	122792	0	0
4	linear/64/base	emission_exclusive	3786007	140898	2638299
4	linear/64/base	serialization	1820446	12094	341915
4	linear/64/base	combined	5874299	156018	3220388
4	linear/64/light	ir	135155	3433	258352
4	linear/64/light	cfg	97114	0	0
4	linear/64/light	emission_exclusive	3975664	156825	2850866
4	linear/64/light	serialization	1802602	12094	341531
4	linear/64/light	combined	6010676	172352	3450749
4	linear/64/heavy	ir	475620	9640	916241
4	linear/64/heavy	cfg	91693	0	0
4	linear/64/heavy	emission_exclusive	11498093	327508	8490035
4	linear/64/heavy	serialization	6569984	12096	1167973
4	linear/64/heavy	combined	18635531	349244	10574249
4	linear/256/base	ir	634611	12103	966351
4	linear/256/base	cfg	1350396	0	0
4	linear/256/base	emission_exclusive	14614942	558295	13665132
4	linear/256/base	serialization	7371772	47424	1346537
4	linear/256/base	combined	23971872	617822	15978020
4	linear/256/light	ir	707228	13724	1036945
4	linear/256/light	cfg	1020993	0	0
4	linear/256/light	emission_exclusive	15849147	622853	14535262
4	linear/256/light	serialization	7353758	47424	1345097
4	linear/256/light	combined	24931286	684001	16917304
4	linear/256/heavy	ir	2700611	38556	3669938
4	linear/256/heavy	cfg	1245748	0	0
4	linear/256/heavy	emission_exclusive	45353812	1301966	37053122
4	linear/256/heavy	serialization	25757190	47426	4650931
4	linear/256/heavy	combined	75057481	1387948	45373991
4	linear/1024/base	ir	5606051	48405	3878552
4	linear/1024/base	cfg	23233415	0	0
4	linear/1024/base	emission_exclusive	57587394	2227809	106466310
4	linear/1024/base	serialization	28568181	188738	5365343
4	linear/1024/base	combined	114995291	2464952	115710205
4	linear/1024/light	ir	6863861	54890	4161114
4	linear/1024/light	cfg	22018955	0	0
4	linear/1024/light	emission_exclusive	63986928	2486886	109967920
4	linear/1024/light	serialization	29795595	188738	5359679
4	linear/1024/light	combined	122665539	2730514	119488713
4	linear/1024/heavy	ir	26600256	154218	14692987
4	linear/1024/heavy	cfg	21865815	0	0
4	linear/1024/heavy	emission_exclusive	189256405	5199855	200017585
4	linear/1024/heavy	serialization	108646855	188740	18583081
4	linear/1024/heavy	combined	346369572	5542813	233293653
4	diamond-chain/64/base	ir	124355	3032	241429
4	diamond-chain/64/base	cfg	106572	0	0
4	diamond-chain/64/base	emission_exclusive	5694057	231315	3991572
4	diamond-chain/64/base	serialization	2182762	17982	373065
4	diamond-chain/64/base	combined	8107886	252329	4606066
4	diamond-chain/64/light	ir	138262	3439	259607
4	diamond-chain/64/light	cfg	105029	0	0
4	diamond-chain/64/light	emission_exclusive	6005115	250653	4261308
4	diamond-chain/64/light	serialization	2154949	17982	372681
4	diamond-chain/64/light	combined	8403475	272074	4893596
4	diamond-chain/64/heavy	ir	387945	9646	917496
4	diamond-chain/64/heavy	cfg	105861	0	0
4	diamond-chain/64/heavy	emission_exclusive	15978221	508168	11427125
4	diamond-chain/64/heavy	serialization	7069891	17984	1199123
4	diamond-chain/64/heavy	combined	23542048	535798	13543744
4	diamond-chain/256/base	ir	663626	12113	971734
4	diamond-chain/256/base	cfg	1236730	0	0
4	diamond-chain/256/base	emission_exclusive	22445433	918258	18682496
4	diamond-chain/256/base	serialization	8576542	70976	1471095
4	diamond-chain/256/base	combined	32922471	1001347	21125325
4	diamond-chain/256/light	ir	736544	13734	1042328
4	diamond-chain/256/light	cfg	1222864	0	0
4	diamond-chain/256/light	emission_exclusive	23696511	996897	19787059
4	diamond-chain/256/light	serialization	8448490	70976	1469655
4	diamond-chain/256/light	combined	34104539	1081607	22299042
4	diamond-chain/256/heavy	ir	2341592	38566	3675321
4	diamond-chain/256/heavy	cfg	1224537	0	0
4	diamond-chain/256/heavy	emission_exclusive	63128154	2025306	48439647
4	diamond-chain/256/heavy	serialization	27884306	70978	4775489
4	diamond-chain/256/heavy	combined	94578729	2134850	56890457
4	diamond-chain/1024/base	ir	5689809	48419	3900447
4	diamond-chain/1024/base	cfg	21599380	0	0
4	diamond-chain/1024/base	emission_exclusive	88723357	3667460	120635206
4	diamond-chain/1024/base	serialization	33973842	282946	5863533
4	diamond-chain/1024/base	combined	149986538	3998825	130399186
4	diamond-chain/1024/light	ir	7091712	54904	4183009
4	diamond-chain/1024/light	cfg	18367694	0	0
4	diamond-chain/1024/light	emission_exclusive	94401685	3983307	125080753
4	diamond-chain/1024/light	serialization	33504423	282946	5857869
4	diamond-chain/1024/light	combined	153365665	4321157	135121631
4	diamond-chain/1024/heavy	ir	24279955	154232	14714882
4	diamond-chain/1024/heavy	cfg	20469091	0	0
4	diamond-chain/1024/heavy	emission_exclusive	253630135	8095428	239697466
4	diamond-chain/1024/heavy	serialization	107213713	282948	19081271
4	diamond-chain/1024/heavy	combined	405593044	8532608	273493619
4	fan-in/64/base	ir	125507	3035	243042
4	fan-in/64/base	cfg	74390	0	0
4	fan-in/64/base	emission_exclusive	27268482	374084	8862989
4	fan-in/64/base	serialization	6214422	23502	433675
4	fan-in/64/base	combined	33682921	400621	9539706
4	fan-in/256/base	ir	671171	12144	978787
4	fan-in/256/base	cfg	546525	0	0
4	fan-in/256/base	emission_exclusive	92999448	2690323	73940842
4	fan-in/256/base	serialization	18333580	169875	2040148
4	fan-in/256/base	combined	112550885	2872342	76959777
4	fan-in/1024/base	ir	6727263	48575	3929268
4	fan-in/1024/base	cfg	11237920	0	0
4	fan-in/1024/base	emission_exclusive	728782322	19571016	628456763
4	fan-in/1024/base	serialization	56261506	520489	7222939
4	fan-in/1024/base	combined	803009262	20140080	639608970
4	nested-loop/64/base	ir	126589	3028	240359
4	nested-loop/64/base	cfg	187385	0	0
4	nested-loop/64/base	emission_exclusive	4558648	158164	3203533
4	nested-loop/64/base	serialization	2094675	13198	348803
4	nested-loop/64/base	combined	6967437	174390	3792695
4	nested-loop/256/base	ir	635203	12105	966536
4	nested-loop/256/base	cfg	2298471	0	0
4	nested-loop/256/base	emission_exclusive	17111896	608659	17402870
4	nested-loop/256/base	serialization	8028286	48528	1356497
4	nested-loop/256/base	combined	28073976	669292	19725903
4	nested-loop/1024/base	ir	5658449	48407	3878737
4	nested-loop/1024/base	cfg	40952971	0	0
4	nested-loop/1024/base	emission_exclusive	67054163	2410535	149436100
4	nested-loop/1024/base	serialization	31909504	189842	5387591
4	nested-loop/1024/base	combined	145575249	2648784	158702428
4	multi-exit/64/base	ir	131108	3014	242868
4	multi-exit/64/base	cfg	86884	0	0
4	multi-exit/64/base	emission_exclusive	29910502	1057206	21442992
4	multi-exit/64/base	serialization	9027096	46594	569880
4	multi-exit/64/base	combined	39155730	1106814	22255740
4	multi-exit/256/base	ir	683754	12119	977717
4	multi-exit/256/base	cfg	623570	0	0
4	multi-exit/256/base	emission_exclusive	125378274	4323519	103684200
4	multi-exit/256/base	serialization	20471796	175763	2079434
4	multi-exit/256/base	combined	147157564	4511401	106741351
4	multi-exit/1024/base	ir	6205495	48549	3928190
4	multi-exit/1024/base	cfg	12324908	0	0
4	multi-exit/1024/base	emission_exclusive	824973443	25295763	735568095
4	multi-exit/1024/base	serialization	57862987	520489	7238547
4	multi-exit/1024/base	combined	901367204	25864801	746734832
4	no-exit/64/base	ir	125338	3036	240455
4	no-exit/64/base	cfg	51638	0	0
4	no-exit/64/base	emission_exclusive	4048091	145625	2621882
4	no-exit/64/base	serialization	1957064	12278	343391
4	no-exit/64/base	combined	6182251	160939	3205728
4	no-exit/256/base	ir	635402	12113	966632
4	no-exit/256/base	cfg	454761	0	0
4	no-exit/256/base	emission_exclusive	15557275	578412	11987138
4	no-exit/256/base	serialization	7658064	47608	1349547
4	no-exit/256/base	combined	24305643	638133	14303317
4	no-exit/1024/base	ir	5505881	48415	3878833
4	no-exit/1024/base	cfg	8713312	0	0
4	no-exit/1024/base	emission_exclusive	61403518	2309490	73811799
4	no-exit/1024/base	serialization	30342248	188922	5374495
4	no-exit/1024/base	combined	105965119	2546827	83065127
4	irreducible/64/base	ir	119076	3032	242131
4	irreducible/64/base	cfg	88287	0	0
4	irreducible/64/base	emission_exclusive	1041595664	16409799	363084941
4	irreducible/64/base	serialization	305946855	2739433	16602620
4	irreducible/64/base	combined	1347750122	19152264	379929692
4	irreducible/256/base	ir	689855	12113	974548
4	irreducible/256/base	cfg	1210421	0	0
4	irreducible/256/base	emission_exclusive	1984354732	26436815	661980200
4	irreducible/256/base	serialization	449123515	3945831	24608381
4	irreducible/256/base	combined	2435378863	30394759	687563129
4	irreducible/1024/base	ir	5951875	48419	3911709
4	irreducible/1024/base	cfg	19893122	0	0
4	irreducible/1024/base	emission_exclusive	3174238393	44110148	1232171031
4	irreducible/1024/base	serialization	578574898	5140545	34956339
4	irreducible/1024/base	combined	3778658758	49299112	1271039079
5	linear/64/base	ir	152619	3026	240174
5	linear/64/base	cfg	116110	0	0
5	linear/64/base	emission_exclusive	3807195	140898	2638299
5	linear/64/base	serialization	1807331	12094	341915
5	linear/64/base	combined	5883636	156018	3220388
5	linear/64/light	ir	134675	3433	258352
5	linear/64/light	cfg	104347	0	0
5	linear/64/light	emission_exclusive	4040769	156825	2850866
5	linear/64/light	serialization	1801169	12094	341531
5	linear/64/light	combined	6081100	172352	3450749
5	linear/64/heavy	ir	482293	9640	916241
5	linear/64/heavy	cfg	92836	0	0
5	linear/64/heavy	emission_exclusive	11822807	327508	8490035
5	linear/64/heavy	serialization	6921550	12096	1167973
5	linear/64/heavy	combined	19319626	349244	10574249
5	linear/256/base	ir	629281	12103	966351
5	linear/256/base	cfg	1384361	0	0
5	linear/256/base	emission_exclusive	14699050	558295	13665132
5	linear/256/base	serialization	7385778	47424	1346537
5	linear/256/base	combined	24098621	617822	15978020
5	linear/256/light	ir	709854	13724	1036945
5	linear/256/light	cfg	1040710	0	0
5	linear/256/light	emission_exclusive	15800204	622853	14535262
5	linear/256/light	serialization	7334081	47424	1345097
5	linear/256/light	combined	24884990	684001	16917304
5	linear/256/heavy	ir	2721071	38556	3669938
5	linear/256/heavy	cfg	1240598	0	0
5	linear/256/heavy	emission_exclusive	46831387	1301966	37053122
5	linear/256/heavy	serialization	27188711	47426	4650931
5	linear/256/heavy	combined	77981947	1387948	45373991
5	linear/1024/base	ir	5737279	48405	3878552
5	linear/1024/base	cfg	23115942	0	0
5	linear/1024/base	emission_exclusive	58961736	2227809	106466310
5	linear/1024/base	serialization	29874062	188738	5365343
5	linear/1024/base	combined	117689220	2464952	115710205
5	linear/1024/light	ir	6979260	54890	4161114
5	linear/1024/light	cfg	22110549	0	0
5	linear/1024/light	emission_exclusive	63544841	2486886	109967920
5	linear/1024/light	serialization	29643466	188738	5359679
5	linear/1024/light	combined	122278266	2730514	119488713
5	linear/1024/heavy	ir	26555231	154218	14692987
5	linear/1024/heavy	cfg	22114626	0	0
5	linear/1024/heavy	emission_exclusive	189749649	5199855	200017585
5	linear/1024/heavy	serialization	103623378	188740	18583081
5	linear/1024/heavy	combined	342043054	5542813	233293653
5	diamond-chain/64/base	ir	139554	3032	241429
5	diamond-chain/64/base	cfg	114336	0	0
5	diamond-chain/64/base	emission_exclusive	5677556	231315	3991572
5	diamond-chain/64/base	serialization	2109693	17982	373065
5	diamond-chain/64/base	combined	8041269	252329	4606066
5	diamond-chain/64/light	ir	139895	3439	259607
5	diamond-chain/64/light	cfg	109127	0	0
5	diamond-chain/64/light	emission_exclusive	6031405	250653	4261308
5	diamond-chain/64/light	serialization	2089094	17982	372681
5	diamond-chain/64/light	combined	8369631	272074	4893596
5	diamond-chain/64/heavy	ir	399987	9646	917496
5	diamond-chain/64/heavy	cfg	107594	0	0
5	diamond-chain/64/heavy	emission_exclusive	15729872	508168	11427125
5	diamond-chain/64/heavy	serialization	6717063	17984	1199123
5	diamond-chain/64/heavy	combined	22954626	535798	13543744
5	diamond-chain/256/base	ir	633299	12113	971734
5	diamond-chain/256/base	cfg	1261337	0	0
5	diamond-chain/256/base	emission_exclusive	22149082	918258	18682496
5	diamond-chain/256/base	serialization	8230127	70976	1471095
5	diamond-chain/256/base	combined	32273985	1001347	21125325
5	diamond-chain/256/light	ir	763345	13734	1042328
5	diamond-chain/256/light	cfg	1208978	0	0
5	diamond-chain/256/light	emission_exclusive	23617361	996897	19787059
5	diamond-chain/256/light	serialization	8458769	70976	1469655
5	diamond-chain/256/light	combined	34048583	1081607	22299042
5	diamond-chain/256/heavy	ir	2377660	38566	3675321
5	diamond-chain/256/heavy	cfg	1239627	0	0
5	diamond-chain/256/heavy	emission_exclusive	63521607	2025306	48439647
5	diamond-chain/256/heavy	serialization	27902912	70978	4775489
5	diamond-chain/256/heavy	combined	95041946	2134850	56890457
5	diamond-chain/1024/base	ir	5713655	48419	3900447
5	diamond-chain/1024/base	cfg	21748373	0	0
5	diamond-chain/1024/base	emission_exclusive	89569538	3667460	120635206
5	diamond-chain/1024/base	serialization	34055657	282946	5863533
5	diamond-chain/1024/base	combined	151087363	3998825	130399186
5	diamond-chain/1024/light	ir	7117762	54904	4183009
5	diamond-chain/1024/light	cfg	18745070	0	0
5	diamond-chain/1024/light	emission_exclusive	95073424	3983307	125080753
5	diamond-chain/1024/light	serialization	33446534	282946	5857869
5	diamond-chain/1024/light	combined	154382930	4321157	135121631
5	diamond-chain/1024/heavy	ir	24048246	154232	14714882
5	diamond-chain/1024/heavy	cfg	20431250	0	0
5	diamond-chain/1024/heavy	emission_exclusive	253006364	8095428	239697466
5	diamond-chain/1024/heavy	serialization	111017853	282948	19081271
5	diamond-chain/1024/heavy	combined	408503875	8532608	273493619
5	fan-in/64/base	ir	134574	3035	243042
5	fan-in/64/base	cfg	74952	0	0
5	fan-in/64/base	emission_exclusive	29483544	374084	8862989
5	fan-in/64/base	serialization	6198882	23502	433675
5	fan-in/64/base	combined	35892123	400621	9539706
5	fan-in/256/base	ir	675278	12144	978787
5	fan-in/256/base	cfg	599094	0	0
5	fan-in/256/base	emission_exclusive	94403918	2690323	73940842
5	fan-in/256/base	serialization	18343980	169875	2040148
5	fan-in/256/base	combined	114022430	2872342	76959777
5	fan-in/1024/base	ir	6331704	48575	3929268
5	fan-in/1024/base	cfg	10750347	0	0
5	fan-in/1024/base	emission_exclusive	727310349	19571016	628456763
5	fan-in/1024/base	serialization	56212093	520489	7222939
5	fan-in/1024/base	combined	800604733	20140080	639608970
5	nested-loop/64/base	ir	122993	3028	240359
5	nested-loop/64/base	cfg	182996	0	0
5	nested-loop/64/base	emission_exclusive	4536497	158164	3203533
5	nested-loop/64/base	serialization	2088342	13198	348803
5	nested-loop/64/base	combined	6930958	174390	3792695
5	nested-loop/256/base	ir	634410	12105	966536
5	nested-loop/256/base	cfg	2284624	0	0
5	nested-loop/256/base	emission_exclusive	17013221	608659	17402870
5	nested-loop/256/base	serialization	8059774	48528	1356497
5	nested-loop/256/base	combined	27992160	669292	19725903
5	nested-loop/1024/base	ir	5629956	48407	3878737
5	nested-loop/1024/base	cfg	40054861	0	0
5	nested-loop/1024/base	emission_exclusive	67625425	2410535	149436100
5	nested-loop/1024/base	serialization	31905247	189842	5387591
5	nested-loop/1024/base	combined	145215649	2648784	158702428
5	multi-exit/64/base	ir	124215	3014	242868
5	multi-exit/64/base	cfg	82436	0	0
5	multi-exit/64/base	emission_exclusive	29838866	1057206	21442992
5	multi-exit/64/base	serialization	8934039	46594	569880
5	multi-exit/64/base	combined	38979707	1106814	22255740
5	multi-exit/256/base	ir	670068	12119	977717
5	multi-exit/256/base	cfg	574397	0	0
5	multi-exit/256/base	emission_exclusive	125600996	4323519	103684200
5	multi-exit/256/base	serialization	19577944	175763	2079434
5	multi-exit/256/base	combined	146423566	4511401	106741351
5	multi-exit/1024/base	ir	6614710	48549	3928190
5	multi-exit/1024/base	cfg	12932598	0	0
5	multi-exit/1024/base	emission_exclusive	834618922	25295763	735568095
5	multi-exit/1024/base	serialization	58070168	520489	7238547
5	multi-exit/1024/base	combined	912236649	25864801	746734832
5	no-exit/64/base	ir	117873	3036	240455
5	no-exit/64/base	cfg	49814	0	0
5	no-exit/64/base	emission_exclusive	4108327	145625	2621882
5	no-exit/64/base	serialization	1972914	12278	343391
5	no-exit/64/base	combined	6249048	160939	3205728
5	no-exit/256/base	ir	624131	12113	966632
5	no-exit/256/base	cfg	424473	0	0
5	no-exit/256/base	emission_exclusive	15795857	578412	11987138
5	no-exit/256/base	serialization	7724520	47608	1349547
5	no-exit/256/base	combined	24569121	638133	14303317
5	no-exit/1024/base	ir	5791110	48415	3878833
5	no-exit/1024/base	cfg	8520978	0	0
5	no-exit/1024/base	emission_exclusive	63272135	2309490	73811799
5	no-exit/1024/base	serialization	30789575	188922	5374495
5	no-exit/1024/base	combined	108373919	2546827	83065127
5	irreducible/64/base	ir	126289	3032	242131
5	irreducible/64/base	cfg	92535	0	0
5	irreducible/64/base	emission_exclusive	1128347853	16409799	363084941
5	irreducible/64/base	serialization	312680611	2739433	16602620
5	irreducible/64/base	combined	1441247538	19152264	379929692
5	irreducible/256/base	ir	673825	12113	974548
5	irreducible/256/base	cfg	1208136	0	0
5	irreducible/256/base	emission_exclusive	2009033538	26436815	661980200
5	irreducible/256/base	serialization	447282622	3945831	24608381
5	irreducible/256/base	combined	2458198381	30394759	687563129
5	irreducible/1024/base	ir	6187131	48419	3911709
5	irreducible/1024/base	cfg	18241775	0	0
5	irreducible/1024/base	emission_exclusive	3161880874	44110148	1232171031
5	irreducible/1024/base	serialization	576058266	5140545	34956339
5	irreducible/1024/base	combined	3762368467	49299112	1271039079
6	linear/64/base	ir	147459	3026	240174
6	linear/64/base	cfg	117472	0	0
6	linear/64/base	emission_exclusive	3893961	140898	2638299
6	linear/64/base	serialization	1912860	12094	341915
6	linear/64/base	combined	6072152	156018	3220388
6	linear/64/light	ir	135898	3433	258352
6	linear/64/light	cfg	97554	0	0
6	linear/64/light	emission_exclusive	4053312	156825	2850866
6	linear/64/light	serialization	1898293	12094	341531
6	linear/64/light	combined	6185167	172352	3450749
6	linear/64/heavy	ir	476793	9640	916241
6	linear/64/heavy	cfg	91884	0	0
6	linear/64/heavy	emission_exclusive	11673385	327508	8490035
6	linear/64/heavy	serialization	6935947	12096	1167973
6	linear/64/heavy	combined	19178189	349244	10574249
6	linear/256/base	ir	633148	12103	966351
6	linear/256/base	cfg	1419687	0	0
6	linear/256/base	emission_exclusive	14567132	558295	13665132
6	linear/256/base	serialization	7441935	47424	1346537
6	linear/256/base	combined	24062082	617822	15978020
6	linear/256/light	ir	703621	13724	1036945
6	linear/256/light	cfg	1296784	0	0
6	linear/256/light	emission_exclusive	15695718	622853	14535262
6	linear/256/light	serialization	7333000	47424	1345097
6	linear/256/light	combined	25029293	684001	16917304
6	linear/256/heavy	ir	2716421	38556	3669938
6	linear/256/heavy	cfg	1250567	0	0
6	linear/256/heavy	emission_exclusive	46305212	1301966	37053122
6	linear/256/heavy	serialization	27156720	47426	4650931
6	linear/256/heavy	combined	77429100	1387948	45373991
6	linear/1024/base	ir	5845283	48405	3878552
6	linear/1024/base	cfg	23164464	0	0
6	linear/1024/base	emission_exclusive	57728874	2227809	106466310
6	linear/1024/base	serialization	29629240	188738	5365343
6	linear/1024/base	combined	116368301	2464952	115710205
6	linear/1024/light	ir	7004398	54890	4161114
6	linear/1024/light	cfg	22178037	0	0
6	linear/1024/light	emission_exclusive	62118391	2486886	109967920
6	linear/1024/light	serialization	29182223	188738	5359679
6	linear/1024/light	combined	120483350	2730514	119488713
6	linear/1024/heavy	ir	26186112	154218	14692987
6	linear/1024/heavy	cfg	21877588	0	0
6	linear/1024/heavy	emission_exclusive	184545361	5199855	200017585
6	linear/1024/heavy	serialization	108475693	188740	18583081
6	linear/1024/heavy	combined	341085074	5542813	233293653
6	diamond-chain/64/base	ir	140255	3032	241429
6	diamond-chain/64/base	cfg	114136	0	0
6	diamond-chain/64/base	emission_exclusive	5629204	231315	3991572
6	diamond-chain/64/base	serialization	2147785	17982	373065
6	diamond-chain/64/base	combined	8031521	252329	4606066
6	diamond-chain/64/light	ir	137480	3439	259607
6	diamond-chain/64/light	cfg	106952	0	0
6	diamond-chain/64/light	emission_exclusive	6042849	250653	4261308
6	diamond-chain/64/light	serialization	2130472	17982	372681
6	diamond-chain/64/light	combined	8417913	272074	4893596
6	diamond-chain/64/heavy	ir	394216	9646	917496
6	diamond-chain/64/heavy	cfg	109197	0	0
6	diamond-chain/64/heavy	emission_exclusive	15360171	508168	11427125
6	diamond-chain/64/heavy	serialization	7027962	17984	1199123
6	diamond-chain/64/heavy	combined	22891697	535798	13543744
6	diamond-chain/256/base	ir	643097	12113	971734
6	diamond-chain/256/base	cfg	1238965	0	0
6	diamond-chain/256/base	emission_exclusive	21520101	918258	18682496
6	diamond-chain/256/base	serialization	8476013	70976	1471095
6	diamond-chain/256/base	combined	31878306	1001347	21125325
6	diamond-chain/256/light	ir	725233	13734	1042328
6	diamond-chain/256/light	cfg	1214929	0	0
6	diamond-chain/256/light	emission_exclusive	23068042	996897	19787059
6	diamond-chain/256/light	serialization	8317933	70976	1469655
6	diamond-chain/256/light	combined	33326267	1081607	22299042
6	diamond-chain/256/heavy	ir	2368753	38566	3675321
6	diamond-chain/256/heavy	cfg	1223786	0	0
6	diamond-chain/256/heavy	emission_exclusive	62910201	2025306	48439647
6	diamond-chain/256/heavy	serialization	27994375	70978	4775489
6	diamond-chain/256/heavy	combined	94497326	2134850	56890457
6	diamond-chain/1024/base	ir	5695359	48419	3900447
6	diamond-chain/1024/base	cfg	21496897	0	0
6	diamond-chain/1024/base	emission_exclusive	88256805	3667460	120635206
6	diamond-chain/1024/base	serialization	33934748	282946	5863533
6	diamond-chain/1024/base	combined	149384070	3998825	130399186
6	diamond-chain/1024/light	ir	6715201	54904	4183009
6	diamond-chain/1024/light	cfg	18687921	0	0
6	diamond-chain/1024/light	emission_exclusive	93758206	3983307	125080753
6	diamond-chain/1024/light	serialization	33595025	282946	5857869
6	diamond-chain/1024/light	combined	152756534	4321157	135121631
6	diamond-chain/1024/heavy	ir	24268483	154232	14714882
6	diamond-chain/1024/heavy	cfg	20342222	0	0
6	diamond-chain/1024/heavy	emission_exclusive	250395797	8095428	239697466
6	diamond-chain/1024/heavy	serialization	107032732	282948	19081271
6	diamond-chain/1024/heavy	combined	402039424	8532608	273493619
6	fan-in/64/base	ir	138322	3035	243042
6	fan-in/64/base	cfg	72918	0	0
6	fan-in/64/base	emission_exclusive	27138125	374084	8862989
6	fan-in/64/base	serialization	5934863	23502	433675
6	fan-in/64/base	combined	33284368	400621	9539706
6	fan-in/256/base	ir	672352	12144	978787
6	fan-in/256/base	cfg	557365	0	0
6	fan-in/256/base	emission_exclusive	93655413	2690323	73940842
6	fan-in/256/base	serialization	18425404	169875	2040148
6	fan-in/256/base	combined	113310704	2872342	76959777
6	fan-in/1024/base	ir	6395064	48575	3929268
6	fan-in/1024/base	cfg	11494937	0	0
6	fan-in/1024/base	emission_exclusive	729975690	19571016	628456763
6	fan-in/1024/base	serialization	56590419	520489	7222939
6	fan-in/1024/base	combined	804456501	20140080	639608970
6	nested-loop/64/base	ir	122963	3028	240359
6	nested-loop/64/base	cfg	186493	0	0
6	nested-loop/64/base	emission_exclusive	4547267	158164	3203533
6	nested-loop/64/base	serialization	2103521	13198	348803
6	nested-loop/64/base	combined	6960384	174390	3792695
6	nested-loop/256/base	ir	636475	12105	966536
6	nested-loop/256/base	cfg	2305834	0	0
6	nested-loop/256/base	emission_exclusive	17340270	608659	17402870
6	nested-loop/256/base	serialization	8084462	48528	1356497
6	nested-loop/256/base	combined	28367181	669292	19725903
6	nested-loop/1024/base	ir	5528695	48407	3878737
6	nested-loop/1024/base	cfg	40622997	0	0
6	nested-loop/1024/base	emission_exclusive	68150680	2410535	149436100
6	nested-loop/1024/base	serialization	31899456	189842	5387591
6	nested-loop/1024/base	combined	146201998	2648784	158702428
6	multi-exit/64/base	ir	129906	3014	242868
6	multi-exit/64/base	cfg	91844	0	0
6	multi-exit/64/base	emission_exclusive	30053162	1057206	21442992
6	multi-exit/64/base	serialization	8978704	46594	569880
6	multi-exit/64/base	combined	39253776	1106814	22255740
6	multi-exit/256/base	ir	670389	12119	977717
6	multi-exit/256/base	cfg	581020	0	0
6	multi-exit/256/base	emission_exclusive	125239612	4323519	103684200
6	multi-exit/256/base	serialization	19587343	175763	2079434
6	multi-exit/256/base	combined	146078534	4511401	106741351
6	multi-exit/1024/base	ir	6291599	48549	3928190
6	multi-exit/1024/base	cfg	12863787	0	0
6	multi-exit/1024/base	emission_exclusive	838017583	25295763	735568095
6	multi-exit/1024/base	serialization	58398671	520489	7238547
6	multi-exit/1024/base	combined	915572231	25864801	746734832
6	no-exit/64/base	ir	125407	3036	240455
6	no-exit/64/base	cfg	53602	0	0
6	no-exit/64/base	emission_exclusive	4195060	145625	2621882
6	no-exit/64/base	serialization	1983464	12278	343391
6	no-exit/64/base	combined	6357673	160939	3205728
6	no-exit/256/base	ir	632177	12113	966632
6	no-exit/256/base	cfg	450874	0	0
6	no-exit/256/base	emission_exclusive	16136821	578412	11987138
6	no-exit/256/base	serialization	7749237	47608	1349547
6	no-exit/256/base	combined	24969239	638133	14303317
6	no-exit/1024/base	ir	5695651	48415	3878833
6	no-exit/1024/base	cfg	8915915	0	0
6	no-exit/1024/base	emission_exclusive	63411048	2309490	73811799
6	no-exit/1024/base	serialization	30490841	188922	5374495
6	no-exit/1024/base	combined	108513625	2546827	83065127
6	irreducible/64/base	ir	118915	3032	242131
6	irreducible/64/base	cfg	87636	0	0
6	irreducible/64/base	emission_exclusive	1064858136	16409799	363084941
6	irreducible/64/base	serialization	311470984	2739433	16602620
6	irreducible/64/base	combined	1376536141	19152264	379929692
6	irreducible/256/base	ir	683203	12113	974548
6	irreducible/256/base	cfg	1200752	0	0
6	irreducible/256/base	emission_exclusive	2032329809	26436815	661980200
6	irreducible/256/base	serialization	449805962	3945831	24608381
6	irreducible/256/base	combined	2484020168	30394759	687563129
6	irreducible/1024/base	ir	6112048	48419	3911709
6	irreducible/1024/base	cfg	18534059	0	0
6	irreducible/1024/base	emission_exclusive	3186866183	44110148	1232171031
6	irreducible/1024/base	serialization	578755557	5140545	34956339
6	irreducible/1024/base	combined	3790268277	49299112	1271039079
7	linear/64/base	ir	151466	3026	240174
7	linear/64/base	cfg	115298	0	0
7	linear/64/base	emission_exclusive	3814660	140898	2638299
7	linear/64/base	serialization	1807501	12094	341915
7	linear/64/base	combined	5889266	156018	3220388
7	linear/64/light	ir	134435	3433	258352
7	linear/64/light	cfg	97545	0	0
7	linear/64/light	emission_exclusive	4077166	156825	2850866
7	linear/64/light	serialization	1800327	12094	341531
7	linear/64/light	combined	6109614	172352	3450749
7	linear/64/heavy	ir	473637	9640	916241
7	linear/64/heavy	cfg	93236	0	0
7	linear/64/heavy	emission_exclusive	11551033	327508	8490035
7	linear/64/heavy	serialization	6546780	12096	1167973
7	linear/64/heavy	combined	18664858	349244	10574249
7	linear/256/base	ir	625274	12103	966351
7	linear/256/base	cfg	1375343	0	0
7	linear/256/base	emission_exclusive	14326386	558295	13665132
7	linear/256/base	serialization	7043371	47424	1346537
7	linear/256/base	combined	23370544	617822	15978020
7	linear/256/light	ir	707459	13724	1036945
7	linear/256/light	cfg	1020541	0	0
7	linear/256/light	emission_exclusive	15549461	622853	14535262
7	linear/256/light	serialization	6956687	47424	1345097
7	linear/256/light	combined	24234319	684001	16917304
7	linear/256/heavy	ir	2721360	38556	3669938
7	linear/256/heavy	cfg	1240488	0	0
7	linear/256/heavy	emission_exclusive	46076499	1301966	37053122
7	linear/256/heavy	serialization	27168422	47426	4650931
7	linear/256/heavy	combined	77206940	1387948	45373991
7	linear/1024/base	ir	5608115	48405	3878552
7	linear/1024/base	cfg	23189501	0	0
7	linear/1024/base	emission_exclusive	57538333	2227809	106466310
7	linear/1024/base	serialization	29585677	188738	5365343
7	linear/1024/base	combined	115921907	2464952	115710205
7	linear/1024/light	ir	7025367	54890	4161114
7	linear/1024/light	cfg	22278726	0	0
7	linear/1024/light	emission_exclusive	62120407	2486886	109967920
7	linear/1024/light	serialization	29147577	188738	5359679
7	linear/1024/light	combined	120572238	2730514	119488713
7	linear/1024/heavy	ir	26252758	154218	14692987
7	linear/1024/heavy	cfg	21625882	0	0
7	linear/1024/heavy	emission_exclusive	185246918	5199855	200017585
7	linear/1024/heavy	serialization	108692383	188740	18583081
7	linear/1024/heavy	combined	341818172	5542813	233293653
7	diamond-chain/64/base	ir	123493	3032	241429
7	diamond-chain/64/base	cfg	108124	0	0
7	diamond-chain/64/base	emission_exclusive	5634666	231315	3991572
7	diamond-chain/64/base	serialization	2202268	17982	373065
7	diamond-chain/64/base	combined	8068692	252329	4606066
7	diamond-chain/64/light	ir	140305	3439	259607
7	diamond-chain/64/light	cfg	104838	0	0
7	diamond-chain/64/light	emission_exclusive	5938079	250653	4261308
7	diamond-chain/64/light	serialization	2149568	17982	372681
7	diamond-chain/64/light	combined	8332921	272074	4893596
7	diamond-chain/64/heavy	ir	401981	9646	917496
7	diamond-chain/64/heavy	cfg	105449	0	0
7	diamond-chain/64/heavy	emission_exclusive	15763106	508168	11427125
7	diamond-chain/64/heavy	serialization	7040756	17984	1199123
7	diamond-chain/64/heavy	combined	23311422	535798	13543744
7	diamond-chain/256/base	ir	648658	12113	971734
7	diamond-chain/256/base	cfg	1251819	0	0
7	diamond-chain/256/base	emission_exclusive	22368958	918258	18682496
7	diamond-chain/256/base	serialization	8589367	70976	1471095
7	diamond-chain/256/base	combined	32858933	1001347	21125325
7	diamond-chain/256/light	ir	741163	13734	1042328
7	diamond-chain/256/light	cfg	1224057	0	0
7	diamond-chain/256/light	emission_exclusive	23578477	996897	19787059
7	diamond-chain/256/light	serialization	8485230	70976	1469655
7	diamond-chain/256/light	combined	34029087	1081607	22299042
7	diamond-chain/256/heavy	ir	2399311	38566	3675321
7	diamond-chain/256/heavy	cfg	1211663	0	0
7	diamond-chain/256/heavy	emission_exclusive	62892608	2025306	48439647
7	diamond-chain/256/heavy	serialization	27828582	70978	4775489
7	diamond-chain/256/heavy	combined	94332304	2134850	56890457
7	diamond-chain/1024/base	ir	5694207	48419	3900447
7	diamond-chain/1024/base	cfg	21413139	0	0
7	diamond-chain/1024/base	emission_exclusive	88713449	3667460	120635206
7	diamond-chain/1024/base	serialization	33960117	282946	5863533
7	diamond-chain/1024/base	combined	149781122	3998825	130399186
7	diamond-chain/1024/light	ir	7329953	54904	4183009
7	diamond-chain/1024/light	cfg	18288956	0	0
7	diamond-chain/1024/light	emission_exclusive	93937566	3983307	125080753
7	diamond-chain/1024/light	serialization	33650350	282946	5857869
7	diamond-chain/1024/light	combined	153206966	4321157	135121631
7	diamond-chain/1024/heavy	ir	24027187	154232	14714882
7	diamond-chain/1024/heavy	cfg	20448834	0	0
7	diamond-chain/1024/heavy	emission_exclusive	254904420	8095428	239697466
7	diamond-chain/1024/heavy	serialization	107622938	282948	19081271
7	diamond-chain/1024/heavy	combined	407003600	8532608	273493619
7	fan-in/64/base	ir	127652	3035	243042
7	fan-in/64/base	cfg	74672	0	0
7	fan-in/64/base	emission_exclusive	27035490	374084	8862989
7	fan-in/64/base	serialization	5865210	23502	433675
7	fan-in/64/base	combined	33103176	400621	9539706
7	fan-in/256/base	ir	673234	12144	978787
7	fan-in/256/base	cfg	557205	0	0
7	fan-in/256/base	emission_exclusive	92864005	2690323	73940842
7	fan-in/256/base	serialization	18350362	169875	2040148
7	fan-in/256/base	combined	112444996	2872342	76959777
7	fan-in/1024/base	ir	6400985	48575	3929268
7	fan-in/1024/base	cfg	10915800	0	0
7	fan-in/1024/base	emission_exclusive	725955223	19571016	628456763
7	fan-in/1024/base	serialization	56611368	520489	7222939
7	fan-in/1024/base	combined	799883617	20140080	639608970
7	nested-loop/64/base	ir	124425	3028	240359
7	nested-loop/64/base	cfg	184679	0	0
7	nested-loop/64/base	emission_exclusive	4594467	158164	3203533
7	nested-loop/64/base	serialization	2106978	13198	348803
7	nested-loop/64/base	combined	7010679	174390	3792695
7	nested-loop/256/base	ir	648247	12105	966536
7	nested-loop/256/base	cfg	2339198	0	0
7	nested-loop/256/base	emission_exclusive	17108992	608659	17402870
7	nested-loop/256/base	serialization	8019740	48528	1356497
7	nested-loop/256/base	combined	28116337	669292	19725903
7	nested-loop/1024/base	ir	5651767	48407	3878737
7	nested-loop/1024/base	cfg	40142078	0	0
7	nested-loop/1024/base	emission_exclusive	69230282	2410535	149436100
7	nested-loop/1024/base	serialization	31760905	189842	5387591
7	nested-loop/1024/base	combined	146785212	2648784	158702428
7	multi-exit/64/base	ir	123844	3014	242868
7	multi-exit/64/base	cfg	81054	0	0
7	multi-exit/64/base	emission_exclusive	30096934	1057206	21442992
7	multi-exit/64/base	serialization	9069195	46594	569880
7	multi-exit/64/base	combined	39371178	1106814	22255740
7	multi-exit/256/base	ir	681410	12119	977717
7	multi-exit/256/base	cfg	609303	0	0
7	multi-exit/256/base	emission_exclusive	126491251	4323519	103684200
7	multi-exit/256/base	serialization	19748899	175763	2079434
7	multi-exit/256/base	combined	147531014	4511401	106741351
7	multi-exit/1024/base	ir	6424329	48549	3928190
7	multi-exit/1024/base	cfg	12320079	0	0
7	multi-exit/1024/base	emission_exclusive	840060541	25295763	735568095
7	multi-exit/1024/base	serialization	58577100	520489	7238547
7	multi-exit/1024/base	combined	917382219	25864801	746734832
7	no-exit/64/base	ir	124856	3036	240455
7	no-exit/64/base	cfg	50155	0	0
7	no-exit/64/base	emission_exclusive	4170313	145625	2621882
7	no-exit/64/base	serialization	2000827	12278	343391
7	no-exit/64/base	combined	6346301	160939	3205728
7	no-exit/256/base	ir	646243	12113	966632
7	no-exit/256/base	cfg	463517	0	0
7	no-exit/256/base	emission_exclusive	16129258	578412	11987138
7	no-exit/256/base	serialization	7829528	47608	1349547
7	no-exit/256/base	combined	25068667	638133	14303317
7	no-exit/1024/base	ir	5724495	48415	3878833
7	no-exit/1024/base	cfg	8805607	0	0
7	no-exit/1024/base	emission_exclusive	63333742	2309490	73811799
7	no-exit/1024/base	serialization	30411810	188922	5374495
7	no-exit/1024/base	combined	108275814	2546827	83065127
7	irreducible/64/base	ir	130367	3032	242131
7	irreducible/64/base	cfg	93427	0	0
7	irreducible/64/base	emission_exclusive	1071504008	16409799	363084941
7	irreducible/64/base	serialization	312648833	2739433	16602620
7	irreducible/64/base	combined	1384377066	19152264	379929692
7	irreducible/256/base	ir	675459	12113	974548
7	irreducible/256/base	cfg	1189632	0	0
7	irreducible/256/base	emission_exclusive	2016229470	26436815	661980200
7	irreducible/256/base	serialization	451787774	3945831	24608381
7	irreducible/256/base	combined	2469882786	30394759	687563129
7	irreducible/1024/base	ir	5945804	48419	3911709
7	irreducible/1024/base	cfg	18589845	0	0
7	irreducible/1024/base	emission_exclusive	3208997159	44110148	1232171031
7	irreducible/1024/base	serialization	579054914	5140545	34956339
7	irreducible/1024/base	combined	3812588493	49299112	1271039079
8	linear/64/base	ir	156787	3026	240174
8	linear/64/base	cfg	116701	0	0
8	linear/64/base	emission_exclusive	3835510	140898	2638299
8	linear/64/base	serialization	1807271	12094	341915
8	linear/64/base	combined	5916499	156018	3220388
8	linear/64/light	ir	134565	3433	258352
8	linear/64/light	cfg	98407	0	0
8	linear/64/light	emission_exclusive	3988127	156825	2850866
8	linear/64/light	serialization	1806439	12094	341531
8	linear/64/light	combined	6027659	172352	3450749
8	linear/64/heavy	ir	474448	9640	916241
8	linear/64/heavy	cfg	99548	0	0
8	linear/64/heavy	emission_exclusive	11491972	327508	8490035
8	linear/64/heavy	serialization	6539417	12096	1167973
8	linear/64/heavy	combined	18605565	349244	10574249
8	linear/256/base	ir	623069	12103	966351
8	linear/256/base	cfg	1446668	0	0
8	linear/256/base	emission_exclusive	14441173	558295	13665132
8	linear/256/base	serialization	7398373	47424	1346537
8	linear/256/base	combined	23909434	617822	15978020
8	linear/256/light	ir	696738	13724	1036945
8	linear/256/light	cfg	1297466	0	0
8	linear/256/light	emission_exclusive	15525446	622853	14535262
8	linear/256/light	serialization	7302432	47424	1345097
8	linear/256/light	combined	24822222	684001	16917304
8	linear/256/heavy	ir	2742902	38556	3669938
8	linear/256/heavy	cfg	1258562	0	0
8	linear/256/heavy	emission_exclusive	45982842	1301966	37053122
8	linear/256/heavy	serialization	27106004	47426	4650931
8	linear/256/heavy	combined	77090480	1387948	45373991
8	linear/1024/base	ir	5450748	48405	3878552
8	linear/1024/base	cfg	23253141	0	0
8	linear/1024/base	emission_exclusive	57606844	2227809	106466310
8	linear/1024/base	serialization	29458156	188738	5365343
8	linear/1024/base	combined	115769149	2464952	115710205
8	linear/1024/light	ir	6483232	54890	4161114
8	linear/1024/light	cfg	21962749	0	0
8	linear/1024/light	emission_exclusive	62370971	2486886	109967920
8	linear/1024/light	serialization	29126878	188738	5359679
8	linear/1024/light	combined	119944010	2730514	119488713
8	linear/1024/heavy	ir	26744881	154218	14692987
8	linear/1024/heavy	cfg	21795152	0	0
8	linear/1024/heavy	emission_exclusive	185496462	5199855	200017585
8	linear/1024/heavy	serialization	105824537	188740	18583081
8	linear/1024/heavy	combined	339861503	5542813	233293653
8	diamond-chain/64/base	ir	153540	3032	241429
8	diamond-chain/64/base	cfg	117733	0	0
8	diamond-chain/64/base	emission_exclusive	5516741	231315	3991572
8	diamond-chain/64/base	serialization	2166530	17982	373065
8	diamond-chain/64/base	combined	7954785	252329	4606066
8	diamond-chain/64/light	ir	136929	3439	259607
8	diamond-chain/64/light	cfg	109417	0	0
8	diamond-chain/64/light	emission_exclusive	5843461	250653	4261308
8	diamond-chain/64/light	serialization	2082331	17982	372681
8	diamond-chain/64/light	combined	8172269	272074	4893596
8	diamond-chain/64/heavy	ir	399246	9646	917496
8	diamond-chain/64/heavy	cfg	105430	0	0
8	diamond-chain/64/heavy	emission_exclusive	15382454	508168	11427125
8	diamond-chain/64/heavy	serialization	6977176	17984	1199123
8	diamond-chain/64/heavy	combined	22864426	535798	13543744
8	diamond-chain/256/base	ir	627989	12113	971734
8	diamond-chain/256/base	cfg	1254465	0	0
8	diamond-chain/256/base	emission_exclusive	21492668	918258	18682496
8	diamond-chain/256/base	serialization	8412162	70976	1471095
8	diamond-chain/256/base	combined	31787404	1001347	21125325
8	diamond-chain/256/light	ir	718399	13734	1042328
8	diamond-chain/256/light	cfg	1201885	0	0
8	diamond-chain/256/light	emission_exclusive	23286816	996897	19787059
8	diamond-chain/256/light	serialization	8424595	70976	1469655
8	diamond-chain/256/light	combined	33631826	1081607	22299042
8	diamond-chain/256/heavy	ir	2280737	38566	3675321
8	diamond-chain/256/heavy	cfg	1240689	0	0
8	diamond-chain/256/heavy	emission_exclusive	62411167	2025306	48439647
8	diamond-chain/256/heavy	serialization	27668658	70978	4775489
8	diamond-chain/256/heavy	combined	93601381	2134850	56890457
8	diamond-chain/1024/base	ir	5552690	48419	3900447
8	diamond-chain/1024/base	cfg	21667701	0	0
8	diamond-chain/1024/base	emission_exclusive	88252527	3667460	120635206
8	diamond-chain/1024/base	serialization	33986878	282946	5863533
8	diamond-chain/1024/base	combined	149459946	3998825	130399186
8	diamond-chain/1024/light	ir	6916932	54904	4183009
8	diamond-chain/1024/light	cfg	18368056	0	0
8	diamond-chain/1024/light	emission_exclusive	93755412	3983307	125080753
8	diamond-chain/1024/light	serialization	33382573	282946	5857869
8	diamond-chain/1024/light	combined	152423114	4321157	135121631
8	diamond-chain/1024/heavy	ir	24452672	154232	14714882
8	diamond-chain/1024/heavy	cfg	20314509	0	0
8	diamond-chain/1024/heavy	emission_exclusive	253196711	8095428	239697466
8	diamond-chain/1024/heavy	serialization	113017050	282948	19081271
8	diamond-chain/1024/heavy	combined	410981122	8532608	273493619
8	fan-in/64/base	ir	129265	3035	243042
8	fan-in/64/base	cfg	74411	0	0
8	fan-in/64/base	emission_exclusive	29432617	374084	8862989
8	fan-in/64/base	serialization	6231634	23502	433675
8	fan-in/64/base	combined	35868058	400621	9539706
8	fan-in/256/base	ir	681860	12144	978787
8	fan-in/256/base	cfg	597561	0	0
8	fan-in/256/base	emission_exclusive	93708975	2690323	73940842
8	fan-in/256/base	serialization	18314605	169875	2040148
8	fan-in/256/base	combined	113303141	2872342	76959777
8	fan-in/1024/base	ir	6599320	48575	3929268
8	fan-in/1024/base	cfg	11114486	0	0
8	fan-in/1024/base	emission_exclusive	728595879	19571016	628456763
8	fan-in/1024/base	serialization	56340386	520489	7222939
8	fan-in/1024/base	combined	802650351	20140080	639608970
8	nested-loop/64/base	ir	124716	3028	240359
8	nested-loop/64/base	cfg	186964	0	0
8	nested-loop/64/base	emission_exclusive	4494677	158164	3203533
8	nested-loop/64/base	serialization	2086559	13198	348803
8	nested-loop/64/base	combined	6893067	174390	3792695
8	nested-loop/256/base	ir	630654	12105	966536
8	nested-loop/256/base	cfg	2281598	0	0
8	nested-loop/256/base	emission_exclusive	17170709	608659	17402870
8	nested-loop/256/base	serialization	8011633	48528	1356497
8	nested-loop/256/base	combined	28094745	669292	19725903
8	nested-loop/1024/base	ir	5400462	48407	3878737
8	nested-loop/1024/base	cfg	40184057	0	0
8	nested-loop/1024/base	emission_exclusive	68806872	2410535	149436100
8	nested-loop/1024/base	serialization	31795761	189842	5387591
8	nested-loop/1024/base	combined	146187332	2648784	158702428
8	multi-exit/64/base	ir	127962	3014	242868
8	multi-exit/64/base	cfg	84300	0	0
8	multi-exit/64/base	emission_exclusive	29894652	1057206	21442992
8	multi-exit/64/base	serialization	8970088	46594	569880
8	multi-exit/64/base	combined	39077142	1106814	22255740
8	multi-exit/256/base	ir	672272	12119	977717
8	multi-exit/256/base	cfg	570920	0	0
8	multi-exit/256/base	emission_exclusive	125609033	4323519	103684200
8	multi-exit/256/base	serialization	19599938	175763	2079434
8	multi-exit/256/base	combined	146452303	4511401	106741351
8	multi-exit/1024/base	ir	6231174	48549	3928190
8	multi-exit/1024/base	cfg	12772685	0	0
8	multi-exit/1024/base	emission_exclusive	842939608	25295763	735568095
8	multi-exit/1024/base	serialization	58195427	520489	7238547
8	multi-exit/1024/base	combined	920139145	25864801	746734832
8	no-exit/64/base	ir	120307	3036	240455
8	no-exit/64/base	cfg	51257	0	0
8	no-exit/64/base	emission_exclusive	4135337	145625	2621882
8	no-exit/64/base	serialization	1980178	12278	343391
8	no-exit/64/base	combined	6287209	160939	3205728
8	no-exit/256/base	ir	629722	12113	966632
8	no-exit/256/base	cfg	434402	0	0
8	no-exit/256/base	emission_exclusive	16076669	578412	11987138
8	no-exit/256/base	serialization	7786147	47608	1349547
8	no-exit/256/base	combined	24927060	638133	14303317
8	no-exit/1024/base	ir	5769520	48415	3878833
8	no-exit/1024/base	cfg	8541277	0	0
8	no-exit/1024/base	emission_exclusive	63500177	2309490	73811799
8	no-exit/1024/base	serialization	30868776	188922	5374495
8	no-exit/1024/base	combined	108679900	2546827	83065127
8	irreducible/64/base	ir	121430	3032	242131
8	irreducible/64/base	cfg	88397	0	0
8	irreducible/64/base	emission_exclusive	1068392688	16409799	363084941
8	irreducible/64/base	serialization	310889837	2739433	16602620
8	irreducible/64/base	combined	1379492733	19152264	379929692
8	irreducible/256/base	ir	680799	12113	974548
8	irreducible/256/base	cfg	1213076	0	0
8	irreducible/256/base	emission_exclusive	1988699922	26436815	661980200
8	irreducible/256/base	serialization	452020578	3945831	24608381
8	irreducible/256/base	combined	2442614726	30394759	687563129
8	irreducible/1024/base	ir	5870602	48419	3911709
8	irreducible/1024/base	cfg	18645871	0	0
8	irreducible/1024/base	emission_exclusive	3167722514	44110148	1232171031
8	irreducible/1024/base	serialization	575986972	5140545	34956339
8	irreducible/1024/base	combined	3768226390	49299112	1271039079
9	linear/64/base	ir	147449	3026	240174
9	linear/64/base	cfg	115118	0	0
9	linear/64/base	emission_exclusive	3828506	140898	2638299
9	linear/64/base	serialization	1821207	12094	341915
9	linear/64/base	combined	5912580	156018	3220388
9	linear/64/light	ir	134254	3433	258352
9	linear/64/light	cfg	90421	0	0
9	linear/64/light	emission_exclusive	4014039	156825	2850866
9	linear/64/light	serialization	1820195	12094	341531
9	linear/64/light	combined	6059029	172352	3450749
9	linear/64/heavy	ir	476912	9640	916241
9	linear/64/heavy	cfg	91924	0	0
9	linear/64/heavy	emission_exclusive	11863133	327508	8490035
9	linear/64/heavy	serialization	6914758	12096	1167973
9	linear/64/heavy	combined	19346898	349244	10574249
9	linear/256/base	ir	630624	12103	966351
9	linear/256/base	cfg	1419607	0	0
9	linear/256/base	emission_exclusive	14550560	558295	13665132
9	linear/256/base	serialization	7432277	47424	1346537
9	linear/256/base	combined	24033228	617822	15978020
9	linear/256/light	ir	705285	13724	1036945
9	linear/256/light	cfg	1310691	0	0
9	linear/256/light	emission_exclusive	15795286	622853	14535262
9	linear/256/light	serialization	7330344	47424	1345097
9	linear/256/light	combined	25141746	684001	16917304
9	linear/256/heavy	ir	2815600	38556	3669938
9	linear/256/heavy	cfg	1259554	0	0
9	linear/256/heavy	emission_exclusive	44937694	1301966	37053122
9	linear/256/heavy	serialization	25835879	47426	4650931
9	linear/256/heavy	combined	74848878	1387948	45373991
9	linear/1024/base	ir	5386516	48405	3878552
9	linear/1024/base	cfg	23294289	0	0
9	linear/1024/base	emission_exclusive	56836106	2227809	106466310
9	linear/1024/base	serialization	28110706	188738	5365343
9	linear/1024/base	combined	113627897	2464952	115710205
9	linear/1024/light	ir	6605733	54890	4161114
9	linear/1024/light	cfg	22282585	0	0
9	linear/1024/light	emission_exclusive	62288855	2486886	109967920
9	linear/1024/light	serialization	27792384	188738	5359679
9	linear/1024/light	combined	118969727	2730514	119488713
9	linear/1024/heavy	ir	26248130	154218	14692987
9	linear/1024/heavy	cfg	22052089	0	0
9	linear/1024/heavy	emission_exclusive	183553866	5199855	200017585
9	linear/1024/heavy	serialization	103229045	188740	18583081
9	linear/1024/heavy	combined	335083410	5542813	233293653
9	diamond-chain/64/base	ir	125618	3032	241429
9	diamond-chain/64/base	cfg	107613	0	0
9	diamond-chain/64/base	emission_exclusive	5508626	231315	3991572
9	diamond-chain/64/base	serialization	2066331	17982	373065
9	diamond-chain/64/base	combined	7808348	252329	4606066
9	diamond-chain/64/light	ir	144163	3439	259607
9	diamond-chain/64/light	cfg	105239	0	0
9	diamond-chain/64/light	emission_exclusive	5846586	250653	4261308
9	diamond-chain/64/light	serialization	2022197	17982	372681
9	diamond-chain/64/light	combined	8118517	272074	4893596
9	diamond-chain/64/heavy	ir	394817	9646	917496
9	diamond-chain/64/heavy	cfg	106101	0	0
9	diamond-chain/64/heavy	emission_exclusive	15297253	508168	11427125
9	diamond-chain/64/heavy	serialization	6660275	17984	1199123
9	diamond-chain/64/heavy	combined	22458597	535798	13543744
9	diamond-chain/256/base	ir	644339	12113	971734
9	diamond-chain/256/base	cfg	1225690	0	0
9	diamond-chain/256/base	emission_exclusive	21378744	918258	18682496
9	diamond-chain/256/base	serialization	8038986	70976	1471095
9	diamond-chain/256/base	combined	31287919	1001347	21125325
9	diamond-chain/256/light	ir	727967	13734	1042328
9	diamond-chain/256/light	cfg	1205621	0	0
9	diamond-chain/256/light	emission_exclusive	22910865	996897	19787059
9	diamond-chain/256/light	serialization	8098959	70976	1469655
9	diamond-chain/256/light	combined	32943522	1081607	22299042
9	diamond-chain/256/heavy	ir	2380496	38566	3675321
9	diamond-chain/256/heavy	cfg	1209139	0	0
9	diamond-chain/256/heavy	emission_exclusive	60725797	2025306	48439647
9	diamond-chain/256/heavy	serialization	27730356	70978	4775489
9	diamond-chain/256/heavy	combined	92046028	2134850	56890457
9	diamond-chain/1024/base	ir	5521220	48419	3900447
9	diamond-chain/1024/base	cfg	21487149	0	0
9	diamond-chain/1024/base	emission_exclusive	86269564	3667460	120635206
9	diamond-chain/1024/base	serialization	33329834	282946	5863533
9	diamond-chain/1024/base	combined	146608028	3998825	130399186
9	diamond-chain/1024/light	ir	6857911	54904	4183009
9	diamond-chain/1024/light	cfg	18146527	0	0
9	diamond-chain/1024/light	emission_exclusive	92287574	3983307	125080753
9	diamond-chain/1024/light	serialization	32909939	282946	5857869
9	diamond-chain/1024/light	combined	150202111	4321157	135121631
9	diamond-chain/1024/heavy	ir	24145941	154232	14714882
9	diamond-chain/1024/heavy	cfg	20364183	0	0
9	diamond-chain/1024/heavy	emission_exclusive	251216925	8095428	239697466
9	diamond-chain/1024/heavy	serialization	112855274	282948	19081271
9	diamond-chain/1024/heavy	combined	408582513	8532608	273493619
9	fan-in/64/base	ir	151096	3035	243042
9	fan-in/64/base	cfg	78339	0	0
9	fan-in/64/base	emission_exclusive	29410765	374084	8862989
9	fan-in/64/base	serialization	6223149	23502	433675
9	fan-in/64/base	combined	35863479	400621	9539706
9	fan-in/256/base	ir	684125	12144	978787
9	fan-in/256/base	cfg	599234	0	0
9	fan-in/256/base	emission_exclusive	93995799	2690323	73940842
9	fan-in/256/base	serialization	18418140	169875	2040148
9	fan-in/256/base	combined	113697478	2872342	76959777
9	fan-in/1024/base	ir	6597847	48575	3929268
9	fan-in/1024/base	cfg	10817586	0	0
9	fan-in/1024/base	emission_exclusive	725420027	19571016	628456763
9	fan-in/1024/base	serialization	55974053	520489	7222939
9	fan-in/1024/base	combined	798809674	20140080	639608970
9	nested-loop/64/base	ir	119726	3028	240359
9	nested-loop/64/base	cfg	182696	0	0
9	nested-loop/64/base	emission_exclusive	4502111	158164	3203533
9	nested-loop/64/base	serialization	2105245	13198	348803
9	nested-loop/64/base	combined	6909908	174390	3792695
9	nested-loop/256/base	ir	625213	12105	966536
9	nested-loop/256/base	cfg	2323378	0	0
9	nested-loop/256/base	emission_exclusive	16868045	608659	17402870
9	nested-loop/256/base	serialization	7999151	48528	1356497
9	nested-loop/256/base	combined	27815928	669292	19725903
9	nested-loop/1024/base	ir	5658470	48407	3878737
9	nested-loop/1024/base	cfg	39673141	0	0
9	nested-loop/1024/base	emission_exclusive	67283298	2410535	149436100
9	nested-loop/1024/base	serialization	31772377	189842	5387591
9	nested-loop/1024/base	combined	144387436	2648784	158702428
9	multi-exit/64/base	ir	123022	3014	242868
9	multi-exit/64/base	cfg	82076	0	0
9	multi-exit/64/base	emission_exclusive	29751671	1057206	21442992
9	multi-exit/64/base	serialization	9019552	46594	569880
9	multi-exit/64/base	combined	38976481	1106814	22255740
9	multi-exit/256/base	ir	668796	12119	977717
9	multi-exit/256/base	cfg	582723	0	0
9	multi-exit/256/base	emission_exclusive	124932823	4323519	103684200
9	multi-exit/256/base	serialization	19603895	175763	2079434
9	multi-exit/256/base	combined	145788407	4511401	106741351
9	multi-exit/1024/base	ir	6486567	48549	3928190
9	multi-exit/1024/base	cfg	12386495	0	0
9	multi-exit/1024/base	emission_exclusive	823074120	25295763	735568095
9	multi-exit/1024/base	serialization	57713115	520489	7238547
9	multi-exit/1024/base	combined	899660567	25864801	746734832
9	no-exit/64/base	ir	121680	3036	240455
9	no-exit/64/base	cfg	50446	0	0
9	no-exit/64/base	emission_exclusive	4034105	145625	2621882
9	no-exit/64/base	serialization	1956222	12278	343391
9	no-exit/64/base	combined	6162573	160939	3205728
9	no-exit/256/base	ir	631937	12113	966632
9	no-exit/256/base	cfg	428190	0	0
9	no-exit/256/base	emission_exclusive	15604605	578412	11987138
9	no-exit/256/base	serialization	7638438	47608	1349547
9	no-exit/256/base	combined	24303310	638133	14303317
9	no-exit/1024/base	ir	5829344	48415	3878833
9	no-exit/1024/base	cfg	8484609	0	0
9	no-exit/1024/base	emission_exclusive	61876926	2309490	73811799
9	no-exit/1024/base	serialization	30173730	188922	5374495
9	no-exit/1024/base	combined	106364839	2546827	83065127
9	irreducible/64/base	ir	122933	3032	242131
9	irreducible/64/base	cfg	91603	0	0
9	irreducible/64/base	emission_exclusive	1066197366	16409799	363084941
9	irreducible/64/base	serialization	304803909	2739433	16602620
9	irreducible/64/base	combined	1371216161	19152264	379929692
9	irreducible/256/base	ir	653277	12113	974548
9	irreducible/256/base	cfg	1179883	0	0
9	irreducible/256/base	emission_exclusive	1929079762	26436815	661980200
9	irreducible/256/base	serialization	434549201	3945831	24608381
9	irreducible/256/base	combined	2365462724	30394759	687563129
9	irreducible/1024/base	ir	6021336	48419	3911709
9	irreducible/1024/base	cfg	18513831	0	0
9	irreducible/1024/base	emission_exclusive	3142714128	44110148	1232171031
9	irreducible/1024/base	serialization	574822680	5140545	34956339
9	irreducible/1024/base	combined	3742072596	49299112	1271039079
10	linear/64/base	ir	148602	3026	240174
10	linear/64/base	cfg	115589	0	0
10	linear/64/base	emission_exclusive	3783111	140898	2638299
10	linear/64/base	serialization	2007580	12094	341915
10	linear/64/base	combined	6055352	156018	3220388
10	linear/64/light	ir	135346	3433	258352
10	linear/64/light	cfg	99007	0	0
10	linear/64/light	emission_exclusive	3995863	156825	2850866
10	linear/64/light	serialization	1792964	12094	341531
10	linear/64/light	combined	6023290	172352	3450749
10	linear/64/heavy	ir	481110	9640	916241
10	linear/64/heavy	cfg	93547	0	0
10	linear/64/heavy	emission_exclusive	11722618	327508	8490035
10	linear/64/heavy	serialization	6578301	12096	1167973
10	linear/64/heavy	combined	18875717	349244	10574249
10	linear/256/base	ir	621006	12103	966351
10	linear/256/base	cfg	1426089	0	0
10	linear/256/base	emission_exclusive	14320094	558295	13665132
10	linear/256/base	serialization	7061425	47424	1346537
10	linear/256/base	combined	23428774	617822	15978020
10	linear/256/light	ir	712319	13724	1036945
10	linear/256/light	cfg	1303988	0	0
10	linear/256/light	emission_exclusive	15508553	622853	14535262
10	linear/256/light	serialization	6956557	47424	1345097
10	linear/256/light	combined	24481557	684001	16917304
10	linear/256/heavy	ir	2737041	38556	3669938
10	linear/256/heavy	cfg	1263451	0	0
10	linear/256/heavy	emission_exclusive	46341512	1301966	37053122
10	linear/256/heavy	serialization	27218176	47426	4650931
10	linear/256/heavy	combined	77560311	1387948	45373991
10	linear/1024/base	ir	5653180	48405	3878552
10	linear/1024/base	cfg	23318856	0	0
10	linear/1024/base	emission_exclusive	57513839	2227809	106466310
10	linear/1024/base	serialization	29455571	188738	5365343
10	linear/1024/base	combined	115941696	2464952	115710205
10	linear/1024/light	ir	6676147	54890	4161114
10	linear/1024/light	cfg	21873521	0	0
10	linear/1024/light	emission_exclusive	62085340	2486886	109967920
10	linear/1024/light	serialization	29103315	188738	5359679
10	linear/1024/light	combined	119738563	2730514	119488713
10	linear/1024/heavy	ir	26383176	154218	14692987
10	linear/1024/heavy	cfg	21490947	0	0
10	linear/1024/heavy	emission_exclusive	184123265	5199855	200017585
10	linear/1024/heavy	serialization	108444025	188740	18583081
10	linear/1024/heavy	combined	340441653	5542813	233293653
10	diamond-chain/64/base	ir	124255	3032	241429
10	diamond-chain/64/base	cfg	107493	0	0
10	diamond-chain/64/base	emission_exclusive	5556728	231315	3991572
10	diamond-chain/64/base	serialization	2140912	17982	373065
10	diamond-chain/64/base	combined	7929528	252329	4606066
10	diamond-chain/64/light	ir	136599	3439	259607
10	diamond-chain/64/light	cfg	104388	0	0
10	diamond-chain/64/light	emission_exclusive	5867204	250653	4261308
10	diamond-chain/64/light	serialization	2108771	17982	372681
10	diamond-chain/64/light	combined	8217073	272074	4893596
10	diamond-chain/64/heavy	ir	383266	9646	917496
10	diamond-chain/64/heavy	cfg	111821	0	0
10	diamond-chain/64/heavy	emission_exclusive	15504716	508168	11427125
10	diamond-chain/64/heavy	serialization	6977867	17984	1199123
10	diamond-chain/64/heavy	combined	22977811	535798	13543744
10	diamond-chain/256/base	ir	627207	12113	971734
10	diamond-chain/256/base	cfg	1226693	0	0
10	diamond-chain/256/base	emission_exclusive	21538536	918258	18682496
10	diamond-chain/256/base	serialization	8433443	70976	1471095
10	diamond-chain/256/base	combined	31826020	1001347	21125325
10	diamond-chain/256/light	ir	735513	13734	1042328
10	diamond-chain/256/light	cfg	1238885	0	0
10	diamond-chain/256/light	emission_exclusive	23247250	996897	19787059
10	diamond-chain/256/light	serialization	8482015	70976	1469655
10	diamond-chain/256/light	combined	33703783	1081607	22299042
10	diamond-chain/256/heavy	ir	2360398	38566	3675321
10	diamond-chain/256/heavy	cfg	1204781	0	0
10	diamond-chain/256/heavy	emission_exclusive	63046870	2025306	48439647
10	diamond-chain/256/heavy	serialization	27941025	70978	4775489
10	diamond-chain/256/heavy	combined	94553224	2134850	56890457
10	diamond-chain/1024/base	ir	5774760	48419	3900447
10	diamond-chain/1024/base	cfg	21875786	0	0
10	diamond-chain/1024/base	emission_exclusive	88289536	3667460	120635206
10	diamond-chain/1024/base	serialization	34184041	282946	5863533
10	diamond-chain/1024/base	combined	150124464	3998825	130399186
10	diamond-chain/1024/light	ir	6798928	54904	4183009
10	diamond-chain/1024/light	cfg	19402394	0	0
10	diamond-chain/1024/light	emission_exclusive	94037509	3983307	125080753
10	diamond-chain/1024/light	serialization	33562895	282946	5857869
10	diamond-chain/1024/light	combined	153801866	4321157	135121631
10	diamond-chain/1024/heavy	ir	24250750	154232	14714882
10	diamond-chain/1024/heavy	cfg	20677887	0	0
10	diamond-chain/1024/heavy	emission_exclusive	251076651	8095428	239697466
10	diamond-chain/1024/heavy	serialization	111805508	282948	19081271
10	diamond-chain/1024/heavy	combined	407810956	8532608	273493619
10	fan-in/64/base	ir	131770	3035	243042
10	fan-in/64/base	cfg	73249	0	0
10	fan-in/64/base	emission_exclusive	28678570	374084	8862989
10	fan-in/64/base	serialization	6120133	23502	433675
10	fan-in/64/base	combined	35003873	400621	9539706
10	fan-in/256/base	ir	661332	12144	978787
10	fan-in/256/base	cfg	557315	0	0
10	fan-in/256/base	emission_exclusive	91190068	2690323	73940842
10	fan-in/256/base	serialization	18057428	169875	2040148
10	fan-in/256/base	combined	110466293	2872342	76959777
10	fan-in/1024/base	ir	6452433	48575	3929268
10	fan-in/1024/base	cfg	10543967	0	0
10	fan-in/1024/base	emission_exclusive	727636068	19571016	628456763
10	fan-in/1024/base	serialization	56251559	520489	7222939
10	fan-in/1024/base	combined	800884357	20140080	639608970
10	nested-loop/64/base	ir	132772	3028	240359
10	nested-loop/64/base	cfg	185331	0	0
10	nested-loop/64/base	emission_exclusive	4599346	158164	3203533
10	nested-loop/64/base	serialization	2096167	13198	348803
10	nested-loop/64/base	combined	7013746	174390	3792695
10	nested-loop/256/base	ir	637908	12105	966536
10	nested-loop/256/base	cfg	2299412	0	0
10	nested-loop/256/base	emission_exclusive	17264096	608659	17402870
10	nested-loop/256/base	serialization	8016203	48528	1356497
10	nested-loop/256/base	combined	28217779	669292	19725903
10	nested-loop/1024/base	ir	5718113	48407	3878737
10	nested-loop/1024/base	cfg	39853653	0	0
10	nested-loop/1024/base	emission_exclusive	67740223	2410535	149436100
10	nested-loop/1024/base	serialization	31775813	189842	5387591
10	nested-loop/1024/base	combined	145087962	2648784	158702428
10	multi-exit/64/base	ir	123794	3014	242868
10	multi-exit/64/base	cfg	81313	0	0
10	multi-exit/64/base	emission_exclusive	30909864	1057206	21442992
10	multi-exit/64/base	serialization	9034319	46594	569880
10	multi-exit/64/base	combined	40149442	1106814	22255740
10	multi-exit/256/base	ir	691499	12119	977717
10	multi-exit/256/base	cfg	578115	0	0
10	multi-exit/256/base	emission_exclusive	126825876	4323519	103684200
10	multi-exit/256/base	serialization	19569239	175763	2079434
10	multi-exit/256/base	combined	147664900	4511401	106741351
10	multi-exit/1024/base	ir	6406576	48549	3928190
10	multi-exit/1024/base	cfg	12460926	0	0
10	multi-exit/1024/base	emission_exclusive	846595395	25295763	735568095
10	multi-exit/1024/base	serialization	58258799	520489	7238547
10	multi-exit/1024/base	combined	923721946	25864801	746734832
10	no-exit/64/base	ir	134294	3036	240455
10	no-exit/64/base	cfg	53982	0	0
10	no-exit/64/base	emission_exclusive	4238062	145625	2621882
10	no-exit/64/base	serialization	1997350	12278	343391
10	no-exit/64/base	combined	6423938	160939	3205728
10	no-exit/256/base	ir	644680	12113	966632
10	no-exit/256/base	cfg	463918	0	0
10	no-exit/256/base	emission_exclusive	16183862	578412	11987138
10	no-exit/256/base	serialization	7815413	47608	1349547
10	no-exit/256/base	combined	25108023	638133	14303317
10	no-exit/1024/base	ir	5839272	48415	3878833
10	no-exit/1024/base	cfg	8882924	0	0
10	no-exit/1024/base	emission_exclusive	63620686	2309490	73811799
10	no-exit/1024/base	serialization	30917509	188922	5374495
10	no-exit/1024/base	combined	109260591	2546827	83065127
10	irreducible/64/base	ir	132240	3032	242131
10	irreducible/64/base	cfg	91834	0	0
10	irreducible/64/base	emission_exclusive	1072148798	16409799	363084941
10	irreducible/64/base	serialization	307794391	2739433	16602620
10	irreducible/64/base	combined	1380167694	19152264	379929692
10	irreducible/256/base	ir	674196	12113	974548
10	irreducible/256/base	cfg	1192758	0	0
10	irreducible/256/base	emission_exclusive	1940050572	26436815	661980200
10	irreducible/256/base	serialization	453396458	3945831	24608381
10	irreducible/256/base	combined	2395314354	30394759	687563129
10	irreducible/1024/base	ir	6298902	48419	3911709
10	irreducible/1024/base	cfg	18418722	0	0
10	irreducible/1024/base	emission_exclusive	3159383692	44110148	1232171031
10	irreducible/1024/base	serialization	563915109	5140545	34956339
10	irreducible/1024/base	combined	3748016865	49299112	1271039079
11	linear/64/base	ir	147079	3026	240174
11	linear/64/base	cfg	116150	0	0
11	linear/64/base	emission_exclusive	3819308	140898	2638299
11	linear/64/base	serialization	1821166	12094	341915
11	linear/64/base	combined	5903964	156018	3220388
11	linear/64/light	ir	137330	3433	258352
11	linear/64/light	cfg	105940	0	0
11	linear/64/light	emission_exclusive	4026021	156825	2850866
11	linear/64/light	serialization	1802191	12094	341531
11	linear/64/light	combined	6071622	172352	3450749
11	linear/64/heavy	ir	477524	9640	916241
11	linear/64/heavy	cfg	92826	0	0
11	linear/64/heavy	emission_exclusive	11624341	327508	8490035
11	linear/64/heavy	serialization	6573412	12096	1167973
11	linear/64/heavy	combined	18768264	349244	10574249
11	linear/256/base	ir	641224	12103	966351
11	linear/256/base	cfg	1454854	0	0
11	linear/256/base	emission_exclusive	14598761	558295	13665132
11	linear/256/base	serialization	7073297	47424	1346537
11	linear/256/base	combined	23768286	617822	15978020
11	linear/256/light	ir	709573	13724	1036945
11	linear/256/light	cfg	1356017	0	0
11	linear/256/light	emission_exclusive	15591039	622853	14535262
11	linear/256/light	serialization	6980323	47424	1345097
11	linear/256/light	combined	24637112	684001	16917304
11	linear/256/heavy	ir	2662028	38556	3669938
11	linear/256/heavy	cfg	1251949	0	0
11	linear/256/heavy	emission_exclusive	47070673	1301966	37053122
11	linear/256/heavy	serialization	27351900	47426	4650931
11	linear/256/heavy	combined	78336720	1387948	45373991
11	linear/1024/base	ir	5552369	48405	3878552
11	linear/1024/base	cfg	23881922	0	0
11	linear/1024/base	emission_exclusive	58266504	2227809	106466310
11	linear/1024/base	serialization	28513508	188738	5365343
11	linear/1024/base	combined	116214673	2464952	115710205
11	linear/1024/light	ir	6645309	54890	4161114
11	linear/1024/light	cfg	22403594	0	0
11	linear/1024/light	emission_exclusive	63096364	2486886	109967920
11	linear/1024/light	serialization	28092271	188738	5359679
11	linear/1024/light	combined	120237708	2730514	119488713
11	linear/1024/heavy	ir	26416560	154218	14692987
11	linear/1024/heavy	cfg	21963360	0	0
11	linear/1024/heavy	emission_exclusive	186660629	5199855	200017585
11	linear/1024/heavy	serialization	103072889	188740	18583081
11	linear/1024/heavy	combined	338113598	5542813	233293653
11	diamond-chain/64/base	ir	123314	3032	241429
11	diamond-chain/64/base	cfg	107373	0	0
11	diamond-chain/64/base	emission_exclusive	5603406	231315	3991572
11	diamond-chain/64/base	serialization	2079946	17982	373065
11	diamond-chain/64/base	combined	7914170	252329	4606066
11	diamond-chain/64/light	ir	137710	3439	259607
11	diamond-chain/64/light	cfg	105459	0	0
11	diamond-chain/64/light	emission_exclusive	5945364	250653	4261308
11	diamond-chain/64/light	serialization	2086038	17982	372681
11	diamond-chain/64/light	combined	8274701	272074	4893596
11	diamond-chain/64/heavy	ir	388715	9646	917496
11	diamond-chain/64/heavy	cfg	105950	0	0
11	diamond-chain/64/heavy	emission_exclusive	15593175	508168	11427125
11	diamond-chain/64/heavy	serialization	6661138	17984	1199123
11	diamond-chain/64/heavy	combined	22749098	535798	13543744
11	diamond-chain/256/base	ir	644139	12113	971734
11	diamond-chain/256/base	cfg	1206423	0	0
11	diamond-chain/256/base	emission_exclusive	21945988	918258	18682496
11	diamond-chain/256/base	serialization	8193298	70976	1471095
11	diamond-chain/256/base	combined	31989978	1001347	21125325
11	diamond-chain/256/light	ir	744559	13734	1042328
11	diamond-chain/256/light	cfg	1200633	0	0
11	diamond-chain/256/light	emission_exclusive	23351257	996897	19787059
11	diamond-chain/256/light	serialization	8103338	70976	1469655
11	diamond-chain/256/light	combined	33399907	1081607	22299042
11	diamond-chain/256/heavy	ir	2354667	38566	3675321
11	diamond-chain/256/heavy	cfg	1206213	0	0
11	diamond-chain/256/heavy	emission_exclusive	62858665	2025306	48439647
11	diamond-chain/256/heavy	serialization	27938269	70978	4775489
11	diamond-chain/256/heavy	combined	94357934	2134850	56890457
11	diamond-chain/1024/base	ir	5816420	48419	3900447
11	diamond-chain/1024/base	cfg	21278063	0	0
11	diamond-chain/1024/base	emission_exclusive	88191833	3667460	120635206
11	diamond-chain/1024/base	serialization	34448251	282946	5863533
11	diamond-chain/1024/base	combined	149734718	3998825	130399186
11	diamond-chain/1024/light	ir	7025487	54904	4183009
11	diamond-chain/1024/light	cfg	19401352	0	0
11	diamond-chain/1024/light	emission_exclusive	94742462	3983307	125080753
11	diamond-chain/1024/light	serialization	33423862	282946	5857869
11	diamond-chain/1024/light	combined	154593394	4321157	135121631
11	diamond-chain/1024/heavy	ir	24273453	154232	14714882
11	diamond-chain/1024/heavy	cfg	20545247	0	0
11	diamond-chain/1024/heavy	emission_exclusive	253427981	8095428	239697466
11	diamond-chain/1024/heavy	serialization	107021663	282948	19081271
11	diamond-chain/1024/heavy	combined	405268614	8532608	273493619
11	fan-in/64/base	ir	126038	3035	243042
11	fan-in/64/base	cfg	70724	0	0
11	fan-in/64/base	emission_exclusive	27020261	374084	8862989
11	fan-in/64/base	serialization	5906170	23502	433675
11	fan-in/64/base	combined	33123334	400621	9539706
11	fan-in/256/base	ir	664838	12144	978787
11	fan-in/256/base	cfg	542577	0	0
11	fan-in/256/base	emission_exclusive	92923349	2690323	73940842
11	fan-in/256/base	serialization	18376933	169875	2040148
11	fan-in/256/base	combined	112507837	2872342	76959777
11	fan-in/1024/base	ir	6565095	48575	3929268
11	fan-in/1024/base	cfg	10763883	0	0
11	fan-in/1024/base	emission_exclusive	724936390	19571016	628456763
11	fan-in/1024/base	serialization	56298048	520489	7222939
11	fan-in/1024/base	combined	798563646	20140080	639608970
11	nested-loop/64/base	ir	121760	3028	240359
11	nested-loop/64/base	cfg	185050	0	0
11	nested-loop/64/base	emission_exclusive	4573487	158164	3203533
11	nested-loop/64/base	serialization	2074948	13198	348803
11	nested-loop/64/base	combined	6955375	174390	3792695
11	nested-loop/256/base	ir	634361	12105	966536
11	nested-loop/256/base	cfg	2292569	0	0
11	nested-loop/256/base	emission_exclusive	17178895	608659	17402870
11	nested-loop/256/base	serialization	8033094	48528	1356497
11	nested-loop/256/base	combined	28139089	669292	19725903
11	nested-loop/1024/base	ir	5662318	48407	3878737
11	nested-loop/1024/base	cfg	39650788	0	0
11	nested-loop/1024/base	emission_exclusive	68507236	2410535	149436100
11	nested-loop/1024/base	serialization	31834734	189842	5387591
11	nested-loop/1024/base	combined	145655226	2648784	158702428
11	multi-exit/64/base	ir	122712	3014	242868
11	multi-exit/64/base	cfg	81084	0	0
11	multi-exit/64/base	emission_exclusive	29945649	1057206	21442992
11	multi-exit/64/base	serialization	8991598	46594	569880
11	multi-exit/64/base	combined	39141213	1106814	22255740
11	multi-exit/256/base	ir	673394	12119	977717
11	multi-exit/256/base	cfg	579006	0	0
11	multi-exit/256/base	emission_exclusive	125500620	4323519	103684200
11	multi-exit/256/base	serialization	19593064	175763	2079434
11	multi-exit/256/base	combined	146346254	4511401	106741351
11	multi-exit/1024/base	ir	6397058	48549	3928190
11	multi-exit/1024/base	cfg	12524816	0	0
11	multi-exit/1024/base	emission_exclusive	830457804	25295763	735568095
11	multi-exit/1024/base	serialization	58300898	520489	7238547
11	multi-exit/1024/base	combined	907680817	25864801	746734832
11	no-exit/64/base	ir	117983	3036	240455
11	no-exit/64/base	cfg	48261	0	0
11	no-exit/64/base	emission_exclusive	4067529	145625	2621882
11	no-exit/64/base	serialization	1968837	12278	343391
11	no-exit/64/base	combined	6202740	160939	3205728
11	no-exit/256/base	ir	627908	12113	966632
11	no-exit/256/base	cfg	427479	0	0
11	no-exit/256/base	emission_exclusive	15855751	578412	11987138
11	no-exit/256/base	serialization	7778963	47608	1349547
11	no-exit/256/base	combined	24690241	638133	14303317
11	no-exit/1024/base	ir	5664552	48415	3878833
11	no-exit/1024/base	cfg	8516980	0	0
11	no-exit/1024/base	emission_exclusive	62575429	2309490	73811799
11	no-exit/1024/base	serialization	30623672	188922	5374495
11	no-exit/1024/base	combined	107380783	2546827	83065127
11	irreducible/64/base	ir	120959	3032	242131
11	irreducible/64/base	cfg	88457	0	0
11	irreducible/64/base	emission_exclusive	1085534015	16409799	363084941
11	irreducible/64/base	serialization	312390572	2739433	16602620
11	irreducible/64/base	combined	1398134393	19152264	379929692
11	irreducible/256/base	ir	682922	12113	974548
11	irreducible/256/base	cfg	1204911	0	0
11	irreducible/256/base	emission_exclusive	2015723173	26436815	661980200
11	irreducible/256/base	serialization	447646645	3945831	24608381
11	irreducible/256/base	combined	2465257972	30394759	687563129
11	irreducible/1024/base	ir	6045542	48419	3911709
11	irreducible/1024/base	cfg	18450312	0	0
11	irreducible/1024/base	emission_exclusive	3191683193	44110148	1232171031
11	irreducible/1024/base	serialization	574703750	5140545	34956339
11	irreducible/1024/base	combined	3790883358	49299112	1271039079
12	linear/64/base	ir	149913	3026	240174
12	linear/64/base	cfg	115268	0	0
12	linear/64/base	emission_exclusive	3791336	140898	2638299
12	linear/64/base	serialization	1820876	12094	341915
12	linear/64/base	combined	5877634	156018	3220388
12	linear/64/light	ir	136639	3433	258352
12	linear/64/light	cfg	91974	0	0
12	linear/64/light	emission_exclusive	3998148	156825	2850866
12	linear/64/light	serialization	1817690	12094	341531
12	linear/64/light	combined	6044591	172352	3450749
12	linear/64/heavy	ir	477604	9640	916241
12	linear/64/heavy	cfg	92104	0	0
12	linear/64/heavy	emission_exclusive	11553688	327508	8490035
12	linear/64/heavy	serialization	6577469	12096	1167973
12	linear/64/heavy	combined	18701016	349244	10574249
12	linear/256/base	ir	636375	12103	966351
12	linear/256/base	cfg	1415379	0	0
12	linear/256/base	emission_exclusive	14363155	558295	13665132
12	linear/256/base	serialization	7080773	47424	1346537
12	linear/256/base	combined	23495852	617822	15978020
12	linear/256/light	ir	713431	13724	1036945
12	linear/256/light	cfg	1294069	0	0
12	linear/256/light	emission_exclusive	15528892	622853	14535262
12	linear/256/light	serialization	6989730	47424	1345097
12	linear/256/light	combined	24526282	684001	16917304
12	linear/256/heavy	ir	2743473	38556	3669938
12	linear/256/heavy	cfg	1242441	0	0
12	linear/256/heavy	emission_exclusive	45411633	1301966	37053122
12	linear/256/heavy	serialization	25833757	47426	4650931
12	linear/256/heavy	combined	75231464	1387948	45373991
12	linear/1024/base	ir	5952366	48405	3878552
12	linear/1024/base	cfg	23042493	0	0
12	linear/1024/base	emission_exclusive	57728436	2227809	106466310
12	linear/1024/base	serialization	29636834	188738	5365343
12	linear/1024/base	combined	116360289	2464952	115710205
12	linear/1024/light	ir	6996102	54890	4161114
12	linear/1024/light	cfg	22280612	0	0
12	linear/1024/light	emission_exclusive	62087684	2486886	109967920
12	linear/1024/light	serialization	29092113	188738	5359679
12	linear/1024/light	combined	120456763	2730514	119488713
12	linear/1024/heavy	ir	26205079	154218	14692987
12	linear/1024/heavy	cfg	21772450	0	0
12	linear/1024/heavy	emission_exclusive	188982103	5199855	200017585
12	linear/1024/heavy	serialization	108472219	188740	18583081
12	linear/1024/heavy	combined	345432132	5542813	233293653
12	diamond-chain/64/base	ir	126269	3032	241429
12	diamond-chain/64/base	cfg	109508	0	0
12	diamond-chain/64/base	emission_exclusive	5731367	231315	3991572
12	diamond-chain/64/base	serialization	2185246	17982	373065
12	diamond-chain/64/base	combined	8152551	252329	4606066
12	diamond-chain/64/light	ir	131479	3439	259607
12	diamond-chain/64/light	cfg	104768	0	0
12	diamond-chain/64/light	emission_exclusive	6016898	250653	4261308
12	diamond-chain/64/light	serialization	2148156	17982	372681
12	diamond-chain/64/light	combined	8401432	272074	4893596
12	diamond-chain/64/heavy	ir	395869	9646	917496
12	diamond-chain/64/heavy	cfg	103747	0	0
12	diamond-chain/64/heavy	emission_exclusive	16000073	508168	11427125
12	diamond-chain/64/heavy	serialization	7020107	17984	1199123
12	diamond-chain/64/heavy	combined	23519937	535798	13543744
12	diamond-chain/256/base	ir	652425	12113	971734
12	diamond-chain/256/base	cfg	1241270	0	0
12	diamond-chain/256/base	emission_exclusive	22123664	918258	18682496
12	diamond-chain/256/base	serialization	8575581	70976	1471095
12	diamond-chain/256/base	combined	32593080	1001347	21125325
12	diamond-chain/256/light	ir	742876	13734	1042328
12	diamond-chain/256/light	cfg	1195152	0	0
12	diamond-chain/256/light	emission_exclusive	23614796	996897	19787059
12	diamond-chain/256/light	serialization	8479379	70976	1469655
12	diamond-chain/256/light	combined	34032354	1081607	22299042
12	diamond-chain/256/heavy	ir	2406034	38566	3675321
12	diamond-chain/256/heavy	cfg	1209870	0	0
12	diamond-chain/256/heavy	emission_exclusive	63514086	2025306	48439647
12	diamond-chain/256/heavy	serialization	28005267	70978	4775489
12	diamond-chain/256/heavy	combined	95135417	2134850	56890457
12	diamond-chain/1024/base	ir	5995979	48419	3900447
12	diamond-chain/1024/base	cfg	21396297	0	0
12	diamond-chain/1024/base	emission_exclusive	88731275	3667460	120635206
12	diamond-chain/1024/base	serialization	33968012	282946	5863533
12	diamond-chain/1024/base	combined	150091704	3998825	130399186
12	diamond-chain/1024/light	ir	6948853	54904	4183009
12	diamond-chain/1024/light	cfg	18991255	0	0
12	diamond-chain/1024/light	emission_exclusive	93949843	3983307	125080753
12	diamond-chain/1024/light	serialization	33322010	282946	5857869
12	diamond-chain/1024/light	combined	153212281	4321157	135121631
12	diamond-chain/1024/heavy	ir	24224851	154232	14714882
12	diamond-chain/1024/heavy	cfg	20702634	0	0
12	diamond-chain/1024/heavy	emission_exclusive	254113832	8095428	239697466
12	diamond-chain/1024/heavy	serialization	112388692	282948	19081271
12	diamond-chain/1024/heavy	combined	411430269	8532608	273493619
12	fan-in/64/base	ir	125949	3035	243042
12	fan-in/64/base	cfg	71695	0	0
12	fan-in/64/base	emission_exclusive	29261495	374084	8862989
12	fan-in/64/base	serialization	6203833	23502	433675
12	fan-in/64/base	combined	35663132	400621	9539706
12	fan-in/256/base	ir	685428	12144	978787
12	fan-in/256/base	cfg	563397	0	0
12	fan-in/256/base	emission_exclusive	93408337	2690323	73940842
12	fan-in/256/base	serialization	18434952	169875	2040148
12	fan-in/256/base	combined	113092314	2872342	76959777
12	fan-in/1024/base	ir	6583300	48575	3929268
12	fan-in/1024/base	cfg	10731512	0	0
12	fan-in/1024/base	emission_exclusive	727978252	19571016	628456763
12	fan-in/1024/base	serialization	56487927	520489	7222939
12	fan-in/1024/base	combined	801781312	20140080	639608970
12	nested-loop/64/base	ir	125938	3028	240359
12	nested-loop/64/base	cfg	189859	0	0
12	nested-loop/64/base	emission_exclusive	4552226	158164	3203533
12	nested-loop/64/base	serialization	2110244	13198	348803
12	nested-loop/64/base	combined	6978398	174390	3792695
12	nested-loop/256/base	ir	642606	12105	966536
12	nested-loop/256/base	cfg	2432875	0	0
12	nested-loop/256/base	emission_exclusive	16983164	608659	17402870
12	nested-loop/256/base	serialization	7700785	48528	1356497
12	nested-loop/256/base	combined	27759561	669292	19725903
12	nested-loop/1024/base	ir	5830416	48407	3878737
12	nested-loop/1024/base	cfg	41019108	0	0
12	nested-loop/1024/base	emission_exclusive	66076817	2410535	149436100
12	nested-loop/1024/base	serialization	30414526	189842	5387591
12	nested-loop/1024/base	combined	143341047	2648784	158702428
12	multi-exit/64/base	ir	126700	3014	242868
12	multi-exit/64/base	cfg	83268	0	0
12	multi-exit/64/base	emission_exclusive	29371522	1057206	21442992
12	multi-exit/64/base	serialization	8995576	46594	569880
12	multi-exit/64/base	combined	38577216	1106814	22255740
12	multi-exit/256/base	ir	674748	12119	977717
12	multi-exit/256/base	cfg	577243	0	0
12	multi-exit/256/base	emission_exclusive	125912248	4323519	103684200
12	multi-exit/256/base	serialization	19627830	175763	2079434
12	multi-exit/256/base	combined	146792219	4511401	106741351
12	multi-exit/1024/base	ir	6556821	48549	3928190
12	multi-exit/1024/base	cfg	12551217	0	0
12	multi-exit/1024/base	emission_exclusive	839895651	25295763	735568095
12	multi-exit/1024/base	serialization	58386140	520489	7238547
12	multi-exit/1024/base	combined	917390150	25864801	746734832
12	no-exit/64/base	ir	122412	3036	240455
12	no-exit/64/base	cfg	48903	0	0
12	no-exit/64/base	emission_exclusive	4184750	145625	2621882
12	no-exit/64/base	serialization	2002831	12278	343391
12	no-exit/64/base	combined	6359006	160939	3205728
12	no-exit/256/base	ir	634751	12113	966632
12	no-exit/256/base	cfg	433420	0	0
12	no-exit/256/base	emission_exclusive	16060679	578412	11987138
12	no-exit/256/base	serialization	7771320	47608	1349547
12	no-exit/256/base	combined	24900290	638133	14303317
12	no-exit/1024/base	ir	5733051	48415	3878833
12	no-exit/1024/base	cfg	8701710	0	0
12	no-exit/1024/base	emission_exclusive	62697991	2309490	73811799
12	no-exit/1024/base	serialization	30385683	188922	5374495
12	no-exit/1024/base	combined	107518655	2546827	83065127
12	irreducible/64/base	ir	130337	3032	242131
12	irreducible/64/base	cfg	93557	0	0
12	irreducible/64/base	emission_exclusive	1072601745	16409799	363084941
12	irreducible/64/base	serialization	311461394	2739433	16602620
12	irreducible/64/base	combined	1384287395	19152264	379929692
12	irreducible/256/base	ir	664128	12113	974548
12	irreducible/256/base	cfg	1194421	0	0
12	irreducible/256/base	emission_exclusive	2000365529	26436815	661980200
12	irreducible/256/base	serialization	447366719	3945831	24608381
12	irreducible/256/base	combined	2449591217	30394759	687563129
12	irreducible/1024/base	ir	5777475	48419	3911709
12	irreducible/1024/base	cfg	18583394	0	0
12	irreducible/1024/base	emission_exclusive	3181597244	44110148	1232171031
12	irreducible/1024/base	serialization	577927857	5140545	34956339
12	irreducible/1024/base	combined	3783886292	49299112	1271039079
13	linear/64/base	ir	146327	3026	240174
13	linear/64/base	cfg	114477	0	0
13	linear/64/base	emission_exclusive	3796215	140898	2638299
13	linear/64/base	serialization	1839722	12094	341915
13	linear/64/base	combined	5897001	156018	3220388
13	linear/64/light	ir	133774	3433	258352
13	linear/64/light	cfg	97815	0	0
13	linear/64/light	emission_exclusive	3996223	156825	2850866
13	linear/64/light	serialization	1799827	12094	341531
13	linear/64/light	combined	6027769	172352	3450749
13	linear/64/heavy	ir	481602	9640	916241
13	linear/64/heavy	cfg	91783	0	0
13	linear/64/heavy	emission_exclusive	11742576	327508	8490035
13	linear/64/heavy	serialization	6596596	12096	1167973
13	linear/64/heavy	combined	18912707	349244	10574249
13	linear/256/base	ir	637206	12103	966351
13	linear/256/base	cfg	1369892	0	0
13	linear/256/base	emission_exclusive	14370891	558295	13665132
13	linear/256/base	serialization	7026309	47424	1346537
13	linear/256/base	combined	23404468	617822	15978020
13	linear/256/light	ir	713210	13724	1036945
13	linear/256/light	cfg	1026774	0	0
13	linear/256/light	emission_exclusive	15585158	622853	14535262
13	linear/256/light	serialization	6913926	47424	1345097
13	linear/256/light	combined	24239208	684001	16917304
13	linear/256/heavy	ir	2601855	38556	3669938
13	linear/256/heavy	cfg	1118097	0	0
13	linear/256/heavy	emission_exclusive	46379543	1301966	37053122
13	linear/256/heavy	serialization	27355587	47426	4650931
13	linear/256/heavy	combined	77455223	1387948	45373991
13	linear/1024/base	ir	5687235	48405	3878552
13	linear/1024/base	cfg	23365024	0	0
13	linear/1024/base	emission_exclusive	59640174	2227809	106466310
13	linear/1024/base	serialization	29974373	188738	5365343
13	linear/1024/base	combined	118667076	2464952	115710205
13	linear/1024/light	ir	6733295	54890	4161114
13	linear/1024/light	cfg	22092416	0	0
13	linear/1024/light	emission_exclusive	64133026	2486886	109967920
13	linear/1024/light	serialization	29537387	188738	5359679
13	linear/1024/light	combined	122496334	2730514	119488713
13	linear/1024/heavy	ir	26237311	154218	14692987
13	linear/1024/heavy	cfg	22066176	0	0
13	linear/1024/heavy	emission_exclusive	190281192	5199855	200017585
13	linear/1024/heavy	serialization	103238705	188740	18583081
13	linear/1024/heavy	combined	341823624	5542813	233293653
13	diamond-chain/64/base	ir	141828	3032	241429
13	diamond-chain/64/base	cfg	113284	0	0
13	diamond-chain/64/base	emission_exclusive	5725648	231315	3991572
13	diamond-chain/64/base	serialization	2107429	17982	373065
13	diamond-chain/64/base	combined	8088350	252329	4606066
13	diamond-chain/64/light	ir	138081	3439	259607
13	diamond-chain/64/light	cfg	107774	0	0
13	diamond-chain/64/light	emission_exclusive	6004735	250653	4261308
13	diamond-chain/64/light	serialization	2072693	17982	372681
13	diamond-chain/64/light	combined	8323393	272074	4893596
13	diamond-chain/64/heavy	ir	392543	9646	917496
13	diamond-chain/64/heavy	cfg	104608	0	0
13	diamond-chain/64/heavy	emission_exclusive	15940782	508168	11427125
13	diamond-chain/64/heavy	serialization	6995571	17984	1199123
13	diamond-chain/64/heavy	combined	23433654	535798	13543744
13	diamond-chain/256/base	ir	646885	12113	971734
13	diamond-chain/256/base	cfg	1253212	0	0
13	diamond-chain/256/base	emission_exclusive	22130808	918258	18682496
13	diamond-chain/256/base	serialization	8592413	70976	1471095
13	diamond-chain/256/base	combined	32623488	1001347	21125325
13	diamond-chain/256/light	ir	742285	13734	1042328
13	diamond-chain/256/light	cfg	1198088	0	0
13	diamond-chain/256/light	emission_exclusive	24115254	996897	19787059
13	diamond-chain/256/light	serialization	8456826	70976	1469655
13	diamond-chain/256/light	combined	34512603	1081607	22299042
13	diamond-chain/256/heavy	ir	2353154	38566	3675321
13	diamond-chain/256/heavy	cfg	1219839	0	0
13	diamond-chain/256/heavy	emission_exclusive	63511400	2025306	48439647
13	diamond-chain/256/heavy	serialization	27981963	70978	4775489
13	diamond-chain/256/heavy	combined	95066496	2134850	56890457
13	diamond-chain/1024/base	ir	5726208	48419	3900447
13	diamond-chain/1024/base	cfg	21455198	0	0
13	diamond-chain/1024/base	emission_exclusive	88590139	3667460	120635206
13	diamond-chain/1024/base	serialization	34093440	282946	5863533
13	diamond-chain/1024/base	combined	149865166	3998825	130399186
13	diamond-chain/1024/light	ir	6840747	54904	4183009
13	diamond-chain/1024/light	cfg	19187266	0	0
13	diamond-chain/1024/light	emission_exclusive	95474710	3983307	125080753
13	diamond-chain/1024/light	serialization	33558227	282946	5857869
13	diamond-chain/1024/light	combined	155061200	4321157	135121631
13	diamond-chain/1024/heavy	ir	23981721	154232	14714882
13	diamond-chain/1024/heavy	cfg	20543023	0	0
13	diamond-chain/1024/heavy	emission_exclusive	255089468	8095428	239697466
13	diamond-chain/1024/heavy	serialization	107178010	282948	19081271
13	diamond-chain/1024/heavy	combined	406792443	8532608	273493619
13	fan-in/64/base	ir	125899	3035	243042
13	fan-in/64/base	cfg	71115	0	0
13	fan-in/64/base	emission_exclusive	27067842	374084	8862989
13	fan-in/64/base	serialization	5882584	23502	433675
13	fan-in/64/base	combined	33147600	400621	9539706
13	fan-in/256/base	ir	673354	12144	978787
13	fan-in/256/base	cfg	546384	0	0
13	fan-in/256/base	emission_exclusive	93502296	2690323	73940842
13	fan-in/256/base	serialization	18404044	169875	2040148
13	fan-in/256/base	combined	113126259	2872342	76959777
13	fan-in/1024/base	ir	6666147	48575	3929268
13	fan-in/1024/base	cfg	10603159	0	0
13	fan-in/1024/base	emission_exclusive	728424008	19571016	628456763
13	fan-in/1024/base	serialization	56400361	520489	7222939
13	fan-in/1024/base	combined	802093945	20140080	639608970
13	nested-loop/64/base	ir	124416	3028	240359
13	nested-loop/64/base	cfg	187195	0	0
13	nested-loop/64/base	emission_exclusive	4602932	158164	3203533
13	nested-loop/64/base	serialization	2095937	13198	348803
13	nested-loop/64/base	combined	7010620	174390	3792695
13	nested-loop/256/base	ir	643688	12105	966536
13	nested-loop/256/base	cfg	2326423	0	0
13	nested-loop/256/base	emission_exclusive	17357474	608659	17402870
13	nested-loop/256/base	serialization	8367598	48528	1356497
13	nested-loop/256/base	combined	28695343	669292	19725903
13	nested-loop/1024/base	ir	5471626	48407	3878737
13	nested-loop/1024/base	cfg	41158171	0	0
13	nested-loop/1024/base	emission_exclusive	68473975	2410535	149436100
13	nested-loop/1024/base	serialization	31809878	189842	5387591
13	nested-loop/1024/base	combined	146913860	2648784	158702428
13	multi-exit/64/base	ir	123905	3014	242868
13	multi-exit/64/base	cfg	81785	0	0
13	multi-exit/64/base	emission_exclusive	30223946	1057206	21442992
13	multi-exit/64/base	serialization	9015143	46594	569880
13	multi-exit/64/base	combined	39444949	1106814	22255740
13	multi-exit/256/base	ir	671852	12119	977717
13	multi-exit/256/base	cfg	617539	0	0
13	multi-exit/256/base	emission_exclusive	126545778	4323519	103684200
13	multi-exit/256/base	serialization	19543410	175763	2079434
13	multi-exit/256/base	combined	147378740	4511401	106741351
13	multi-exit/1024/base	ir	6392369	48549	3928190
13	multi-exit/1024/base	cfg	12637279	0	0
13	multi-exit/1024/base	emission_exclusive	847506440	25295763	735568095
13	multi-exit/1024/base	serialization	58408562	520489	7238547
13	multi-exit/1024/base	combined	924944900	25864801	746734832
13	no-exit/64/base	ir	122352	3036	240455
13	no-exit/64/base	cfg	51297	0	0
13	no-exit/64/base	emission_exclusive	4171275	145625	2621882
13	no-exit/64/base	serialization	2006148	12278	343391
13	no-exit/64/base	combined	6351192	160939	3205728
13	no-exit/256/base	ir	635893	12113	966632
13	no-exit/256/base	cfg	436025	0	0
13	no-exit/256/base	emission_exclusive	16219950	578412	11987138
13	no-exit/256/base	serialization	7749538	47608	1349547
13	no-exit/256/base	combined	25041537	638133	14303317
13	no-exit/1024/base	ir	5604759	48415	3878833
13	no-exit/1024/base	cfg	8633902	0	0
13	no-exit/1024/base	emission_exclusive	63759540	2309490	73811799
13	no-exit/1024/base	serialization	30880409	188922	5374495
13	no-exit/1024/base	combined	108878760	2546827	83065127
13	irreducible/64/base	ir	120498	3032	242131
13	irreducible/64/base	cfg	89018	0	0
13	irreducible/64/base	emission_exclusive	1065382444	16409799	363084941
13	irreducible/64/base	serialization	304386194	2739433	16602620
13	irreducible/64/base	combined	1369978424	19152264	379929692
13	irreducible/256/base	ir	679296	12113	974548
13	irreducible/256/base	cfg	1200803	0	0
13	irreducible/256/base	emission_exclusive	1983021566	26436815	661980200
13	irreducible/256/base	serialization	449561573	3945831	24608381
13	irreducible/256/base	combined	2434463559	30394759	687563129
13	irreducible/1024/base	ir	5999275	48419	3911709
13	irreducible/1024/base	cfg	18380559	0	0
13	irreducible/1024/base	emission_exclusive	3167917329	44110148	1232171031
13	irreducible/1024/base	serialization	567118078	5140545	34956339
13	irreducible/1024/base	combined	3759415652	49299112	1271039079
14	linear/64/base	ir	146707	3026	240174
14	linear/64/base	cfg	140917	0	0
14	linear/64/base	emission_exclusive	3782619	140898	2638299
14	linear/64/base	serialization	1813733	12094	341915
14	linear/64/base	combined	5884207	156018	3220388
14	linear/64/light	ir	134384	3433	258352
14	linear/64/light	cfg	92094	0	0
14	linear/64/light	emission_exclusive	4007375	156825	2850866
14	linear/64/light	serialization	1810637	12094	341531
14	linear/64/light	combined	6044601	172352	3450749
14	linear/64/heavy	ir	479778	9640	916241
14	linear/64/heavy	cfg	92195	0	0
14	linear/64/heavy	emission_exclusive	11493394	327508	8490035
14	linear/64/heavy	serialization	6590695	12096	1167973
14	linear/64/heavy	combined	18656212	349244	10574249
14	linear/256/base	ir	630083	12103	966351
14	linear/256/base	cfg	1428734	0	0
14	linear/256/base	emission_exclusive	14380949	558295	13665132
14	linear/256/base	serialization	7084119	47424	1346537
14	linear/256/base	combined	23524035	617822	15978020
14	linear/256/light	ir	707018	13724	1036945
14	linear/256/light	cfg	1286144	0	0
14	linear/256/light	emission_exclusive	15746304	622853	14535262
14	linear/256/light	serialization	7314094	47424	1345097
14	linear/256/light	combined	25053720	684001	16917304
14	linear/256/heavy	ir	2714828	38556	3669938
14	linear/256/heavy	cfg	1246930	0	0
14	linear/256/heavy	emission_exclusive	45986131	1301966	37053122
14	linear/256/heavy	serialization	27113990	47426	4650931
14	linear/256/heavy	combined	77062029	1387948	45373991
14	linear/1024/base	ir	5740706	48405	3878552
14	linear/1024/base	cfg	23394550	0	0
14	linear/1024/base	emission_exclusive	57871506	2227809	106466310
14	linear/1024/base	serialization	28179407	188738	5365343
14	linear/1024/base	combined	115186439	2464952	115710205
14	linear/1024/light	ir	6869803	54890	4161114
14	linear/1024/light	cfg	22331257	0	0
14	linear/1024/light	emission_exclusive	62026821	2486886	109967920
14	linear/1024/light	serialization	27749242	188738	5359679
14	linear/1024/light	combined	118977314	2730514	119488713
14	linear/1024/heavy	ir	26275683	154218	14692987
14	linear/1024/heavy	cfg	21687779	0	0
14	linear/1024/heavy	emission_exclusive	184200015	5199855	200017585
14	linear/1024/heavy	serialization	102950910	188740	18583081
14	linear/1024/heavy	combined	335114578	5542813	233293653
14	diamond-chain/64/base	ir	124585	3032	241429
14	diamond-chain/64/base	cfg	108485	0	0
14	diamond-chain/64/base	emission_exclusive	5493036	231315	3991572
14	diamond-chain/64/base	serialization	2045502	17982	373065
14	diamond-chain/64/base	combined	7771749	252329	4606066
14	diamond-chain/64/light	ir	128644	3439	259607
14	diamond-chain/64/light	cfg	104377	0	0
14	diamond-chain/64/light	emission_exclusive	5789849	250653	4261308
14	diamond-chain/64/light	serialization	2017849	17982	372681
14	diamond-chain/64/light	combined	8040829	272074	4893596
14	diamond-chain/64/heavy	ir	389648	9646	917496
14	diamond-chain/64/heavy	cfg	107995	0	0
14	diamond-chain/64/heavy	emission_exclusive	15279319	508168	11427125
14	diamond-chain/64/heavy	serialization	6717565	17984	1199123
14	diamond-chain/64/heavy	combined	22494647	535798	13543744
14	diamond-chain/256/base	ir	643117	12113	971734
14	diamond-chain/256/base	cfg	1227053	0	0
14	diamond-chain/256/base	emission_exclusive	21383273	918258	18682496
14	diamond-chain/256/base	serialization	8439003	70976	1471095
14	diamond-chain/256/base	combined	31692616	1001347	21125325
14	diamond-chain/256/light	ir	822958	13734	1042328
14	diamond-chain/256/light	cfg	1283470	0	0
14	diamond-chain/256/light	emission_exclusive	23430878	996897	19787059
14	diamond-chain/256/light	serialization	7864034	70976	1469655
14	diamond-chain/256/light	combined	33401611	1081607	22299042
14	diamond-chain/256/heavy	ir	2333257	38566	3675321
14	diamond-chain/256/heavy	cfg	1250607	0	0
14	diamond-chain/256/heavy	emission_exclusive	62538399	2025306	48439647
14	diamond-chain/256/heavy	serialization	26515287	70978	4775489
14	diamond-chain/256/heavy	combined	92637700	2134850	56890457
14	diamond-chain/1024/base	ir	5827730	48419	3900447
14	diamond-chain/1024/base	cfg	21478573	0	0
14	diamond-chain/1024/base	emission_exclusive	88200782	3667460	120635206
14	diamond-chain/1024/base	serialization	33866280	282946	5863533
14	diamond-chain/1024/base	combined	149373566	3998825	130399186
14	diamond-chain/1024/light	ir	7010560	54904	4183009
14	diamond-chain/1024/light	cfg	18401169	0	0
14	diamond-chain/1024/light	emission_exclusive	93768239	3983307	125080753
14	diamond-chain/1024/light	serialization	33549311	282946	5857869
14	diamond-chain/1024/light	combined	152729509	4321157	135121631
14	diamond-chain/1024/heavy	ir	24169086	154232	14714882
14	diamond-chain/1024/heavy	cfg	20568251	0	0
14	diamond-chain/1024/heavy	emission_exclusive	253439095	8095428	239697466
14	diamond-chain/1024/heavy	serialization	106234896	282948	19081271
14	diamond-chain/1024/heavy	combined	404411508	8532608	273493619
14	fan-in/64/base	ir	145024	3035	243042
14	fan-in/64/base	cfg	79621	0	0
14	fan-in/64/base	emission_exclusive	26405168	374084	8862989
14	fan-in/64/base	serialization	5846036	23502	433675
14	fan-in/64/base	combined	32476089	400621	9539706
14	fan-in/256/base	ir	666933	12144	978787
14	fan-in/256/base	cfg	595697	0	0
14	fan-in/256/base	emission_exclusive	91019517	2690323	73940842
14	fan-in/256/base	serialization	18372154	169875	2040148
14	fan-in/256/base	combined	110654481	2872342	76959777
14	fan-in/1024/base	ir	6522245	48575	3929268
14	fan-in/1024/base	cfg	11363889	0	0
14	fan-in/1024/base	emission_exclusive	727079126	19571016	628456763
14	fan-in/1024/base	serialization	56248054	520489	7222939
14	fan-in/1024/base	combined	801213695	20140080	639608970
14	nested-loop/64/base	ir	122181	3028	240359
14	nested-loop/64/base	cfg	187255	0	0
14	nested-loop/64/base	emission_exclusive	4549620	158164	3203533
14	nested-loop/64/base	serialization	2087141	13198	348803
14	nested-loop/64/base	combined	6946338	174390	3792695
14	nested-loop/256/base	ir	631956	12105	966536
14	nested-loop/256/base	cfg	2289784	0	0
14	nested-loop/256/base	emission_exclusive	17191389	608659	17402870
14	nested-loop/256/base	serialization	8023627	48528	1356497
14	nested-loop/256/base	combined	28136886	669292	19725903
14	nested-loop/1024/base	ir	5599027	48407	3878737
14	nested-loop/1024/base	cfg	40135888	0	0
14	nested-loop/1024/base	emission_exclusive	67719445	2410535	149436100
14	nested-loop/1024/base	serialization	31786214	189842	5387591
14	nested-loop/1024/base	combined	145240724	2648784	158702428
14	multi-exit/64/base	ir	127622	3014	242868
14	multi-exit/64/base	cfg	82877	0	0
14	multi-exit/64/base	emission_exclusive	30074613	1057206	21442992
14	multi-exit/64/base	serialization	8955130	46594	569880
14	multi-exit/64/base	combined	39240382	1106814	22255740
14	multi-exit/256/base	ir	677683	12119	977717
14	multi-exit/256/base	cfg	580779	0	0
14	multi-exit/256/base	emission_exclusive	126244399	4323519	103684200
14	multi-exit/256/base	serialization	19669990	175763	2079434
14	multi-exit/256/base	combined	147173011	4511401	106741351
14	multi-exit/1024/base	ir	6291048	48549	3928190
14	multi-exit/1024/base	cfg	13041555	0	0
14	multi-exit/1024/base	emission_exclusive	839831307	25295763	735568095
14	multi-exit/1024/base	serialization	58491099	520489	7238547
14	multi-exit/1024/base	combined	917655249	25864801	746734832
14	no-exit/64/base	ir	121249	3036	240455
14	no-exit/64/base	cfg	51187	0	0
14	no-exit/64/base	emission_exclusive	4152809	145625	2621882
14	no-exit/64/base	serialization	1995147	12278	343391
14	no-exit/64/base	combined	6320523	160939	3205728
14	no-exit/256/base	ir	630313	12113	966632
14	no-exit/256/base	cfg	439782	0	0
14	no-exit/256/base	emission_exclusive	16043938	578412	11987138
14	no-exit/256/base	serialization	7763935	47608	1349547
14	no-exit/256/base	combined	24878108	638133	14303317
14	no-exit/1024/base	ir	5635957	48415	3878833
14	no-exit/1024/base	cfg	8976691	0	0
14	no-exit/1024/base	emission_exclusive	62731975	2309490	73811799
14	no-exit/1024/base	serialization	30689197	188922	5374495
14	no-exit/1024/base	combined	108034020	2546827	83065127
14	irreducible/64/base	ir	129565	3032	242131
14	irreducible/64/base	cfg	95040	0	0
14	irreducible/64/base	emission_exclusive	1090153565	16409799	363084941
14	irreducible/64/base	serialization	312940417	2739433	16602620
14	irreducible/64/base	combined	1403318908	19152264	379929692
14	irreducible/256/base	ir	670198	12113	974548
14	irreducible/256/base	cfg	1193719	0	0
14	irreducible/256/base	emission_exclusive	2019872247	26436815	661980200
14	irreducible/256/base	serialization	449905758	3945831	24608381
14	irreducible/256/base	combined	2471642705	30394759	687563129
14	irreducible/1024/base	ir	6180167	48419	3911709
14	irreducible/1024/base	cfg	18751973	0	0
14	irreducible/1024/base	emission_exclusive	3189005102	44110148	1232171031
14	irreducible/1024/base	serialization	577226784	5140545	34956339
14	irreducible/1024/base	combined	3791164628	49299112	1271039079
