run	case	phase	nanos	alloc_count	alloc_bytes
0	linear/64/base	ir	146507	3026	240174
0	linear/64/base	cfg	119075	0	0
0	linear/64/base	emission_exclusive	3880486	140898	2638299
0	linear/64/base	serialization	1824623	12094	341915
0	linear/64/base	combined	5973828	156018	3220388
0	linear/64/light	ir	134665	3433	258352
0	linear/64/light	cfg	98676	0	0
0	linear/64/light	emission_exclusive	4094180	156825	2850866
0	linear/64/light	serialization	1801159	12094	341531
0	linear/64/light	combined	6128790	172352	3450749
0	linear/64/heavy	ir	997939	9640	916241
0	linear/64/heavy	cfg	144964	0	0
0	linear/64/heavy	emission_exclusive	12789807	327508	8490035
0	linear/64/heavy	serialization	6601335	12096	1167973
0	linear/64/heavy	combined	20534285	349244	10574249
0	linear/256/base	ir	629322	12103	966351
0	linear/256/base	cfg	1377958	0	0
0	linear/256/base	emission_exclusive	14742193	558295	13665132
0	linear/256/base	serialization	7041098	47424	1346537
0	linear/256/base	combined	23790701	617822	15978020
0	linear/256/light	ir	705806	13724	1036945
0	linear/256/light	cfg	1054565	0	0
0	linear/256/light	emission_exclusive	16177901	622853	14535262
0	linear/256/light	serialization	7346736	47424	1345097
0	linear/256/light	combined	25285148	684001	16917304
0	linear/256/heavy	ir	2916540	38556	3669938
0	linear/256/heavy	cfg	1289661	0	0
0	linear/256/heavy	emission_exclusive	47706105	1301966	37053122
0	linear/256/heavy	serialization	27448604	47426	4650931
0	linear/256/heavy	combined	79361141	1387948	45373991
0	linear/1024/base	ir	5526651	48405	3878552
0	linear/1024/base	cfg	23562929	0	0
0	linear/1024/base	emission_exclusive	60369924	2227809	106466310
0	linear/1024/base	serialization	29790325	188738	5365343
0	linear/1024/base	combined	119250070	2464952	115710205
0	linear/1024/light	ir	6790592	54890	4161114
0	linear/1024/light	cfg	22858284	0	0
0	linear/1024/light	emission_exclusive	64439788	2486886	109967920
0	linear/1024/light	serialization	29433751	188738	5359679
0	linear/1024/light	combined	123522546	2730514	119488713
0	linear/1024/heavy	ir	26681672	154218	14692987
0	linear/1024/heavy	cfg	22344683	0	0
0	linear/1024/heavy	emission_exclusive	191429726	5199855	200017585
0	linear/1024/heavy	serialization	109817256	188740	18583081
0	linear/1024/heavy	combined	350273547	5542813	233293653
0	diamond-chain/64/base	ir	148671	3032	241429
0	diamond-chain/64/base	cfg	117833	0	0
0	diamond-chain/64/base	emission_exclusive	5819655	231315	3991572
0	diamond-chain/64/base	serialization	2179395	17982	373065
0	diamond-chain/64/base	combined	8265694	252329	4606066
0	diamond-chain/64/light	ir	140115	3439	259607
0	diamond-chain/64/light	cfg	110279	0	0
0	diamond-chain/64/light	emission_exclusive	6098002	250653	4261308
0	diamond-chain/64/light	serialization	2142525	17982	372681
0	diamond-chain/64/light	combined	8491032	272074	4893596
0	diamond-chain/64/heavy	ir	401991	9646	917496
0	diamond-chain/64/heavy	cfg	106561	0	0
0	diamond-chain/64/heavy	emission_exclusive	16046071	508168	11427125
0	diamond-chain/64/heavy	serialization	7010710	17984	1199123
0	diamond-chain/64/heavy	combined	23565453	535798	13543744
0	diamond-chain/256/base	ir	644460	12113	971734
0	diamond-chain/256/base	cfg	1272358	0	0
0	diamond-chain/256/base	emission_exclusive	22551434	918258	18682496
0	diamond-chain/256/base	serialization	8506140	70976	1471095
0	diamond-chain/256/base	combined	32974512	1001347	21125325
0	diamond-chain/256/light	ir	738508	13734	1042328
0	diamond-chain/256/light	cfg	1244074	0	0
0	diamond-chain/256/light	emission_exclusive	23895358	996897	19787059
0	diamond-chain/256/light	serialization	8415028	70976	1469655
0	diamond-chain/256/light	combined	34293098	1081607	22299042
0	diamond-chain/256/heavy	ir	2393349	38566	3675321
0	diamond-chain/256/heavy	cfg	1237993	0	0
0	diamond-chain/256/heavy	emission_exclusive	63453903	2025306	48439647
0	diamond-chain/256/heavy	serialization	29427648	70978	4775489
0	diamond-chain/256/heavy	combined	96513053	2134850	56890457
0	diamond-chain/1024/base	ir	5809546	48419	3900447
0	diamond-chain/1024/base	cfg	22373528	0	0
0	diamond-chain/1024/base	emission_exclusive	89986852	3667460	120635206
0	diamond-chain/1024/base	serialization	35359707	282946	5863533
0	diamond-chain/1024/base	combined	153529843	3998825	130399186
0	diamond-chain/1024/light	ir	6896524	54904	4183009
0	diamond-chain/1024/light	cfg	19335557	0	0
0	diamond-chain/1024/light	emission_exclusive	95512731	3983307	125080753
0	diamond-chain/1024/light	serialization	34822630	282946	5857869
0	diamond-chain/1024/light	combined	156567642	4321157	135121631
0	diamond-chain/1024/heavy	ir	24395876	154232	14714882
0	diamond-chain/1024/heavy	cfg	21662462	0	0
0	diamond-chain/1024/heavy	emission_exclusive	261753611	8095428	239697466
0	diamond-chain/1024/heavy	serialization	119241103	282948	19081271
0	diamond-chain/1024/heavy	combined	427053282	8532608	273493619
0	fan-in/64/base	ir	152910	3035	243042
0	fan-in/64/base	cfg	85081	0	0
0	fan-in/64/base	emission_exclusive	33717278	374084	8862989
0	fan-in/64/base	serialization	6548775	23502	433675
0	fan-in/64/base	combined	40504154	400621	9539706
0	fan-in/256/base	ir	679617	12144	978787
0	fan-in/256/base	cfg	609784	0	0
0	fan-in/256/base	emission_exclusive	108241833	3819139	76937446
0	fan-in/256/base	serialization	19235008	169875	2040148
0	fan-in/256/base	combined	128766402	4001158	79956381
0	fan-in/1024/base	ir	6302749	48575	3929268
0	fan-in/1024/base	cfg	11335065	0	0
0	fan-in/1024/base	emission_exclusive	872486139	33453456	663421693
0	fan-in/1024/base	serialization	59022163	520489	7222939
0	fan-in/1024/base	combined	949146698	34022520	674573900
0	nested-loop/64/base	ir	132761	3028	240359
0	nested-loop/64/base	cfg	187856	0	0
0	nested-loop/64/base	emission_exclusive	4742936	158164	3203533
0	nested-loop/64/base	serialization	2197490	13198	348803
0	nested-loop/64/base	combined	7261173	174390	3792695
0	nested-loop/256/base	ir	638058	12105	966536
0	nested-loop/256/base	cfg	2334298	0	0
0	nested-loop/256/base	emission_exclusive	17818415	608659	17402870
0	nested-loop/256/base	serialization	8437591	48528	1356497
0	nested-loop/256/base	combined	29228492	669292	19725903
0	nested-loop/1024/base	ir	5787284	48407	3878737
0	nested-loop/1024/base	cfg	40924149	0	0
0	nested-loop/1024/base	emission_exclusive	70143633	2410535	149436100
0	nested-loop/1024/base	serialization	33370181	189842	5387591
0	nested-loop/1024/base	combined	150225508	2648784	158702428
0	multi-exit/64/base	ir	129825	3014	242868
0	multi-exit/64/base	cfg	89239	0	0
0	multi-exit/64/base	emission_exclusive	31576085	1057206	21442992
0	multi-exit/64/base	serialization	9459084	46594	569880
0	multi-exit/64/base	combined	41254404	1106814	22255740
0	multi-exit/256/base	ir	683233	12119	977717
0	multi-exit/256/base	cfg	618841	0	0
0	multi-exit/256/base	emission_exclusive	140510009	5477133	106749130
0	multi-exit/256/base	serialization	20576365	175763	2079434
0	multi-exit/256/base	combined	162388689	5665015	109806281
0	multi-exit/1024/base	ir	6543475	48549	3928190
0	multi-exit/1024/base	cfg	12621229	0	0
0	multi-exit/1024/base	emission_exclusive	975243972	39137448	770432210
0	multi-exit/1024/base	serialization	60374573	520489	7238547
0	multi-exit/1024/base	combined	1054783470	39706486	781598947
0	no-exit/64/base	ir	126640	3036	240455
0	no-exit/64/base	cfg	54293	0	0
0	no-exit/64/base	emission_exclusive	4187355	145625	2621882
0	no-exit/64/base	serialization	2060691	12278	343391
0	no-exit/64/base	combined	6429149	160939	3205728
0	no-exit/256/base	ir	643097	12113	966632
0	no-exit/256/base	cfg	473015	0	0
0	no-exit/256/base	emission_exclusive	16116625	578412	11987138
0	no-exit/256/base	serialization	8055607	47608	1349547
0	no-exit/256/base	combined	25288464	638133	14303317
0	no-exit/1024/base	ir	5800209	48415	3878833
0	no-exit/1024/base	cfg	8936705	0	0
0	no-exit/1024/base	emission_exclusive	63771452	2309490	73811799
0	no-exit/1024/base	serialization	31943671	188922	5374495
0	no-exit/1024/base	combined	110452348	2546827	83065127
0	irreducible/64/base	ir	127691	3032	242131
0	irreducible/64/base	cfg	99308	0	0
0	irreducible/64/base	emission_exclusive	1224933599	20020919	375957323
0	irreducible/64/base	serialization	326641687	2739433	16602620
0	irreducible/64/base	combined	1551802615	22763384	392802074
0	irreducible/256/base	ir	693683	12113	974548
0	irreducible/256/base	cfg	1251028	0	0
0	irreducible/256/base	emission_exclusive	2415054161	50823127	727892844
0	irreducible/256/base	serialization	475266694	3945831	24608381
0	irreducible/256/base	combined	2892265906	54781071	753475773
0	irreducible/1024/base	ir	6054249	48419	3911709
0	irreducible/1024/base	cfg	19303607	0	0
0	irreducible/1024/base	emission_exclusive	3975260577	121441564	1430393117
0	irreducible/1024/base	serialization	578830410	5140545	34956339
0	irreducible/1024/base	combined	4579449073	126630528	1469261165
1	linear/64/base	ir	149914	3026	240174
1	linear/64/base	cfg	114116	0	0
1	linear/64/base	emission_exclusive	3904600	140898	2638299
1	linear/64/base	serialization	1819684	12094	341915
1	linear/64/base	combined	5992151	156018	3220388
1	linear/64/light	ir	134054	3433	258352
1	linear/64/light	cfg	99278	0	0
1	linear/64/light	emission_exclusive	4081575	156825	2850866
1	linear/64/light	serialization	1801651	12094	341531
1	linear/64/light	combined	6116678	172352	3450749
1	linear/64/heavy	ir	470400	9640	916241
1	linear/64/heavy	cfg	92715	0	0
1	linear/64/heavy	emission_exclusive	12215081	327508	8490035
1	linear/64/heavy	serialization	6924856	12096	1167973
1	linear/64/heavy	combined	19703203	349244	10574249
1	linear/256/base	ir	634811	12103	966351
1	linear/256/base	cfg	1366977	0	0
1	linear/256/base	emission_exclusive	15132022	558295	13665132
1	linear/256/base	serialization	7370520	47424	1346537
1	linear/256/base	combined	24504460	617822	15978020
1	linear/256/light	ir	702500	13724	1036945
1	linear/256/light	cfg	1117104	0	0
1	linear/256/light	emission_exclusive	16267260	622853	14535262
1	linear/256/light	serialization	7326677	47424	1345097
1	linear/256/light	combined	25413651	684001	16917304
1	linear/256/heavy	ir	2759273	38556	3669938
1	linear/256/heavy	cfg	1255466	0	0
1	linear/256/heavy	emission_exclusive	47868322	1301966	37053122
1	linear/256/heavy	serialization	27331631	47426	4650931
1	linear/256/heavy	combined	79214853	1387948	45373991
1	linear/1024/base	ir	5501433	48405	3878552
1	linear/1024/base	cfg	23426850	0	0
1	linear/1024/base	emission_exclusive	59737537	2227809	106466310
1	linear/1024/base	serialization	29699844	188738	5365343
1	linear/1024/base	combined	118365875	2464952	115710205
1	linear/1024/light	ir	6718416	54890	4161114
1	linear/1024/light	cfg	23096115	0	0
1	linear/1024/light	emission_exclusive	65473383	2486886	109967920
1	linear/1024/light	serialization	29826063	188738	5359679
1	linear/1024/light	combined	125114107	2730514	119488713
1	linear/1024/heavy	ir	26633861	154218	14692987
1	linear/1024/heavy	cfg	22200298	0	0
1	linear/1024/heavy	emission_exclusive	192087962	5199855	200017585
1	linear/1024/heavy	serialization	109359778	188740	18583081
1	linear/1024/heavy	combined	350282189	5542813	233293653
1	diamond-chain/64/base	ir	149643	3032	241429
1	diamond-chain/64/base	cfg	117132	0	0
1	diamond-chain/64/base	emission_exclusive	5711520	231315	3991572
1	diamond-chain/64/base	serialization	2165118	17982	373065
1	diamond-chain/64/base	combined	8143704	252329	4606066
1	diamond-chain/64/light	ir	135106	3439	259607
1	diamond-chain/64/light	cfg	108395	0	0
1	diamond-chain/64/light	emission_exclusive	6110957	250653	4261308
1	diamond-chain/64/light	serialization	2173574	17982	372681
1	diamond-chain/64/light	combined	8528162	272074	4893596
1	diamond-chain/64/heavy	ir	400768	9646	917496
1	diamond-chain/64/heavy	cfg	106151	0	0
1	diamond-chain/64/heavy	emission_exclusive	16118298	508168	11427125
1	diamond-chain/64/heavy	serialization	7060163	17984	1199123
1	diamond-chain/64/heavy	combined	23685510	535798	13543744
1	diamond-chain/256/base	ir	639811	12113	971734
1	diamond-chain/256/base	cfg	1292967	0	0
1	diamond-chain/256/base	emission_exclusive	22704945	918258	18682496
1	diamond-chain/256/base	serialization	8634021	70976	1471095
1	diamond-chain/256/base	combined	33271894	1001347	21125325
1	diamond-chain/256/light	ir	739751	13734	1042328
1	diamond-chain/256/light	cfg	1235729	0	0
1	diamond-chain/256/light	emission_exclusive	24187130	996897	19787059
1	diamond-chain/256/light	serialization	8482945	70976	1469655
1	diamond-chain/256/light	combined	34645685	1081607	22299042
1	diamond-chain/256/heavy	ir	2371088	38566	3675321
1	diamond-chain/256/heavy	cfg	1246769	0	0
1	diamond-chain/256/heavy	emission_exclusive	64488119	2025306	48439647
1	diamond-chain/256/heavy	serialization	28085868	70978	4775489
1	diamond-chain/256/heavy	combined	96191995	2134850	56890457
1	diamond-chain/1024/base	ir	5741758	48419	3900447
1	diamond-chain/1024/base	cfg	22661652	0	0
1	diamond-chain/1024/base	emission_exclusive	90421654	3667460	120635206
1	diamond-chain/1024/base	serialization	34251448	282946	5863533
1	diamond-chain/1024/base	combined	153076662	3998825	130399186
1	diamond-chain/1024/light	ir	6788039	54904	4183009
1	diamond-chain/1024/light	cfg	19688465	0	0
1	diamond-chain/1024/light	emission_exclusive	96418604	3983307	125080753
1	diamond-chain/1024/light	serialization	33795476	282946	5857869
1	diamond-chain/1024/light	combined	156690794	4321157	135121631
1	diamond-chain/1024/heavy	ir	24792025	154232	14714882
1	diamond-chain/1024/heavy	cfg	22148100	0	0
1	diamond-chain/1024/heavy	emission_exclusive	256023373	8095428	239697466
1	diamond-chain/1024/heavy	serialization	113049462	282948	19081271
1	diamond-chain/1024/heavy	combined	416013651	8532608	273493619
1	fan-in/64/base	ir	149914	3035	243042
1	fan-in/64/base	cfg	81494	0	0
1	fan-in/64/base	emission_exclusive	31181658	374084	8862989
1	fan-in/64/base	serialization	6202500	23502	433675
1	fan-in/64/base	combined	37615826	400621	9539706
1	fan-in/256/base	ir	677232	12144	978787
1	fan-in/256/base	cfg	628830	0	0
1	fan-in/256/base	emission_exclusive	106414734	3819139	76937446
1	fan-in/256/base	serialization	18430012	169875	2040148
1	fan-in/256/base	combined	126150960	4001158	79956381
1	fan-in/1024/base	ir	6735468	48575	3929268
1	fan-in/1024/base	cfg	11188507	0	0
1	fan-in/1024/base	emission_exclusive	859692895	33453456	663421693
1	fan-in/1024/base	serialization	55724752	520489	7222939
1	fan-in/1024/base	combined	933341822	34022520	674573900
1	nested-loop/64/base	ir	137620	3028	240359
1	nested-loop/64/base	cfg	188527	0	0
1	nested-loop/64/base	emission_exclusive	4610747	158164	3203533
1	nested-loop/64/base	serialization	2073204	13198	348803
1	nested-loop/64/base	combined	7010208	174390	3792695
1	nested-loop/256/base	ir	635052	12105	966536
1	nested-loop/256/base	cfg	2354166	0	0
1	nested-loop/256/base	emission_exclusive	17624118	608659	17402870
1	nested-loop/256/base	serialization	8094510	48528	1356497
1	nested-loop/256/base	combined	28707986	669292	19725903
1	nested-loop/1024/base	ir	5559213	48407	3878737
1	nested-loop/1024/base	cfg	40455631	0	0
1	nested-loop/1024/base	emission_exclusive	70528561	2410535	149436100
1	nested-loop/1024/base	serialization	32082914	189842	5387591
1	nested-loop/1024/base	combined	148626640	2648784	158702428
1	multi-exit/64/base	ir	140516	3014	242868
1	multi-exit/64/base	cfg	89008	0	0
1	multi-exit/64/base	emission_exclusive	30665632	1057206	21442992
1	multi-exit/64/base	serialization	9046724	46594	569880
1	multi-exit/64/base	combined	39942030	1106814	22255740
1	multi-exit/256/base	ir	680678	12119	977717
1	multi-exit/256/base	cfg	622989	0	0
1	multi-exit/256/base	emission_exclusive	138645649	5477133	106749130
1	multi-exit/256/base	serialization	19668337	175763	2079434
1	multi-exit/256/base	combined	159617813	5665015	109806281
1	multi-exit/1024/base	ir	6487810	48549	3928190
1	multi-exit/1024/base	cfg	12915165	0	0
1	multi-exit/1024/base	emission_exclusive	976689988	39137448	770432210
1	multi-exit/1024/base	serialization	58597129	520489	7238547
1	multi-exit/1024/base	combined	1054690652	39706486	781598947
1	no-exit/64/base	ir	130287	3036	240455
1	no-exit/64/base	cfg	53060	0	0
1	no-exit/64/base	emission_exclusive	4215970	145625	2621882
1	no-exit/64/base	serialization	1991970	12278	343391
1	no-exit/64/base	combined	6391407	160939	3205728
1	no-exit/256/base	ir	640773	12113	966632
1	no-exit/256/base	cfg	470260	0	0
1	no-exit/256/base	emission_exclusive	16283941	578412	11987138
1	no-exit/256/base	serialization	7823649	47608	1349547
1	no-exit/256/base	combined	25218753	638133	14303317
1	no-exit/1024/base	ir	5536930	48415	3878833
1	no-exit/1024/base	cfg	8921847	0	0
1	no-exit/1024/base	emission_exclusive	64750265	2309490	73811799
1	no-exit/1024/base	serialization	31005595	188922	5374495
1	no-exit/1024/base	combined	110214787	2546827	83065127
1	irreducible/64/base	ir	130247	3032	242131
1	irreducible/64/base	cfg	96993	0	0
1	irreducible/64/base	emission_exclusive	1182979507	20020919	375957323
1	irreducible/64/base	serialization	315446745	2739433	16602620
1	irreducible/64/base	combined	1498653732	22763384	392802074
1	irreducible/256/base	ir	702620	12113	974548
1	irreducible/256/base	cfg	1250326	0	0
1	irreducible/256/base	emission_exclusive	2338785467	50823127	727892844
1	irreducible/256/base	serialization	452049354	3945831	24608381
1	irreducible/256/base	combined	2792787918	54781071	753475773
1	irreducible/1024/base	ir	6235081	48419	3911709
1	irreducible/1024/base	cfg	19238824	0	0
1	irreducible/1024/base	emission_exclusive	3958311101	121441564	1430393117
1	irreducible/1024/base	serialization	578689938	5140545	34956339
1	irreducible/1024/base	combined	4562475104	126630528	1469261165
2	linear/64/base	ir	147268	3026	240174
2	linear/64/base	cfg	114747	0	0
2	linear/64/base	emission_exclusive	3834999	140898	2638299
2	linear/64/base	serialization	1827108	12094	341915
2	linear/64/base	combined	5927248	156018	3220388
2	linear/64/light	ir	133863	3433	258352
2	linear/64/light	cfg	98527	0	0
2	linear/64/light	emission_exclusive	4067529	156825	2850866
2	linear/64/light	serialization	1820716	12094	341531
2	linear/64/light	combined	6120765	172352	3450749
2	linear/64/heavy	ir	478706	9640	916241
2	linear/64/heavy	cfg	90852	0	0
2	linear/64/heavy	emission_exclusive	12009600	327508	8490035
2	linear/64/heavy	serialization	6892836	12096	1167973
2	linear/64/heavy	combined	19472124	349244	10574249
2	linear/256/base	ir	629051	12103	966351
2	linear/256/base	cfg	1350266	0	0
2	linear/256/base	emission_exclusive	14915501	558295	13665132
2	linear/256/base	serialization	7379787	47424	1346537
2	linear/256/base	combined	24274735	617822	15978020
2	linear/256/light	ir	701648	13724	1036945
2	linear/256/light	cfg	1048444	0	0
2	linear/256/light	emission_exclusive	16132064	622853	14535262
2	linear/256/light	serialization	7348078	47424	1345097
2	linear/256/light	combined	25230364	684001	16917304
2	linear/256/heavy	ir	2688468	38556	3669938
2	linear/256/heavy	cfg	1264013	0	0
2	linear/256/heavy	emission_exclusive	47425322	1301966	37053122
2	linear/256/heavy	serialization	27310211	47426	4650931
2	linear/256/heavy	combined	78688194	1387948	45373991
2	linear/1024/base	ir	5406553	48405	3878552
2	linear/1024/base	cfg	23552118	0	0
2	linear/1024/base	emission_exclusive	59291661	2227809	106466310
2	linear/1024/base	serialization	29406948	188738	5365343
2	linear/1024/base	combined	117657571	2464952	115710205
2	linear/1024/light	ir	6963070	54890	4161114
2	linear/1024/light	cfg	22050014	0	0
2	linear/1024/light	emission_exclusive	63841493	2486886	109967920
2	linear/1024/light	serialization	29073547	188738	5359679
2	linear/1024/light	combined	121928345	2730514	119488713
2	linear/1024/heavy	ir	26515956	154218	14692987
2	linear/1024/heavy	cfg	21684753	0	0
2	linear/1024/heavy	emission_exclusive	190538373	5199855	200017585
2	linear/1024/heavy	serialization	109150569	188740	18583081
2	linear/1024/heavy	combined	347889963	5542813	233293653
2	diamond-chain/64/base	ir	142320	3032	241429
2	diamond-chain/64/base	cfg	117322	0	0
2	diamond-chain/64/base	emission_exclusive	5698255	231315	3991572
2	diamond-chain/64/base	serialization	2158796	17982	373065
2	diamond-chain/64/base	combined	8116833	252329	4606066
2	diamond-chain/64/light	ir	138171	3439	259607
2	diamond-chain/64/light	cfg	108595	0	0
2	diamond-chain/64/light	emission_exclusive	6011308	250653	4261308
2	diamond-chain/64/light	serialization	2140160	17982	372681
2	diamond-chain/64/light	combined	8398345	272074	4893596
2	diamond-chain/64/heavy	ir	396620	9646	917496
2	diamond-chain/64/heavy	cfg	106722	0	0
2	diamond-chain/64/heavy	emission_exclusive	16043626	508168	11427125
2	diamond-chain/64/heavy	serialization	7037279	17984	1199123
2	diamond-chain/64/heavy	combined	23584398	535798	13543744
2	diamond-chain/256/base	ir	663857	12113	971734
2	diamond-chain/256/base	cfg	1255165	0	0
2	diamond-chain/256/base	emission_exclusive	22502722	918258	18682496
2	diamond-chain/256/base	serialization	8543961	70976	1471095
2	diamond-chain/256/base	combined	32965815	1001347	21125325
2	diamond-chain/256/light	ir	727357	13734	1042328
2	diamond-chain/256/light	cfg	1223957	0	0
2	diamond-chain/256/light	emission_exclusive	23941083	996897	19787059
2	diamond-chain/256/light	serialization	8484048	70976	1469655
2	diamond-chain/256/light	combined	34376595	1081607	22299042
2	diamond-chain/256/heavy	ir	2329889	38566	3675321
2	diamond-chain/256/heavy	cfg	1255406	0	0
2	diamond-chain/256/heavy	emission_exclusive	64361979	2025306	48439647
2	diamond-chain/256/heavy	serialization	27867786	70978	4775489
2	diamond-chain/256/heavy	combined	95815200	2134850	56890457
2	diamond-chain/1024/base	ir	5666625	48419	3900447
2	diamond-chain/1024/base	cfg	21927974	0	0
2	diamond-chain/1024/base	emission_exclusive	90337562	3667460	120635206
2	diamond-chain/1024/base	serialization	33877069	282946	5863533
2	diamond-chain/1024/base	combined	151809380	3998825	130399186
2	diamond-chain/1024/light	ir	6843422	54904	4183009
2	diamond-chain/1024/light	cfg	19112914	0	0
2	diamond-chain/1024/light	emission_exclusive	96392545	3983307	125080753
2	diamond-chain/1024/light	serialization	33440152	282946	5857869
2	diamond-chain/1024/light	combined	155789273	4321157	135121631
2	diamond-chain/1024/heavy	ir	24421723	154232	14714882
2	diamond-chain/1024/heavy	cfg	21139772	0	0
2	diamond-chain/1024/heavy	emission_exclusive	258751820	8095428	239697466
2	diamond-chain/1024/heavy	serialization	112760863	282948	19081271
2	diamond-chain/1024/heavy	combined	417074338	8532608	273493619
2	fan-in/64/base	ir	138452	3035	243042
2	fan-in/64/base	cfg	76665	0	0
2	fan-in/64/base	emission_exclusive	31489160	374084	8862989
2	fan-in/64/base	serialization	6185467	23502	433675
2	fan-in/64/base	combined	37889884	400621	9539706
2	fan-in/256/base	ir	688162	12144	978787
2	fan-in/256/base	cfg	614673	0	0
2	fan-in/256/base	emission_exclusive	105890951	3819139	76937446
2	fan-in/256/base	serialization	18202431	169875	2040148
2	fan-in/256/base	combined	125396378	4001158	79956381
2	fan-in/1024/base	ir	6277220	48575	3929268
2	fan-in/1024/base	cfg	10905381	0	0
2	fan-in/1024/base	emission_exclusive	861126007	33453456	663421693
2	fan-in/1024/base	serialization	56431758	520489	7222939
2	fan-in/1024/base	combined	934740507	34022520	674573900
2	nested-loop/64/base	ir	124786	3028	240359
2	nested-loop/64/base	cfg	182886	0	0
2	nested-loop/64/base	emission_exclusive	4623641	158164	3203533
2	nested-loop/64/base	serialization	2102570	13198	348803
2	nested-loop/64/base	combined	7034024	174390	3792695
2	nested-loop/256/base	ir	631746	12105	966536
2	nested-loop/256/base	cfg	2326052	0	0
2	nested-loop/256/base	emission_exclusive	17423327	608659	17402870
2	nested-loop/256/base	serialization	8088278	48528	1356497
2	nested-loop/256/base	combined	28469544	669292	19725903
2	nested-loop/1024/base	ir	5457589	48407	3878737
2	nested-loop/1024/base	cfg	40338107	0	0
2	nested-loop/1024/base	emission_exclusive	68469404	2410535	149436100
2	nested-loop/1024/base	serialization	31768599	189842	5387591
2	nested-loop/1024/base	combined	146033929	2648784	158702428
2	multi-exit/64/base	ir	124576	3014	242868
2	multi-exit/64/base	cfg	82757	0	0
2	multi-exit/64/base	emission_exclusive	31235379	1057206	21442992
2	multi-exit/64/base	serialization	8959558	46594	569880
2	multi-exit/64/base	combined	40402440	1106814	22255740
2	multi-exit/256/base	ir	672943	12119	977717
2	multi-exit/256/base	cfg	589175	0	0
2	multi-exit/256/base	emission_exclusive	137130418	5477133	106749130
2	multi-exit/256/base	serialization	19466214	175763	2079434
2	multi-exit/256/base	combined	157858910	5665015	109806281
2	multi-exit/1024/base	ir	6444988	48549	3928190
2	multi-exit/1024/base	cfg	12397775	0	0
2	multi-exit/1024/base	emission_exclusive	967201666	39137448	770432210
2	multi-exit/1024/base	serialization	58329350	520489	7238547
2	multi-exit/1024/base	combined	1044373929	39706486	781598947
2	no-exit/64/base	ir	121009	3036	240455
2	no-exit/64/base	cfg	51077	0	0
2	no-exit/64/base	emission_exclusive	4292955	145625	2621882
2	no-exit/64/base	serialization	1974808	12278	343391
2	no-exit/64/base	combined	6439999	160939	3205728
2	no-exit/256/base	ir	636125	12113	966632
2	no-exit/256/base	cfg	438169	0	0
2	no-exit/256/base	emission_exclusive	16024820	578412	11987138
2	no-exit/256/base	serialization	7749026	47608	1349547
2	no-exit/256/base	combined	24848250	638133	14303317
2	no-exit/1024/base	ir	5498658	48415	3878833
2	no-exit/1024/base	cfg	8866080	0	0
2	no-exit/1024/base	emission_exclusive	63670740	2309490	73811799
2	no-exit/1024/base	serialization	30795557	188922	5374495
2	no-exit/1024/base	combined	108831165	2546827	83065127
2	irreducible/64/base	ir	120508	3032	242131
2	irreducible/64/base	cfg	90301	0	0
2	irreducible/64/base	emission_exclusive	1163789667	20020919	375957323
2	irreducible/64/base	serialization	313626651	2739433	16602620
2	irreducible/64/base	combined	1477627809	22763384	392802074
2	irreducible/256/base	ir	691549	12113	974548
2	irreducible/256/base	cfg	1241279	0	0
2	irreducible/256/base	emission_exclusive	2287417005	50823127	727892844
2	irreducible/256/base	serialization	449367858	3945831	24608381
2	irreducible/256/base	combined	2738717941	54781071	753475773
2	irreducible/1024/base	ir	5804707	48419	3911709
2	irreducible/1024/base	cfg	18844276	0	0
2	irreducible/1024/base	emission_exclusive	3936624019	121441564	1430393117
2	irreducible/1024/base	serialization	579098317	5140545	34956339
2	irreducible/1024/base	combined	4540371569	126630528	1469261165
3	linear/64/base	ir	147029	3026	240174
3	linear/64/base	cfg	113545	0	0
3	linear/64/base	emission_exclusive	3871878	140898	2638299
3	linear/64/base	serialization	1815566	12094	341915
3	linear/64/base	combined	5951304	156018	3220388
3	linear/64/light	ir	134014	3433	258352
3	linear/64/light	cfg	90481	0	0
3	linear/64/light	emission_exclusive	4073039	156825	2850866
3	linear/64/light	serialization	1813302	12094	341531
3	linear/64/light	combined	6110946	172352	3450749
3	linear/64/heavy	ir	476892	9640	916241
3	linear/64/heavy	cfg	92245	0	0
3	linear/64/heavy	emission_exclusive	12022645	327508	8490035
3	linear/64/heavy	serialization	6921681	12096	1167973
3	linear/64/heavy	combined	19513664	349244	10574249
3	linear/256/base	ir	631375	12103	966351
3	linear/256/base	cfg	1474300	0	0
3	linear/256/base	emission_exclusive	14904610	558295	13665132
3	linear/256/base	serialization	7406018	47424	1346537
3	linear/256/base	combined	24416453	617822	15978020
3	linear/256/light	ir	702360	13724	1036945
3	linear/256/light	cfg	1304308	0	0
3	linear/256/light	emission_exclusive	16150789	622853	14535262
3	linear/256/light	serialization	7329993	47424	1345097
3	linear/256/light	combined	25487580	684001	16917304
3	linear/256/heavy	ir	2771696	38556	3669938
3	linear/256/heavy	cfg	1275163	0	0
3	linear/256/heavy	emission_exclusive	46756817	1301966	37053122
3	linear/256/heavy	serialization	25949485	47426	4650931
3	linear/256/heavy	combined	76753301	1387948	45373991
3	linear/1024/base	ir	5600550	48405	3878552
3	linear/1024/base	cfg	23442219	0	0
3	linear/1024/base	emission_exclusive	58108191	2227809	106466310
3	linear/1024/base	serialization	28076180	188738	5365343
3	linear/1024/base	combined	115227390	2464952	115710205
3	linear/1024/light	ir	6826410	54890	4161114
3	linear/1024/light	cfg	22167026	0	0
3	linear/1024/light	emission_exclusive	64899865	2486886	109967920
3	linear/1024/light	serialization	28988567	188738	5359679
3	linear/1024/light	combined	122882128	2730514	119488713
3	linear/1024/heavy	ir	26731344	154218	14692987
3	linear/1024/heavy	cfg	21876255	0	0
3	linear/1024/heavy	emission_exclusive	189778753	5199855	200017585
3	linear/1024/heavy	serialization	103490646	188740	18583081
3	linear/1024/heavy	combined	341877319	5542813	233293653
3	diamond-chain/64/base	ir	142089	3032	241429
3	diamond-chain/64/base	cfg	115077	0	0
3	diamond-chain/64/base	emission_exclusive	5674130	231315	3991572
3	diamond-chain/64/base	serialization	2170188	17982	373065
3	diamond-chain/64/base	combined	8101694	252329	4606066
3	diamond-chain/64/light	ir	136699	3439	259607
3	diamond-chain/64/light	cfg	108165	0	0
3	diamond-chain/64/light	emission_exclusive	5964770	250653	4261308
3	diamond-chain/64/light	serialization	2124010	17982	372681
3	diamond-chain/64/light	combined	8333764	272074	4893596
3	diamond-chain/64/heavy	ir	390710	9646	917496
3	diamond-chain/64/heavy	cfg	107343	0	0
3	diamond-chain/64/heavy	emission_exclusive	15814672	508168	11427125
3	diamond-chain/64/heavy	serialization	7055383	17984	1199123
3	diamond-chain/64/heavy	combined	23368238	535798	13543744
3	diamond-chain/256/base	ir	650962	12113	971734
3	diamond-chain/256/base	cfg	1267048	0	0
3	diamond-chain/256/base	emission_exclusive	21988198	918258	18682496
3	diamond-chain/256/base	serialization	8410709	70976	1471095
3	diamond-chain/256/base	combined	32317067	1001347	21125325
3	diamond-chain/256/light	ir	723119	13734	1042328
3	diamond-chain/256/light	cfg	1222684	0	0
3	diamond-chain/256/light	emission_exclusive	23234516	996897	19787059
3	diamond-chain/256/light	serialization	8377376	70976	1469655
3	diamond-chain/256/light	combined	33557835	1081607	22299042
3	diamond-chain/256/heavy	ir	2311445	38566	3675321
3	diamond-chain/256/heavy	cfg	1230739	0	0
3	diamond-chain/256/heavy	emission_exclusive	62476689	2025306	48439647
3	diamond-chain/256/heavy	serialization	26325136	70978	4775489
3	diamond-chain/256/heavy	combined	92344159	2134850	56890457
3	diamond-chain/1024/base	ir	5620168	48419	3900447
3	diamond-chain/1024/base	cfg	21957640	0	0
3	diamond-chain/1024/base	emission_exclusive	86532338	3667460	120635206
3	diamond-chain/1024/base	serialization	31936666	282946	5863533
3	diamond-chain/1024/base	combined	146046953	3998825	130399186
3	diamond-chain/1024/light	ir	6956185	54904	4183009
3	diamond-chain/1024/light	cfg	18842503	0	0
3	diamond-chain/1024/light	emission_exclusive	93400669	3983307	125080753
3	diamond-chain/1024/light	serialization	32952820	282946	5857869
3	diamond-chain/1024/light	combined	152152328	4321157	135121631
3	diamond-chain/1024/heavy	ir	23966712	154232	14714882
3	diamond-chain/1024/heavy	cfg	20866274	0	0
3	diamond-chain/1024/heavy	emission_exclusive	252804501	8095428	239697466
3	diamond-chain/1024/heavy	serialization	112316030	282948	19081271
3	diamond-chain/1024/heavy	combined	409953817	8532608	273493619
3	fan-in/64/base	ir	133232	3035	243042
3	fan-in/64/base	cfg	76445	0	0
3	fan-in/64/base	emission_exclusive	30706889	374084	8862989
3	fan-in/64/base	serialization	6170058	23502	433675
3	fan-in/64/base	combined	37086744	400621	9539706
3	fan-in/256/base	ir	678394	12144	978787
3	fan-in/256/base	cfg	576381	0	0
3	fan-in/256/base	emission_exclusive	105908652	3819139	76937446
3	fan-in/256/base	serialization	18298744	169875	2040148
3	fan-in/256/base	combined	125462321	4001158	79956381
3	fan-in/1024/base	ir	6309432	48575	3929268
3	fan-in/1024/base	cfg	11015328	0	0
3	fan-in/1024/base	emission_exclusive	858241609	33453456	663421693
3	fan-in/1024/base	serialization	56123164	520489	7222939
3	fan-in/1024/base	combined	931689683	34022520	674573900
3	nested-loop/64/base	ir	122021	3028	240359
3	nested-loop/64/base	cfg	184208	0	0
3	nested-loop/64/base	emission_exclusive	4601009	158164	3203533
3	nested-loop/64/base	serialization	2090156	13198	348803
3	nested-loop/64/base	combined	6997504	174390	3792695
3	nested-loop/256/base	ir	634821	12105	966536
3	nested-loop/256/base	cfg	2314991	0	0
3	nested-loop/256/base	emission_exclusive	17550299	608659	17402870
3	nested-loop/256/base	serialization	8016703	48528	1356497
3	nested-loop/256/base	combined	28516934	669292	19725903
3	nested-loop/1024/base	ir	5368821	48407	3878737
3	nested-loop/1024/base	cfg	40719058	0	0
3	nested-loop/1024/base	emission_exclusive	66700224	2410535	149436100
3	nested-loop/1024/base	serialization	30166686	189842	5387591
3	nested-loop/1024/base	combined	142954940	2648784	158702428
3	multi-exit/64/base	ir	124135	3014	242868
3	multi-exit/64/base	cfg	90402	0	0
3	multi-exit/64/base	emission_exclusive	29437505	1057206	21442992
3	multi-exit/64/base	serialization	8536366	46594	569880
3	multi-exit/64/base	combined	38188529	1106814	22255740
3	multi-exit/256/base	ir	672884	12119	977717
3	multi-exit/256/base	cfg	580609	0	0
3	multi-exit/256/base	emission_exclusive	137471811	5477133	106749130
3	multi-exit/256/base	serialization	19591992	175763	2079434
3	multi-exit/256/base	combined	158317427	5665015	109806281
3	multi-exit/1024/base	ir	6397669	48549	3928190
3	multi-exit/1024/base	cfg	12754310	0	0
3	multi-exit/1024/base	emission_exclusive	974363270	39137448	770432210
3	multi-exit/1024/base	serialization	58087522	520489	7238547
3	multi-exit/1024/base	combined	1051602911	39706486	781598947
3	no-exit/64/base	ir	119045	3036	240455
3	no-exit/64/base	cfg	50996	0	0
3	no-exit/64/base	emission_exclusive	4113336	145625	2621882
3	no-exit/64/base	serialization	1982242	12278	343391
3	no-exit/64/base	combined	6265729	160939	3205728
3	no-exit/256/base	ir	641053	12113	966632
3	no-exit/256/base	cfg	445283	0	0
3	no-exit/256/base	emission_exclusive	16083901	578412	11987138
3	no-exit/256/base	serialization	7783341	47608	1349547
3	no-exit/256/base	combined	24953689	638133	14303317
3	no-exit/1024/base	ir	5688587	48415	3878833
3	no-exit/1024/base	cfg	8867253	0	0
3	no-exit/1024/base	emission_exclusive	63476722	2309490	73811799
3	no-exit/1024/base	serialization	30715404	188922	5374495
3	no-exit/1024/base	combined	108748207	2546827	83065127
3	irreducible/64/base	ir	126850	3032	242131
3	irreducible/64/base	cfg	94840	0	0
3	irreducible/64/base	emission_exclusive	1167213735	20020919	375957323
3	irreducible/64/base	serialization	315689043	2739433	16602620
3	irreducible/64/base	combined	1483125119	22763384	392802074
3	irreducible/256/base	ir	695065	12113	974548
3	irreducible/256/base	cfg	1254535	0	0
3	irreducible/256/base	emission_exclusive	2325374693	50823127	727892844
3	irreducible/256/base	serialization	450016261	3945831	24608381
3	irreducible/256/base	combined	2777341105	54781071	753475773
3	irreducible/1024/base	ir	6014012	48419	3911709
3	irreducible/1024/base	cfg	19132812	0	0
3	irreducible/1024/base	emission_exclusive	3939540508	121441564	1430393117
3	irreducible/1024/base	serialization	580227839	5140545	34956339
3	irreducible/1024/base	combined	4544915473	126630528	1469261165
4	linear/64/base	ir	151808	3026	240174
4	linear/64/base	cfg	117202	0	0
4	linear/64/base	emission_exclusive	3912645	140898	2638299
4	linear/64/base	serialization	1807170	12094	341915
4	linear/64/base	combined	5992041	156018	3220388
4	linear/64/light	ir	138863	3433	258352
4	linear/64/light	cfg	98887	0	0
4	linear/64/light	emission_exclusive	4089330	156825	2850866
4	linear/64/light	serialization	1790699	12094	341531
4	linear/64/light	combined	6117899	172352	3450749
4	linear/64/heavy	ir	469618	9640	916241
4	linear/64/heavy	cfg	92025	0	0
4	linear/64/heavy	emission_exclusive	12020139	327508	8490035
4	linear/64/heavy	serialization	6726631	12096	1167973
4	linear/64/heavy	combined	19308584	349244	10574249
4	linear/256/base	ir	631425	12103	966351
4	linear/256/base	cfg	1415279	0	0
4	linear/256/base	emission_exclusive	14921742	558295	13665132
4	linear/256/base	serialization	7416046	47424	1346537
4	linear/256/base	combined	24384622	617822	15978020
4	linear/256/light	ir	708101	13724	1036945
4	linear/256/light	cfg	1286094	0	0
4	linear/256/light	emission_exclusive	16154705	622853	14535262
4	linear/256/light	serialization	7408061	47424	1345097
4	linear/256/light	combined	25557092	684001	16917304
4	linear/256/heavy	ir	2723053	38556	3669938
4	linear/256/heavy	cfg	1253803	0	0
4	linear/256/heavy	emission_exclusive	48208142	1301966	37053122
4	linear/256/heavy	serialization	27364592	47426	4650931
4	linear/256/heavy	combined	79549731	1387948	45373991
4	linear/1024/base	ir	5480824	48405	3878552
4	linear/1024/base	cfg	24102979	0	0
4	linear/1024/base	emission_exclusive	59392451	2227809	106466310
4	linear/1024/base	serialization	29507658	188738	5365343
4	linear/1024/base	combined	118484162	2464952	115710205
4	linear/1024/light	ir	6542994	54890	4161114
4	linear/1024/light	cfg	22650881	0	0
4	linear/1024/light	emission_exclusive	64419906	2486886	109967920
4	linear/1024/light	serialization	29368114	188738	5359679
4	linear/1024/light	combined	122982125	2730514	119488713
4	linear/1024/heavy	ir	26936622	154218	14692987
4	linear/1024/heavy	cfg	21899148	0	0
4	linear/1024/heavy	emission_exclusive	190714841	5199855	200017585
4	linear/1024/heavy	serialization	103913755	188740	18583081
4	linear/1024/heavy	combined	343464736	5542813	233293653
4	diamond-chain/64/base	ir	147088	3032	241429
4	diamond-chain/64/base	cfg	114917	0	0
4	diamond-chain/64/base	emission_exclusive	5583729	231315	3991572
4	diamond-chain/64/base	serialization	2063776	17982	373065
4	diamond-chain/64/base	combined	7909720	252329	4606066
4	diamond-chain/64/light	ir	166855	3439	259607
4	diamond-chain/64/light	cfg	114447	0	0
4	diamond-chain/64/light	emission_exclusive	6009614	250653	4261308
4	diamond-chain/64/light	serialization	2017339	17982	372681
4	diamond-chain/64/light	combined	8308385	272074	4893596
4	diamond-chain/64/heavy	ir	395569	9646	917496
4	diamond-chain/64/heavy	cfg	105911	0	0
4	diamond-chain/64/heavy	emission_exclusive	15588554	508168	11427125
4	diamond-chain/64/heavy	serialization	6965363	17984	1199123
4	diamond-chain/64/heavy	combined	23055537	535798	13543744
4	diamond-chain/256/base	ir	642876	12113	971734
4	diamond-chain/256/base	cfg	1294991	0	0
4	diamond-chain/256/base	emission_exclusive	22002804	918258	18682496
4	diamond-chain/256/base	serialization	8475070	70976	1471095
4	diamond-chain/256/base	combined	32415872	1001347	21125325
4	diamond-chain/256/light	ir	790566	13734	1042328
4	diamond-chain/256/light	cfg	1243573	0	0
4	diamond-chain/256/light	emission_exclusive	23628221	996897	19787059
4	diamond-chain/256/light	serialization	8358219	70976	1469655
4	diamond-chain/256/light	combined	34020730	1081607	22299042
4	diamond-chain/256/heavy	ir	2298249	38566	3675321
4	diamond-chain/256/heavy	cfg	1247641	0	0
4	diamond-chain/256/heavy	emission_exclusive	62980251	2025306	48439647
4	diamond-chain/256/heavy	serialization	27805627	70978	4775489
4	diamond-chain/256/heavy	combined	94331948	2134850	56890457
4	diamond-chain/1024/base	ir	5627962	48419	3900447
4	diamond-chain/1024/base	cfg	22499043	0	0
4	diamond-chain/1024/base	emission_exclusive	89901484	3667460	120635206
4	diamond-chain/1024/base	serialization	33954084	282946	5863533
4	diamond-chain/1024/base	combined	151982804	3998825	130399186
4	diamond-chain/1024/light	ir	6964191	54904	4183009
4	diamond-chain/1024/light	cfg	20019009	0	0
4	diamond-chain/1024/light	emission_exclusive	95555776	3983307	125080753
4	diamond-chain/1024/light	serialization	35196105	282946	5857869
4	diamond-chain/1024/light	combined	157735321	4321157	135121631
4	diamond-chain/1024/heavy	ir	25017470	154232	14714882
4	diamond-chain/1024/heavy	cfg	21853351	0	0
4	diamond-chain/1024/heavy	emission_exclusive	259702591	8095428	239697466
4	diamond-chain/1024/heavy	serialization	108064671	282948	19081271
4	diamond-chain/1024/heavy	combined	414638504	8532608	273493619
4	fan-in/64/base	ir	147670	3035	243042
4	fan-in/64/base	cfg	80823	0	0
4	fan-in/64/base	emission_exclusive	29289335	374084	8862989
4	fan-in/64/base	serialization	6013873	23502	433675
4	fan-in/64/base	combined	35531931	400621	9539706
4	fan-in/256/base	ir	692671	12144	978787
4	fan-in/256/base	cfg	615254	0	0
4	fan-in/256/base	emission_exclusive	106564913	3819139	76937446
4	fan-in/256/base	serialization	18319824	169875	2040148
4	fan-in/256/base	combined	126192832	4001158	79956381
4	fan-in/1024/base	ir	6550368	48575	3929268
4	fan-in/1024/base	cfg	11407511	0	0
4	fan-in/1024/base	emission_exclusive	870516962	33453456	663421693
4	fan-in/1024/base	serialization	57271656	520489	7222939
4	fan-in/1024/base	combined	945746748	34022520	674573900
4	nested-loop/64/base	ir	131458	3028	240359
4	nested-loop/64/base	cfg	190631	0	0
4	nested-loop/64/base	emission_exclusive	4672885	158164	3203533
4	nested-loop/64/base	serialization	2098632	13198	348803
4	nested-loop/64/base	combined	7093736	174390	3792695
4	nested-loop/256/base	ir	628029	12105	966536
4	nested-loop/256/base	cfg	2341662	0	0
4	nested-loop/256/base	emission_exclusive	17751718	608659	17402870
4	nested-loop/256/base	serialization	8091895	48528	1356497
4	nested-loop/256/base	combined	28813434	669292	19725903
4	nested-loop/1024/base	ir	5602964	48407	3878737
4	nested-loop/1024/base	cfg	40280879	0	0
4	nested-loop/1024/base	emission_exclusive	70989891	2410535	149436100
4	nested-loop/1024/base	serialization	31850893	189842	5387591
4	nested-loop/1024/base	combined	148724947	2648784	158702428
4	multi-exit/64/base	ir	133042	3014	242868
4	multi-exit/64/base	cfg	86203	0	0
4	multi-exit/64/base	emission_exclusive	31540836	1057206	21442992
4	multi-exit/64/base	serialization	9004964	46594	569880
4	multi-exit/64/base	combined	40765195	1106814	22255740
4	multi-exit/256/base	ir	672974	12119	977717
4	multi-exit/256/base	cfg	628620	0	0
4	multi-exit/256/base	emission_exclusive	138729029	5477133	106749130
4	multi-exit/256/base	serialization	20348863	175763	2079434
4	multi-exit/256/base	combined	160379706	5665015	109806281
4	multi-exit/1024/base	ir	6466419	48549	3928190
4	multi-exit/1024/base	cfg	12795298	0	0
4	multi-exit/1024/base	emission_exclusive	964775562	39137448	770432210
4	multi-exit/1024/base	serialization	59448126	520489	7238547
4	multi-exit/1024/base	combined	1043485725	39706486	781598947
4	no-exit/64/base	ir	129154	3036	240455
4	no-exit/64/base	cfg	53301	0	0
4	no-exit/64/base	emission_exclusive	4114377	145625	2621882
4	no-exit/64/base	serialization	1966172	12278	343391
4	no-exit/64/base	combined	6263114	160939	3205728
4	no-exit/256/base	ir	634240	12113	966632
4	no-exit/256/base	cfg	462105	0	0
4	no-exit/256/base	emission_exclusive	15748417	578412	11987138
4	no-exit/256/base	serialization	7626845	47608	1349547
4	no-exit/256/base	combined	24471717	638133	14303317
4	no-exit/1024/base	ir	5862495	48415	3878833
4	no-exit/1024/base	cfg	8704974	0	0
4	no-exit/1024/base	emission_exclusive	62740748	2309490	73811799
4	no-exit/1024/base	serialization	30370421	188922	5374495
4	no-exit/1024/base	combined	107679170	2546827	83065127
4	irreducible/64/base	ir	130256	3032	242131
4	irreducible/64/base	cfg	96252	0	0
4	irreducible/64/base	emission_exclusive	1139394828	20020919	375957323
4	irreducible/64/base	serialization	316201825	2739433	16602620
4	irreducible/64/base	combined	1455823742	22763384	392802074
4	irreducible/256/base	ir	710254	12113	974548
4	irreducible/256/base	cfg	1257339	0	0
4	irreducible/256/base	emission_exclusive	2326858091	50823127	727892844
4	irreducible/256/base	serialization	465848415	3945831	24608381
4	irreducible/256/base	combined	2794674339	54781071	753475773
4	irreducible/1024/base	ir	6065900	48419	3911709
4	irreducible/1024/base	cfg	19250114	0	0
4	irreducible/1024/base	emission_exclusive	3916791454	121441564	1430393117
4	irreducible/1024/base	serialization	574037280	5140545	34956339
4	irreducible/1024/base	combined	4516145209	126630528	1469261165
5	linear/64/base	ir	147169	3026	240174
5	linear/64/base	cfg	113305	0	0
5	linear/64/base	emission_exclusive	3871487	140898	2638299
5	linear/64/base	serialization	1916397	12094	341915
5	linear/64/base	combined	6051674	156018	3220388
5	linear/64/light	ir	137461	3433	258352
5	linear/64/light	cfg	100330	0	0
5	linear/64/light	emission_exclusive	4077327	156825	2850866
5	linear/64/light	serialization	1809034	12094	341531
5	linear/64/light	combined	6124272	172352	3450749
5	linear/64/heavy	ir	476282	9640	916241
5	linear/64/heavy	cfg	91624	0	0
5	linear/64/heavy	emission_exclusive	12309848	327508	8490035
5	linear/64/heavy	serialization	6912192	12096	1167973
5	linear/64/heavy	combined	19790106	349244	10574249
5	linear/256/base	ir	628830	12103	966351
5	linear/256/base	cfg	1411291	0	0
5	linear/256/base	emission_exclusive	15098216	558295	13665132
5	linear/256/base	serialization	7420915	47424	1346537
5	linear/256/base	combined	24559403	617822	15978020
5	linear/256/light	ir	702379	13724	1036945
5	linear/256/light	cfg	1340607	0	0
5	linear/256/light	emission_exclusive	16228746	622853	14535262
5	linear/256/light	serialization	6969611	47424	1345097
5	linear/256/light	combined	25241503	684001	16917304
5	linear/256/heavy	ir	2752830	38556	3669938
5	linear/256/heavy	cfg	1265846	0	0
5	linear/256/heavy	emission_exclusive	48034263	1301966	37053122
5	linear/256/heavy	serialization	27352839	47426	4650931
5	linear/256/heavy	combined	79405979	1387948	45373991
5	linear/1024/base	ir	5853819	48405	3878552
5	linear/1024/base	cfg	23913651	0	0
5	linear/1024/base	emission_exclusive	58811600	2227809	106466310
5	linear/1024/base	serialization	28144769	188738	5365343
5	linear/1024/base	combined	116724340	2464952	115710205
5	linear/1024/light	ir	7023543	54890	4161114
5	linear/1024/light	cfg	22753234	0	0
5	linear/1024/light	emission_exclusive	63084889	2486886	109967920
5	linear/1024/light	serialization	28024962	188738	5359679
5	linear/1024/light	combined	120886778	2730514	119488713
5	linear/1024/heavy	ir	27450454	154218	14692987
5	linear/1024/heavy	cfg	22305096	0	0
5	linear/1024/heavy	emission_exclusive	191830681	5199855	200017585
5	linear/1024/heavy	serialization	103165408	188740	18583081
5	linear/1024/heavy	combined	344751999	5542813	233293653
5	diamond-chain/64/base	ir	141327	3032	241429
5	diamond-chain/64/base	cfg	114136	0	0
5	diamond-chain/64/base	emission_exclusive	5600680	231315	3991572
5	diamond-chain/64/base	serialization	2056542	17982	373065
5	diamond-chain/64/base	combined	7912976	252329	4606066
5	diamond-chain/64/light	ir	136017	3439	259607
5	diamond-chain/64/light	cfg	107643	0	0
5	diamond-chain/64/light	emission_exclusive	5863378	250653	4261308
5	diamond-chain/64/light	serialization	2064688	17982	372681
5	diamond-chain/64/light	combined	8171826	272074	4893596
5	diamond-chain/64/heavy	ir	401450	9646	917496
5	diamond-chain/64/heavy	cfg	106171	0	0
5	diamond-chain/64/heavy	emission_exclusive	15927074	508168	11427125
5	diamond-chain/64/heavy	serialization	6994920	17984	1199123
5	diamond-chain/64/heavy	combined	23429745	535798	13543744
5	diamond-chain/256/base	ir	640773	12113	971734
5	diamond-chain/256/base	cfg	1279111	0	0
5	diamond-chain/256/base	emission_exclusive	22191070	918258	18682496
5	diamond-chain/256/base	serialization	8604015	70976	1471095
5	diamond-chain/256/base	combined	32715099	1001347	21125325
5	diamond-chain/256/light	ir	736414	13734	1042328
5	diamond-chain/256/light	cfg	1244385	0	0
5	diamond-chain/256/light	emission_exclusive	23683174	996897	19787059
5	diamond-chain/256/light	serialization	8497523	70976	1469655
5	diamond-chain/256/light	combined	34161646	1081607	22299042
5	diamond-chain/256/heavy	ir	2385635	38566	3675321
5	diamond-chain/256/heavy	cfg	1241109	0	0
5	diamond-chain/256/heavy	emission_exclusive	63537967	2025306	48439647
5	diamond-chain/256/heavy	serialization	28035371	70978	4775489
5	diamond-chain/256/heavy	combined	95200212	2134850	56890457
5	diamond-chain/1024/base	ir	5870611	48419	3900447
5	diamond-chain/1024/base	cfg	22749858	0	0
5	diamond-chain/1024/base	emission_exclusive	89977548	3667460	120635206
5	diamond-chain/1024/base	serialization	35252320	282946	5863533
5	diamond-chain/1024/base	combined	153850477	3998825	130399186
5	diamond-chain/1024/light	ir	6683890	54904	4183009
5	diamond-chain/1024/light	cfg	19483706	0	0
5	diamond-chain/1024/light	emission_exclusive	95223837	3983307	125080753
5	diamond-chain/1024/light	serialization	33654656	282946	5857869
5	diamond-chain/1024/light	combined	155046340	4321157	135121631
5	diamond-chain/1024/heavy	ir	24434236	154232	14714882
5	diamond-chain/1024/heavy	cfg	21968359	0	0
5	diamond-chain/1024/heavy	emission_exclusive	257320280	8095428	239697466
5	diamond-chain/1024/heavy	serialization	115350279	282948	19081271
5	diamond-chain/1024/heavy	combined	419073585	8532608	273493619
5	fan-in/64/base	ir	156587	3035	243042
5	fan-in/64/base	cfg	80312	0	0
5	fan-in/64/base	emission_exclusive	32024983	374084	8862989
5	fan-in/64/base	serialization	6228107	23502	433675
5	fan-in/64/base	combined	38490129	400621	9539706
5	fan-in/256/base	ir	683263	12144	978787
5	fan-in/256/base	cfg	613742	0	0
5	fan-in/256/base	emission_exclusive	105823467	3819139	76937446
5	fan-in/256/base	serialization	18395847	169875	2040148
5	fan-in/256/base	combined	125516500	4001158	79956381
5	fan-in/1024/base	ir	6429729	48575	3929268
5	fan-in/1024/base	cfg	11615835	0	0
5	fan-in/1024/base	emission_exclusive	865698003	33453456	663421693
5	fan-in/1024/base	serialization	56687812	520489	7222939
5	fan-in/1024/base	combined	940431609	34022520	674573900
5	nested-loop/64/base	ir	125628	3028	240359
5	nested-loop/64/base	cfg	189689	0	0
5	nested-loop/64/base	emission_exclusive	4613101	158164	3203533
5	nested-loop/64/base	serialization	2099022	13198	348803
5	nested-loop/64/base	combined	7027561	174390	3792695
5	nested-loop/256/base	ir	641123	12105	966536
5	nested-loop/256/base	cfg	2350358	0	0
5	nested-loop/256/base	emission_exclusive	17253836	608659	17402870
5	nested-loop/256/base	serialization	8167699	48528	1356497
5	nested-loop/256/base	combined	28413136	669292	19725903
5	nested-loop/1024/base	ir	5642640	48407	3878737
5	nested-loop/1024/base	cfg	41782360	0	0
5	nested-loop/1024/base	emission_exclusive	68525195	2410535	149436100
5	nested-loop/1024/base	serialization	31997190	189842	5387591
5	nested-loop/1024/base	combined	147947615	2648784	158702428
5	multi-exit/64/base	ir	130707	3014	242868
5	multi-exit/64/base	cfg	86523	0	0
5	multi-exit/64/base	emission_exclusive	30575290	1057206	21442992
5	multi-exit/64/base	serialization	9007439	46594	569880
5	multi-exit/64/base	combined	39800099	1106814	22255740
5	multi-exit/256/base	ir	679756	12119	977717
5	multi-exit/256/base	cfg	615485	0	0
5	multi-exit/256/base	emission_exclusive	137140620	5477133	106749130
5	multi-exit/256/base	serialization	19220037	175763	2079434
5	multi-exit/256/base	combined	157656039	5665015	109806281
5	multi-exit/1024/base	ir	6245090	48549	3928190
5	multi-exit/1024/base	cfg	12742427	0	0
5	multi-exit/1024/base	emission_exclusive	970344342	39137448	770432210
5	multi-exit/1024/base	serialization	57447097	520489	7238547
5	multi-exit/1024/base	combined	1046779187	39706486	781598947
5	no-exit/64/base	ir	130737	3036	240455
5	no-exit/64/base	cfg	53832	0	0
5	no-exit/64/base	emission_exclusive	4084451	145625	2621882
5	no-exit/64/base	serialization	1956433	12278	343391
5	no-exit/64/base	combined	6225543	160939	3205728
5	no-exit/256/base	ir	628860	12113	966632
5	no-exit/256/base	cfg	448829	0	0
5	no-exit/256/base	emission_exclusive	15659509	578412	11987138
5	no-exit/256/base	serialization	7682831	47608	1349547
5	no-exit/256/base	combined	24420159	638133	14303317
5	no-exit/1024/base	ir	5361608	48415	3878833
5	no-exit/1024/base	cfg	8800206	0	0
5	no-exit/1024/base	emission_exclusive	62185616	2309490	73811799
5	no-exit/1024/base	serialization	30272435	188922	5374495
5	no-exit/1024/base	combined	106620175	2546827	83065127
5	irreducible/64/base	ir	125628	3032	242131
5	irreducible/64/base	cfg	95451	0	0
5	irreducible/64/base	emission_exclusive	1125860190	20020919	375957323
5	irreducible/64/base	serialization	305745522	2739433	16602620
5	irreducible/64/base	combined	1431827041	22763384	392802074
5	irreducible/256/base	ir	696949	12113	974548
5	irreducible/256/base	cfg	1248182	0	0
5	irreducible/256/base	emission_exclusive	2305143269	50823127	727892844
5	irreducible/256/base	serialization	448337008	3945831	24608381
5	irreducible/256/base	combined	2755425748	54781071	753475773
5	irreducible/1024/base	ir	5821248	48419	3911709
5	irreducible/1024/base	cfg	19043674	0	0
5	irreducible/1024/base	emission_exclusive	3921711449	121441564	1430393117
5	irreducible/1024/base	serialization	602550600	5140545	34956339
5	irreducible/1024/base	combined	4549127131	126630528	1469261165
6	linear/64/base	ir	148792	3026	240174
6	linear/64/base	cfg	115939	0	0
6	linear/64/base	emission_exclusive	3880054	140898	2638299
6	linear/64/base	serialization	1809344	12094	341915
6	linear/64/base	combined	5957566	156018	3220388
6	linear/64/light	ir	134365	3433	258352
6	linear/64/light	cfg	99078	0	0
6	linear/64/light	emission_exclusive	4061767	156825	2850866
6	linear/64/light	serialization	1797392	12094	341531
6	linear/64/light	combined	6092742	172352	3450749
6	linear/64/heavy	ir	482944	9640	916241
6	linear/64/heavy	cfg	92716	0	0
6	linear/64/heavy	emission_exclusive	12065935	327508	8490035
6	linear/64/heavy	serialization	6610672	12096	1167973
6	linear/64/heavy	combined	19252438	349244	10574249
6	linear/256/base	ir	623440	12103	966351
6	linear/256/base	cfg	1422001	0	0
6	linear/256/base	emission_exclusive	14704601	558295	13665132
6	linear/256/base	serialization	7059381	47424	1346537
6	linear/256/base	combined	23809573	617822	15978020
6	linear/256/light	ir	711326	13724	1036945
6	linear/256/light	cfg	1291915	0	0
6	linear/256/light	emission_exclusive	15948706	622853	14535262
6	linear/256/light	serialization	6972927	47424	1345097
6	linear/256/light	combined	24925014	684001	16917304
6	linear/256/heavy	ir	2833232	38556	3669938
6	linear/256/heavy	cfg	1251038	0	0
6	linear/256/heavy	emission_exclusive	47918342	1301966	37053122
6	linear/256/heavy	serialization	27202295	47426	4650931
6	linear/256/heavy	combined	79205087	1387948	45373991
6	linear/1024/base	ir	5434405	48405	3878552
6	linear/1024/base	cfg	23566293	0	0
6	linear/1024/base	emission_exclusive	58671414	2227809	106466310
6	linear/1024/base	serialization	30054683	188738	5365343
6	linear/1024/base	combined	117727025	2464952	115710205
6	linear/1024/light	ir	6785903	54890	4161114
6	linear/1024/light	cfg	22321737	0	0
6	linear/1024/light	emission_exclusive	62973767	2486886	109967920
6	linear/1024/light	serialization	27722589	188738	5359679
6	linear/1024/light	combined	119804216	2730514	119488713
6	linear/1024/heavy	ir	26562393	154218	14692987
6	linear/1024/heavy	cfg	22360370	0	0
6	linear/1024/heavy	emission_exclusive	189408603	5199855	200017585
6	linear/1024/heavy	serialization	103068712	188740	18583081
6	linear/1024/heavy	combined	341400398	5542813	233293653
6	diamond-chain/64/base	ir	146076	3032	241429
6	diamond-chain/64/base	cfg	117091	0	0
6	diamond-chain/64/base	emission_exclusive	5630858	231315	3991572
6	diamond-chain/64/base	serialization	2069427	17982	373065
6	diamond-chain/64/base	combined	7963662	252329	4606066
6	diamond-chain/64/light	ir	136228	3439	259607
6	diamond-chain/64/light	cfg	108505	0	0
6	diamond-chain/64/light	emission_exclusive	5955923	250653	4261308
6	diamond-chain/64/light	serialization	2031275	17982	372681
6	diamond-chain/64/light	combined	8232061	272074	4893596
6	diamond-chain/64/heavy	ir	392433	9646	917496
6	diamond-chain/64/heavy	cfg	106020	0	0
6	diamond-chain/64/heavy	emission_exclusive	15746332	508168	11427125
6	diamond-chain/64/heavy	serialization	6994819	17984	1199123
6	diamond-chain/64/heavy	combined	23239734	535798	13543744
6	diamond-chain/256/base	ir	631826	12113	971734
6	diamond-chain/256/base	cfg	1254905	0	0
6	diamond-chain/256/base	emission_exclusive	22002734	918258	18682496
6	diamond-chain/256/base	serialization	8458028	70976	1471095
6	diamond-chain/256/base	combined	32347613	1001347	21125325
6	diamond-chain/256/light	ir	718269	13734	1042328
6	diamond-chain/256/light	cfg	1212315	0	0
6	diamond-chain/256/light	emission_exclusive	23305599	996897	19787059
6	diamond-chain/256/light	serialization	8367356	70976	1469655
6	diamond-chain/256/light	combined	33603669	1081607	22299042
6	diamond-chain/256/heavy	ir	2354556	38566	3675321
6	diamond-chain/256/heavy	cfg	1228635	0	0
6	diamond-chain/256/heavy	emission_exclusive	62342272	2025306	48439647
6	diamond-chain/256/heavy	serialization	27940581	70978	4775489
6	diamond-chain/256/heavy	combined	93866184	2134850	56890457
6	diamond-chain/1024/base	ir	5818793	48419	3900447
6	diamond-chain/1024/base	cfg	21862758	0	0
6	diamond-chain/1024/base	emission_exclusive	89500593	3667460	120635206
6	diamond-chain/1024/base	serialization	34031901	282946	5863533
6	diamond-chain/1024/base	combined	151214275	3998825	130399186
6	diamond-chain/1024/light	ir	7040245	54904	4183009
6	diamond-chain/1024/light	cfg	18695614	0	0
6	diamond-chain/1024/light	emission_exclusive	95217613	3983307	125080753
6	diamond-chain/1024/light	serialization	33580355	282946	5857869
6	diamond-chain/1024/light	combined	154533957	4321157	135121631
6	diamond-chain/1024/heavy	ir	24081768	154232	14714882
6	diamond-chain/1024/heavy	cfg	20804746	0	0
6	diamond-chain/1024/heavy	emission_exclusive	258232362	8095428	239697466
6	diamond-chain/1024/heavy	serialization	113147939	282948	19081271
6	diamond-chain/1024/heavy	combined	416266955	8532608	273493619
6	fan-in/64/base	ir	130497	3035	243042
6	fan-in/64/base	cfg	73148	0	0
6	fan-in/64/base	emission_exclusive	31418934	374084	8862989
6	fan-in/64/base	serialization	6173585	23502	433675
6	fan-in/64/base	combined	37796364	400621	9539706
6	fan-in/256/base	ir	674677	12144	978787
6	fan-in/256/base	cfg	574367	0	0
6	fan-in/256/base	emission_exclusive	105487300	3819139	76937446
6	fan-in/256/base	serialization	18373685	169875	2040148
6	fan-in/256/base	combined	125110179	4001158	79956381
6	fan-in/1024/base	ir	6589942	48575	3929268
6	fan-in/1024/base	cfg	11174009	0	0
6	fan-in/1024/base	emission_exclusive	860433011	33453456	663421693
6	fan-in/1024/base	serialization	56158868	520489	7222939
6	fan-in/1024/base	combined	934355980	34022520	674573900
6	nested-loop/64/base	ir	119416	3028	240359
6	nested-loop/64/base	cfg	183197	0	0
6	nested-loop/64/base	emission_exclusive	4610155	158164	3203533
6	nested-loop/64/base	serialization	2094263	13198	348803
6	nested-loop/64/base	combined	7007151	174390	3792695
6	nested-loop/256/base	ir	630453	12105	966536
6	nested-loop/256/base	cfg	2293260	0	0
6	nested-loop/256/base	emission_exclusive	17405364	608659	17402870
6	nested-loop/256/base	serialization	8007725	48528	1356497
6	nested-loop/256/base	combined	28336932	669292	19725903
6	nested-loop/1024/base	ir	5493908	48407	3878737
6	nested-loop/1024/base	cfg	39767385	0	0
6	nested-loop/1024/base	emission_exclusive	69696872	2410535	149436100
6	nested-loop/1024/base	serialization	31964748	189842	5387591
6	nested-loop/1024/base	combined	146923273	2648784	158702428
6	multi-exit/64/base	ir	135236	3014	242868
6	multi-exit/64/base	cfg	93086	0	0
6	multi-exit/64/base	emission_exclusive	30509424	1057206	21442992
6	multi-exit/64/base	serialization	9042163	46594	569880
6	multi-exit/64/base	combined	39780059	1106814	22255740
6	multi-exit/256/base	ir	682902	12119	977717
6	multi-exit/256/base	cfg	611768	0	0
6	multi-exit/256/base	emission_exclusive	137290071	5477133	106749130
6	multi-exit/256/base	serialization	19708732	175763	2079434
6	multi-exit/256/base	combined	158293633	5665015	109806281
6	multi-exit/1024/base	ir	6532343	48549	3928190
6	multi-exit/1024/base	cfg	12681061	0	0
6	multi-exit/1024/base	emission_exclusive	974081755	39137448	770432210
6	multi-exit/1024/base	serialization	58326070	520489	7238547
6	multi-exit/1024/base	combined	1051621390	39706486	781598947
6	no-exit/64/base	ir	120028	3036	240455
6	no-exit/64/base	cfg	48382	0	0
6	no-exit/64/base	emission_exclusive	4207573	145625	2621882
6	no-exit/64/base	serialization	1988043	12278	343391
6	no-exit/64/base	combined	6364156	160939	3205728
6	no-exit/256/base	ir	644881	12113	966632
6	no-exit/256/base	cfg	437037	0	0
6	no-exit/256/base	emission_exclusive	16290371	578412	11987138
6	no-exit/256/base	serialization	7785065	47608	1349547
6	no-exit/256/base	combined	25157494	638133	14303317
6	no-exit/1024/base	ir	5708604	48415	3878833
6	no-exit/1024/base	cfg	8651334	0	0
6	no-exit/1024/base	emission_exclusive	64330074	2309490	73811799
6	no-exit/1024/base	serialization	30928937	188922	5374495
6	no-exit/1024/base	combined	109619079	2546827	83065127
6	irreducible/64/base	ir	122633	3032	242131
6	irreducible/64/base	cfg	92435	0	0
6	irreducible/64/base	emission_exclusive	1177302198	20020919	375957323
6	irreducible/64/base	serialization	313869191	2739433	16602620
6	irreducible/64/base	combined	1491386677	22763384	392802074
6	irreducible/256/base	ir	679345	12113	974548
6	irreducible/256/base	cfg	1217375	0	0
6	irreducible/256/base	emission_exclusive	2318793175	50823127	727892844
6	irreducible/256/base	serialization	450020175	3945831	24608381
6	irreducible/256/base	combined	2770710321	54781071	753475773
6	irreducible/1024/base	ir	6149538	48419	3911709
6	irreducible/1024/base	cfg	19017783	0	0
6	irreducible/1024/base	emission_exclusive	3954317362	121441564	1430393117
6	irreducible/1024/base	serialization	580298322	5140545	34956339
6	irreducible/1024/base	combined	4559783255	126630528	1469261165
7	linear/64/base	ir	149432	3026	240174
7	linear/64/base	cfg	125017	0	0
7	linear/64/base	emission_exclusive	3922974	140898	2638299
7	linear/64/base	serialization	1815846	12094	341915
7	linear/64/base	combined	6016767	156018	3220388
7	linear/64/light	ir	143862	3433	258352
7	linear/64/light	cfg	101392	0	0
7	linear/64/light	emission_exclusive	4083809	156825	2850866
7	linear/64/light	serialization	1799155	12094	341531
7	linear/64/light	combined	6128319	172352	3450749
7	linear/64/heavy	ir	485649	9640	916241
7	linear/64/heavy	cfg	95360	0	0
7	linear/64/heavy	emission_exclusive	12003899	327508	8490035
7	linear/64/heavy	serialization	6586255	12096	1167973
7	linear/64/heavy	combined	19171314	349244	10574249
7	linear/256/base	ir	631515	12103	966351
7	linear/256/base	cfg	1370834	0	0
7	linear/256/base	emission_exclusive	14923384	558295	13665132
7	linear/256/base	serialization	7023273	47424	1346537
7	linear/256/base	combined	23949147	617822	15978020
7	linear/256/light	ir	700556	13724	1036945
7	linear/256/light	cfg	1037603	0	0
7	linear/256/light	emission_exclusive	16115943	622853	14535262
7	linear/256/light	serialization	6969411	47424	1345097
7	linear/256/light	combined	24823753	684001	16917304
7	linear/256/heavy	ir	2764061	38556	3669938
7	linear/256/heavy	cfg	1276125	0	0
7	linear/256/heavy	emission_exclusive	47919023	1301966	37053122
7	linear/256/heavy	serialization	27286053	47426	4650931
7	linear/256/heavy	combined	79245432	1387948	45373991
7	linear/1024/base	ir	5380955	48405	3878552
7	linear/1024/base	cfg	23678405	0	0
7	linear/1024/base	emission_exclusive	59718044	2227809	106466310
7	linear/1024/base	serialization	29726942	188738	5365343
7	linear/1024/base	combined	118504506	2464952	115710205
7	linear/1024/light	ir	6618186	54890	4161114
7	linear/1024/light	cfg	22966989	0	0
7	linear/1024/light	emission_exclusive	63243326	2486886	109967920
7	linear/1024/light	serialization	27949548	188738	5359679
7	linear/1024/light	combined	120778239	2730514	119488713
7	linear/1024/heavy	ir	26891075	154218	14692987
7	linear/1024/heavy	cfg	22150282	0	0
7	linear/1024/heavy	emission_exclusive	192433998	5199855	200017585
7	linear/1024/heavy	serialization	108987694	188740	18583081
7	linear/1024/heavy	combined	350463389	5542813	233293653
7	diamond-chain/64/base	ir	142991	3032	241429
7	diamond-chain/64/base	cfg	116450	0	0
7	diamond-chain/64/base	emission_exclusive	5636798	231315	3991572
7	diamond-chain/64/base	serialization	2138758	17982	373065
7	diamond-chain/64/base	combined	8035207	252329	4606066
7	diamond-chain/64/light	ir	136929	3439	259607
7	diamond-chain/64/light	cfg	107243	0	0
7	diamond-chain/64/light	emission_exclusive	5888716	250653	4261308
7	diamond-chain/64/light	serialization	2102469	17982	372681
7	diamond-chain/64/light	combined	8235447	272074	4893596
7	diamond-chain/64/heavy	ir	395419	9646	917496
7	diamond-chain/64/heavy	cfg	104638	0	0
7	diamond-chain/64/heavy	emission_exclusive	15667733	508168	11427125
7	diamond-chain/64/heavy	serialization	6996141	17984	1199123
7	diamond-chain/64/heavy	combined	23164071	535798	13543744
7	diamond-chain/256/base	ir	646193	12113	971734
7	diamond-chain/256/base	cfg	1274773	0	0
7	diamond-chain/256/base	emission_exclusive	23003437	918258	18682496
7	diamond-chain/256/base	serialization	8083618	70976	1471095
7	diamond-chain/256/base	combined	33008151	1001347	21125325
7	diamond-chain/256/light	ir	731364	13734	1042328
7	diamond-chain/256/light	cfg	1298678	0	0
7	diamond-chain/256/light	emission_exclusive	24156680	996897	19787059
7	diamond-chain/256/light	serialization	8035529	70976	1469655
7	diamond-chain/256/light	combined	34222421	1081607	22299042
7	diamond-chain/256/heavy	ir	2523386	38566	3675321
7	diamond-chain/256/heavy	cfg	1488798	0	0
7	diamond-chain/256/heavy	emission_exclusive	63701113	2025306	48439647
7	diamond-chain/256/heavy	serialization	27938306	70978	4775489
7	diamond-chain/256/heavy	combined	95651783	2134850	56890457
7	diamond-chain/1024/base	ir	5547760	48419	3900447
7	diamond-chain/1024/base	cfg	22617687	0	0
7	diamond-chain/1024/base	emission_exclusive	87569066	3667460	120635206
7	diamond-chain/1024/base	serialization	33640329	282946	5863533
7	diamond-chain/1024/base	combined	149374962	3998825	130399186
7	diamond-chain/1024/light	ir	7204605	54904	4183009
7	diamond-chain/1024/light	cfg	19582392	0	0
7	diamond-chain/1024/light	emission_exclusive	94510283	3983307	125080753
7	diamond-chain/1024/light	serialization	33639658	282946	5857869
7	diamond-chain/1024/light	combined	154937069	4321157	135121631
7	diamond-chain/1024/heavy	ir	25179035	154232	14714882
7	diamond-chain/1024/heavy	cfg	21608387	0	0
7	diamond-chain/1024/heavy	emission_exclusive	257711743	8095428	239697466
7	diamond-chain/1024/heavy	serialization	113683470	282948	19081271
7	diamond-chain/1024/heavy	combined	418182826	8532608	273493619
7	fan-in/64/base	ir	150174	3035	243042
7	fan-in/64/base	cfg	80442	0	0
7	fan-in/64/base	emission_exclusive	31536127	374084	8862989
7	fan-in/64/base	serialization	6205916	23502	433675
7	fan-in/64/base	combined	37972849	400621	9539706
7	fan-in/256/base	ir	681861	12144	978787
7	fan-in/256/base	cfg	615825	0	0
7	fan-in/256/base	emission_exclusive	106218273	3819139	76937446
7	fan-in/256/base	serialization	18423789	169875	2040148
7	fan-in/256/base	combined	125939908	4001158	79956381
7	fan-in/1024/base	ir	6333327	48575	3929268
7	fan-in/1024/base	cfg	11276662	0	0
7	fan-in/1024/base	emission_exclusive	861846849	33453456	663421693
7	fan-in/1024/base	serialization	56332557	520489	7222939
7	fan-in/1024/base	combined	935789555	34022520	674573900
7	nested-loop/64/base	ir	130717	3028	240359
7	nested-loop/64/base	cfg	189198	0	0
7	nested-loop/64/base	emission_exclusive	4640683	158164	3203533
7	nested-loop/64/base	serialization	2099033	13198	348803
7	nested-loop/64/base	combined	7059741	174390	3792695
7	nested-loop/256/base	ir	639641	12105	966536
7	nested-loop/256/base	cfg	2323498	0	0
7	nested-loop/256/base	emission_exclusive	17559333	608659	17402870
7	nested-loop/256/base	serialization	8055597	48528	1356497
7	nested-loop/256/base	combined	28578199	669292	19725903
7	nested-loop/1024/base	ir	5579921	48407	3878737
7	nested-loop/1024/base	cfg	41319503	0	0
7	nested-loop/1024/base	emission_exclusive	68239542	2410535	149436100
7	nested-loop/1024/base	serialization	30344270	189842	5387591
7	nested-loop/1024/base	combined	145483426	2648784	158702428
7	multi-exit/64/base	ir	127421	3014	242868
7	multi-exit/64/base	cfg	87185	0	0
7	multi-exit/64/base	emission_exclusive	29840217	1057206	21442992
7	multi-exit/64/base	serialization	8584387	46594	569880
7	multi-exit/64/base	combined	38639360	1106814	22255740
7	multi-exit/256/base	ir	677102	12119	977717
7	multi-exit/256/base	cfg	621556	0	0
7	multi-exit/256/base	emission_exclusive	137629843	5477133	106749130
7	multi-exit/256/base	serialization	19635203	175763	2079434
7	multi-exit/256/base	combined	158563934	5665015	109806281
7	multi-exit/1024/base	ir	6462842	48549	3928190
7	multi-exit/1024/base	cfg	12694877	0	0
7	multi-exit/1024/base	emission_exclusive	973402661	39137448	770432210
7	multi-exit/1024/base	serialization	57742625	520489	7238547
7	multi-exit/1024/base	combined	1050303166	39706486	781598947
7	no-exit/64/base	ir	128844	3036	240455
7	no-exit/64/base	cfg	52609	0	0
7	no-exit/64/base	emission_exclusive	4112454	145625	2621882
7	no-exit/64/base	serialization	1967334	12278	343391
7	no-exit/64/base	combined	6261351	160939	3205728
7	no-exit/256/base	ir	641544	12113	966632
7	no-exit/256/base	cfg	458698	0	0
7	no-exit/256/base	emission_exclusive	15991616	578412	11987138
7	no-exit/256/base	serialization	7816624	47608	1349547
7	no-exit/256/base	combined	24908602	638133	14303317
7	no-exit/1024/base	ir	5648520	48415	3878833
7	no-exit/1024/base	cfg	8951683	0	0
7	no-exit/1024/base	emission_exclusive	64511787	2309490	73811799
7	no-exit/1024/base	serialization	30706646	188922	5374495
7	no-exit/1024/base	combined	109818786	2546827	83065127
7	irreducible/64/base	ir	125798	3032	242131
7	irreducible/64/base	cfg	94348	0	0
7	irreducible/64/base	emission_exclusive	1173930316	20020919	375957323
7	irreducible/64/base	serialization	313783195	2739433	16602620
7	irreducible/64/base	combined	1487933858	22763384	392802074
7	irreducible/256/base	ir	697701	12113	974548
7	irreducible/256/base	cfg	1248352	0	0
7	irreducible/256/base	emission_exclusive	2271492964	50823127	727892844
7	irreducible/256/base	serialization	446430957	3945831	24608381
7	irreducible/256/base	combined	2719870275	54781071	753475773
7	irreducible/1024/base	ir	6214843	48419	3911709
7	irreducible/1024/base	cfg	19569747	0	0
7	irreducible/1024/base	emission_exclusive	3931360739	121441564	1430393117
7	irreducible/1024/base	serialization	579509495	5140545	34956339
7	irreducible/1024/base	combined	4536655444	126630528	1469261165
8	linear/64/base	ir	150836	3026	240174
8	linear/64/base	cfg	115188	0	0
8	linear/64/base	emission_exclusive	3858012	140898	2638299
8	linear/64/base	serialization	1823912	12094	341915
8	linear/64/base	combined	5951374	156018	3220388
8	linear/64/light	ir	140456	3433	258352
8	linear/64/light	cfg	98086	0	0
8	linear/64/light	emission_exclusive	4459310	156825	2850866
8	linear/64/light	serialization	1864960	12094	341531
8	linear/64/light	combined	6562962	172352	3450749
8	linear/64/heavy	ir	480138	9640	916241
8	linear/64/heavy	cfg	93347	0	0
8	linear/64/heavy	emission_exclusive	12213645	327508	8490035
8	linear/64/heavy	serialization	6925918	12096	1167973
8	linear/64/heavy	combined	19713189	349244	10574249
8	linear/256/base	ir	631154	12103	966351
8	linear/256/base	cfg	1426240	0	0
8	linear/256/base	emission_exclusive	15099577	558295	13665132
8	linear/256/base	serialization	7425585	47424	1346537
8	linear/256/base	combined	24582696	617822	15978020
8	linear/256/light	ir	718029	13724	1036945
8	linear/256/light	cfg	1306523	0	0
8	linear/256/light	emission_exclusive	16278018	622853	14535262
8	linear/256/light	serialization	7338309	47424	1345097
8	linear/256/light	combined	25641219	684001	16917304
8	linear/256/heavy	ir	2817412	38556	3669938
8	linear/256/heavy	cfg	1256067	0	0
8	linear/256/heavy	emission_exclusive	47670121	1301966	37053122
8	linear/256/heavy	serialization	27261195	47426	4650931
8	linear/256/heavy	combined	79004936	1387948	45373991
8	linear/1024/base	ir	5744652	48405	3878552
8	linear/1024/base	cfg	24130540	0	0
8	linear/1024/base	emission_exclusive	59815136	2227809	106466310
8	linear/1024/base	serialization	29696153	188738	5365343
8	linear/1024/base	combined	119386642	2464952	115710205
8	linear/1024/light	ir	7164270	54890	4161114
8	linear/1024/light	cfg	22750228	0	0
8	linear/1024/light	emission_exclusive	63052924	2486886	109967920
8	linear/1024/light	serialization	27817057	188738	5359679
8	linear/1024/light	combined	120784699	2730514	119488713
8	linear/1024/heavy	ir	26634178	154218	14692987
8	linear/1024/heavy	cfg	22024744	0	0
8	linear/1024/heavy	emission_exclusive	188375613	5199855	200017585
8	linear/1024/heavy	serialization	104263160	188740	18583081
8	linear/1024/heavy	combined	341298186	5542813	233293653
8	diamond-chain/64/base	ir	148691	3032	241429
8	diamond-chain/64/base	cfg	115739	0	0
8	diamond-chain/64/base	emission_exclusive	5723122	231315	3991572
8	diamond-chain/64/base	serialization	2070940	17982	373065
8	diamond-chain/64/base	combined	8058702	252329	4606066
8	diamond-chain/64/light	ir	137200	3439	259607
8	diamond-chain/64/light	cfg	108255	0	0
8	diamond-chain/64/light	emission_exclusive	5983704	250653	4261308
8	diamond-chain/64/light	serialization	2127967	17982	372681
8	diamond-chain/64/light	combined	8357277	272074	4893596
8	diamond-chain/64/heavy	ir	394898	9646	917496
8	diamond-chain/64/heavy	cfg	106682	0	0
8	diamond-chain/64/heavy	emission_exclusive	15838235	508168	11427125
8	diamond-chain/64/heavy	serialization	7215497	17984	1199123
8	diamond-chain/64/heavy	combined	23555442	535798	13543744
8	diamond-chain/256/base	ir	651793	12113	971734
8	diamond-chain/256/base	cfg	1267308	0	0
8	diamond-chain/256/base	emission_exclusive	22057046	918258	18682496
8	diamond-chain/256/base	serialization	8674137	70976	1471095
8	diamond-chain/256/base	combined	32650444	1001347	21125325
8	diamond-chain/256/light	ir	742655	13734	1042328
8	diamond-chain/256/light	cfg	1241469	0	0
8	diamond-chain/256/light	emission_exclusive	23293667	996897	19787059
8	diamond-chain/256/light	serialization	8358409	70976	1469655
8	diamond-chain/256/light	combined	33636331	1081607	22299042
8	diamond-chain/256/heavy	ir	2319860	38566	3675321
8	diamond-chain/256/heavy	cfg	1234556	0	0
8	diamond-chain/256/heavy	emission_exclusive	62665462	2025306	48439647
8	diamond-chain/256/heavy	serialization	27859066	70978	4775489
8	diamond-chain/256/heavy	combined	94079105	2134850	56890457
8	diamond-chain/1024/base	ir	5751054	48419	3900447
8	diamond-chain/1024/base	cfg	22201640	0	0
8	diamond-chain/1024/base	emission_exclusive	89143624	3667460	120635206
8	diamond-chain/1024/base	serialization	34240675	282946	5863533
8	diamond-chain/1024/base	combined	151337373	3998825	130399186
8	diamond-chain/1024/light	ir	7046686	54904	4183009
8	diamond-chain/1024/light	cfg	19531696	0	0
8	diamond-chain/1024/light	emission_exclusive	94714338	3983307	125080753
8	diamond-chain/1024/light	serialization	32407344	282946	5857869
8	diamond-chain/1024/light	combined	153700304	4321157	135121631
8	diamond-chain/1024/heavy	ir	24514738	154232	14714882
8	diamond-chain/1024/heavy	cfg	21559604	0	0
8	diamond-chain/1024/heavy	emission_exclusive	259806804	8095428	239697466
8	diamond-chain/1024/heavy	serialization	113880632	282948	19081271
8	diamond-chain/1024/heavy	combined	419762168	8532608	273493619
8	fan-in/64/base	ir	153791	3035	243042
8	fan-in/64/base	cfg	80152	0	0
8	fan-in/64/base	emission_exclusive	31612711	374084	8862989
8	fan-in/64/base	serialization	6202058	23502	433675
8	fan-in/64/base	combined	38048952	400621	9539706
8	fan-in/256/base	ir	677272	12144	978787
8	fan-in/256/base	cfg	611267	0	0
8	fan-in/256/base	emission_exclusive	106191249	3819139	76937446
8	fan-in/256/base	serialization	18322116	169875	2040148
8	fan-in/256/base	combined	125802054	4001158	79956381
8	fan-in/1024/base	ir	6337836	48575	3929268
8	fan-in/1024/base	cfg	11156354	0	0
8	fan-in/1024/base	emission_exclusive	862758157	33453456	663421693
8	fan-in/1024/base	serialization	56465818	520489	7222939
8	fan-in/1024/base	combined	936718386	34022520	674573900
8	nested-loop/64/base	ir	129595	3028	240359
8	nested-loop/64/base	cfg	189599	0	0
8	nested-loop/64/base	emission_exclusive	4666000	158164	3203533
8	nested-loop/64/base	serialization	2104212	13198	348803
8	nested-loop/64/base	combined	7089517	174390	3792695
8	nested-loop/256/base	ir	635843	12105	966536
8	nested-loop/256/base	cfg	2364135	0	0
8	nested-loop/256/base	emission_exclusive	17526962	608659	17402870
8	nested-loop/256/base	serialization	8063390	48528	1356497
8	nested-loop/256/base	combined	28590430	669292	19725903
8	nested-loop/1024/base	ir	5572457	48407	3878737
8	nested-loop/1024/base	cfg	40789529	0	0
8	nested-loop/1024/base	emission_exclusive	70226471	2410535	149436100
8	nested-loop/1024/base	serialization	31981108	189842	5387591
8	nested-loop/1024/base	combined	148569805	2648784	158702428
8	multi-exit/64/base	ir	127381	3014	242868
8	multi-exit/64/base	cfg	85972	0	0
8	multi-exit/64/base	emission_exclusive	30695014	1057206	21442992
8	multi-exit/64/base	serialization	9038357	46594	569880
8	multi-exit/64/base	combined	39946854	1106814	22255740
8	multi-exit/256/base	ir	684095	12119	977717
8	multi-exit/256/base	cfg	625454	0	0
8	multi-exit/256/base	emission_exclusive	137594423	5477133	106749130
8	multi-exit/256/base	serialization	19593834	175763	2079434
8	multi-exit/256/base	combined	158497956	5665015	109806281
8	multi-exit/1024/base	ir	6449586	48549	3928190
8	multi-exit/1024/base	cfg	12787842	0	0
8	multi-exit/1024/base	emission_exclusive	972816345	39137448	770432210
8	multi-exit/1024/base	serialization	58271635	520489	7238547
8	multi-exit/1024/base	combined	1050325628	39706486	781598947
8	no-exit/64/base	ir	129966	3036	240455
8	no-exit/64/base	cfg	52549	0	0
8	no-exit/64/base	emission_exclusive	4232541	145625	2621882
8	no-exit/64/base	serialization	1993814	12278	343391
8	no-exit/64/base	combined	6409000	160939	3205728
8	no-exit/256/base	ir	641925	12113	966632
8	no-exit/256/base	cfg	462415	0	0
8	no-exit/256/base	emission_exclusive	16244235	578412	11987138
8	no-exit/256/base	serialization	7732304	47608	1349547
8	no-exit/256/base	combined	25080979	638133	14303317
8	no-exit/1024/base	ir	5763258	48415	3878833
8	no-exit/1024/base	cfg	8802069	0	0
8	no-exit/1024/base	emission_exclusive	64503650	2309490	73811799
8	no-exit/1024/base	serialization	30872910	188922	5374495
8	no-exit/1024/base	combined	109942108	2546827	83065127
8	irreducible/64/base	ir	129476	3032	242131
8	irreducible/64/base	cfg	98867	0	0
8	irreducible/64/base	emission_exclusive	1174703356	20020919	375957323
8	irreducible/64/base	serialization	316904978	2739433	16602620
8	irreducible/64/base	combined	1491836877	22763384	392802074
8	irreducible/256/base	ir	708170	12113	974548
8	irreducible/256/base	cfg	1257690	0	0
8	irreducible/256/base	emission_exclusive	2319483809	50823127	727892844
8	irreducible/256/base	serialization	464983793	3945831	24608381
8	irreducible/256/base	combined	2786433772	54781071	753475773
8	irreducible/1024/base	ir	6236272	48419	3911709
8	irreducible/1024/base	cfg	19831964	0	0
8	irreducible/1024/base	emission_exclusive	3960023882	121441564	1430393117
8	irreducible/1024/base	serialization	585534568	5140545	34956339
8	irreducible/1024/base	combined	4571627227	126630528	1469261165
9	linear/64/base	ir	148121	3026	240174
9	linear/64/base	cfg	122151	0	0
9	linear/64/base	emission_exclusive	3908116	140898	2638299
9	linear/64/base	serialization	1817651	12094	341915
9	linear/64/base	combined	5999475	156018	3220388
9	linear/64/light	ir	136899	3433	258352
9	linear/64/light	cfg	97926	0	0
9	linear/64/light	emission_exclusive	4074020	156825	2850866
9	linear/64/light	serialization	1792633	12094	341531
9	linear/64/light	combined	6101578	172352	3450749
9	linear/64/heavy	ir	474628	9640	916241
9	linear/64/heavy	cfg	93397	0	0
9	linear/64/heavy	emission_exclusive	11897067	327508	8490035
9	linear/64/heavy	serialization	6585554	12096	1167973
9	linear/64/heavy	combined	19050816	349244	10574249
9	linear/256/base	ir	623891	12103	966351
9	linear/256/base	cfg	1370063	0	0
9	linear/256/base	emission_exclusive	14889110	558295	13665132
9	linear/256/base	serialization	7013203	47424	1346537
9	linear/256/base	combined	23896387	617822	15978020
9	linear/256/light	ir	702189	13724	1036945
9	linear/256/light	cfg	1027365	0	0
9	linear/256/light	emission_exclusive	16076056	622853	14535262
9	linear/256/light	serialization	6984969	47424	1345097
9	linear/256/light	combined	24790729	684001	16917304
9	linear/256/heavy	ir	2795691	38556	3669938
9	linear/256/heavy	cfg	1260847	0	0
9	linear/256/heavy	emission_exclusive	47595890	1301966	37053122
9	linear/256/heavy	serialization	27136699	47426	4650931
9	linear/256/heavy	combined	78789277	1387948	45373991
9	linear/1024/base	ir	5620006	48405	3878552
9	linear/1024/base	cfg	23362957	0	0
9	linear/1024/base	emission_exclusive	58904193	2227809	106466310
9	linear/1024/base	serialization	28192457	188738	5365343
9	linear/1024/base	combined	116079863	2464952	115710205
9	linear/1024/light	ir	6791303	54890	4161114
9	linear/1024/light	cfg	22028241	0	0
9	linear/1024/light	emission_exclusive	63436019	2486886	109967920
9	linear/1024/light	serialization	29198401	188738	5359679
9	linear/1024/light	combined	121454255	2730514	119488713
9	linear/1024/heavy	ir	26857732	154218	14692987
9	linear/1024/heavy	cfg	21951345	0	0
9	linear/1024/heavy	emission_exclusive	185996488	5199855	200017585
9	linear/1024/heavy	serialization	103785786	188740	18583081
9	linear/1024/heavy	combined	338591671	5542813	233293653
9	diamond-chain/64/base	ir	135837	3032	241429
9	diamond-chain/64/base	cfg	116079	0	0
9	diamond-chain/64/base	emission_exclusive	5589349	231315	3991572
9	diamond-chain/64/base	serialization	2053977	17982	373065
9	diamond-chain/64/base	combined	7895483	252329	4606066
9	diamond-chain/64/light	ir	133553	3439	259607
9	diamond-chain/64/light	cfg	107584	0	0
9	diamond-chain/64/light	emission_exclusive	5843409	250653	4261308
9	diamond-chain/64/light	serialization	2009173	17982	372681
9	diamond-chain/64/light	combined	8093829	272074	4893596
9	diamond-chain/64/heavy	ir	388666	9646	917496
9	diamond-chain/64/heavy	cfg	105129	0	0
9	diamond-chain/64/heavy	emission_exclusive	15484365	508168	11427125
9	diamond-chain/64/heavy	serialization	6618616	17984	1199123
9	diamond-chain/64/heavy	combined	22596917	535798	13543744
9	diamond-chain/256/base	ir	632427	12113	971734
9	diamond-chain/256/base	cfg	1266668	0	0
9	diamond-chain/256/base	emission_exclusive	21754622	918258	18682496
9	diamond-chain/256/base	serialization	8322742	70976	1471095
9	diamond-chain/256/base	combined	31976609	1001347	21125325
9	diamond-chain/256/light	ir	723730	13734	1042328
9	diamond-chain/256/light	cfg	1223906	0	0
9	diamond-chain/256/light	emission_exclusive	23761772	996897	19787059
9	diamond-chain/256/light	serialization	8232030	70976	1469655
9	diamond-chain/256/light	combined	33941568	1081607	22299042
9	diamond-chain/256/heavy	ir	2398259	38566	3675321
9	diamond-chain/256/heavy	cfg	1239155	0	0
9	diamond-chain/256/heavy	emission_exclusive	62766031	2025306	48439647
9	diamond-chain/256/heavy	serialization	26566260	70978	4775489
9	diamond-chain/256/heavy	combined	92969865	2134850	56890457
9	diamond-chain/1024/base	ir	5738791	48419	3900447
9	diamond-chain/1024/base	cfg	22477431	0	0
9	diamond-chain/1024/base	emission_exclusive	88872070	3667460	120635206
9	diamond-chain/1024/base	serialization	32586875	282946	5863533
9	diamond-chain/1024/base	combined	149675347	3998825	130399186
9	diamond-chain/1024/light	ir	7109285	54904	4183009
9	diamond-chain/1024/light	cfg	19849777	0	0
9	diamond-chain/1024/light	emission_exclusive	95357595	3983307	125080753
9	diamond-chain/1024/light	serialization	32056280	282946	5857869
9	diamond-chain/1024/light	combined	154373177	4321157	135121631
9	diamond-chain/1024/heavy	ir	24363420	154232	14714882
9	diamond-chain/1024/heavy	cfg	21389351	0	0
9	diamond-chain/1024/heavy	emission_exclusive	261426177	8095428	239697466
9	diamond-chain/1024/heavy	serialization	112980497	282948	19081271
9	diamond-chain/1024/heavy	combined	420159797	8532608	273493619
9	fan-in/64/base	ir	148802	3035	243042
9	fan-in/64/base	cfg	78508	0	0
9	fan-in/64/base	emission_exclusive	31508083	374084	8862989
9	fan-in/64/base	serialization	6213279	23502	433675
9	fan-in/64/base	combined	37948912	400621	9539706
9	fan-in/256/base	ir	675198	12144	978787
9	fan-in/256/base	cfg	594425	0	0
9	fan-in/256/base	emission_exclusive	105784258	3819139	76937446
9	fan-in/256/base	serialization	18368705	169875	2040148
9	fan-in/256/base	combined	125422746	4001158	79956381
9	fan-in/1024/base	ir	6466569	48575	3929268
9	fan-in/1024/base	cfg	10940908	0	0
9	fan-in/1024/base	emission_exclusive	866877195	33453456	663421693
9	fan-in/1024/base	serialization	56166421	520489	7222939
9	fan-in/1024/base	combined	940451273	34022520	674573900
9	nested-loop/64/base	ir	119867	3028	240359
9	nested-loop/64/base	cfg	181052	0	0
9	nested-loop/64/base	emission_exclusive	4580940	158164	3203533
9	nested-loop/64/base	serialization	2079104	13198	348803
9	nested-loop/64/base	combined	6961094	174390	3792695
9	nested-loop/256/base	ir	626426	12105	966536
9	nested-loop/256/base	cfg	2341582	0	0
9	nested-loop/256/base	emission_exclusive	17320912	608659	17402870
9	nested-loop/256/base	serialization	7994149	48528	1356497
9	nested-loop/256/base	combined	28283209	669292	19725903
9	nested-loop/1024/base	ir	5798344	48407	3878737
9	nested-loop/1024/base	cfg	40778427	0	0
9	nested-loop/1024/base	emission_exclusive	68082653	2410535	149436100
9	nested-loop/1024/base	serialization	31185673	189842	5387591
9	nested-loop/1024/base	combined	145845348	2648784	158702428
9	multi-exit/64/base	ir	130767	3014	242868
9	multi-exit/64/base	cfg	87907	0	0
9	multi-exit/64/base	emission_exclusive	30296930	1057206	21442992
9	multi-exit/64/base	serialization	8527279	46594	569880
9	multi-exit/64/base	combined	39043033	1106814	22255740
9	multi-exit/256/base	ir	676701	12119	977717
9	multi-exit/256/base	cfg	602090	0	0
9	multi-exit/256/base	emission_exclusive	138057918	5477133	106749130
9	multi-exit/256/base	serialization	19807018	175763	2079434
9	multi-exit/256/base	combined	159143897	5665015	109806281
9	multi-exit/1024/base	ir	6420992	48549	3928190
9	multi-exit/1024/base	cfg	12808351	0	0
9	multi-exit/1024/base	emission_exclusive	972889334	39137448	770432210
9	multi-exit/1024/base	serialization	58172047	520489	7238547
9	multi-exit/1024/base	combined	1050290894	39706486	781598947
9	no-exit/64/base	ir	123524	3036	240455
9	no-exit/64/base	cfg	51928	0	0
9	no-exit/64/base	emission_exclusive	4221149	145625	2621882
9	no-exit/64/base	serialization	1969988	12278	343391
9	no-exit/64/base	combined	6366709	160939	3205728
9	no-exit/256/base	ir	633419	12113	966632
9	no-exit/256/base	cfg	440013	0	0
9	no-exit/256/base	emission_exclusive	16322993	578412	11987138
9	no-exit/256/base	serialization	7730771	47608	1349547
9	no-exit/256/base	combined	25127306	638133	14303317
9	no-exit/1024/base	ir	5835624	48415	3878833
9	no-exit/1024/base	cfg	8530444	0	0
9	no-exit/1024/base	emission_exclusive	64614801	2309490	73811799
9	no-exit/1024/base	serialization	30930830	188922	5374495
9	no-exit/1024/base	combined	109911849	2546827	83065127
9	irreducible/64/base	ir	121790	3032	242131
9	irreducible/64/base	cfg	90722	0	0
9	irreducible/64/base	emission_exclusive	1147796232	20020919	375957323
9	irreducible/64/base	serialization	305101637	2739433	16602620
9	irreducible/64/base	combined	1453110612	22763384	392802074
9	irreducible/256/base	ir	717438	12113	974548
9	irreducible/256/base	cfg	1279231	0	0
9	irreducible/256/base	emission_exclusive	2314799864	50823127	727892844
9	irreducible/256/base	serialization	459258282	3945831	24608381
9	irreducible/256/base	combined	2776055287	54781071	753475773
9	irreducible/1024/base	ir	6441261	48419	3911709
9	irreducible/1024/base	cfg	19816044	0	0
9	irreducible/1024/base	emission_exclusive	3958257818	121441564	1430393117
9	irreducible/1024/base	serialization	579325431	5140545	34956339
9	irreducible/1024/base	combined	4563840944	126630528	1469261165
10	linear/64/base	ir	147970	3026	240174
10	linear/64/base	cfg	116180	0	0
10	linear/64/base	emission_exclusive	3841260	140898	2638299
10	linear/64/base	serialization	1817138	12094	341915
10	linear/64/base	combined	5926106	156018	3220388
10	linear/64/light	ir	134995	3433	258352
10	linear/64/light	cfg	92535	0	0
10	linear/64/light	emission_exclusive	4202384	156825	2850866
10	linear/64/light	serialization	1808283	12094	341531
10	linear/64/light	combined	6238337	172352	3450749
10	linear/64/heavy	ir	482223	9640	916241
10	linear/64/heavy	cfg	93777	0	0
10	linear/64/heavy	emission_exclusive	11956770	327508	8490035
10	linear/64/heavy	serialization	6588499	12096	1167973
10	linear/64/heavy	combined	19121419	349244	10574249
10	linear/256/base	ir	628089	12103	966351
10	linear/256/base	cfg	1377878	0	0
10	linear/256/base	emission_exclusive	15137319	558295	13665132
10	linear/256/base	serialization	7379016	47424	1346537
10	linear/256/base	combined	24522442	617822	15978020
10	linear/256/light	ir	726976	13724	1036945
10	linear/256/light	cfg	1058604	0	0
10	linear/256/light	emission_exclusive	16962392	622853	14535262
10	linear/256/light	serialization	6953120	47424	1345097
10	linear/256/light	combined	25701282	684001	16917304
10	linear/256/heavy	ir	2784049	38556	3669938
10	linear/256/heavy	cfg	1264594	0	0
10	linear/256/heavy	emission_exclusive	47269731	1301966	37053122
10	linear/256/heavy	serialization	27121791	47426	4650931
10	linear/256/heavy	combined	78440326	1387948	45373991
10	linear/1024/base	ir	5515438	48405	3878552
10	linear/1024/base	cfg	23382314	0	0
10	linear/1024/base	emission_exclusive	59726407	2227809	106466310
10	linear/1024/base	serialization	29487528	188738	5365343
10	linear/1024/base	combined	118111837	2464952	115710205
10	linear/1024/light	ir	6830828	54890	4161114
10	linear/1024/light	cfg	22251192	0	0
10	linear/1024/light	emission_exclusive	63049898	2486886	109967920
10	linear/1024/light	serialization	29659302	188738	5359679
10	linear/1024/light	combined	121791441	2730514	119488713
10	linear/1024/heavy	ir	26310395	154218	14692987
10	linear/1024/heavy	cfg	21965011	0	0
10	linear/1024/heavy	emission_exclusive	189515193	5199855	200017585
10	linear/1024/heavy	serialization	108726193	188740	18583081
10	linear/1024/heavy	combined	346517104	5542813	233293653
10	diamond-chain/64/base	ir	142459	3032	241429
10	diamond-chain/64/base	cfg	116500	0	0
10	diamond-chain/64/base	emission_exclusive	5727170	231315	3991572
10	diamond-chain/64/base	serialization	2200465	17982	373065
10	diamond-chain/64/base	combined	8186814	252329	4606066
10	diamond-chain/64/light	ir	135617	3439	259607
10	diamond-chain/64/light	cfg	108896	0	0
10	diamond-chain/64/light	emission_exclusive	6040883	250653	4261308
10	diamond-chain/64/light	serialization	2167161	17982	372681
10	diamond-chain/64/light	combined	8452678	272074	4893596
10	diamond-chain/64/heavy	ir	396310	9646	917496
10	diamond-chain/64/heavy	cfg	106662	0	0
10	diamond-chain/64/heavy	emission_exclusive	16047111	508168	11427125
10	diamond-chain/64/heavy	serialization	7065081	17984	1199123
10	diamond-chain/64/heavy	combined	23615314	535798	13543744
10	diamond-chain/256/base	ir	649609	12113	971734
10	diamond-chain/256/base	cfg	1285713	0	0
10	diamond-chain/256/base	emission_exclusive	22435321	918258	18682496
10	diamond-chain/256/base	serialization	8713030	70976	1471095
10	diamond-chain/256/base	combined	33083814	1001347	21125325
10	diamond-chain/256/light	ir	732807	13734	1042328
10	diamond-chain/256/light	cfg	1251067	0	0
10	diamond-chain/256/light	emission_exclusive	23671251	996897	19787059
10	diamond-chain/256/light	serialization	8510838	70976	1469655
10	diamond-chain/256/light	combined	34166093	1081607	22299042
10	diamond-chain/256/heavy	ir	2472449	38566	3675321
10	diamond-chain/256/heavy	cfg	1278410	0	0
10	diamond-chain/256/heavy	emission_exclusive	64010274	2025306	48439647
10	diamond-chain/256/heavy	serialization	26541313	70978	4775489
10	diamond-chain/256/heavy	combined	94302616	2134850	56890457
10	diamond-chain/1024/base	ir	5746064	48419	3900447
10	diamond-chain/1024/base	cfg	22315805	0	0
10	diamond-chain/1024/base	emission_exclusive	88136265	3667460	120635206
10	diamond-chain/1024/base	serialization	34016850	282946	5863533
10	diamond-chain/1024/base	combined	150215215	3998825	130399186
10	diamond-chain/1024/light	ir	7113262	54904	4183009
10	diamond-chain/1024/light	cfg	18804569	0	0
10	diamond-chain/1024/light	emission_exclusive	94113960	3983307	125080753
10	diamond-chain/1024/light	serialization	33558512	282946	5857869
10	diamond-chain/1024/light	combined	153590484	4321157	135121631
10	diamond-chain/1024/heavy	ir	24448220	154232	14714882
10	diamond-chain/1024/heavy	cfg	21173834	0	0
10	diamond-chain/1024/heavy	emission_exclusive	257611943	8095428	239697466
10	diamond-chain/1024/heavy	serialization	113440155	282948	19081271
10	diamond-chain/1024/heavy	combined	416674392	8532608	273493619
10	fan-in/64/base	ir	133933	3035	243042
10	fan-in/64/base	cfg	76835	0	0
10	fan-in/64/base	emission_exclusive	31286002	374084	8862989
10	fan-in/64/base	serialization	6168454	23502	433675
10	fan-in/64/base	combined	37665455	400621	9539706
10	fan-in/256/base	ir	679146	12144	978787
10	fan-in/256/base	cfg	586129	0	0
10	fan-in/256/base	emission_exclusive	104695876	3819139	76937446
10	fan-in/256/base	serialization	18342735	169875	2040148
10	fan-in/256/base	combined	124304097	4001158	79956381
10	fan-in/1024/base	ir	6289533	48575	3929268
10	fan-in/1024/base	cfg	11537105	0	0
10	fan-in/1024/base	emission_exclusive	864157264	33453456	663421693
10	fan-in/1024/base	serialization	56408959	520489	7222939
10	fan-in/1024/base	combined	938393111	34022520	674573900
10	nested-loop/64/base	ir	137080	3028	240359
10	nested-loop/64/base	cfg	189458	0	0
10	nested-loop/64/base	emission_exclusive	4677884	158164	3203533
10	nested-loop/64/base	serialization	2097420	13198	348803
10	nested-loop/64/base	combined	7101942	174390	3792695
10	nested-loop/256/base	ir	652615	12105	966536
10	nested-loop/256/base	cfg	2333626	0	0
10	nested-loop/256/base	emission_exclusive	17415110	608659	17402870
10	nested-loop/256/base	serialization	8023074	48528	1356497
10	nested-loop/256/base	combined	28424535	669292	19725903
10	nested-loop/1024/base	ir	5606121	48407	3878737
10	nested-loop/1024/base	cfg	40460044	0	0
10	nested-loop/1024/base	emission_exclusive	70038304	2410535	149436100
10	nested-loop/1024/base	serialization	31939218	189842	5387591
10	nested-loop/1024/base	combined	148043997	2648784	158702428
10	multi-exit/64/base	ir	131379	3014	242868
10	multi-exit/64/base	cfg	87045	0	0
10	multi-exit/64/base	emission_exclusive	30602969	1057206	21442992
10	multi-exit/64/base	serialization	8984504	46594	569880
10	multi-exit/64/base	combined	39806037	1106814	22255740
10	multi-exit/256/base	ir	678564	12119	977717
10	multi-exit/256/base	cfg	599975	0	0
10	multi-exit/256/base	emission_exclusive	137888496	5477133	106749130
10	multi-exit/256/base	serialization	19561733	175763	2079434
10	multi-exit/256/base	combined	158728918	5665015	109806281
10	multi-exit/1024/base	ir	6211726	48549	3928190
10	multi-exit/1024/base	cfg	12508493	0	0
10	multi-exit/1024/base	emission_exclusive	972605520	39137448	770432210
10	multi-exit/1024/base	serialization	58214425	520489	7238547
10	multi-exit/1024/base	combined	1049540305	39706486	781598947
10	no-exit/64/base	ir	121190	3036	240455
10	no-exit/64/base	cfg	50024	0	0
10	no-exit/64/base	emission_exclusive	4157309	145625	2621882
10	no-exit/64/base	serialization	1979476	12278	343391
10	no-exit/64/base	combined	6308109	160939	3205728
10	no-exit/256/base	ir	627838	12113	966632
10	no-exit/256/base	cfg	430575	0	0
10	no-exit/256/base	emission_exclusive	16113877	578412	11987138
10	no-exit/256/base	serialization	7752883	47608	1349547
10	no-exit/256/base	combined	24925273	638133	14303317
10	no-exit/1024/base	ir	5510981	48415	3878833
10	no-exit/1024/base	cfg	8539141	0	0
10	no-exit/1024/base	emission_exclusive	63959329	2309490	73811799
10	no-exit/1024/base	serialization	30731932	188922	5374495
10	no-exit/1024/base	combined	108741523	2546827	83065127
10	irreducible/64/base	ir	122823	3032	242131
10	irreducible/64/base	cfg	91393	0	0
10	irreducible/64/base	emission_exclusive	1171527917	20020919	375957323
10	irreducible/64/base	serialization	313598682	2739433	16602620
10	irreducible/64/base	combined	1485340955	22763384	392802074
10	irreducible/256/base	ir	688283	12113	974548
10	irreducible/256/base	cfg	1226721	0	0
10	irreducible/256/base	emission_exclusive	2318319316	50823127	727892844
10	irreducible/256/base	serialization	449425295	3945831	24608381
10	irreducible/256/base	combined	2769659845	54781071	753475773
10	irreducible/1024/base	ir	5770151	48419	3911709
10	irreducible/1024/base	cfg	18938072	0	0
10	irreducible/1024/base	emission_exclusive	3943476033	121441564	1430393117
10	irreducible/1024/base	serialization	581849858	5140545	34956339
10	irreducible/1024/base	combined	4550034486	126630528	1469261165
11	linear/64/base	ir	149884	3026	240174
11	linear/64/base	cfg	115609	0	0
11	linear/64/base	emission_exclusive	3832392	140898	2638299
11	linear/64/base	serialization	1812581	12094	341915
11	linear/64/base	combined	5913642	156018	3220388
11	linear/64/light	ir	133673	3433	258352
11	linear/64/light	cfg	98817	0	0
11	linear/64/light	emission_exclusive	4198456	156825	2850866
11	linear/64/light	serialization	1800317	12094	341531
11	linear/64/light	combined	6231373	172352	3450749
11	linear/64/heavy	ir	476632	9640	916241
11	linear/64/heavy	cfg	93658	0	0
11	linear/64/heavy	emission_exclusive	11987948	327508	8490035
11	linear/64/heavy	serialization	6580834	12096	1167973
11	linear/64/heavy	combined	19139222	349244	10574249
11	linear/256/base	ir	625604	12103	966351
11	linear/256/base	cfg	1414407	0	0
11	linear/256/base	emission_exclusive	14818495	558295	13665132
11	linear/256/base	serialization	7022331	47424	1346537
11	linear/256/base	combined	23880997	617822	15978020
11	linear/256/light	ir	718059	13724	1036945
11	linear/256/light	cfg	1038395	0	0
11	linear/256/light	emission_exclusive	16109900	622853	14535262
11	linear/256/light	serialization	7296539	47424	1345097
11	linear/256/light	combined	25163013	684001	16917304
11	linear/256/heavy	ir	2658713	38556	3669938
11	linear/256/heavy	cfg	1322313	0	0
11	linear/256/heavy	emission_exclusive	47519464	1301966	37053122
11	linear/256/heavy	serialization	27161244	47426	4650931
11	linear/256/heavy	combined	78661885	1387948	45373991
11	linear/1024/base	ir	5540496	48405	3878552
11	linear/1024/base	cfg	23512981	0	0
11	linear/1024/base	emission_exclusive	58049763	2227809	106466310
11	linear/1024/base	serialization	27996877	188738	5365343
11	linear/1024/base	combined	115100317	2464952	115710205
11	linear/1024/light	ir	6921910	54890	4161114
11	linear/1024/light	cfg	22257344	0	0
11	linear/1024/light	emission_exclusive	64851426	2486886	109967920
11	linear/1024/light	serialization	29076289	188738	5359679
11	linear/1024/light	combined	123107110	2730514	119488713
11	linear/1024/heavy	ir	26928684	154218	14692987
11	linear/1024/heavy	cfg	22662291	0	0
11	linear/1024/heavy	emission_exclusive	189109816	5199855	200017585
11	linear/1024/heavy	serialization	108638907	188740	18583081
11	linear/1024/heavy	combined	347339898	5542813	233293653
11	diamond-chain/64/base	ir	124085	3032	241429
11	diamond-chain/64/base	cfg	109337	0	0
11	diamond-chain/64/base	emission_exclusive	5544534	231315	3991572
11	diamond-chain/64/base	serialization	2142314	17982	373065
11	diamond-chain/64/base	combined	7920400	252329	4606066
11	diamond-chain/64/light	ir	137320	3439	259607
11	diamond-chain/64/light	cfg	105450	0	0
11	diamond-chain/64/light	emission_exclusive	5848308	250653	4261308
11	diamond-chain/64/light	serialization	2134490	17982	372681
11	diamond-chain/64/light	combined	8225688	272074	4893596
11	diamond-chain/64/heavy	ir	387884	9646	917496
11	diamond-chain/64/heavy	cfg	108395	0	0
11	diamond-chain/64/heavy	emission_exclusive	15450341	508168	11427125
11	diamond-chain/64/heavy	serialization	7032720	17984	1199123
11	diamond-chain/64/heavy	combined	22979450	535798	13543744
11	diamond-chain/256/base	ir	636905	12113	971734
11	diamond-chain/256/base	cfg	1248372	0	0
11	diamond-chain/256/base	emission_exclusive	21621702	918258	18682496
11	diamond-chain/256/base	serialization	8067469	70976	1471095
11	diamond-chain/256/base	combined	31574608	1001347	21125325
11	diamond-chain/256/light	ir	746262	13734	1042328
11	diamond-chain/256/light	cfg	1221753	0	0
11	diamond-chain/256/light	emission_exclusive	22711632	996897	19787059
11	diamond-chain/256/light	serialization	7957049	70976	1469655
11	diamond-chain/256/light	combined	32636818	1081607	22299042
11	diamond-chain/256/heavy	ir	2268954	38566	3675321
11	diamond-chain/256/heavy	cfg	1237833	0	0
11	diamond-chain/256/heavy	emission_exclusive	61406116	2025306	48439647
11	diamond-chain/256/heavy	serialization	27798291	70978	4775489
11	diamond-chain/256/heavy	combined	92711344	2134850	56890457
11	diamond-chain/1024/base	ir	5606651	48419	3900447
11	diamond-chain/1024/base	cfg	21637090	0	0
11	diamond-chain/1024/base	emission_exclusive	86457097	3667460	120635206
11	diamond-chain/1024/base	serialization	31768846	282946	5863533
11	diamond-chain/1024/base	combined	145469844	3998825	130399186
11	diamond-chain/1024/light	ir	6827802	54904	4183009
11	diamond-chain/1024/light	cfg	18747962	0	0
11	diamond-chain/1024/light	emission_exclusive	91507325	3983307	125080753
11	diamond-chain/1024/light	serialization	31612750	282946	5857869
11	diamond-chain/1024/light	combined	148695979	4321157	135121631
11	diamond-chain/1024/heavy	ir	25624828	154232	14714882
11	diamond-chain/1024/heavy	cfg	21623655	0	0
11	diamond-chain/1024/heavy	emission_exclusive	251381388	8095428	239697466
11	diamond-chain/1024/heavy	serialization	107254007	282948	19081271
11	diamond-chain/1024/heavy	combined	405884089	8532608	273493619
11	fan-in/64/base	ir	155604	3035	243042
11	fan-in/64/base	cfg	81303	0	0
11	fan-in/64/base	emission_exclusive	28737239	374084	8862989
11	fan-in/64/base	serialization	5862214	23502	433675
11	fan-in/64/base	combined	34836510	400621	9539706
11	fan-in/256/base	ir	682702	12144	978787
11	fan-in/256/base	cfg	603142	0	0
11	fan-in/256/base	emission_exclusive	103993355	3819139	76937446
11	fan-in/256/base	serialization	18138720	169875	2040148
11	fan-in/256/base	combined	123418079	4001158	79956381
11	fan-in/1024/base	ir	6437524	48575	3929268
11	fan-in/1024/base	cfg	11047377	0	0
11	fan-in/1024/base	emission_exclusive	860966809	33453456	663421693
11	fan-in/1024/base	serialization	56097279	520489	7222939
11	fan-in/1024/base	combined	934549149	34022520	674573900
11	nested-loop/64/base	ir	120739	3028	240359
11	nested-loop/64/base	cfg	190390	0	0
11	nested-loop/64/base	emission_exclusive	4587212	158164	3203533
11	nested-loop/64/base	serialization	2073415	13198	348803
11	nested-loop/64/base	combined	6971876	174390	3792695
11	nested-loop/256/base	ir	629732	12105	966536
11	nested-loop/256/base	cfg	2298590	0	0
11	nested-loop/256/base	emission_exclusive	17192038	608659	17402870
11	nested-loop/256/base	serialization	8012494	48528	1356497
11	nested-loop/256/base	combined	28132964	669292	19725903
11	nested-loop/1024/base	ir	5369031	48407	3878737
11	nested-loop/1024/base	cfg	39698703	0	0
11	nested-loop/1024/base	emission_exclusive	69109025	2410535	149436100
11	nested-loop/1024/base	serialization	31770408	189842	5387591
11	nested-loop/1024/base	combined	145947337	2648784	158702428
11	multi-exit/64/base	ir	125147	3014	242868
11	multi-exit/64/base	cfg	82206	0	0
11	multi-exit/64/base	emission_exclusive	30267132	1057206	21442992
11	multi-exit/64/base	serialization	9005915	46594	569880
11	multi-exit/64/base	combined	39480540	1106814	22255740
11	multi-exit/256/base	ir	673455	12119	977717
11	multi-exit/256/base	cfg	575118	0	0
11	multi-exit/256/base	emission_exclusive	136858216	5477133	106749130
11	multi-exit/256/base	serialization	19558566	175763	2079434
11	multi-exit/256/base	combined	157665495	5665015	109806281
11	multi-exit/1024/base	ir	6335300	48549	3928190
11	multi-exit/1024/base	cfg	13437240	0	0
11	multi-exit/1024/base	emission_exclusive	967386476	39137448	770432210
11	multi-exit/1024/base	serialization	58039795	520489	7238547
11	multi-exit/1024/base	combined	1045198961	39706486	781598947
11	no-exit/64/base	ir	119486	3036	240455
11	no-exit/64/base	cfg	48171	0	0
11	no-exit/64/base	emission_exclusive	4118105	145625	2621882
11	no-exit/64/base	serialization	1976901	12278	343391
11	no-exit/64/base	combined	6262783	160939	3205728
11	no-exit/256/base	ir	640583	12113	966632
11	no-exit/256/base	cfg	431276	0	0
11	no-exit/256/base	emission_exclusive	16017474	578412	11987138
11	no-exit/256/base	serialization	7734859	47608	1349547
11	no-exit/256/base	combined	24824322	638133	14303317
11	no-exit/1024/base	ir	5557658	48415	3878833
11	no-exit/1024/base	cfg	9398598	0	0
11	no-exit/1024/base	emission_exclusive	63529034	2309490	73811799
11	no-exit/1024/base	serialization	30735539	188922	5374495
11	no-exit/1024/base	combined	109221040	2546827	83065127
11	irreducible/64/base	ir	124475	3032	242131
11	irreducible/64/base	cfg	90942	0	0
11	irreducible/64/base	emission_exclusive	1163642345	20020919	375957323
11	irreducible/64/base	serialization	313584683	2739433	16602620
11	irreducible/64/base	combined	1477442595	22763384	392802074
11	irreducible/256/base	ir	710535	12113	974548
11	irreducible/256/base	cfg	1259894	0	0
11	irreducible/256/base	emission_exclusive	2320499505	50823127	727892844
11	irreducible/256/base	serialization	451064644	3945831	24608381
11	irreducible/256/base	combined	2773534728	54781071	753475773
11	irreducible/1024/base	ir	6040783	48419	3911709
11	irreducible/1024/base	cfg	19196090	0	0
11	irreducible/1024/base	emission_exclusive	3958772054	121441564	1430393117
11	irreducible/1024/base	serialization	604245529	5140545	34956339
11	irreducible/1024/base	combined	4588254687	126630528	1469261165
12	linear/64/base	ir	149703	3026	240174
12	linear/64/base	cfg	115839	0	0
12	linear/64/base	emission_exclusive	3966627	140898	2638299
12	linear/64/base	serialization	1902842	12094	341915
12	linear/64/base	combined	6138267	156018	3220388
12	linear/64/light	ir	135367	3433	258352
12	linear/64/light	cfg	100770	0	0
12	linear/64/light	emission_exclusive	5301103	156825	2850866
12	linear/64/light	serialization	2337935	12094	341531
12	linear/64/light	combined	7875335	172352	3450749
12	linear/64/heavy	ir	507300	9640	916241
12	linear/64/heavy	cfg	99087	0	0
12	linear/64/heavy	emission_exclusive	12619674	327508	8490035
12	linear/64/heavy	serialization	6585183	12096	1167973
12	linear/64/heavy	combined	19811404	349244	10574249
12	linear/256/base	ir	631155	12103	966351
12	linear/256/base	cfg	1396804	0	0
12	linear/256/base	emission_exclusive	15438017	558295	13665132
12	linear/256/base	serialization	7053920	47424	1346537
12	linear/256/base	combined	24520036	617822	15978020
12	linear/256/light	ir	720493	13724	1036945
12	linear/256/light	cfg	1049857	0	0
12	linear/256/light	emission_exclusive	16026071	622853	14535262
12	linear/256/light	serialization	6957136	47424	1345097
12	linear/256/light	combined	24753728	684001	16917304
12	linear/256/heavy	ir	2790510	38556	3669938
12	linear/256/heavy	cfg	1269754	0	0
12	linear/256/heavy	emission_exclusive	49699989	1301966	37053122
12	linear/256/heavy	serialization	27291452	47426	4650931
12	linear/256/heavy	combined	81051917	1387948	45373991
12	linear/1024/base	ir	6406815	48405	3878552
12	linear/1024/base	cfg	23650891	0	0
12	linear/1024/base	emission_exclusive	58525513	2227809	106466310
12	linear/1024/base	serialization	28523282	188738	5365343
12	linear/1024/base	combined	117106701	2464952	115710205
12	linear/1024/light	ir	6995900	54890	4161114
12	linear/1024/light	cfg	23194577	0	0
12	linear/1024/light	emission_exclusive	63913361	2486886	109967920
12	linear/1024/light	serialization	29336641	188738	5359679
12	linear/1024/light	combined	123440699	2730514	119488713
12	linear/1024/heavy	ir	27051146	154218	14692987
12	linear/1024/heavy	cfg	22101529	0	0
12	linear/1024/heavy	emission_exclusive	189814937	5199855	200017585
12	linear/1024/heavy	serialization	104290767	188740	18583081
12	linear/1024/heavy	combined	343258539	5542813	233293653
12	diamond-chain/64/base	ir	143100	3032	241429
12	diamond-chain/64/base	cfg	114778	0	0
12	diamond-chain/64/base	emission_exclusive	5744361	231315	3991572
12	diamond-chain/64/base	serialization	2070839	17982	373065
12	diamond-chain/64/base	combined	8073229	252329	4606066
12	diamond-chain/64/light	ir	136748	3439	259607
12	diamond-chain/64/light	cfg	111010	0	0
12	diamond-chain/64/light	emission_exclusive	5950112	250653	4261308
12	diamond-chain/64/light	serialization	2130262	17982	372681
12	diamond-chain/64/light	combined	8328222	272074	4893596
12	diamond-chain/64/heavy	ir	393545	9646	917496
12	diamond-chain/64/heavy	cfg	106461	0	0
12	diamond-chain/64/heavy	emission_exclusive	15688152	508168	11427125
12	diamond-chain/64/heavy	serialization	7020536	17984	1199123
12	diamond-chain/64/heavy	combined	23208814	535798	13543744
12	diamond-chain/256/base	ir	652024	12113	971734
12	diamond-chain/256/base	cfg	1269352	0	0
12	diamond-chain/256/base	emission_exclusive	21979808	918258	18682496
12	diamond-chain/256/base	serialization	8097334	70976	1471095
12	diamond-chain/256/base	combined	31998669	1001347	21125325
12	diamond-chain/256/light	ir	733849	13734	1042328
12	diamond-chain/256/light	cfg	1243323	0	0
12	diamond-chain/256/light	emission_exclusive	24280773	996897	19787059
12	diamond-chain/256/light	serialization	8373718	70976	1469655
12	diamond-chain/256/light	combined	34631803	1081607	22299042
12	diamond-chain/256/heavy	ir	2374543	38566	3675321
12	diamond-chain/256/heavy	cfg	1250156	0	0
12	diamond-chain/256/heavy	emission_exclusive	62461563	2025306	48439647
12	diamond-chain/256/heavy	serialization	28018347	70978	4775489
12	diamond-chain/256/heavy	combined	94104779	2134850	56890457
12	diamond-chain/1024/base	ir	5908512	48419	3900447
12	diamond-chain/1024/base	cfg	22332646	0	0
12	diamond-chain/1024/base	emission_exclusive	87867826	3667460	120635206
12	diamond-chain/1024/base	serialization	32222894	282946	5863533
12	diamond-chain/1024/base	combined	148332008	3998825	130399186
12	diamond-chain/1024/light	ir	6980972	54904	4183009
12	diamond-chain/1024/light	cfg	19358056	0	0
12	diamond-chain/1024/light	emission_exclusive	93451202	3983307	125080753
12	diamond-chain/1024/light	serialization	31961128	282946	5857869
12	diamond-chain/1024/light	combined	151751509	4321157	135121631
12	diamond-chain/1024/heavy	ir	24771962	154232	14714882
12	diamond-chain/1024/heavy	cfg	21785441	0	0
12	diamond-chain/1024/heavy	emission_exclusive	253558715	8095428	239697466
12	diamond-chain/1024/heavy	serialization	118613543	282948	19081271
12	diamond-chain/1024/heavy	combined	418729973	8532608	273493619
12	fan-in/64/base	ir	152509	3035	243042
12	fan-in/64/base	cfg	80242	0	0
12	fan-in/64/base	emission_exclusive	31077506	374084	8862989
12	fan-in/64/base	serialization	6241863	23502	433675
12	fan-in/64/base	combined	37552331	400621	9539706
12	fan-in/256/base	ir	683393	12144	978787
12	fan-in/256/base	cfg	616026	0	0
12	fan-in/256/base	emission_exclusive	104682890	3819139	76937446
12	fan-in/256/base	serialization	18057825	169875	2040148
12	fan-in/256/base	combined	124040284	4001158	79956381
12	fan-in/1024/base	ir	6539937	48575	3929268
12	fan-in/1024/base	cfg	10998566	0	0
12	fan-in/1024/base	emission_exclusive	868729465	33453456	663421693
12	fan-in/1024/base	serialization	57849765	520489	7222939
12	fan-in/1024/base	combined	944117893	34022520	674573900
12	nested-loop/64/base	ir	132010	3028	240359
12	nested-loop/64/base	cfg	192985	0	0
12	nested-loop/64/base	emission_exclusive	4685278	158164	3203533
12	nested-loop/64/base	serialization	2090736	13198	348803
12	nested-loop/64/base	combined	7101119	174390	3792695
12	nested-loop/256/base	ir	637918	12105	966536
12	nested-loop/256/base	cfg	2361520	0	0
12	nested-loop/256/base	emission_exclusive	18241252	608659	17402870
12	nested-loop/256/base	serialization	8041920	48528	1356497
12	nested-loop/256/base	combined	29282730	669292	19725903
12	nested-loop/1024/base	ir	5549022	48407	3878737
12	nested-loop/1024/base	cfg	39957452	0	0
12	nested-loop/1024/base	emission_exclusive	71039908	2410535	149436100
12	nested-loop/1024/base	serialization	31859094	189842	5387591
12	nested-loop/1024/base	combined	148405778	2648784	158702428
12	multi-exit/64/base	ir	129936	3014	242868
12	multi-exit/64/base	cfg	87526	0	0
12	multi-exit/64/base	emission_exclusive	31640141	1057206	21442992
12	multi-exit/64/base	serialization	9450847	46594	569880
12	multi-exit/64/base	combined	41308810	1106814	22255740
12	multi-exit/256/base	ir	684024	12119	977717
12	multi-exit/256/base	cfg	614693	0	0
12	multi-exit/256/base	emission_exclusive	141331919	5477133	106749130
12	multi-exit/256/base	serialization	20682012	175763	2079434
12	multi-exit/256/base	combined	163312809	5665015	109806281
12	multi-exit/1024/base	ir	6646500	48549	3928190
12	multi-exit/1024/base	cfg	13323887	0	0
12	multi-exit/1024/base	emission_exclusive	983680947	39137448	770432210
12	multi-exit/1024/base	serialization	61124673	520489	7238547
12	multi-exit/1024/base	combined	1064776177	39706486	781598947
12	no-exit/64/base	ir	130637	3036	240455
12	no-exit/64/base	cfg	55244	0	0
12	no-exit/64/base	emission_exclusive	4164772	145625	2621882
12	no-exit/64/base	serialization	1979416	12278	343391
12	no-exit/64/base	combined	6330180	160939	3205728
12	no-exit/256/base	ir	633088	12113	966632
12	no-exit/256/base	cfg	464749	0	0
12	no-exit/256/base	emission_exclusive	16141850	578412	11987138
12	no-exit/256/base	serialization	7781697	47608	1349547
12	no-exit/256/base	combined	25021505	638133	14303317
12	no-exit/1024/base	ir	6167291	48415	3878833
12	no-exit/1024/base	cfg	9519055	0	0
12	no-exit/1024/base	emission_exclusive	61281870	2309490	73811799
12	no-exit/1024/base	serialization	28953236	188922	5374495
12	no-exit/1024/base	combined	105921733	2546827	83065127
12	irreducible/64/base	ir	141448	3032	242131
12	irreducible/64/base	cfg	103346	0	0
12	irreducible/64/base	emission_exclusive	1138115053	20020919	375957323
12	irreducible/64/base	serialization	320519834	2739433	16602620
12	irreducible/64/base	combined	1458880101	22763384	392802074
12	irreducible/256/base	ir	705806	12113	974548
12	irreducible/256/base	cfg	1264483	0	0
12	irreducible/256/base	emission_exclusive	2398342370	50823127	727892844
12	irreducible/256/base	serialization	470481986	3945831	24608381
12	irreducible/256/base	combined	2870794805	54781071	753475773
12	irreducible/1024/base	ir	6017509	48419	3911709
12	irreducible/1024/base	cfg	19835961	0	0
12	irreducible/1024/base	emission_exclusive	3956000376	121441564	1430393117
12	irreducible/1024/base	serialization	576871884	5140545	34956339
12	irreducible/1024/base	combined	4558725950	126630528	1469261165
13	linear/64/base	ir	148521	3026	240174
13	linear/64/base	cfg	117202	0	0
13	linear/64/base	emission_exclusive	3842943	140898	2638299
13	linear/64/base	serialization	1823031	12094	341915
13	linear/64/base	combined	5935103	156018	3220388
13	linear/64/light	ir	134355	3433	258352
13	linear/64/light	cfg	99148	0	0
13	linear/64/light	emission_exclusive	4093236	156825	2850866
13	linear/64/light	serialization	1806729	12094	341531
13	linear/64/light	combined	6133558	172352	3450749
13	linear/64/heavy	ir	479577	9640	916241
13	linear/64/heavy	cfg	93126	0	0
13	linear/64/heavy	emission_exclusive	11831632	327508	8490035
13	linear/64/heavy	serialization	6591174	12096	1167973
13	linear/64/heavy	combined	18995651	349244	10574249
13	linear/256/base	ir	639430	12103	966351
13	linear/256/base	cfg	1428203	0	0
13	linear/256/base	emission_exclusive	14754874	558295	13665132
13	linear/256/base	serialization	7098535	47424	1346537
13	linear/256/base	combined	23921182	617822	15978020
13	linear/256/light	ir	712288	13724	1036945
13	linear/256/light	cfg	1317925	0	0
13	linear/256/light	emission_exclusive	16154111	622853	14535262
13	linear/256/light	serialization	7314363	47424	1345097
13	linear/256/light	combined	25498827	684001	16917304
13	linear/256/heavy	ir	2762288	38556	3669938
13	linear/256/heavy	cfg	1251128	0	0
13	linear/256/heavy	emission_exclusive	47276133	1301966	37053122
13	linear/256/heavy	serialization	27148449	47426	4650931
13	linear/256/heavy	combined	78438149	1387948	45373991
13	linear/1024/base	ir	5713593	48405	3878552
13	linear/1024/base	cfg	23378034	0	0
13	linear/1024/base	emission_exclusive	59147621	2227809	106466310
13	linear/1024/base	serialization	28235637	188738	5365343
13	linear/1024/base	combined	116475136	2464952	115710205
13	linear/1024/light	ir	6619868	54890	4161114
13	linear/1024/light	cfg	22488430	0	0
13	linear/1024/light	emission_exclusive	63489258	2486886	109967920
13	linear/1024/light	serialization	29753010	188738	5359679
13	linear/1024/light	combined	122350786	2730514	119488713
13	linear/1024/heavy	ir	26718106	154218	14692987
13	linear/1024/heavy	cfg	21958878	0	0
13	linear/1024/heavy	emission_exclusive	194050743	5199855	200017585
13	linear/1024/heavy	serialization	108779000	188740	18583081
13	linear/1024/heavy	combined	351507007	5542813	233293653
13	diamond-chain/64/base	ir	124336	3032	241429
13	diamond-chain/64/base	cfg	108765	0	0
13	diamond-chain/64/base	emission_exclusive	5676865	231315	3991572
13	diamond-chain/64/base	serialization	2184244	17982	373065
13	diamond-chain/64/base	combined	8094330	252329	4606066
13	diamond-chain/64/light	ir	130436	3439	259607
13	diamond-chain/64/light	cfg	106171	0	0
13	diamond-chain/64/light	emission_exclusive	5972433	250653	4261308
13	diamond-chain/64/light	serialization	2157273	17982	372681
13	diamond-chain/64/light	combined	8366424	272074	4893596
13	diamond-chain/64/heavy	ir	393324	9646	917496
13	diamond-chain/64/heavy	cfg	105339	0	0
13	diamond-chain/64/heavy	emission_exclusive	15840700	508168	11427125
13	diamond-chain/64/heavy	serialization	6990239	17984	1199123
13	diamond-chain/64/heavy	combined	23329732	535798	13543744
13	diamond-chain/256/base	ir	638078	12113	971734
13	diamond-chain/256/base	cfg	1262089	0	0
13	diamond-chain/256/base	emission_exclusive	21997010	918258	18682496
13	diamond-chain/256/base	serialization	8541926	70976	1471095
13	diamond-chain/256/base	combined	32439233	1001347	21125325
13	diamond-chain/256/light	ir	727728	13734	1042328
13	diamond-chain/256/light	cfg	1223246	0	0
13	diamond-chain/256/light	emission_exclusive	23507158	996897	19787059
13	diamond-chain/256/light	serialization	8508002	70976	1469655
13	diamond-chain/256/light	combined	33966244	1081607	22299042
13	diamond-chain/256/heavy	ir	2357562	38566	3675321
13	diamond-chain/256/heavy	cfg	1251639	0	0
13	diamond-chain/256/heavy	emission_exclusive	63943767	2025306	48439647
13	diamond-chain/256/heavy	serialization	28203156	70978	4775489
13	diamond-chain/256/heavy	combined	95756264	2134850	56890457
13	diamond-chain/1024/base	ir	5702362	48419	3900447
13	diamond-chain/1024/base	cfg	22055191	0	0
13	diamond-chain/1024/base	emission_exclusive	88411322	3667460	120635206
13	diamond-chain/1024/base	serialization	33926288	282946	5863533
13	diamond-chain/1024/base	combined	150095304	3998825	130399186
13	diamond-chain/1024/light	ir	7135775	54904	4183009
13	diamond-chain/1024/light	cfg	18834766	0	0
13	diamond-chain/1024/light	emission_exclusive	94037561	3983307	125080753
13	diamond-chain/1024/light	serialization	33548152	282946	5857869
13	diamond-chain/1024/light	combined	153556495	4321157	135121631
13	diamond-chain/1024/heavy	ir	24203857	154232	14714882
13	diamond-chain/1024/heavy	cfg	20014599	0	0
13	diamond-chain/1024/heavy	emission_exclusive	257523889	8095428	239697466
13	diamond-chain/1024/heavy	serialization	107159215	282948	19081271
13	diamond-chain/1024/heavy	combined	408901790	8532608	273493619
13	fan-in/64/base	ir	129194	3035	243042
13	fan-in/64/base	cfg	73750	0	0
13	fan-in/64/base	emission_exclusive	29357911	374084	8862989
13	fan-in/64/base	serialization	6174045	23502	433675
13	fan-in/64/base	combined	35735020	400621	9539706
13	fan-in/256/base	ir	672202	12144	978787
13	fan-in/256/base	cfg	559870	0	0
13	fan-in/256/base	emission_exclusive	106374569	3819139	76937446
13	fan-in/256/base	serialization	19209255	169875	2040148
13	fan-in/256/base	combined	126816066	4001158	79956381
13	fan-in/1024/base	ir	7126699	48575	3929268
13	fan-in/1024/base	cfg	11371632	0	0
13	fan-in/1024/base	emission_exclusive	865033694	33453456	663421693
13	fan-in/1024/base	serialization	56292446	520489	7222939
13	fan-in/1024/base	combined	939824653	34022520	674573900
13	nested-loop/64/base	ir	118765	3028	240359
13	nested-loop/64/base	cfg	184369	0	0
13	nested-loop/64/base	emission_exclusive	4607690	158164	3203533
13	nested-loop/64/base	serialization	2080417	13198	348803
13	nested-loop/64/base	combined	6991362	174390	3792695
13	nested-loop/256/base	ir	623480	12105	966536
13	nested-loop/256/base	cfg	2289423	0	0
13	nested-loop/256/base	emission_exclusive	17377388	608659	17402870
13	nested-loop/256/base	serialization	8031129	48528	1356497
13	nested-loop/256/base	combined	28321560	669292	19725903
13	nested-loop/1024/base	ir	5358682	48407	3878737
13	nested-loop/1024/base	cfg	39747214	0	0
13	nested-loop/1024/base	emission_exclusive	70114275	2410535	149436100
13	nested-loop/1024/base	serialization	32180995	189842	5387591
13	nested-loop/1024/base	combined	147401506	2648784	158702428
13	multi-exit/64/base	ir	138733	3014	242868
13	multi-exit/64/base	cfg	87285	0	0
13	multi-exit/64/base	emission_exclusive	30580655	1057206	21442992
13	multi-exit/64/base	serialization	8989574	46594	569880
13	multi-exit/64/base	combined	39796387	1106814	22255740
13	multi-exit/256/base	ir	674437	12119	977717
13	multi-exit/256/base	cfg	608782	0	0
13	multi-exit/256/base	emission_exclusive	137488474	5477133	106749130
13	multi-exit/256/base	serialization	19519172	175763	2079434
13	multi-exit/256/base	combined	158291035	5665015	109806281
13	multi-exit/1024/base	ir	6245099	48549	3928190
13	multi-exit/1024/base	cfg	13143665	0	0
13	multi-exit/1024/base	emission_exclusive	974860929	39137448	770432210
13	multi-exit/1024/base	serialization	58323561	520489	7238547
13	multi-exit/1024/base	combined	1052573484	39706486	781598947
13	no-exit/64/base	ir	120398	3036	240455
13	no-exit/64/base	cfg	50045	0	0
13	no-exit/64/base	emission_exclusive	4144473	145625	2621882
13	no-exit/64/base	serialization	1985739	12278	343391
13	no-exit/64/base	combined	6300765	160939	3205728
13	no-exit/256/base	ir	640141	12113	966632
13	no-exit/256/base	cfg	428411	0	0
13	no-exit/256/base	emission_exclusive	15929968	578412	11987138
13	no-exit/256/base	serialization	7725160	47608	1349547
13	no-exit/256/base	combined	24723811	638133	14303317
13	no-exit/1024/base	ir	5611760	48415	3878833
13	no-exit/1024/base	cfg	8902670	0	0
13	no-exit/1024/base	emission_exclusive	63071245	2309490	73811799
13	no-exit/1024/base	serialization	30724678	188922	5374495
13	no-exit/1024/base	combined	108310473	2546827	83065127
13	irreducible/64/base	ir	121220	3032	242131
13	irreducible/64/base	cfg	90501	0	0
13	irreducible/64/base	emission_exclusive	1169313241	20020919	375957323
13	irreducible/64/base	serialization	313474287	2739433	16602620
13	irreducible/64/base	combined	1482999559	22763384	392802074
13	irreducible/256/base	ir	706156	12113	974548
13	irreducible/256/base	cfg	1246690	0	0
13	irreducible/256/base	emission_exclusive	2302257819	50823127	727892844
13	irreducible/256/base	serialization	447771301	3945831	24608381
13	irreducible/256/base	combined	2751982507	54781071	753475773
13	irreducible/1024/base	ir	6269336	48419	3911709
13	irreducible/1024/base	cfg	18977215	0	0
13	irreducible/1024/base	emission_exclusive	3926346879	121441564	1430393117
13	irreducible/1024/base	serialization	579278965	5140545	34956339
13	irreducible/1024/base	combined	4530872696	126630528	1469261165
14	linear/64/base	ir	148672	3026	240174
14	linear/64/base	cfg	116801	0	0
14	linear/64/base	emission_exclusive	3903517	140898	2638299
14	linear/64/base	serialization	1822590	12094	341915
14	linear/64/base	combined	5994826	156018	3220388
14	linear/64/light	ir	135667	3433	258352
14	linear/64/light	cfg	92365	0	0
14	linear/64/light	emission_exclusive	4041468	156825	2850866
14	linear/64/light	serialization	1807501	12094	341531
14	linear/64/light	combined	6077111	172352	3450749
14	linear/64/heavy	ir	475810	9640	916241
14	linear/64/heavy	cfg	93226	0	0
14	linear/64/heavy	emission_exclusive	11834698	327508	8490035
14	linear/64/heavy	serialization	6585083	12096	1167973
14	linear/64/heavy	combined	18988967	349244	10574249
14	linear/256/base	ir	628660	12103	966351
14	linear/256/base	cfg	1475703	0	0
14	linear/256/base	emission_exclusive	14643694	558295	13665132
14	linear/256/base	serialization	7075692	47424	1346537
14	linear/256/base	combined	23823899	617822	15978020
14	linear/256/light	ir	713430	13724	1036945
14	linear/256/light	cfg	1315940	0	0
14	linear/256/light	emission_exclusive	15738766	622853	14535262
14	linear/256/light	serialization	6975041	47424	1345097
14	linear/256/light	combined	24743287	684001	16917304
14	linear/256/heavy	ir	2765594	38556	3669938
14	linear/256/heavy	cfg	1270535	0	0
14	linear/256/heavy	emission_exclusive	47493893	1301966	37053122
14	linear/256/heavy	serialization	25993945	47426	4650931
14	linear/256/heavy	combined	77524128	1387948	45373991
14	linear/1024/base	ir	5917750	48405	3878552
14	linear/1024/base	cfg	23981887	0	0
14	linear/1024/base	emission_exclusive	58295647	2227809	106466310
14	linear/1024/base	serialization	28430265	188738	5365343
14	linear/1024/base	combined	116625779	2464952	115710205
14	linear/1024/light	ir	6909076	54890	4161114
14	linear/1024/light	cfg	22752240	0	0
14	linear/1024/light	emission_exclusive	63485819	2486886	109967920
14	linear/1024/light	serialization	29408196	188738	5359679
14	linear/1024/light	combined	122555461	2730514	119488713
14	linear/1024/heavy	ir	26857610	154218	14692987
14	linear/1024/heavy	cfg	22473011	0	0
14	linear/1024/heavy	emission_exclusive	189753617	5199855	200017585
14	linear/1024/heavy	serialization	103668708	188740	18583081
14	linear/1024/heavy	combined	342753496	5542813	233293653
14	diamond-chain/64/base	ir	148781	3032	241429
14	diamond-chain/64/base	cfg	116059	0	0
14	diamond-chain/64/base	emission_exclusive	5649893	231315	3991572
14	diamond-chain/64/base	serialization	2111396	17982	373065
14	diamond-chain/64/base	combined	8026430	252329	4606066
14	diamond-chain/64/light	ir	133222	3439	259607
14	diamond-chain/64/light	cfg	109307	0	0
14	diamond-chain/64/light	emission_exclusive	6055000	250653	4261308
14	diamond-chain/64/light	serialization	2077582	17982	372681
14	diamond-chain/64/light	combined	8375231	272074	4893596
14	diamond-chain/64/heavy	ir	400869	9646	917496
14	diamond-chain/64/heavy	cfg	107133	0	0
14	diamond-chain/64/heavy	emission_exclusive	16151577	508168	11427125
14	diamond-chain/64/heavy	serialization	7071564	17984	1199123
14	diamond-chain/64/heavy	combined	23731273	535798	13543744
14	diamond-chain/256/base	ir	655841	12113	971734
14	diamond-chain/256/base	cfg	1272428	0	0
14	diamond-chain/256/base	emission_exclusive	22409190	918258	18682496
14	diamond-chain/256/base	serialization	8647987	70976	1471095
14	diamond-chain/256/base	combined	32985576	1001347	21125325
14	diamond-chain/256/light	ir	744129	13734	1042328
14	diamond-chain/256/light	cfg	1239616	0	0
14	diamond-chain/256/light	emission_exclusive	23876587	996897	19787059
14	diamond-chain/256/light	serialization	8545473	70976	1469655
14	diamond-chain/256/light	combined	34405925	1081607	22299042
14	diamond-chain/256/heavy	ir	2427203	38566	3675321
14	diamond-chain/256/heavy	cfg	1254705	0	0
14	diamond-chain/256/heavy	emission_exclusive	63997858	2025306	48439647
14	diamond-chain/256/heavy	serialization	28073311	70978	4775489
14	diamond-chain/256/heavy	combined	95753217	2134850	56890457
14	diamond-chain/1024/base	ir	5990387	48419	3900447
14	diamond-chain/1024/base	cfg	22512134	0	0
14	diamond-chain/1024/base	emission_exclusive	90112603	3667460	120635206
14	diamond-chain/1024/base	serialization	32612381	282946	5863533
14	diamond-chain/1024/base	combined	151227735	3998825	130399186
14	diamond-chain/1024/light	ir	6609208	54904	4183009
14	diamond-chain/1024/light	cfg	19463144	0	0
14	diamond-chain/1024/light	emission_exclusive	96178483	3983307	125080753
14	diamond-chain/1024/light	serialization	32311410	282946	5857869
14	diamond-chain/1024/light	combined	154562707	4321157	135121631
14	diamond-chain/1024/heavy	ir	24332901	154232	14714882
14	diamond-chain/1024/heavy	cfg	21665463	0	0
14	diamond-chain/1024/heavy	emission_exclusive	259605384	8095428	239697466
14	diamond-chain/1024/heavy	serialization	108063485	282948	19081271
14	diamond-chain/1024/heavy	combined	413667544	8532608	273493619
14	fan-in/64/base	ir	155855	3035	243042
14	fan-in/64/base	cfg	79240	0	0
14	fan-in/64/base	emission_exclusive	29624977	374084	8862989
14	fan-in/64/base	serialization	5939621	23502	433675
14	fan-in/64/base	combined	35799943	400621	9539706
14	fan-in/256/base	ir	683974	12144	978787
14	fan-in/256/base	cfg	610555	0	0
14	fan-in/256/base	emission_exclusive	104555557	3819139	76937446
14	fan-in/256/base	serialization	18175568	169875	2040148
14	fan-in/256/base	combined	124025824	4001158	79956381
14	fan-in/1024/base	ir	6432284	48575	3929268
14	fan-in/1024/base	cfg	11348508	0	0
14	fan-in/1024/base	emission_exclusive	856630929	33453456	663421693
14	fan-in/1024/base	serialization	56377708	520489	7222939
14	fan-in/1024/base	combined	930789649	34022520	674573900
14	nested-loop/64/base	ir	133032	3028	240359
14	nested-loop/64/base	cfg	190019	0	0
14	nested-loop/64/base	emission_exclusive	4591400	158164	3203533
14	nested-loop/64/base	serialization	2097129	13198	348803
14	nested-loop/64/base	combined	7011690	174390	3792695
14	nested-loop/256/base	ir	643869	12105	966536
14	nested-loop/256/base	cfg	2348004	0	0
14	nested-loop/256/base	emission_exclusive	17189061	608659	17402870
14	nested-loop/256/base	serialization	8053622	48528	1356497
14	nested-loop/256/base	combined	28234686	669292	19725903
14	nested-loop/1024/base	ir	5630856	48407	3878737
14	nested-loop/1024/base	cfg	41088502	0	0
14	nested-loop/1024/base	emission_exclusive	68101084	2410535	149436100
14	nested-loop/1024/base	serialization	31916803	189842	5387591
14	nested-loop/1024/base	combined	146737476	2648784	158702428
14	multi-exit/64/base	ir	132741	3014	242868
14	multi-exit/64/base	cfg	89269	0	0
14	multi-exit/64/base	emission_exclusive	30396817	1057206	21442992
14	multi-exit/64/base	serialization	9015582	46594	569880
14	multi-exit/64/base	combined	39634539	1106814	22255740
14	multi-exit/256/base	ir	686089	12119	977717
14	multi-exit/256/base	cfg	617448	0	0
14	multi-exit/256/base	emission_exclusive	137693050	5477133	106749130
14	multi-exit/256/base	serialization	19684264	175763	2079434
14	multi-exit/256/base	combined	158681011	5665015	109806281
14	multi-exit/1024/base	ir	6273272	48549	3928190
14	multi-exit/1024/base	cfg	12928347	0	0
14	multi-exit/1024/base	emission_exclusive	970147596	39137448	770432210
14	multi-exit/1024/base	serialization	58333989	520489	7238547
14	multi-exit/1024/base	combined	1047683414	39706486	781598947
14	no-exit/64/base	ir	131458	3036	240455
14	no-exit/64/base	cfg	53681	0	0
14	no-exit/64/base	emission_exclusive	4130447	145625	2621882
14	no-exit/64/base	serialization	1993934	12278	343391
14	no-exit/64/base	combined	6309641	160939	3205728
14	no-exit/256/base	ir	641184	12113	966632
14	no-exit/256/base	cfg	472614	0	0
14	no-exit/256/base	emission_exclusive	16174972	578412	11987138
14	no-exit/256/base	serialization	7758894	47608	1349547
14	no-exit/256/base	combined	25047824	638133	14303317
14	no-exit/1024/base	ir	5483798	48415	3878833
14	no-exit/1024/base	cfg	8826474	0	0
14	no-exit/1024/base	emission_exclusive	63546094	2309490	73811799
14	no-exit/1024/base	serialization	30923043	188922	5374495
14	no-exit/1024/base	combined	108779700	2546827	83065127
14	irreducible/64/base	ir	130867	3032	242131
14	irreducible/64/base	cfg	96653	0	0
14	irreducible/64/base	emission_exclusive	1163165467	20020919	375957323
14	irreducible/64/base	serialization	313308660	2739433	16602620
14	irreducible/64/base	combined	1476701959	22763384	392802074
14	irreducible/256/base	ir	715525	12113	974548
14	irreducible/256/base	cfg	1251037	0	0
14	irreducible/256/base	emission_exclusive	2329734736	50823127	727892844
14	irreducible/256/base	serialization	447940505	3945831	24608381
14	irreducible/256/base	combined	2779642364	54781071	753475773
14	irreducible/1024/base	ir	5821557	48419	3911709
14	irreducible/1024/base	cfg	19852602	0	0
14	irreducible/1024/base	emission_exclusive	3939321487	121441564	1430393117
14	irreducible/1024/base	serialization	570742932	5140545	34956339
14	irreducible/1024/base	combined	4535739260	126630528	1469261165
