run	case	phase	nanos	alloc_count	alloc_bytes
0	linear/64/base	ir	152568	3008	229014
0	linear/64/base	cfg	114587	0	0
0	linear/64/base	emission_exclusive	3442567	132901	2319001
0	linear/64/base	serialization	1185445	12094	341915
0	linear/64/base	combined	4895788	148003	2889930
0	linear/64/light	ir	124185	3415	247192
0	linear/64/light	cfg	87256	0	0
0	linear/64/light	emission_exclusive	3643628	147950	2532872
0	linear/64/light	serialization	1204329	12094	341531
0	linear/64/light	combined	5059508	163459	3121595
0	linear/64/heavy	ir	475340	9622	905081
0	linear/64/heavy	cfg	88408	0	0
0	linear/64/heavy	emission_exclusive	10166105	304273	7017602
0	linear/64/heavy	serialization	4167559	12096	1167973
0	linear/64/heavy	combined	14897562	325991	9090656
0	linear/256/base	ir	612730	12035	920903
0	linear/256/base	cfg	1527041	0	0
0	linear/256/base	emission_exclusive	13166505	526712	12403352
0	linear/256/base	serialization	4788344	47424	1346537
0	linear/256/base	combined	20094791	586171	14670792
0	linear/256/light	ir	708231	13656	991497
0	linear/256/light	cfg	1262800	0	0
0	linear/256/light	emission_exclusive	14102277	587752	13275990
0	linear/256/light	serialization	4925965	47424	1345097
0	linear/256/light	combined	20999393	648832	15612584
0	linear/256/heavy	ir	2759985	38488	3624490
0	linear/256/heavy	cfg	1107706	0	0
0	linear/256/heavy	emission_exclusive	39725545	1209433	31175155
0	linear/256/heavy	serialization	16740061	47426	4650931
0	linear/256/heavy	combined	60333427	1295347	39450576
0	linear/1024/base	ir	5595462	48137	3687888
0	linear/1024/base	cfg	22745039	0	0
0	linear/1024/base	emission_exclusive	52109527	2101884	101426946
0	linear/1024/base	serialization	18806973	188738	5365343
0	linear/1024/base	combined	99257273	2338759	110480177
0	linear/1024/light	ir	6828757	54622	3970450
0	linear/1024/light	cfg	21687747	0	0
0	linear/1024/light	emission_exclusive	56424056	2346883	104935712
0	linear/1024/light	serialization	19715484	188738	5359679
0	linear/1024/light	combined	104656405	2590243	114265841
0	linear/1024/heavy	ir	26536426	153950	14502323
0	linear/1024/heavy	cfg	21569814	0	0
0	linear/1024/heavy	emission_exclusive	159905285	4830132	176508472
0	linear/1024/heavy	serialization	66909997	188740	18583081
0	linear/1024/heavy	combined	274921913	5172822	209593876
0	diamond-chain/64/base	ir	120428	3014	230397
0	diamond-chain/64/base	cfg	105209	0	0
0	diamond-chain/64/base	emission_exclusive	5123640	225845	3714034
0	diamond-chain/64/base	serialization	1409017	17982	373065
0	diamond-chain/64/base	combined	6758424	246841	4317496
0	diamond-chain/64/light	ir	136088	3421	248575
0	diamond-chain/64/light	cfg	103586	0	0
0	diamond-chain/64/light	emission_exclusive	5404270	242545	3960954
0	diamond-chain/64/light	serialization	1389120	17982	372681
0	diamond-chain/64/light	combined	7033184	263948	4582210
0	diamond-chain/64/heavy	ir	383597	9628	906464
0	diamond-chain/64/heavy	cfg	100921	0	0
0	diamond-chain/64/heavy	emission_exclusive	13819441	486163	9978456
0	diamond-chain/64/heavy	serialization	4343183	17984	1199123
0	diamond-chain/64/heavy	combined	18647312	513775	12084043
0	diamond-chain/256/base	ir	646063	12045	926798
0	diamond-chain/256/base	cfg	1242993	0	0
0	diamond-chain/256/base	emission_exclusive	19996776	897470	17597948
0	diamond-chain/256/base	serialization	5502056	70976	1471095
0	diamond-chain/256/base	combined	27388018	980491	19995841
0	diamond-chain/256/light	ir	720815	13666	997392
0	diamond-chain/256/light	cfg	1189102	0	0
0	diamond-chain/256/light	emission_exclusive	21318176	965199	18603715
0	diamond-chain/256/light	serialization	5416915	70976	1469655
0	diamond-chain/256/light	combined	28645108	1049841	21070762
0	diamond-chain/256/heavy	ir	2408189	38498	3630385
0	diamond-chain/256/heavy	cfg	1225840	0	0
0	diamond-chain/256/heavy	emission_exclusive	54687209	1938175	42664308
0	diamond-chain/256/heavy	serialization	17103378	70978	4775489
0	diamond-chain/256/heavy	combined	75424766	2047651	51070182
0	diamond-chain/1024/base	ir	6075431	48151	3711831
0	diamond-chain/1024/base	cfg	21950995	0	0
0	diamond-chain/1024/base	emission_exclusive	80435852	3585414	116314962
0	diamond-chain/1024/base	serialization	21552150	282946	5863533
0	diamond-chain/1024/base	combined	130014670	3916511	125890326
0	diamond-chain/1024/light	ir	7476344	54636	3994393
0	diamond-chain/1024/light	cfg	23205280	0	0
0	diamond-chain/1024/light	emission_exclusive	85633391	3857263	120357625
0	diamond-chain/1024/light	serialization	22191209	282946	5857869
0	diamond-chain/1024/light	combined	138506375	4194845	130209887
0	diamond-chain/1024/heavy	ir	26394958	153964	14526266
0	diamond-chain/1024/heavy	cfg	23045898	0	0
0	diamond-chain/1024/heavy	emission_exclusive	218046683	7747807	216606437
0	diamond-chain/1024/heavy	serialization	74496459	282948	19081271
0	diamond-chain/1024/heavy	combined	341984178	8184719	250213974
0	fan-in/64/base	ir	146558	3012	231834
0	fan-in/64/base	cfg	80823	0	0
0	fan-in/64/base	emission_exclusive	20096144	361039	7738269
0	fan-in/64/base	serialization	3782119	23502	433675
0	fan-in/64/base	combined	24105885	387553	8403778
0	fan-in/256/base	ir	689415	12041	932555
0	fan-in/256/base	cfg	599695	0	0
0	fan-in/256/base	emission_exclusive	77396720	3324668	63227648
0	fan-in/256/base	serialization	959286	8140	1101612
0	fan-in/256/base	combined	79645276	3344849	65261815
0	fan-in/1024/base	ir	6823778	48145	3734868
0	fan-in/1024/base	cfg	10889334	0	0
0	fan-in/1024/base	emission_exclusive	760906527	31527604	618738748
0	fan-in/1024/base	serialization	1851465	8142	4248310
0	fan-in/1024/base	combined	780471284	31583891	626721926
0	nested-loop/64/base	ir	116200	3009	229111
0	nested-loop/64/base	cfg	184499	0	0
0	nested-loop/64/base	emission_exclusive	3897910	149718	2837421
0	nested-loop/64/base	serialization	1328154	13198	348803
0	nested-loop/64/base	combined	5526873	165925	3415335
0	nested-loop/256/base	ir	627428	12036	921000
0	nested-loop/256/base	cfg	2302979	0	0
0	nested-loop/256/base	emission_exclusive	14657699	576567	15976260
0	nested-loop/256/base	serialization	5213669	48528	1356497
0	nested-loop/256/base	combined	22801886	637131	18253757
0	nested-loop/1024/base	ir	5479944	48138	3687985
0	nested-loop/1024/base	cfg	40868288	0	0
0	nested-loop/1024/base	emission_exclusive	57617936	2283847	143759634
0	nested-loop/1024/base	serialization	20074372	189842	5387591
0	nested-loop/1024/base	combined	124040680	2521827	152835210
0	multi-exit/64/base	ir	116280	2990	231132
0	multi-exit/64/base	cfg	80282	0	0
0	multi-exit/64/base	emission_exclusive	25032820	1038325	19436690
0	multi-exit/64/base	serialization	5773179	46594	569880
0	multi-exit/64/base	combined	31002691	1087909	20237702
0	multi-exit/256/base	ir	675739	12025	931853
0	multi-exit/256/base	cfg	564619	0	0
0	multi-exit/256/base	emission_exclusive	108664311	4980175	93574527
0	multi-exit/256/base	serialization	942374	8140	1101950
0	multi-exit/256/base	combined	110847195	5000340	95608330
0	multi-exit/1024/base	ir	6733658	48135	3734166
0	multi-exit/1024/base	cfg	11984087	0	0
0	multi-exit/1024/base	emission_exclusive	863414753	37208916	724828775
0	multi-exit/1024/base	serialization	1860362	8142	4248630
0	multi-exit/1024/base	combined	883993130	37265193	732811571
0	no-exit/64/base	ir	123273	3018	229199
0	no-exit/64/base	cfg	127752	0	0
0	no-exit/64/base	emission_exclusive	3524122	137678	2442687
0	no-exit/64/base	serialization	1214109	12278	343391
0	no-exit/64/base	combined	4989386	152974	3015277
0	no-exit/256/base	ir	631746	12045	921088
0	no-exit/256/base	cfg	1517522	0	0
0	no-exit/256/base	emission_exclusive	13662555	547235	13059068
0	no-exit/256/base	serialization	4720416	47608	1349547
0	no-exit/256/base	combined	20532339	606888	15329703
0	no-exit/1024/base	ir	5913063	48147	3688073
0	no-exit/1024/base	cfg	29020268	0	0
0	no-exit/1024/base	emission_exclusive	54692458	2185382	106422336
0	no-exit/1024/base	serialization	18893718	188922	5374495
0	no-exit/1024/base	combined	108519818	2422451	115484904
0	irreducible/64/base	ir	115419	3014	231355
0	irreducible/64/base	cfg	88598	0	0
0	irreducible/64/base	emission_exclusive	364362821	13761714	204732406
0	irreducible/64/base	serialization	4737919	61038	628259
0	irreducible/64/base	combined	369304917	13825766	205592020
0	irreducible/256/base	ir	663376	12045	930636
0	irreducible/256/base	cfg	1133807	0	0
0	irreducible/256/base	emission_exclusive	1062587172	38938265	424485411
0	irreducible/256/base	serialization	5337544	61040	1417299
0	irreducible/256/base	combined	1069722050	39011350	426833346
0	irreducible/1024/base	ir	6071113	48151	3727189
0	irreducible/1024/base	cfg	19418832	0	0
0	irreducible/1024/base	emission_exclusive	2952883085	106343842	1096707811
0	irreducible/1024/base	serialization	6861299	61042	4573269
0	irreducible/1024/base	combined	2985234550	106453035	1105008269
1	linear/64/base	ir	139384	3008	229014
1	linear/64/base	cfg	120027	0	0
1	linear/64/base	emission_exclusive	3501608	132901	2319001
1	linear/64/base	serialization	1192808	12094	341915
1	linear/64/base	combined	4954088	148003	2889930
1	linear/64/light	ir	135055	3415	247192
1	linear/64/light	cfg	87526	0	0
1	linear/64/light	emission_exclusive	3637516	147950	2532872
1	linear/64/light	serialization	1199931	12094	341531
1	linear/64/light	combined	5060149	163459	3121595
1	linear/64/heavy	ir	466813	9622	905081
1	linear/64/heavy	cfg	92966	0	0
1	linear/64/heavy	emission_exclusive	10218283	304273	7017602
1	linear/64/heavy	serialization	4415670	12096	1167973
1	linear/64/heavy	combined	15193873	325991	9090656
1	linear/256/base	ir	611227	12035	920903
1	linear/256/base	cfg	1391023	0	0
1	linear/256/base	emission_exclusive	12958321	526712	12403352
1	linear/256/base	serialization	4705066	47424	1346537
1	linear/256/base	combined	19665808	586171	14670792
1	linear/256/light	ir	701819	13656	991497
1	linear/256/light	cfg	1261197	0	0
1	linear/256/light	emission_exclusive	14061029	587752	13275990
1	linear/256/light	serialization	4650324	47424	1345097
1	linear/256/light	combined	20674499	648832	15612584
1	linear/256/heavy	ir	2978348	38488	3624490
1	linear/256/heavy	cfg	1106786	0	0
1	linear/256/heavy	emission_exclusive	40488256	1209433	31175155
1	linear/256/heavy	serialization	16785225	47426	4650931
1	linear/256/heavy	combined	61358855	1295347	39450576
1	linear/1024/base	ir	6118292	48137	3687888
1	linear/1024/base	cfg	23414595	0	0
1	linear/1024/base	emission_exclusive	52250564	2101884	101426946
1	linear/1024/base	serialization	18301205	188738	5365343
1	linear/1024/base	combined	100084926	2338759	110480177
1	linear/1024/light	ir	7187767	54622	3970450
1	linear/1024/light	cfg	21600191	0	0
1	linear/1024/light	emission_exclusive	56725162	2346883	104935712
1	linear/1024/light	serialization	19244230	188738	5359679
1	linear/1024/light	combined	104757661	2590243	114265841
1	linear/1024/heavy	ir	26397652	153950	14502323
1	linear/1024/heavy	cfg	21778368	0	0
1	linear/1024/heavy	emission_exclusive	158098238	4830132	176508472
1	linear/1024/heavy	serialization	68477030	188740	18583081
1	linear/1024/heavy	combined	274751618	5172822	209593876
1	diamond-chain/64/base	ir	129806	3014	230397
1	diamond-chain/64/base	cfg	108946	0	0
1	diamond-chain/64/base	emission_exclusive	5275598	225845	3714034
1	diamond-chain/64/base	serialization	1459032	17982	373065
1	diamond-chain/64/base	combined	6973772	246841	4317496
1	diamond-chain/64/light	ir	138212	3421	248575
1	diamond-chain/64/light	cfg	105449	0	0
1	diamond-chain/64/light	emission_exclusive	5414020	242545	3960954
1	diamond-chain/64/light	serialization	1452660	17982	372681
1	diamond-chain/64/light	combined	7110441	263948	4582210
1	diamond-chain/64/heavy	ir	389678	9628	906464
1	diamond-chain/64/heavy	cfg	100210	0	0
1	diamond-chain/64/heavy	emission_exclusive	13921985	486163	9978456
1	diamond-chain/64/heavy	serialization	4262119	17984	1199123
1	diamond-chain/64/heavy	combined	18674132	513775	12084043
1	diamond-chain/256/base	ir	631957	12045	926798
1	diamond-chain/256/base	cfg	1232744	0	0
1	diamond-chain/256/base	emission_exclusive	20155465	897470	17597948
1	diamond-chain/256/base	serialization	5579161	70976	1471095
1	diamond-chain/256/base	combined	27599507	980491	19995841
1	diamond-chain/256/light	ir	730082	13666	997392
1	diamond-chain/256/light	cfg	1192538	0	0
1	diamond-chain/256/light	emission_exclusive	21138035	965199	18603715
1	diamond-chain/256/light	serialization	5512796	70976	1469655
1	diamond-chain/256/light	combined	28573591	1049841	21070762
1	diamond-chain/256/heavy	ir	2317728	38498	3630385
1	diamond-chain/256/heavy	cfg	1212926	0	0
1	diamond-chain/256/heavy	emission_exclusive	54596595	1938175	42664308
1	diamond-chain/256/heavy	serialization	17239625	70978	4775489
1	diamond-chain/256/heavy	combined	75367014	2047651	51070182
1	diamond-chain/1024/base	ir	5910990	48151	3711831
1	diamond-chain/1024/base	cfg	20925814	0	0
1	diamond-chain/1024/base	emission_exclusive	80353262	3585414	116314962
1	diamond-chain/1024/base	serialization	21028238	282946	5863533
1	diamond-chain/1024/base	combined	128218474	3916511	125890326
1	diamond-chain/1024/light	ir	7107675	54636	3994393
1	diamond-chain/1024/light	cfg	18368252	0	0
1	diamond-chain/1024/light	emission_exclusive	86425939	3857263	120357625
1	diamond-chain/1024/light	serialization	21620859	282946	5857869
1	diamond-chain/1024/light	combined	133522885	4194845	130209887
1	diamond-chain/1024/heavy	ir	24296384	153964	14526266
1	diamond-chain/1024/heavy	cfg	20670451	0	0
1	diamond-chain/1024/heavy	emission_exclusive	224721739	7747807	216606437
1	diamond-chain/1024/heavy	serialization	72248991	282948	19081271
1	diamond-chain/1024/heavy	combined	341937726	8184719	250213974
1	fan-in/64/base	ir	121800	3012	231834
1	fan-in/64/base	cfg	69852	0	0
1	fan-in/64/base	emission_exclusive	20368098	361039	7738269
1	fan-in/64/base	serialization	3841242	23502	433675
1	fan-in/64/base	combined	24401123	387553	8403778
1	fan-in/256/base	ir	667193	12041	932555
1	fan-in/256/base	cfg	536956	0	0
1	fan-in/256/base	emission_exclusive	77395173	3324668	63227648
1	fan-in/256/base	serialization	965998	8140	1101612
1	fan-in/256/base	combined	79565471	3344849	65261815
1	fan-in/1024/base	ir	6849536	48145	3734868
1	fan-in/1024/base	cfg	10446496	0	0
1	fan-in/1024/base	emission_exclusive	769361870	31527604	618738748
1	fan-in/1024/base	serialization	1845694	8142	4248310
1	fan-in/1024/base	combined	788503777	31583891	626721926
1	nested-loop/64/base	ir	113665	3009	229111
1	nested-loop/64/base	cfg	182275	0	0
1	nested-loop/64/base	emission_exclusive	3994472	149718	2837421
1	nested-loop/64/base	serialization	1295703	13198	348803
1	nested-loop/64/base	combined	5586235	165925	3415335
1	nested-loop/256/base	ir	622919	12036	921000
1	nested-loop/256/base	cfg	2315624	0	0
1	nested-loop/256/base	emission_exclusive	14959549	576567	15976260
1	nested-loop/256/base	serialization	5154388	48528	1356497
1	nested-loop/256/base	combined	23052610	637131	18253757
1	nested-loop/1024/base	ir	5639556	48138	3687985
1	nested-loop/1024/base	cfg	40298878	0	0
1	nested-loop/1024/base	emission_exclusive	58128651	2283847	143759634
1	nested-loop/1024/base	serialization	20684416	189842	5387591
1	nested-loop/1024/base	combined	124751651	2521827	152835210
1	multi-exit/64/base	ir	117523	2990	231132
1	multi-exit/64/base	cfg	79911	0	0
1	multi-exit/64/base	emission_exclusive	25396818	1038325	19436690
1	multi-exit/64/base	serialization	5709809	46594	569880
1	multi-exit/64/base	combined	31304191	1087909	20237702
1	multi-exit/256/base	ir	676691	12025	931853
1	multi-exit/256/base	cfg	559269	0	0
1	multi-exit/256/base	emission_exclusive	108899322	4980175	93574527
1	multi-exit/256/base	serialization	967161	8140	1101950
1	multi-exit/256/base	combined	111102593	5000340	95608330
1	multi-exit/1024/base	ir	6868041	48135	3734166
1	multi-exit/1024/base	cfg	11934221	0	0
1	multi-exit/1024/base	emission_exclusive	863116142	37208916	724828775
1	multi-exit/1024/base	serialization	1830414	8142	4248630
1	multi-exit/1024/base	combined	883748990	37265193	732811571
1	no-exit/64/base	ir	114667	3018	229199
1	no-exit/64/base	cfg	121089	0	0
1	no-exit/64/base	emission_exclusive	3528499	137678	2442687
1	no-exit/64/base	serialization	1204009	12278	343391
1	no-exit/64/base	combined	4968386	152974	3015277
1	no-exit/256/base	ir	625634	12045	921088
1	no-exit/256/base	cfg	1494860	0	0
1	no-exit/256/base	emission_exclusive	13598062	547235	13059068
1	no-exit/256/base	serialization	4707792	47608	1349547
1	no-exit/256/base	combined	20426458	606888	15329703
1	no-exit/1024/base	ir	5720449	48147	3688073
1	no-exit/1024/base	cfg	28473342	0	0
1	no-exit/1024/base	emission_exclusive	54808164	2185382	106422336
1	no-exit/1024/base	serialization	19348908	188922	5374495
1	no-exit/1024/base	combined	108351164	2422451	115484904
1	irreducible/64/base	ir	115429	3014	231355
1	irreducible/64/base	cfg	88718	0	0
1	irreducible/64/base	emission_exclusive	355903241	13761714	204732406
1	irreducible/64/base	serialization	4806369	61038	628259
1	irreducible/64/base	combined	360913897	13825766	205592020
1	irreducible/256/base	ir	651493	12045	930636
1	irreducible/256/base	cfg	1126122	0	0
1	irreducible/256/base	emission_exclusive	1066558345	38938265	424485411
1	irreducible/256/base	serialization	5137275	61040	1417299
1	irreducible/256/base	combined	1073473395	39011350	426833346
1	irreducible/1024/base	ir	6092342	48151	3727189
1	irreducible/1024/base	cfg	19543688	0	0
1	irreducible/1024/base	emission_exclusive	2953022012	106343842	1096707811
1	irreducible/1024/base	serialization	7120510	61042	4573269
1	irreducible/1024/base	combined	2985778823	106453035	1105008269
2	linear/64/base	ir	139194	3008	229014
2	linear/64/base	cfg	115389	0	0
2	linear/64/base	emission_exclusive	3436906	132901	2319001
2	linear/64/base	serialization	1385543	12094	341915
2	linear/64/base	combined	5077262	148003	2889930
2	linear/64/light	ir	130817	3415	247192
2	linear/64/light	cfg	87776	0	0
2	linear/64/light	emission_exclusive	3605897	147950	2532872
2	linear/64/light	serialization	1155848	12094	341531
2	linear/64/light	combined	4980468	163459	3121595
2	linear/64/heavy	ir	472334	9622	905081
2	linear/64/heavy	cfg	89098	0	0
2	linear/64/heavy	emission_exclusive	10139406	304273	7017602
2	linear/64/heavy	serialization	4149254	12096	1167973
2	linear/64/heavy	combined	14850252	325991	9090656
2	linear/256/base	ir	613692	12035	920903
2	linear/256/base	cfg	1391785	0	0
2	linear/256/base	emission_exclusive	13006612	526712	12403352
2	linear/256/base	serialization	4676694	47424	1346537
2	linear/256/base	combined	19688943	586171	14670792
2	linear/256/light	ir	724321	13656	991497
2	linear/256/light	cfg	1254955	0	0
2	linear/256/light	emission_exclusive	14214099	587752	13275990
2	linear/256/light	serialization	4550544	47424	1345097
2	linear/256/light	combined	20744069	648832	15612584
2	linear/256/heavy	ir	2835126	38488	3624490
2	linear/256/heavy	cfg	1111454	0	0
2	linear/256/heavy	emission_exclusive	40127202	1209433	31175155
2	linear/256/heavy	serialization	16637365	47426	4650931
2	linear/256/heavy	combined	60711389	1295347	39450576
2	linear/1024/base	ir	5749214	48137	3687888
2	linear/1024/base	cfg	22637494	0	0
2	linear/1024/base	emission_exclusive	51606072	2101884	101426946
2	linear/1024/base	serialization	18232385	188738	5365343
2	linear/1024/base	combined	98225445	2338759	110480177
2	linear/1024/light	ir	7007906	54622	3970450
2	linear/1024/light	cfg	22197270	0	0
2	linear/1024/light	emission_exclusive	55547735	2346883	104935712
2	linear/1024/light	serialization	18198090	188738	5359679
2	linear/1024/light	combined	102951301	2590243	114265841
2	linear/1024/heavy	ir	26303003	153950	14502323
2	linear/1024/heavy	cfg	21474552	0	0
2	linear/1024/heavy	emission_exclusive	157847472	4830132	176508472
2	linear/1024/heavy	serialization	64338986	188740	18583081
2	linear/1024/heavy	combined	269964284	5172822	209593876
2	diamond-chain/64/base	ir	113665	3014	230397
2	diamond-chain/64/base	cfg	101813	0	0
2	diamond-chain/64/base	emission_exclusive	5145541	225845	3714034
2	diamond-chain/64/base	serialization	1364814	17982	373065
2	diamond-chain/64/base	combined	6725963	246841	4317496
2	diamond-chain/64/light	ir	126649	3421	248575
2	diamond-chain/64/light	cfg	101513	0	0
2	diamond-chain/64/light	emission_exclusive	5431832	242545	3960954
2	diamond-chain/64/light	serialization	1382567	17982	372681
2	diamond-chain/64/light	combined	7042672	263948	4582210
2	diamond-chain/64/heavy	ir	373988	9628	906464
2	diamond-chain/64/heavy	cfg	100971	0	0
2	diamond-chain/64/heavy	emission_exclusive	13711066	486163	9978456
2	diamond-chain/64/heavy	serialization	4247961	17984	1199123
2	diamond-chain/64/heavy	combined	18434146	513775	12084043
2	diamond-chain/256/base	ir	653036	12045	926798
2	diamond-chain/256/base	cfg	1250608	0	0
2	diamond-chain/256/base	emission_exclusive	20063410	897470	17597948
2	diamond-chain/256/base	serialization	5485094	70976	1471095
2	diamond-chain/256/base	combined	27452268	980491	19995841
2	diamond-chain/256/light	ir	729872	13666	997392
2	diamond-chain/256/light	cfg	1232243	0	0
2	diamond-chain/256/light	emission_exclusive	21263202	965199	18603715
2	diamond-chain/256/light	serialization	5590142	70976	1469655
2	diamond-chain/256/light	combined	28815589	1049841	21070762
2	diamond-chain/256/heavy	ir	2355158	38498	3630385
2	diamond-chain/256/heavy	cfg	1196695	0	0
2	diamond-chain/256/heavy	emission_exclusive	54670383	1938175	42664308
2	diamond-chain/256/heavy	serialization	17598164	70978	4775489
2	diamond-chain/256/heavy	combined	75820541	2047651	51070182
2	diamond-chain/1024/base	ir	5854393	48151	3711831
2	diamond-chain/1024/base	cfg	21091527	0	0
2	diamond-chain/1024/base	emission_exclusive	81750247	3585414	116314962
2	diamond-chain/1024/base	serialization	22991834	282946	5863533
2	diamond-chain/1024/base	combined	131688161	3916511	125890326
2	diamond-chain/1024/light	ir	7266786	54636	3994393
2	diamond-chain/1024/light	cfg	18826149	0	0
2	diamond-chain/1024/light	emission_exclusive	85868302	3857263	120357625
2	diamond-chain/1024/light	serialization	21571034	282946	5857869
2	diamond-chain/1024/light	combined	133532512	4194845	130209887
2	diamond-chain/1024/heavy	ir	24237413	153964	14526266
2	diamond-chain/1024/heavy	cfg	20510477	0	0
2	diamond-chain/1024/heavy	emission_exclusive	221826247	7747807	216606437
2	diamond-chain/1024/heavy	serialization	68553805	282948	19081271
2	diamond-chain/1024/heavy	combined	335128122	8184719	250213974
2	fan-in/64/base	ir	116941	3012	231834
2	fan-in/64/base	cfg	67338	0	0
2	fan-in/64/base	emission_exclusive	20035477	361039	7738269
2	fan-in/64/base	serialization	3794573	23502	433675
2	fan-in/64/base	combined	24014450	387553	8403778
2	fan-in/256/base	ir	664288	12041	932555
2	fan-in/256/base	cfg	521527	0	0
2	fan-in/256/base	emission_exclusive	77292128	3324668	63227648
2	fan-in/256/base	serialization	949708	8140	1101612
2	fan-in/256/base	combined	79427781	3344849	65261815
2	fan-in/1024/base	ir	6628678	48145	3734868
2	fan-in/1024/base	cfg	10265153	0	0
2	fan-in/1024/base	emission_exclusive	765897756	31527604	618738748
2	fan-in/1024/base	serialization	1838490	8142	4248310
2	fan-in/1024/base	combined	784630267	31583891	626721926
2	nested-loop/64/base	ir	116059	3009	229111
2	nested-loop/64/base	cfg	184559	0	0
2	nested-loop/64/base	emission_exclusive	3930421	149718	2837421
2	nested-loop/64/base	serialization	1285724	13198	348803
2	nested-loop/64/base	combined	5516883	165925	3415335
2	nested-loop/256/base	ir	618992	12036	921000
2	nested-loop/256/base	cfg	2452372	0	0
2	nested-loop/256/base	emission_exclusive	14799356	576567	15976260
2	nested-loop/256/base	serialization	5032136	48528	1356497
2	nested-loop/256/base	combined	22902986	637131	18253757
2	nested-loop/1024/base	ir	5775282	48138	3687985
2	nested-loop/1024/base	cfg	40965790	0	0
2	nested-loop/1024/base	emission_exclusive	58205806	2283847	143759634
2	nested-loop/1024/base	serialization	19782899	189842	5387591
2	nested-loop/1024/base	combined	124729918	2521827	152835210
2	multi-exit/64/base	ir	116530	2990	231132
2	multi-exit/64/base	cfg	79431	0	0
2	multi-exit/64/base	emission_exclusive	24845112	1038325	19436690
2	multi-exit/64/base	serialization	5531942	46594	569880
2	multi-exit/64/base	combined	30573156	1087909	20237702
2	multi-exit/256/base	ir	667333	12025	931853
2	multi-exit/256/base	cfg	558237	0	0
2	multi-exit/256/base	emission_exclusive	108798450	4980175	93574527
2	multi-exit/256/base	serialization	945150	8140	1101950
2	multi-exit/256/base	combined	110969310	5000340	95608330
2	multi-exit/1024/base	ir	6788731	48135	3734166
2	multi-exit/1024/base	cfg	11945303	0	0
2	multi-exit/1024/base	emission_exclusive	870459315	37208916	724828775
2	multi-exit/1024/base	serialization	1839592	8142	4248630
2	multi-exit/1024/base	combined	891033111	37265193	732811571
2	no-exit/64/base	ir	115428	3018	229199
2	no-exit/64/base	cfg	123503	0	0
2	no-exit/64/base	emission_exclusive	3612761	137678	2442687
2	no-exit/64/base	serialization	1257530	12278	343391
2	no-exit/64/base	combined	5109332	152974	3015277
2	no-exit/256/base	ir	619342	12045	921088
2	no-exit/256/base	cfg	1508755	0	0
2	no-exit/256/base	emission_exclusive	13987009	547235	13059068
2	no-exit/256/base	serialization	4902060	47608	1349547
2	no-exit/256/base	combined	21017296	606888	15329703
2	no-exit/1024/base	ir	5833714	48147	3688073
2	no-exit/1024/base	cfg	28425691	0	0
2	no-exit/1024/base	emission_exclusive	54007268	2185382	106422336
2	no-exit/1024/base	serialization	18378781	188922	5374495
2	no-exit/1024/base	combined	106645945	2422451	115484904
2	irreducible/64/base	ir	116070	3014	231355
2	irreducible/64/base	cfg	88337	0	0
2	irreducible/64/base	emission_exclusive	361901474	13761714	204732406
2	irreducible/64/base	serialization	4752998	61038	628259
2	irreducible/64/base	combined	366859079	13825766	205592020
2	irreducible/256/base	ir	646614	12045	930636
2	irreducible/256/base	cfg	1147352	0	0
2	irreducible/256/base	emission_exclusive	1064202285	38938265	424485411
2	irreducible/256/base	serialization	5227395	61040	1417299
2	irreducible/256/base	combined	1071223797	39011350	426833346
2	irreducible/1024/base	ir	6282614	48151	3727189
2	irreducible/1024/base	cfg	19618709	0	0
2	irreducible/1024/base	emission_exclusive	2952903864	106343842	1096707811
2	irreducible/1024/base	serialization	6648045	61042	4573269
2	irreducible/1024/base	combined	2985453432	106453035	1105008269
3	linear/64/base	ir	140896	3008	229014
3	linear/64/base	cfg	115068	0	0
3	linear/64/base	emission_exclusive	3436915	132901	2319001
3	linear/64/base	serialization	1189181	12094	341915
3	linear/64/base	combined	4882282	148003	2889930
3	linear/64/light	ir	125648	3415	247192
3	linear/64/light	cfg	86984	0	0
3	linear/64/light	emission_exclusive	3598222	147950	2532872
3	linear/64/light	serialization	1204310	12094	341531
3	linear/64/light	combined	5015284	163459	3121595
3	linear/64/heavy	ir	469799	9622	905081
3	linear/64/heavy	cfg	88107	0	0
3	linear/64/heavy	emission_exclusive	10161466	304273	7017602
3	linear/64/heavy	serialization	4147080	12096	1167973
3	linear/64/heavy	combined	14866602	325991	9090656
3	linear/256/base	ir	615836	12035	920903
3	linear/256/base	cfg	1397556	0	0
3	linear/256/base	emission_exclusive	12845797	526712	12403352
3	linear/256/base	serialization	4602162	47424	1346537
3	linear/256/base	combined	19461481	586171	14670792
3	linear/256/light	ir	691549	13656	991497
3	linear/256/light	cfg	1266688	0	0
3	linear/256/light	emission_exclusive	14002607	587752	13275990
3	linear/256/light	serialization	4517792	47424	1345097
3	linear/256/light	combined	20478776	648832	15612584
3	linear/256/heavy	ir	2800572	38488	3624490
3	linear/256/heavy	cfg	1126422	0	0
3	linear/256/heavy	emission_exclusive	39704761	1209433	31175155
3	linear/256/heavy	serialization	17381454	47426	4650931
3	linear/256/heavy	combined	61013339	1295347	39450576
3	linear/1024/base	ir	5548453	48137	3687888
3	linear/1024/base	cfg	23121049	0	0
3	linear/1024/base	emission_exclusive	51311502	2101884	101426946
3	linear/1024/base	serialization	18839303	188738	5365343
3	linear/1024/base	combined	98820567	2338759	110480177
3	linear/1024/light	ir	6664115	54622	3970450
3	linear/1024/light	cfg	21879027	0	0
3	linear/1024/light	emission_exclusive	55290205	2346883	104935712
3	linear/1024/light	serialization	18708746	188738	5359679
3	linear/1024/light	combined	102542373	2590243	114265841
3	linear/1024/heavy	ir	26365219	153950	14502323
3	linear/1024/heavy	cfg	21477146	0	0
3	linear/1024/heavy	emission_exclusive	159263267	4830132	176508472
3	linear/1024/heavy	serialization	67338702	188740	18583081
3	linear/1024/heavy	combined	274444594	5172822	209593876
3	diamond-chain/64/base	ir	118795	3014	230397
3	diamond-chain/64/base	cfg	111581	0	0
3	diamond-chain/64/base	emission_exclusive	5171690	225845	3714034
3	diamond-chain/64/base	serialization	1438693	17982	373065
3	diamond-chain/64/base	combined	6840970	246841	4317496
3	diamond-chain/64/light	ir	138673	3421	248575
3	diamond-chain/64/light	cfg	101953	0	0
3	diamond-chain/64/light	emission_exclusive	5390524	242545	3960954
3	diamond-chain/64/light	serialization	1431561	17982	372681
3	diamond-chain/64/light	combined	7062821	263948	4582210
3	diamond-chain/64/heavy	ir	387744	9628	906464
3	diamond-chain/64/heavy	cfg	100741	0	0
3	diamond-chain/64/heavy	emission_exclusive	13713770	486163	9978456
3	diamond-chain/64/heavy	serialization	4469321	17984	1199123
3	diamond-chain/64/heavy	combined	18671716	513775	12084043
3	diamond-chain/256/base	ir	629111	12045	926798
3	diamond-chain/256/base	cfg	1216423	0	0
3	diamond-chain/256/base	emission_exclusive	20129625	897470	17597948
3	diamond-chain/256/base	serialization	5731389	70976	1471095
3	diamond-chain/256/base	combined	27706679	980491	19995841
3	diamond-chain/256/light	ir	723910	13666	997392
3	diamond-chain/256/light	cfg	1180284	0	0
3	diamond-chain/256/light	emission_exclusive	21526440	965199	18603715
3	diamond-chain/256/light	serialization	5688798	70976	1469655
3	diamond-chain/256/light	combined	29119584	1049841	21070762
3	diamond-chain/256/heavy	ir	2368985	38498	3630385
3	diamond-chain/256/heavy	cfg	1187989	0	0
3	diamond-chain/256/heavy	emission_exclusive	55486145	1938175	42664308
3	diamond-chain/256/heavy	serialization	17783685	70978	4775489
3	diamond-chain/256/heavy	combined	76826964	2047651	51070182
3	diamond-chain/1024/base	ir	5945255	48151	3711831
3	diamond-chain/1024/base	cfg	20839008	0	0
3	diamond-chain/1024/base	emission_exclusive	81929403	3585414	116314962
3	diamond-chain/1024/base	serialization	22446692	282946	5863533
3	diamond-chain/1024/base	combined	131160508	3916511	125890326
3	diamond-chain/1024/light	ir	6976155	54636	3994393
3	diamond-chain/1024/light	cfg	18262952	0	0
3	diamond-chain/1024/light	emission_exclusive	86827605	3857263	120357625
3	diamond-chain/1024/light	serialization	22909277	282946	5857869
3	diamond-chain/1024/light	combined	134976129	4194845	130209887
3	diamond-chain/1024/heavy	ir	24260726	153964	14526266
3	diamond-chain/1024/heavy	cfg	20291542	0	0
3	diamond-chain/1024/heavy	emission_exclusive	225575976	7747807	216606437
3	diamond-chain/1024/heavy	serialization	67264372	282948	19081271
3	diamond-chain/1024/heavy	combined	337392896	8184719	250213974
3	fan-in/64/base	ir	121631	3012	231834
3	fan-in/64/base	cfg	70383	0	0
3	fan-in/64/base	emission_exclusive	20099037	361039	7738269
3	fan-in/64/base	serialization	3743918	23502	433675
3	fan-in/64/base	combined	24035129	387553	8403778
3	fan-in/256/base	ir	678865	12041	932555
3	fan-in/256/base	cfg	541205	0	0
3	fan-in/256/base	emission_exclusive	78554012	3324668	63227648
3	fan-in/256/base	serialization	931544	8140	1101612
3	fan-in/256/base	combined	80705746	3344849	65261815
3	fan-in/1024/base	ir	6841572	48145	3734868
3	fan-in/1024/base	cfg	10536346	0	0
3	fan-in/1024/base	emission_exclusive	773401961	31527604	618738748
3	fan-in/1024/base	serialization	1841796	8142	4248310
3	fan-in/1024/base	combined	792621955	31583891	626721926
3	nested-loop/64/base	ir	116961	3009	229111
3	nested-loop/64/base	cfg	181413	0	0
3	nested-loop/64/base	emission_exclusive	3960288	149718	2837421
3	nested-loop/64/base	serialization	1293889	13198	348803
3	nested-loop/64/base	combined	5552682	165925	3415335
3	nested-loop/256/base	ir	623481	12036	921000
3	nested-loop/256/base	cfg	2260219	0	0
3	nested-loop/256/base	emission_exclusive	14892210	576567	15976260
3	nested-loop/256/base	serialization	4942586	48528	1356497
3	nested-loop/256/base	combined	22718636	637131	18253757
3	nested-loop/1024/base	ir	5671025	48138	3687985
3	nested-loop/1024/base	cfg	40916465	0	0
3	nested-loop/1024/base	emission_exclusive	58417875	2283847	143759634
3	nested-loop/1024/base	serialization	19949024	189842	5387591
3	nested-loop/1024/base	combined	124954549	2521827	152835210
3	multi-exit/64/base	ir	118074	2990	231132
3	multi-exit/64/base	cfg	78008	0	0
3	multi-exit/64/base	emission_exclusive	25188941	1038325	19436690
3	multi-exit/64/base	serialization	5766266	46594	569880
3	multi-exit/64/base	combined	31151400	1087909	20237702
3	multi-exit/256/base	ir	683804	12025	931853
3	multi-exit/256/base	cfg	558457	0	0
3	multi-exit/256/base	emission_exclusive	109436344	4980175	93574527
3	multi-exit/256/base	serialization	923609	8140	1101950
3	multi-exit/256/base	combined	111602354	5000340	95608330
3	multi-exit/1024/base	ir	6824078	48135	3734166
3	multi-exit/1024/base	cfg	12751870	0	0
3	multi-exit/1024/base	emission_exclusive	866673373	37208916	724828775
3	multi-exit/1024/base	serialization	1845834	8142	4248630
3	multi-exit/1024/base	combined	888095335	37265193	732811571
3	no-exit/64/base	ir	112172	3018	229199
3	no-exit/64/base	cfg	119266	0	0
3	no-exit/64/base	emission_exclusive	3588964	137678	2442687
3	no-exit/64/base	serialization	1402455	12278	343391
3	no-exit/64/base	combined	5222957	152974	3015277
3	no-exit/256/base	ir	620735	12045	921088
3	no-exit/256/base	cfg	1518384	0	0
3	no-exit/256/base	emission_exclusive	13967772	547235	13059068
3	no-exit/256/base	serialization	5184173	47608	1349547
3	no-exit/256/base	combined	21291154	606888	15329703
3	no-exit/1024/base	ir	5853881	48147	3688073
3	no-exit/1024/base	cfg	28121534	0	0
3	no-exit/1024/base	emission_exclusive	55734806	2185382	106422336
3	no-exit/1024/base	serialization	20488634	188922	5374495
3	no-exit/1024/base	combined	110199076	2422451	115484904
3	irreducible/64/base	ir	116812	3014	231355
3	irreducible/64/base	cfg	92375	0	0
3	irreducible/64/base	emission_exclusive	366247246	13761714	204732406
3	irreducible/64/base	serialization	4744922	61038	628259
3	irreducible/64/base	combined	371201525	13825766	205592020
3	irreducible/256/base	ir	649670	12045	930636
3	irreducible/256/base	cfg	1126723	0	0
3	irreducible/256/base	emission_exclusive	1065622984	38938265	424485411
3	irreducible/256/base	serialization	5108992	61040	1417299
3	irreducible/256/base	combined	1072508609	39011350	426833346
3	irreducible/1024/base	ir	6117140	48151	3727189
3	irreducible/1024/base	cfg	19415865	0	0
3	irreducible/1024/base	emission_exclusive	2950221311	106343842	1096707811
3	irreducible/1024/base	serialization	6556422	61042	4573269
3	irreducible/1024/base	combined	2982311008	106453035	1105008269
4	linear/64/base	ir	141378	3008	229014
4	linear/64/base	cfg	123935	0	0
4	linear/64/base	emission_exclusive	3494304	132901	2319001
4	linear/64/base	serialization	1192787	12094	341915
4	linear/64/base	combined	4952635	148003	2889930
4	linear/64/light	ir	123494	3415	247192
4	linear/64/light	cfg	87636	0	0
4	linear/64/light	emission_exclusive	3631715	147950	2532872
4	linear/64/light	serialization	1207215	12094	341531
4	linear/64/light	combined	5050180	163459	3121595
4	linear/64/heavy	ir	469518	9622	905081
4	linear/64/heavy	cfg	89540	0	0
4	linear/64/heavy	emission_exclusive	10170862	304273	7017602
4	linear/64/heavy	serialization	4161899	12096	1167973
4	linear/64/heavy	combined	14891970	325991	9090656
4	linear/256/base	ir	606959	12035	920903
4	linear/256/base	cfg	1400091	0	0
4	linear/256/base	emission_exclusive	12913815	526712	12403352
4	linear/256/base	serialization	4784667	47424	1346537
4	linear/256/base	combined	19705693	586171	14670792
4	linear/256/light	ir	692841	13656	991497
4	linear/256/light	cfg	1270645	0	0
4	linear/256/light	emission_exclusive	14054726	587752	13275990
4	linear/256/light	serialization	4796380	47424	1345097
4	linear/256/light	combined	20814732	648832	15612584
4	linear/256/heavy	ir	2752971	38488	3624490
4	linear/256/heavy	cfg	1097828	0	0
4	linear/256/heavy	emission_exclusive	40147239	1209433	31175155
4	linear/256/heavy	serialization	17461615	47426	4650931
4	linear/256/heavy	combined	61459793	1295347	39450576
4	linear/1024/base	ir	5631640	48137	3687888
4	linear/1024/base	cfg	22809929	0	0
4	linear/1024/base	emission_exclusive	51513846	2101884	101426946
4	linear/1024/base	serialization	19526783	188738	5365343
4	linear/1024/base	combined	99482439	2338759	110480177
4	linear/1024/light	ir	6933826	54622	3970450
4	linear/1024/light	cfg	21472958	0	0
4	linear/1024/light	emission_exclusive	55752589	2346883	104935712
4	linear/1024/light	serialization	18213017	188738	5359679
4	linear/1024/light	combined	102372571	2590243	114265841
4	linear/1024/heavy	ir	26431184	153950	14502323
4	linear/1024/heavy	cfg	21599938	0	0
4	linear/1024/heavy	emission_exclusive	163340123	4830132	176508472
4	linear/1024/heavy	serialization	69037247	188740	18583081
4	linear/1024/heavy	combined	280408722	5172822	209593876
4	diamond-chain/64/base	ir	122452	3014	230397
4	diamond-chain/64/base	cfg	103586	0	0
4	diamond-chain/64/base	emission_exclusive	5258385	225845	3714034
4	diamond-chain/64/base	serialization	1477106	17982	373065
4	diamond-chain/64/base	combined	6961669	246841	4317496
4	diamond-chain/64/light	ir	129565	3421	248575
4	diamond-chain/64/light	cfg	103426	0	0
4	diamond-chain/64/light	emission_exclusive	5522834	242545	3960954
4	diamond-chain/64/light	serialization	1460054	17982	372681
4	diamond-chain/64/light	combined	7215989	263948	4582210
4	diamond-chain/64/heavy	ir	384327	9628	906464
4	diamond-chain/64/heavy	cfg	100039	0	0
4	diamond-chain/64/heavy	emission_exclusive	14012697	486163	9978456
4	diamond-chain/64/heavy	serialization	4487274	17984	1199123
4	diamond-chain/64/heavy	combined	18984487	513775	12084043
4	diamond-chain/256/base	ir	624412	12045	926798
4	diamond-chain/256/base	cfg	1198007	0	0
4	diamond-chain/256/base	emission_exclusive	20232351	897470	17597948
4	diamond-chain/256/base	serialization	5724627	70976	1471095
4	diamond-chain/256/base	combined	27779537	980491	19995841
4	diamond-chain/256/light	ir	734711	13666	997392
4	diamond-chain/256/light	cfg	1182227	0	0
4	diamond-chain/256/light	emission_exclusive	21617733	965199	18603715
4	diamond-chain/256/light	serialization	5544115	70976	1469655
4	diamond-chain/256/light	combined	29078926	1049841	21070762
4	diamond-chain/256/heavy	ir	2290346	38498	3630385
4	diamond-chain/256/heavy	cfg	1190013	0	0
4	diamond-chain/256/heavy	emission_exclusive	55936497	1938175	42664308
4	diamond-chain/256/heavy	serialization	17801678	70978	4775489
4	diamond-chain/256/heavy	combined	77218674	2047651	51070182
4	diamond-chain/1024/base	ir	5713405	48151	3711831
4	diamond-chain/1024/base	cfg	21037964	0	0
4	diamond-chain/1024/base	emission_exclusive	82045603	3585414	116314962
4	diamond-chain/1024/base	serialization	21940263	282946	5863533
4	diamond-chain/1024/base	combined	130737395	3916511	125890326
4	diamond-chain/1024/light	ir	6783561	54636	3994393
4	diamond-chain/1024/light	cfg	18665794	0	0
4	diamond-chain/1024/light	emission_exclusive	86700323	3857263	120357625
4	diamond-chain/1024/light	serialization	22464476	282946	5857869
4	diamond-chain/1024/light	combined	134614324	4194845	130209887
4	diamond-chain/1024/heavy	ir	24222623	153964	14526266
4	diamond-chain/1024/heavy	cfg	20487562	0	0
4	diamond-chain/1024/heavy	emission_exclusive	223263488	7747807	216606437
4	diamond-chain/1024/heavy	serialization	69254258	282948	19081271
4	diamond-chain/1024/heavy	combined	337228211	8184719	250213974
4	fan-in/64/base	ir	120137	3012	231834
4	fan-in/64/base	cfg	70573	0	0
4	fan-in/64/base	emission_exclusive	20151337	361039	7738269
4	fan-in/64/base	serialization	3772532	23502	433675
4	fan-in/64/base	combined	24114709	387553	8403778
4	fan-in/256/base	ir	669418	12041	932555
4	fan-in/256/base	cfg	539702	0	0
4	fan-in/256/base	emission_exclusive	77483766	3324668	63227648
4	fan-in/256/base	serialization	954417	8140	1101612
4	fan-in/256/base	combined	79647443	3344849	65261815
4	fan-in/1024/base	ir	6644658	48145	3734868
4	fan-in/1024/base	cfg	10543970	0	0
4	fan-in/1024/base	emission_exclusive	768736664	31527604	618738748
4	fan-in/1024/base	serialization	1833160	8142	4248310
4	fan-in/1024/base	combined	787758622	31583891	626721926
4	nested-loop/64/base	ir	116731	3009	229111
4	nested-loop/64/base	cfg	179399	0	0
4	nested-loop/64/base	emission_exclusive	3901547	149718	2837421
4	nested-loop/64/base	serialization	1302385	13198	348803
4	nested-loop/64/base	combined	5500172	165925	3415335
4	nested-loop/256/base	ir	616116	12036	921000
4	nested-loop/256/base	cfg	2256762	0	0
4	nested-loop/256/base	emission_exclusive	14698965	576567	15976260
4	nested-loop/256/base	serialization	5224820	48528	1356497
4	nested-loop/256/base	combined	22796784	637131	18253757
4	nested-loop/1024/base	ir	5792816	48138	3687985
4	nested-loop/1024/base	cfg	40226167	0	0
4	nested-loop/1024/base	emission_exclusive	58175406	2283847	143759634
4	nested-loop/1024/base	serialization	20560472	189842	5387591
4	nested-loop/1024/base	combined	124755031	2521827	152835210
4	multi-exit/64/base	ir	116882	2990	231132
4	multi-exit/64/base	cfg	80513	0	0
4	multi-exit/64/base	emission_exclusive	25033978	1038325	19436690
4	multi-exit/64/base	serialization	5707584	46594	569880
4	multi-exit/64/base	combined	30939077	1087909	20237702
4	multi-exit/256/base	ir	667554	12025	931853
4	multi-exit/256/base	cfg	552916	0	0
4	multi-exit/256/base	emission_exclusive	109626904	4980175	93574527
4	multi-exit/256/base	serialization	959326	8140	1101950
4	multi-exit/256/base	combined	111806830	5000340	95608330
4	multi-exit/1024/base	ir	7052230	48135	3734166
4	multi-exit/1024/base	cfg	12086068	0	0
4	multi-exit/1024/base	emission_exclusive	871840389	37208916	724828775
4	multi-exit/1024/base	serialization	1884076	8142	4248630
4	multi-exit/1024/base	combined	892862913	37265193	732811571
4	no-exit/64/base	ir	116261	3018	229199
4	no-exit/64/base	cfg	123894	0	0
4	no-exit/64/base	emission_exclusive	3596508	137678	2442687
4	no-exit/64/base	serialization	1267189	12278	343391
4	no-exit/64/base	combined	5103972	152974	3015277
4	no-exit/256/base	ir	624713	12045	921088
4	no-exit/256/base	cfg	1509418	0	0
4	no-exit/256/base	emission_exclusive	13891626	547235	13059068
4	no-exit/256/base	serialization	4900998	47608	1349547
4	no-exit/256/base	combined	20926855	606888	15329703
4	no-exit/1024/base	ir	5856255	48147	3688073
4	no-exit/1024/base	cfg	28448954	0	0
4	no-exit/1024/base	emission_exclusive	56579824	2185382	106422336
4	no-exit/1024/base	serialization	20013775	188922	5374495
4	no-exit/1024/base	combined	110899030	2422451	115484904
4	irreducible/64/base	ir	116370	3014	231355
4	irreducible/64/base	cfg	88878	0	0
4	irreducible/64/base	emission_exclusive	368882573	13761714	204732406
4	irreducible/64/base	serialization	4630415	61038	628259
4	irreducible/64/base	combined	373718376	13825766	205592020
4	irreducible/256/base	ir	652475	12045	930636
4	irreducible/256/base	cfg	1146550	0	0
4	irreducible/256/base	emission_exclusive	1066208234	38938265	424485411
4	irreducible/256/base	serialization	5227606	61040	1417299
4	irreducible/256/base	combined	1073235025	39011350	426833346
4	irreducible/1024/base	ir	5982345	48151	3727189
4	irreducible/1024/base	cfg	19609711	0	0
4	irreducible/1024/base	emission_exclusive	2946888570	106343842	1096707811
4	irreducible/1024/base	serialization	6782038	61042	4573269
4	irreducible/1024/base	combined	2979262824	106453035	1105008269
5	linear/64/base	ir	141117	3008	229014
5	linear/64/base	cfg	115248	0	0
5	linear/64/base	emission_exclusive	3444010	132901	2319001
5	linear/64/base	serialization	1187367	12094	341915
5	linear/64/base	combined	4888003	148003	2889930
5	linear/64/light	ir	123634	3415	247192
5	linear/64/light	cfg	87656	0	0
5	linear/64/light	emission_exclusive	3614973	147950	2532872
5	linear/64/light	serialization	1222143	12094	341531
5	linear/64/light	combined	5048506	163459	3121595
5	linear/64/heavy	ir	469849	9622	905081
5	linear/64/heavy	cfg	87736	0	0
5	linear/64/heavy	emission_exclusive	10175883	304273	7017602
5	linear/64/heavy	serialization	4147270	12096	1167973
5	linear/64/heavy	combined	14880888	325991	9090656
5	linear/256/base	ir	615265	12035	920903
5	linear/256/base	cfg	1399259	0	0
5	linear/256/base	emission_exclusive	12911751	526712	12403352
5	linear/256/base	serialization	4826637	47424	1346537
5	linear/256/base	combined	19753062	586171	14670792
5	linear/256/light	ir	692301	13656	991497
5	linear/256/light	cfg	1272199	0	0
5	linear/256/light	emission_exclusive	14009609	587752	13275990
5	linear/256/light	serialization	4795547	47424	1345097
5	linear/256/light	combined	20769796	648832	15612584
5	linear/256/heavy	ir	2840436	38488	3624490
5	linear/256/heavy	cfg	1112276	0	0
5	linear/256/heavy	emission_exclusive	40105167	1209433	31175155
5	linear/256/heavy	serialization	17432869	47426	4650931
5	linear/256/heavy	combined	61490969	1295347	39450576
5	linear/1024/base	ir	5879409	48137	3687888
5	linear/1024/base	cfg	22813986	0	0
5	linear/1024/base	emission_exclusive	52253473	2101884	101426946
5	linear/1024/base	serialization	19419731	188738	5365343
5	linear/1024/base	combined	100366881	2338759	110480177
5	linear/1024/light	ir	6976426	54622	3970450
5	linear/1024/light	cfg	21671072	0	0
5	linear/1024/light	emission_exclusive	56670765	2346883	104935712
5	linear/1024/light	serialization	18841227	188738	5359679
5	linear/1024/light	combined	104159660	2590243	114265841
5	linear/1024/heavy	ir	26855506	153950	14502323
5	linear/1024/heavy	cfg	21730134	0	0
5	linear/1024/heavy	emission_exclusive	159520576	4830132	176508472
5	linear/1024/heavy	serialization	64565229	188740	18583081
5	linear/1024/heavy	combined	272671756	5172822	209593876
5	diamond-chain/64/base	ir	166005	3014	230397
5	diamond-chain/64/base	cfg	149544	0	0
5	diamond-chain/64/base	emission_exclusive	5849832	225845	3714034
5	diamond-chain/64/base	serialization	1352850	17982	373065
5	diamond-chain/64/base	combined	7518482	246841	4317496
5	diamond-chain/64/light	ir	128182	3421	248575
5	diamond-chain/64/light	cfg	102754	0	0
5	diamond-chain/64/light	emission_exclusive	5348866	242545	3960954
5	diamond-chain/64/light	serialization	1336821	17982	372681
5	diamond-chain/64/light	combined	6916723	263948	4582210
5	diamond-chain/64/heavy	ir	393645	9628	906464
5	diamond-chain/64/heavy	cfg	101031	0	0
5	diamond-chain/64/heavy	emission_exclusive	13794172	486163	9978456
5	diamond-chain/64/heavy	serialization	4154655	17984	1199123
5	diamond-chain/64/heavy	combined	18443664	513775	12084043
5	diamond-chain/256/base	ir	629051	12045	926798
5	diamond-chain/256/base	cfg	1214409	0	0
5	diamond-chain/256/base	emission_exclusive	20527016	897470	17597948
5	diamond-chain/256/base	serialization	5417836	70976	1471095
5	diamond-chain/256/base	combined	27788512	980491	19995841
5	diamond-chain/256/light	ir	722528	13666	997392
5	diamond-chain/256/light	cfg	1177519	0	0
5	diamond-chain/256/light	emission_exclusive	20957362	965199	18603715
5	diamond-chain/256/light	serialization	5235400	70976	1469655
5	diamond-chain/256/light	combined	28092939	1049841	21070762
5	diamond-chain/256/heavy	ir	2315944	38498	3630385
5	diamond-chain/256/heavy	cfg	1193850	0	0
5	diamond-chain/256/heavy	emission_exclusive	53854855	1938175	42664308
5	diamond-chain/256/heavy	serialization	16596456	70978	4775489
5	diamond-chain/256/heavy	combined	73961235	2047651	51070182
5	diamond-chain/1024/base	ir	5754424	48151	3711831
5	diamond-chain/1024/base	cfg	21691631	0	0
5	diamond-chain/1024/base	emission_exclusive	80384775	3585414	116314962
5	diamond-chain/1024/base	serialization	21427201	282946	5863533
5	diamond-chain/1024/base	combined	129258201	3916511	125890326
5	diamond-chain/1024/light	ir	7310098	54636	3994393
5	diamond-chain/1024/light	cfg	19019764	0	0
5	diamond-chain/1024/light	emission_exclusive	84960768	3857263	120357625
5	diamond-chain/1024/light	serialization	21756794	282946	5857869
5	diamond-chain/1024/light	combined	133047654	4194845	130209887
5	diamond-chain/1024/heavy	ir	24716067	153964	14526266
5	diamond-chain/1024/heavy	cfg	20584455	0	0
5	diamond-chain/1024/heavy	emission_exclusive	224086808	7747807	216606437
5	diamond-chain/1024/heavy	serialization	71630904	282948	19081271
5	diamond-chain/1024/heavy	combined	341018454	8184719	250213974
5	fan-in/64/base	ir	138703	3012	231834
5	fan-in/64/base	cfg	76816	0	0
5	fan-in/64/base	emission_exclusive	20121008	361039	7738269
5	fan-in/64/base	serialization	3928306	23502	433675
5	fan-in/64/base	combined	24265033	387553	8403778
5	fan-in/256/base	ir	683975	12041	932555
5	fan-in/256/base	cfg	583084	0	0
5	fan-in/256/base	emission_exclusive	78077497	3324668	63227648
5	fan-in/256/base	serialization	979985	8140	1101612
5	fan-in/256/base	combined	80325012	3344849	65261815
5	fan-in/1024/base	ir	7009399	48145	3734868
5	fan-in/1024/base	cfg	11269963	0	0
5	fan-in/1024/base	emission_exclusive	770768543	31527604	618738748
5	fan-in/1024/base	serialization	1828081	8142	4248310
5	fan-in/1024/base	combined	790876156	31583891	626721926
5	nested-loop/64/base	ir	113295	3009	229111
5	nested-loop/64/base	cfg	180151	0	0
5	nested-loop/64/base	emission_exclusive	3952141	149718	2837421
5	nested-loop/64/base	serialization	1325980	13198	348803
5	nested-loop/64/base	combined	5571667	165925	3415335
5	nested-loop/256/base	ir	622298	12036	921000
5	nested-loop/256/base	cfg	2306486	0	0
5	nested-loop/256/base	emission_exclusive	14895306	576567	15976260
5	nested-loop/256/base	serialization	5117587	48528	1356497
5	nested-loop/256/base	combined	22941777	637131	18253757
5	nested-loop/1024/base	ir	5596203	48138	3687985
5	nested-loop/1024/base	cfg	40738576	0	0
5	nested-loop/1024/base	emission_exclusive	58476174	2283847	143759634
5	nested-loop/1024/base	serialization	20544059	189842	5387591
5	nested-loop/1024/base	combined	125355152	2521827	152835210
5	multi-exit/64/base	ir	123264	2990	231132
5	multi-exit/64/base	cfg	83869	0	0
5	multi-exit/64/base	emission_exclusive	25450195	1038325	19436690
5	multi-exit/64/base	serialization	5734076	46594	569880
5	multi-exit/64/base	combined	31391544	1087909	20237702
5	multi-exit/256/base	ir	669197	12025	931853
5	multi-exit/256/base	cfg	555451	0	0
5	multi-exit/256/base	emission_exclusive	110065590	4980175	93574527
5	multi-exit/256/base	serialization	967251	8140	1101950
5	multi-exit/256/base	combined	112257639	5000340	95608330
5	multi-exit/1024/base	ir	6892447	48135	3734166
5	multi-exit/1024/base	cfg	12891212	0	0
5	multi-exit/1024/base	emission_exclusive	872586700	37208916	724828775
5	multi-exit/1024/base	serialization	1847627	8142	4248630
5	multi-exit/1024/base	combined	894218166	37265193	732811571
5	no-exit/64/base	ir	117062	3018	229199
5	no-exit/64/base	cfg	123424	0	0
5	no-exit/64/base	emission_exclusive	3628488	137678	2442687
5	no-exit/64/base	serialization	1245087	12278	343391
5	no-exit/64/base	combined	5114151	152974	3015277
5	no-exit/256/base	ir	643528	12045	921088
5	no-exit/256/base	cfg	1533272	0	0
5	no-exit/256/base	emission_exclusive	13976918	547235	13059068
5	no-exit/256/base	serialization	4971020	47608	1349547
5	no-exit/256/base	combined	21124879	606888	15329703
5	no-exit/1024/base	ir	5641600	48147	3688073
5	no-exit/1024/base	cfg	28563399	0	0
5	no-exit/1024/base	emission_exclusive	56230441	2185382	106422336
5	no-exit/1024/base	serialization	19551891	188922	5374495
5	no-exit/1024/base	combined	109987652	2422451	115484904
5	irreducible/64/base	ir	118614	3014	231355
5	irreducible/64/base	cfg	90391	0	0
5	irreducible/64/base	emission_exclusive	368221798	13761714	204732406
5	irreducible/64/base	serialization	4779337	61038	628259
5	irreducible/64/base	combined	373210382	13825766	205592020
5	irreducible/256/base	ir	657325	12045	930636
5	irreducible/256/base	cfg	1147603	0	0
5	irreducible/256/base	emission_exclusive	1068697186	38938265	424485411
5	irreducible/256/base	serialization	5130091	61040	1417299
5	irreducible/256/base	combined	1075632455	39011350	426833346
5	irreducible/1024/base	ir	6152496	48151	3727189
5	irreducible/1024/base	cfg	20435454	0	0
5	irreducible/1024/base	emission_exclusive	2954649868	106343842	1096707811
5	irreducible/1024/base	serialization	6661550	61042	4573269
5	irreducible/1024/base	combined	2987899548	106453035	1105008269
6	linear/64/base	ir	141879	3008	229014
6	linear/64/base	cfg	115238	0	0
6	linear/64/base	emission_exclusive	3452105	132901	2319001
6	linear/64/base	serialization	1189401	12094	341915
6	linear/64/base	combined	4898853	148003	2889930
6	linear/64/light	ir	130056	3415	247192
6	linear/64/light	cfg	88698	0	0
6	linear/64/light	emission_exclusive	3618359	147950	2532872
6	linear/64/light	serialization	1205743	12094	341531
6	linear/64/light	combined	5042976	163459	3121595
6	linear/64/heavy	ir	471482	9622	905081
6	linear/64/heavy	cfg	89810	0	0
6	linear/64/heavy	emission_exclusive	10309927	304273	7017602
6	linear/64/heavy	serialization	4155957	12096	1167973
6	linear/64/heavy	combined	15027346	325991	9090656
6	linear/256/base	ir	608582	12035	920903
6	linear/256/base	cfg	1398878	0	0
6	linear/256/base	emission_exclusive	13290879	526712	12403352
6	linear/256/base	serialization	4564511	47424	1346537
6	linear/256/base	combined	19863030	586171	14670792
6	linear/256/light	ir	694154	13656	991497
6	linear/256/light	cfg	1224488	0	0
6	linear/256/light	emission_exclusive	14230728	587752	13275990
6	linear/256/light	serialization	4526118	47424	1345097
6	linear/256/light	combined	20675638	648832	15612584
6	linear/256/heavy	ir	2542182	38488	3624490
6	linear/256/heavy	cfg	1099771	0	0
6	linear/256/heavy	emission_exclusive	40339261	1209433	31175155
6	linear/256/heavy	serialization	16123642	47426	4650931
6	linear/256/heavy	combined	60105027	1295347	39450576
6	linear/1024/base	ir	5777847	48137	3687888
6	linear/1024/base	cfg	22855044	0	0
6	linear/1024/base	emission_exclusive	51715104	2101884	101426946
6	linear/1024/base	serialization	19145272	188738	5365343
6	linear/1024/base	combined	99493537	2338759	110480177
6	linear/1024/light	ir	6955927	54622	3970450
6	linear/1024/light	cfg	22275626	0	0
6	linear/1024/light	emission_exclusive	57423581	2346883	104935712
6	linear/1024/light	serialization	19080929	188738	5359679
6	linear/1024/light	combined	105736223	2590243	114265841
6	linear/1024/heavy	ir	26274045	153950	14502323
6	linear/1024/heavy	cfg	21597613	0	0
6	linear/1024/heavy	emission_exclusive	165464427	4830132	176508472
6	linear/1024/heavy	serialization	68591050	188740	18583081
6	linear/1024/heavy	combined	281927405	5172822	209593876
6	diamond-chain/64/base	ir	123514	3014	230397
6	diamond-chain/64/base	cfg	106762	0	0
6	diamond-chain/64/base	emission_exclusive	5247914	225845	3714034
6	diamond-chain/64/base	serialization	1460174	17982	373065
6	diamond-chain/64/base	combined	6938584	246841	4317496
6	diamond-chain/64/light	ir	128373	3421	248575
6	diamond-chain/64/light	cfg	105931	0	0
6	diamond-chain/64/light	emission_exclusive	5589721	242545	3960954
6	diamond-chain/64/light	serialization	1395411	17982	372681
6	diamond-chain/64/light	combined	7219566	263948	4582210
6	diamond-chain/64/heavy	ir	391812	9628	906464
6	diamond-chain/64/heavy	cfg	100861	0	0
6	diamond-chain/64/heavy	emission_exclusive	14096113	486163	9978456
6	diamond-chain/64/heavy	serialization	4322352	17984	1199123
6	diamond-chain/64/heavy	combined	18911248	513775	12084043
6	diamond-chain/256/base	ir	633829	12045	926798
6	diamond-chain/256/base	cfg	1225150	0	0
6	diamond-chain/256/base	emission_exclusive	20435352	897470	17597948
6	diamond-chain/256/base	serialization	5520029	70976	1471095
6	diamond-chain/256/base	combined	27814522	980491	19995841
6	diamond-chain/256/light	ir	730844	13666	997392
6	diamond-chain/256/light	cfg	1208037	0	0
6	diamond-chain/256/light	emission_exclusive	21893783	965199	18603715
6	diamond-chain/256/light	serialization	5491635	70976	1469655
6	diamond-chain/256/light	combined	29324490	1049841	21070762
6	diamond-chain/256/heavy	ir	2389684	38498	3630385
6	diamond-chain/256/heavy	cfg	1191235	0	0
6	diamond-chain/256/heavy	emission_exclusive	56268263	1938175	42664308
6	diamond-chain/256/heavy	serialization	16752953	70978	4775489
6	diamond-chain/256/heavy	combined	76602295	2047651	51070182
6	diamond-chain/1024/base	ir	6181832	48151	3711831
6	diamond-chain/1024/base	cfg	20928888	0	0
6	diamond-chain/1024/base	emission_exclusive	82134307	3585414	116314962
6	diamond-chain/1024/base	serialization	22327966	282946	5863533
6	diamond-chain/1024/base	combined	131573353	3916511	125890326
6	diamond-chain/1024/light	ir	6844827	54636	3994393
6	diamond-chain/1024/light	cfg	18814404	0	0
6	diamond-chain/1024/light	emission_exclusive	87786095	3857263	120357625
6	diamond-chain/1024/light	serialization	21798705	282946	5857869
6	diamond-chain/1024/light	combined	135244211	4194845	130209887
6	diamond-chain/1024/heavy	ir	24801788	153964	14526266
6	diamond-chain/1024/heavy	cfg	20829920	0	0
6	diamond-chain/1024/heavy	emission_exclusive	225953980	7747807	216606437
6	diamond-chain/1024/heavy	serialization	68996858	282948	19081271
6	diamond-chain/1024/heavy	combined	340582826	8184719	250213974
6	fan-in/64/base	ir	123123	3012	231834
6	fan-in/64/base	cfg	76996	0	0
6	fan-in/64/base	emission_exclusive	19873871	361039	7738269
6	fan-in/64/base	serialization	3760208	23502	433675
6	fan-in/64/base	combined	23834338	387553	8403778
6	fan-in/256/base	ir	669728	12041	932555
6	fan-in/256/base	cfg	547195	0	0
6	fan-in/256/base	emission_exclusive	77934267	3324668	63227648
6	fan-in/256/base	serialization	953876	8140	1101612
6	fan-in/256/base	combined	80105276	3344849	65261815
6	fan-in/1024/base	ir	6922144	48145	3734868
6	fan-in/1024/base	cfg	11083931	0	0
6	fan-in/1024/base	emission_exclusive	771504069	31527604	618738748
6	fan-in/1024/base	serialization	1865612	8142	4248310
6	fan-in/1024/base	combined	791375926	31583891	626721926
6	nested-loop/64/base	ir	117783	3009	229111
6	nested-loop/64/base	cfg	184450	0	0
6	nested-loop/64/base	emission_exclusive	3944716	149718	2837421
6	nested-loop/64/base	serialization	1320510	13198	348803
6	nested-loop/64/base	combined	5567579	165925	3415335
6	nested-loop/256/base	ir	624292	12036	921000
6	nested-loop/256/base	cfg	2299794	0	0
6	nested-loop/256/base	emission_exclusive	14834340	576567	15976260
6	nested-loop/256/base	serialization	5220883	48528	1356497
6	nested-loop/256/base	combined	22979449	637131	18253757
6	nested-loop/1024/base	ir	6065000	48138	3687985
6	nested-loop/1024/base	cfg	39779600	0	0
6	nested-loop/1024/base	emission_exclusive	56906663	2283847	143759634
6	nested-loop/1024/base	serialization	20739699	189842	5387591
6	nested-loop/1024/base	combined	123491183	2521827	152835210
6	multi-exit/64/base	ir	119025	2990	231132
6	multi-exit/64/base	cfg	83668	0	0
6	multi-exit/64/base	emission_exclusive	24864278	1038325	19436690
6	multi-exit/64/base	serialization	5450007	46594	569880
6	multi-exit/64/base	combined	30517108	1087909	20237702
6	multi-exit/256/base	ir	666341	12025	931853
6	multi-exit/256/base	cfg	573005	0	0
6	multi-exit/256/base	emission_exclusive	107705129	4980175	93574527
6	multi-exit/256/base	serialization	917286	8140	1101950
6	multi-exit/256/base	combined	109861943	5000340	95608330
6	multi-exit/1024/base	ir	6759536	48135	3734166
6	multi-exit/1024/base	cfg	12194704	0	0
6	multi-exit/1024/base	emission_exclusive	865383217	37208916	724828775
6	multi-exit/1024/base	serialization	1860983	8142	4248630
6	multi-exit/1024/base	combined	886198600	37265193	732811571
6	no-exit/64/base	ir	115910	3018	229199
6	no-exit/64/base	cfg	124034	0	0
6	no-exit/64/base	emission_exclusive	3604664	137678	2442687
6	no-exit/64/base	serialization	1269363	12278	343391
6	no-exit/64/base	combined	5114061	152974	3015277
6	no-exit/256/base	ir	633740	12045	921088
6	no-exit/256/base	cfg	1509176	0	0
6	no-exit/256/base	emission_exclusive	13900894	547235	13059068
6	no-exit/256/base	serialization	4923891	47608	1349547
6	no-exit/256/base	combined	20967821	606888	15329703
6	no-exit/1024/base	ir	5944783	48147	3688073
6	no-exit/1024/base	cfg	29395214	0	0
6	no-exit/1024/base	emission_exclusive	54459729	2185382	106422336
6	no-exit/1024/base	serialization	18781162	188922	5374495
6	no-exit/1024/base	combined	108581760	2422451	115484904
6	irreducible/64/base	ir	117032	3014	231355
6	irreducible/64/base	cfg	91012	0	0
6	irreducible/64/base	emission_exclusive	362396789	13761714	204732406
6	irreducible/64/base	serialization	4638580	61038	628259
6	irreducible/64/base	combined	367243573	13825766	205592020
6	irreducible/256/base	ir	665139	12045	930636
6	irreducible/256/base	cfg	1147351	0	0
6	irreducible/256/base	emission_exclusive	1066708025	38938265	424485411
6	irreducible/256/base	serialization	5116155	61040	1417299
6	irreducible/256/base	combined	1073636850	39011350	426833346
6	irreducible/1024/base	ir	6231686	48151	3727189
6	irreducible/1024/base	cfg	21446267	0	0
6	irreducible/1024/base	emission_exclusive	2942275863	106343842	1096707811
6	irreducible/1024/base	serialization	6750428	61042	4573269
6	irreducible/1024/base	combined	2976704434	106453035	1105008269
7	linear/64/base	ir	141087	3008	229014
7	linear/64/base	cfg	114297	0	0
7	linear/64/base	emission_exclusive	3472613	132901	2319001
7	linear/64/base	serialization	1190904	12094	341915
7	linear/64/base	combined	4919122	148003	2889930
7	linear/64/light	ir	125687	3415	247192
7	linear/64/light	cfg	87747	0	0
7	linear/64/light	emission_exclusive	3646351	147950	2532872
7	linear/64/light	serialization	1190223	12094	341531
7	linear/64/light	combined	5050120	163459	3121595
7	linear/64/heavy	ir	469368	9622	905081
7	linear/64/heavy	cfg	89690	0	0
7	linear/64/heavy	emission_exclusive	10308974	304273	7017602
7	linear/64/heavy	serialization	4161587	12096	1167973
7	linear/64/heavy	combined	15029779	325991	9090656
7	linear/256/base	ir	616888	12035	920903
7	linear/256/base	cfg	1410891	0	0
7	linear/256/base	emission_exclusive	12992644	526712	12403352
7	linear/256/base	serialization	4539523	47424	1346537
7	linear/256/base	combined	19560116	586171	14670792
7	linear/256/light	ir	694364	13656	991497
7	linear/256/light	cfg	1217836	0	0
7	linear/256/light	emission_exclusive	14094359	587752	13275990
7	linear/256/light	serialization	4507823	47424	1345097
7	linear/256/light	combined	20514522	648832	15612584
7	linear/256/heavy	ir	2520922	38488	3624490
7	linear/256/heavy	cfg	1101124	0	0
7	linear/256/heavy	emission_exclusive	40152095	1209433	31175155
7	linear/256/heavy	serialization	16262494	47426	4650931
7	linear/256/heavy	combined	60036775	1295347	39450576
7	linear/1024/base	ir	5775142	48137	3687888
7	linear/1024/base	cfg	22938501	0	0
7	linear/1024/base	emission_exclusive	51576801	2101884	101426946
7	linear/1024/base	serialization	18336750	188738	5365343
7	linear/1024/base	combined	98627485	2338759	110480177
7	linear/1024/light	ir	6903447	54622	3970450
7	linear/1024/light	cfg	21436467	0	0
7	linear/1024/light	emission_exclusive	55859307	2346883	104935712
7	linear/1024/light	serialization	18852788	188738	5359679
7	linear/1024/light	combined	103052290	2590243	114265841
7	linear/1024/heavy	ir	26779280	153950	14502323
7	linear/1024/heavy	cfg	21618241	0	0
7	linear/1024/heavy	emission_exclusive	162250618	4830132	176508472
7	linear/1024/heavy	serialization	68112391	188740	18583081
7	linear/1024/heavy	combined	278760871	5172822	209593876
7	diamond-chain/64/base	ir	119196	3014	230397
7	diamond-chain/64/base	cfg	104649	0	0
7	diamond-chain/64/base	emission_exclusive	5265707	225845	3714034
7	diamond-chain/64/base	serialization	1535967	17982	373065
7	diamond-chain/64/base	combined	7025690	246841	4317496
7	diamond-chain/64/light	ir	135056	3421	248575
7	diamond-chain/64/light	cfg	103176	0	0
7	diamond-chain/64/light	emission_exclusive	5534315	242545	3960954
7	diamond-chain/64/light	serialization	1458852	17982	372681
7	diamond-chain/64/light	combined	7231509	263948	4582210
7	diamond-chain/64/heavy	ir	388796	9628	906464
7	diamond-chain/64/heavy	cfg	100631	0	0
7	diamond-chain/64/heavy	emission_exclusive	14008357	486163	9978456
7	diamond-chain/64/heavy	serialization	4474259	17984	1199123
7	diamond-chain/64/heavy	combined	18972133	513775	12084043
7	diamond-chain/256/base	ir	631616	12045	926798
7	diamond-chain/256/base	cfg	1219188	0	0
7	diamond-chain/256/base	emission_exclusive	20200347	897470	17597948
7	diamond-chain/256/base	serialization	5698928	70976	1471095
7	diamond-chain/256/base	combined	27750179	980491	19995841
7	diamond-chain/256/light	ir	716246	13666	997392
7	diamond-chain/256/light	cfg	1192889	0	0
7	diamond-chain/256/light	emission_exclusive	21670029	965199	18603715
7	diamond-chain/256/light	serialization	6138469	70976	1469655
7	diamond-chain/256/light	combined	29717733	1049841	21070762
7	diamond-chain/256/heavy	ir	2348606	38498	3630385
7	diamond-chain/256/heavy	cfg	1193048	0	0
7	diamond-chain/256/heavy	emission_exclusive	55726236	1938175	42664308
7	diamond-chain/256/heavy	serialization	16962388	70978	4775489
7	diamond-chain/256/heavy	combined	76230418	2047651	51070182
7	diamond-chain/1024/base	ir	5981602	48151	3711831
7	diamond-chain/1024/base	cfg	21161547	0	0
7	diamond-chain/1024/base	emission_exclusive	81712094	3585414	116314962
7	diamond-chain/1024/base	serialization	21845250	282946	5863533
7	diamond-chain/1024/base	combined	130700675	3916511	125890326
7	diamond-chain/1024/light	ir	6979753	54636	3994393
7	diamond-chain/1024/light	cfg	18692354	0	0
7	diamond-chain/1024/light	emission_exclusive	87031012	3857263	120357625
7	diamond-chain/1024/light	serialization	22527983	282946	5857869
7	diamond-chain/1024/light	combined	135231252	4194845	130209887
7	diamond-chain/1024/heavy	ir	24369631	153964	14526266
7	diamond-chain/1024/heavy	cfg	20757162	0	0
7	diamond-chain/1024/heavy	emission_exclusive	223582873	7747807	216606437
7	diamond-chain/1024/heavy	serialization	69633290	282948	19081271
7	diamond-chain/1024/heavy	combined	338343257	8184719	250213974
7	fan-in/64/base	ir	126640	3012	231834
7	fan-in/64/base	cfg	74080	0	0
7	fan-in/64/base	emission_exclusive	20015047	361039	7738269
7	fan-in/64/base	serialization	3812858	23502	433675
7	fan-in/64/base	combined	24028745	387553	8403778
7	fan-in/256/base	ir	685958	12041	932555
7	fan-in/256/base	cfg	566552	0	0
7	fan-in/256/base	emission_exclusive	78081663	3324668	63227648
7	fan-in/256/base	serialization	933868	8140	1101612
7	fan-in/256/base	combined	80268212	3344849	65261815
7	fan-in/1024/base	ir	6871026	48145	3734868
7	fan-in/1024/base	cfg	10705654	0	0
7	fan-in/1024/base	emission_exclusive	770923607	31527604	618738748
7	fan-in/1024/base	serialization	1827019	8142	4248310
7	fan-in/1024/base	combined	790327576	31583891	626721926
7	nested-loop/64/base	ir	115829	3009	229111
7	nested-loop/64/base	cfg	185922	0	0
7	nested-loop/64/base	emission_exclusive	3968623	149718	2837421
7	nested-loop/64/base	serialization	1323525	13198	348803
7	nested-loop/64/base	combined	5593999	165925	3415335
7	nested-loop/256/base	ir	618831	12036	921000
7	nested-loop/256/base	cfg	2270196	0	0
7	nested-loop/256/base	emission_exclusive	15112728	576567	15976260
7	nested-loop/256/base	serialization	5255148	48528	1356497
7	nested-loop/256/base	combined	23257013	637131	18253757
7	nested-loop/1024/base	ir	5592947	48138	3687985
7	nested-loop/1024/base	cfg	41398234	0	0
7	nested-loop/1024/base	emission_exclusive	58841311	2283847	143759634
7	nested-loop/1024/base	serialization	21106834	189842	5387591
7	nested-loop/1024/base	combined	126939486	2521827	152835210
7	multi-exit/64/base	ir	117393	2990	231132
7	multi-exit/64/base	cfg	78959	0	0
7	multi-exit/64/base	emission_exclusive	25133716	1038325	19436690
7	multi-exit/64/base	serialization	5667078	46594	569880
7	multi-exit/64/base	combined	30997316	1087909	20237702
7	multi-exit/256/base	ir	664478	12025	931853
7	multi-exit/256/base	cfg	554379	0	0
7	multi-exit/256/base	emission_exclusive	108326934	4980175	93574527
7	multi-exit/256/base	serialization	956120	8140	1101950
7	multi-exit/256/base	combined	110502061	5000340	95608330
7	multi-exit/1024/base	ir	6808858	48135	3734166
7	multi-exit/1024/base	cfg	12979469	0	0
7	multi-exit/1024/base	emission_exclusive	872298059	37208916	724828775
7	multi-exit/1024/base	serialization	1891350	8142	4248630
7	multi-exit/1024/base	combined	893977887	37265193	732811571
7	no-exit/64/base	ir	119527	3018	229199
7	no-exit/64/base	cfg	124796	0	0
7	no-exit/64/base	emission_exclusive	3656001	137678	2442687
7	no-exit/64/base	serialization	1253272	12278	343391
7	no-exit/64/base	combined	5153706	152974	3015277
7	no-exit/256/base	ir	622849	12045	921088
7	no-exit/256/base	cfg	1545335	0	0
7	no-exit/256/base	emission_exclusive	14040757	547235	13059068
7	no-exit/256/base	serialization	4927558	47608	1349547
7	no-exit/256/base	combined	21136610	606888	15329703
7	no-exit/1024/base	ir	5515861	48147	3688073
7	no-exit/1024/base	cfg	28615477	0	0
7	no-exit/1024/base	emission_exclusive	56717281	2185382	106422336
7	no-exit/1024/base	serialization	20128882	188922	5374495
7	no-exit/1024/base	combined	110977822	2422451	115484904
7	irreducible/64/base	ir	118495	3014	231355
7	irreducible/64/base	cfg	96633	0	0
7	irreducible/64/base	emission_exclusive	368042304	13761714	204732406
7	irreducible/64/base	serialization	4755822	61038	628259
7	irreducible/64/base	combined	373013384	13825766	205592020
7	irreducible/256/base	ir	656163	12045	930636
7	irreducible/256/base	cfg	1189001	0	0
7	irreducible/256/base	emission_exclusive	1070976087	38938265	424485411
7	irreducible/256/base	serialization	5097529	61040	1417299
7	irreducible/256/base	combined	1077918941	39011350	426833346
7	irreducible/1024/base	ir	6091460	48151	3727189
7	irreducible/1024/base	cfg	20866378	0	0
7	irreducible/1024/base	emission_exclusive	2968108267	106343842	1096707811
7	irreducible/1024/base	serialization	6697007	61042	4573269
7	irreducible/1024/base	combined	3001763383	106453035	1105008269
8	linear/64/base	ir	142449	3008	229014
8	linear/64/base	cfg	115819	0	0
8	linear/64/base	emission_exclusive	3473446	132901	2319001
8	linear/64/base	serialization	1182829	12094	341915
8	linear/64/base	combined	4914783	148003	2889930
8	linear/64/light	ir	130257	3415	247192
8	linear/64/light	cfg	87585	0	0
8	linear/64/light	emission_exclusive	3599745	147950	2532872
8	linear/64/light	serialization	1161628	12094	341531
8	linear/64/light	combined	4979335	163459	3121595
8	linear/64/heavy	ir	494526	9622	905081
8	linear/64/heavy	cfg	88908	0	0
8	linear/64/heavy	emission_exclusive	10207623	304273	7017602
8	linear/64/heavy	serialization	4164182	12096	1167973
8	linear/64/heavy	combined	14955399	325991	9090656
8	linear/256/base	ir	607810	12035	920903
8	linear/256/base	cfg	1440858	0	0
8	linear/256/base	emission_exclusive	12949421	526712	12403352
8	linear/256/base	serialization	4567715	47424	1346537
8	linear/256/base	combined	19565947	586171	14670792
8	linear/256/light	ir	688714	13656	991497
8	linear/256/light	cfg	1267639	0	0
8	linear/256/light	emission_exclusive	14009940	587752	13275990
8	linear/256/light	serialization	4524575	47424	1345097
8	linear/256/light	combined	20491008	648832	15612584
8	linear/256/heavy	ir	2784291	38488	3624490
8	linear/256/heavy	cfg	1110952	0	0
8	linear/256/heavy	emission_exclusive	39999176	1209433	31175155
8	linear/256/heavy	serialization	16753933	47426	4650931
8	linear/256/heavy	combined	60648492	1295347	39450576
8	linear/1024/base	ir	5888587	48137	3687888
8	linear/1024/base	cfg	22743061	0	0
8	linear/1024/base	emission_exclusive	51212140	2101884	101426946
8	linear/1024/base	serialization	19488169	188738	5365343
8	linear/1024/base	combined	99332267	2338759	110480177
8	linear/1024/light	ir	6921983	54622	3970450
8	linear/1024/light	cfg	22175206	0	0
8	linear/1024/light	emission_exclusive	55897188	2346883	104935712
8	linear/1024/light	serialization	18616880	188738	5359679
8	linear/1024/light	combined	103611688	2590243	114265841
8	linear/1024/heavy	ir	26594290	153950	14502323
8	linear/1024/heavy	cfg	21540104	0	0
8	linear/1024/heavy	emission_exclusive	160916000	4830132	176508472
8	linear/1024/heavy	serialization	65469689	188740	18583081
8	linear/1024/heavy	combined	274520464	5172822	209593876
8	diamond-chain/64/base	ir	120879	3014	230397
8	diamond-chain/64/base	cfg	103946	0	0
8	diamond-chain/64/base	emission_exclusive	5188802	225845	3714034
8	diamond-chain/64/base	serialization	1432302	17982	373065
8	diamond-chain/64/base	combined	6846029	246841	4317496
8	diamond-chain/64/light	ir	130888	3421	248575
8	diamond-chain/64/light	cfg	101623	0	0
8	diamond-chain/64/light	emission_exclusive	5506152	242545	3960954
8	diamond-chain/64/light	serialization	1423044	17982	372681
8	diamond-chain/64/light	combined	7161817	263948	4582210
8	diamond-chain/64/heavy	ir	384888	9628	906464
8	diamond-chain/64/heavy	cfg	100440	0	0
8	diamond-chain/64/heavy	emission_exclusive	14017144	486163	9978456
8	diamond-chain/64/heavy	serialization	4493426	17984	1199123
8	diamond-chain/64/heavy	combined	18996078	513775	12084043
8	diamond-chain/256/base	ir	646093	12045	926798
8	diamond-chain/256/base	cfg	1241590	0	0
8	diamond-chain/256/base	emission_exclusive	20122580	897470	17597948
8	diamond-chain/256/base	serialization	5632402	70976	1471095
8	diamond-chain/256/base	combined	27642785	980491	19995841
8	diamond-chain/256/light	ir	720474	13666	997392
8	diamond-chain/256/light	cfg	1190464	0	0
8	diamond-chain/256/light	emission_exclusive	21404025	965199	18603715
8	diamond-chain/256/light	serialization	5595542	70976	1469655
8	diamond-chain/256/light	combined	28910605	1049841	21070762
8	diamond-chain/256/heavy	ir	2678670	38498	3630385
8	diamond-chain/256/heavy	cfg	1230489	0	0
8	diamond-chain/256/heavy	emission_exclusive	54609010	1938175	42664308
8	diamond-chain/256/heavy	serialization	16560027	70978	4775489
8	diamond-chain/256/heavy	combined	75078387	2047651	51070182
8	diamond-chain/1024/base	ir	5960522	48151	3711831
8	diamond-chain/1024/base	cfg	21005612	0	0
8	diamond-chain/1024/base	emission_exclusive	80518875	3585414	116314962
8	diamond-chain/1024/base	serialization	21601790	282946	5863533
8	diamond-chain/1024/base	combined	129086950	3916511	125890326
8	diamond-chain/1024/light	ir	7151296	54636	3994393
8	diamond-chain/1024/light	cfg	18866213	0	0
8	diamond-chain/1024/light	emission_exclusive	85578071	3857263	120357625
8	diamond-chain/1024/light	serialization	21784256	282946	5857869
8	diamond-chain/1024/light	combined	133380086	4194845	130209887
8	diamond-chain/1024/heavy	ir	24176835	153964	14526266
8	diamond-chain/1024/heavy	cfg	20234523	0	0
8	diamond-chain/1024/heavy	emission_exclusive	223427938	7747807	216606437
8	diamond-chain/1024/heavy	serialization	72800265	282948	19081271
8	diamond-chain/1024/heavy	combined	340639962	8184719	250213974
8	fan-in/64/base	ir	140366	3012	231834
8	fan-in/64/base	cfg	79230	0	0
8	fan-in/64/base	emission_exclusive	20066103	361039	7738269
8	fan-in/64/base	serialization	3925792	23502	433675
8	fan-in/64/base	combined	24211811	387553	8403778
8	fan-in/256/base	ir	676331	12041	932555
8	fan-in/256/base	cfg	596359	0	0
8	fan-in/256/base	emission_exclusive	77796422	3324668	63227648
8	fan-in/256/base	serialization	939538	8140	1101612
8	fan-in/256/base	combined	80008790	3344849	65261815
8	fan-in/1024/base	ir	7086894	48145	3734868
8	fan-in/1024/base	cfg	10919280	0	0
8	fan-in/1024/base	emission_exclusive	776383356	31527604	618738748
8	fan-in/1024/base	serialization	1820496	8142	4248310
8	fan-in/1024/base	combined	796210176	31583891	626721926
8	nested-loop/64/base	ir	116501	3009	229111
8	nested-loop/64/base	cfg	186413	0	0
8	nested-loop/64/base	emission_exclusive	3967149	149718	2837421
8	nested-loop/64/base	serialization	1315280	13198	348803
8	nested-loop/64/base	combined	5585443	165925	3415335
8	nested-loop/256/base	ir	623810	12036	921000
8	nested-loop/256/base	cfg	2267151	0	0
8	nested-loop/256/base	emission_exclusive	14935552	576567	15976260
8	nested-loop/256/base	serialization	5080427	48528	1356497
8	nested-loop/256/base	combined	22907051	637131	18253757
8	nested-loop/1024/base	ir	5586624	48138	3687985
8	nested-loop/1024/base	cfg	40968089	0	0
8	nested-loop/1024/base	emission_exclusive	59189630	2283847	143759634
8	nested-loop/1024/base	serialization	20730492	189842	5387591
8	nested-loop/1024/base	combined	126475006	2521827	152835210
8	multi-exit/64/base	ir	117122	2990	231132
8	multi-exit/64/base	cfg	79470	0	0
8	multi-exit/64/base	emission_exclusive	25353282	1038325	19436690
8	multi-exit/64/base	serialization	5744333	46594	569880
8	multi-exit/64/base	combined	31294347	1087909	20237702
8	multi-exit/256/base	ir	679646	12025	931853
8	multi-exit/256/base	cfg	565380	0	0
8	multi-exit/256/base	emission_exclusive	109678902	4980175	93574527
8	multi-exit/256/base	serialization	974905	8140	1101950
8	multi-exit/256/base	combined	111898984	5000340	95608330
8	multi-exit/1024/base	ir	7199058	48135	3734166
8	multi-exit/1024/base	cfg	12706872	0	0
8	multi-exit/1024/base	emission_exclusive	874458874	37208916	724828775
8	multi-exit/1024/base	serialization	1843400	8142	4248630
8	multi-exit/1024/base	combined	896208384	37265193	732811571
8	no-exit/64/base	ir	116300	3018	229199
8	no-exit/64/base	cfg	121099	0	0
8	no-exit/64/base	emission_exclusive	3608040	137678	2442687
8	no-exit/64/base	serialization	1229267	12278	343391
8	no-exit/64/base	combined	5074816	152974	3015277
8	no-exit/256/base	ir	616096	12045	921088
8	no-exit/256/base	cfg	1501703	0	0
8	no-exit/256/base	emission_exclusive	13994700	547235	13059068
8	no-exit/256/base	serialization	4770370	47608	1349547
8	no-exit/256/base	combined	20882959	606888	15329703
8	no-exit/1024/base	ir	5736519	48147	3688073
8	no-exit/1024/base	cfg	28506631	0	0
8	no-exit/1024/base	emission_exclusive	56947816	2185382	106422336
8	no-exit/1024/base	serialization	19704819	188922	5374495
8	no-exit/1024/base	combined	110896016	2422451	115484904
8	irreducible/64/base	ir	120989	3014	231355
8	irreducible/64/base	cfg	92445	0	0
8	irreducible/64/base	emission_exclusive	369071660	13761714	204732406
8	irreducible/64/base	serialization	4722289	61038	628259
8	irreducible/64/base	combined	374007523	13825766	205592020
8	irreducible/256/base	ir	649048	12045	930636
8	irreducible/256/base	cfg	1133515	0	0
8	irreducible/256/base	emission_exclusive	1066258642	38938265	424485411
8	irreducible/256/base	serialization	4885517	61040	1417299
8	irreducible/256/base	combined	1072926884	39011350	426833346
8	irreducible/1024/base	ir	5922952	48151	3727189
8	irreducible/1024/base	cfg	19773189	0	0
8	irreducible/1024/base	emission_exclusive	2949443226	106343842	1096707811
8	irreducible/1024/base	serialization	6639178	61042	4573269
8	irreducible/1024/base	combined	2981778735	106453035	1105008269
9	linear/64/base	ir	139284	3008	229014
9	linear/64/base	cfg	114186	0	0
9	linear/64/base	emission_exclusive	3450091	132901	2319001
9	linear/64/base	serialization	1189632	12094	341915
9	linear/64/base	combined	4893423	148003	2889930
9	linear/64/light	ir	125628	3415	247192
9	linear/64/light	cfg	88147	0	0
9	linear/64/light	emission_exclusive	3610104	147950	2532872
9	linear/64/light	serialization	1201604	12094	341531
9	linear/64/light	combined	5025583	163459	3121595
9	linear/64/heavy	ir	472655	9622	905081
9	linear/64/heavy	cfg	93537	0	0
9	linear/64/heavy	emission_exclusive	10192533	304273	7017602
9	linear/64/heavy	serialization	4154885	12096	1167973
9	linear/64/heavy	combined	14913770	325991	9090656
9	linear/256/base	ir	613601	12035	920903
9	linear/256/base	cfg	1434876	0	0
9	linear/256/base	emission_exclusive	12938962	526712	12403352
9	linear/256/base	serialization	4543411	47424	1346537
9	linear/256/base	combined	19530980	586171	14670792
9	linear/256/light	ir	703662	13656	991497
9	linear/256/light	cfg	1262920	0	0
9	linear/256/light	emission_exclusive	14050706	587752	13275990
9	linear/256/light	serialization	4534193	47424	1345097
9	linear/256/light	combined	20551631	648832	15612584
9	linear/256/heavy	ir	2780954	38488	3624490
9	linear/256/heavy	cfg	1116834	0	0
9	linear/256/heavy	emission_exclusive	39537591	1209433	31175155
9	linear/256/heavy	serialization	16323147	47426	4650931
9	linear/256/heavy	combined	59758666	1295347	39450576
9	linear/1024/base	ir	5776274	48137	3687888
9	linear/1024/base	cfg	22799056	0	0
9	linear/1024/base	emission_exclusive	52469018	2101884	101426946
9	linear/1024/base	serialization	18275694	188738	5365343
9	linear/1024/base	combined	99320302	2338759	110480177
9	linear/1024/light	ir	6906453	54622	3970450
9	linear/1024/light	cfg	21655662	0	0
9	linear/1024/light	emission_exclusive	56998452	2346883	104935712
9	linear/1024/light	serialization	19322725	188738	5359679
9	linear/1024/light	combined	104883542	2590243	114265841
9	linear/1024/heavy	ir	26359616	153950	14502323
9	linear/1024/heavy	cfg	21473667	0	0
9	linear/1024/heavy	emission_exclusive	165631411	4830132	176508472
9	linear/1024/heavy	serialization	69248910	188740	18583081
9	linear/1024/heavy	combined	282714025	5172822	209593876
9	diamond-chain/64/base	ir	118254	3014	230397
9	diamond-chain/64/base	cfg	103756	0	0
9	diamond-chain/64/base	emission_exclusive	5206746	225845	3714034
9	diamond-chain/64/base	serialization	1452009	17982	373065
9	diamond-chain/64/base	combined	6880975	246841	4317496
9	diamond-chain/64/light	ir	130286	3421	248575
9	diamond-chain/64/light	cfg	100360	0	0
9	diamond-chain/64/light	emission_exclusive	5463853	242545	3960954
9	diamond-chain/64/light	serialization	1476044	17982	372681
9	diamond-chain/64/light	combined	7170633	263948	4582210
9	diamond-chain/64/heavy	ir	384848	9628	906464
9	diamond-chain/64/heavy	cfg	100450	0	0
9	diamond-chain/64/heavy	emission_exclusive	13992617	486163	9978456
9	diamond-chain/64/heavy	serialization	4639933	17984	1199123
9	diamond-chain/64/heavy	combined	19117968	513775	12084043
9	diamond-chain/256/base	ir	639530	12045	926798
9	diamond-chain/256/base	cfg	1216703	0	0
9	diamond-chain/256/base	emission_exclusive	20230124	897470	17597948
9	diamond-chain/256/base	serialization	5827801	70976	1471095
9	diamond-chain/256/base	combined	27914279	980491	19995841
9	diamond-chain/256/light	ir	731645	13666	997392
9	diamond-chain/256/light	cfg	1177669	0	0
9	diamond-chain/256/light	emission_exclusive	21769026	965199	18603715
9	diamond-chain/256/light	serialization	5729075	70976	1469655
9	diamond-chain/256/light	combined	29407525	1049841	21070762
9	diamond-chain/256/heavy	ir	2423026	38498	3630385
9	diamond-chain/256/heavy	cfg	1198669	0	0
9	diamond-chain/256/heavy	emission_exclusive	55792559	1938175	42664308
9	diamond-chain/256/heavy	serialization	18276776	70978	4775489
9	diamond-chain/256/heavy	combined	77691180	2047651	51070182
9	diamond-chain/1024/base	ir	6118151	48151	3711831
9	diamond-chain/1024/base	cfg	20717796	0	0
9	diamond-chain/1024/base	emission_exclusive	82149340	3585414	116314962
9	diamond-chain/1024/base	serialization	22495781	282946	5863533
9	diamond-chain/1024/base	combined	131481298	3916511	125890326
9	diamond-chain/1024/light	ir	6765036	54636	3994393
9	diamond-chain/1024/light	cfg	18521969	0	0
9	diamond-chain/1024/light	emission_exclusive	87549772	3857263	120357625
9	diamond-chain/1024/light	serialization	22440147	282946	5857869
9	diamond-chain/1024/light	combined	135277074	4194845	130209887
9	diamond-chain/1024/heavy	ir	24562965	153964	14526266
9	diamond-chain/1024/heavy	cfg	22926147	0	0
9	diamond-chain/1024/heavy	emission_exclusive	217740187	7747807	216606437
9	diamond-chain/1024/heavy	serialization	66617428	282948	19081271
9	diamond-chain/1024/heavy	combined	331846967	8184719	250213974
9	fan-in/64/base	ir	116461	3012	231834
9	fan-in/64/base	cfg	67207	0	0
9	fan-in/64/base	emission_exclusive	19949663	361039	7738269
9	fan-in/64/base	serialization	3628058	23502	433675
9	fan-in/64/base	combined	23761509	387553	8403778
9	fan-in/256/base	ir	662094	12041	932555
9	fan-in/256/base	cfg	540944	0	0
9	fan-in/256/base	emission_exclusive	77357609	3324668	63227648
9	fan-in/256/base	serialization	932966	8140	1101612
9	fan-in/256/base	combined	79493753	3344849	65261815
9	fan-in/1024/base	ir	6632985	48145	3734868
9	fan-in/1024/base	cfg	10395207	0	0
9	fan-in/1024/base	emission_exclusive	762989259	31527604	618738748
9	fan-in/1024/base	serialization	1826538	8142	4248310
9	fan-in/1024/base	combined	781844189	31583891	626721926
9	nested-loop/64/base	ir	112042	3009	229111
9	nested-loop/64/base	cfg	180632	0	0
9	nested-loop/64/base	emission_exclusive	3896826	149718	2837421
9	nested-loop/64/base	serialization	1291495	13198	348803
9	nested-loop/64/base	combined	5481105	165925	3415335
9	nested-loop/256/base	ir	621055	12036	921000
9	nested-loop/256/base	cfg	2274666	0	0
9	nested-loop/256/base	emission_exclusive	14662354	576567	15976260
9	nested-loop/256/base	serialization	5041342	48528	1356497
9	nested-loop/256/base	combined	22599527	637131	18253757
9	nested-loop/1024/base	ir	5515470	48138	3687985
9	nested-loop/1024/base	cfg	40269655	0	0
9	nested-loop/1024/base	emission_exclusive	58179958	2283847	143759634
9	nested-loop/1024/base	serialization	20662823	189842	5387591
9	nested-loop/1024/base	combined	124628056	2521827	152835210
9	multi-exit/64/base	ir	118495	2990	231132
9	multi-exit/64/base	cfg	82857	0	0
9	multi-exit/64/base	emission_exclusive	25416580	1038325	19436690
9	multi-exit/64/base	serialization	5758791	46594	569880
9	multi-exit/64/base	combined	31376833	1087909	20237702
9	multi-exit/256/base	ir	675819	12025	931853
9	multi-exit/256/base	cfg	608842	0	0
9	multi-exit/256/base	emission_exclusive	108703955	4980175	93574527
9	multi-exit/256/base	serialization	965427	8140	1101950
9	multi-exit/256/base	combined	110954163	5000340	95608330
9	multi-exit/1024/base	ir	7066015	48135	3734166
9	multi-exit/1024/base	cfg	12933692	0	0
9	multi-exit/1024/base	emission_exclusive	873494051	37208916	724828775
9	multi-exit/1024/base	serialization	1866944	8142	4248630
9	multi-exit/1024/base	combined	895360882	37265193	732811571
9	no-exit/64/base	ir	117142	3018	229199
9	no-exit/64/base	cfg	123925	0	0
9	no-exit/64/base	emission_exclusive	3676729	137678	2442687
9	no-exit/64/base	serialization	1249575	12278	343391
9	no-exit/64/base	combined	5167502	152974	3015277
9	no-exit/256/base	ir	633479	12045	921088
9	no-exit/256/base	cfg	1522141	0	0
9	no-exit/256/base	emission_exclusive	14019528	547235	13059068
9	no-exit/256/base	serialization	4774868	47608	1349547
9	no-exit/256/base	combined	20950146	606888	15329703
9	no-exit/1024/base	ir	5534156	48147	3688073
9	no-exit/1024/base	cfg	27931280	0	0
9	no-exit/1024/base	emission_exclusive	55932975	2185382	106422336
9	no-exit/1024/base	serialization	19378041	188922	5374495
9	no-exit/1024/base	combined	108776842	2422451	115484904
9	irreducible/64/base	ir	118314	3014	231355
9	irreducible/64/base	cfg	89650	0	0
9	irreducible/64/base	emission_exclusive	367068938	13761714	204732406
9	irreducible/64/base	serialization	4665771	61038	628259
9	irreducible/64/base	combined	371942814	13825766	205592020
9	irreducible/256/base	ir	657735	12045	930636
9	irreducible/256/base	cfg	1141722	0	0
9	irreducible/256/base	emission_exclusive	1063908922	38938265	424485411
9	irreducible/256/base	serialization	5132415	61040	1417299
9	irreducible/256/base	combined	1070840944	39011350	426833346
9	irreducible/1024/base	ir	6241064	48151	3727189
9	irreducible/1024/base	cfg	19447793	0	0
9	irreducible/1024/base	emission_exclusive	2946157363	106343842	1096707811
9	irreducible/1024/base	serialization	6657853	61042	4573269
9	irreducible/1024/base	combined	2978504293	106453035	1105008269
10	linear/64/base	ir	139594	3008	229014
10	linear/64/base	cfg	111812	0	0
10	linear/64/base	emission_exclusive	3454108	132901	2319001
10	linear/64/base	serialization	1218637	12094	341915
10	linear/64/base	combined	4924391	148003	2889930
10	linear/64/light	ir	131239	3415	247192
10	linear/64/light	cfg	88157	0	0
10	linear/64/light	emission_exclusive	3608751	147950	2532872
10	linear/64/light	serialization	1232964	12094	341531
10	linear/64/light	combined	5061241	163459	3121595
10	linear/64/heavy	ir	474398	9622	905081
10	linear/64/heavy	cfg	90351	0	0
10	linear/64/heavy	emission_exclusive	10168067	304273	7017602
10	linear/64/heavy	serialization	4271125	12096	1167973
10	linear/64/heavy	combined	15004111	325991	9090656
10	linear/256/base	ir	612390	12035	920903
10	linear/256/base	cfg	1385012	0	0
10	linear/256/base	emission_exclusive	13021808	526712	12403352
10	linear/256/base	serialization	4702691	47424	1346537
10	linear/256/base	combined	19722041	586171	14670792
10	linear/256/light	ir	701738	13656	991497
10	linear/256/light	cfg	1252431	0	0
10	linear/256/light	emission_exclusive	14007064	587752	13275990
10	linear/256/light	serialization	4650723	47424	1345097
10	linear/256/light	combined	20612076	648832	15612584
10	linear/256/heavy	ir	2760846	38488	3624490
10	linear/256/heavy	cfg	1110212	0	0
10	linear/256/heavy	emission_exclusive	39860831	1209433	31175155
10	linear/256/heavy	serialization	17353999	47426	4650931
10	linear/256/heavy	combined	61086039	1295347	39450576
10	linear/1024/base	ir	5667597	48137	3687888
10	linear/1024/base	cfg	23248336	0	0
10	linear/1024/base	emission_exclusive	51646491	2101884	101426946
10	linear/1024/base	serialization	19073725	188738	5365343
10	linear/1024/base	combined	99636670	2338759	110480177
10	linear/1024/light	ir	6929236	54622	3970450
10	linear/1024/light	cfg	21650721	0	0
10	linear/1024/light	emission_exclusive	55413813	2346883	104935712
10	linear/1024/light	serialization	19490303	188738	5359679
10	linear/1024/light	combined	103484303	2590243	114265841
10	linear/1024/heavy	ir	26718756	153950	14502323
10	linear/1024/heavy	cfg	21706788	0	0
10	linear/1024/heavy	emission_exclusive	164752547	4830132	176508472
10	linear/1024/heavy	serialization	64585733	188740	18583081
10	linear/1024/heavy	combined	277764164	5172822	209593876
10	diamond-chain/64/base	ir	115920	3014	230397
10	diamond-chain/64/base	cfg	104979	0	0
10	diamond-chain/64/base	emission_exclusive	5137253	225845	3714034
10	diamond-chain/64/base	serialization	1360265	17982	373065
10	diamond-chain/64/base	combined	6718527	246841	4317496
10	diamond-chain/64/light	ir	128153	3421	248575
10	diamond-chain/64/light	cfg	100721	0	0
10	diamond-chain/64/light	emission_exclusive	5391635	242545	3960954
10	diamond-chain/64/light	serialization	1356278	17982	372681
10	diamond-chain/64/light	combined	6976877	263948	4582210
10	diamond-chain/64/heavy	ir	385510	9628	906464
10	diamond-chain/64/heavy	cfg	100690	0	0
10	diamond-chain/64/heavy	emission_exclusive	13602248	486163	9978456
10	diamond-chain/64/heavy	serialization	4342129	17984	1199123
10	diamond-chain/64/heavy	combined	18430698	513775	12084043
10	diamond-chain/256/base	ir	626776	12045	926798
10	diamond-chain/256/base	cfg	1223726	0	0
10	diamond-chain/256/base	emission_exclusive	19904016	897470	17597948
10	diamond-chain/256/base	serialization	5843932	70976	1471095
10	diamond-chain/256/base	combined	27598600	980491	19995841
10	diamond-chain/256/light	ir	725283	13666	997392
10	diamond-chain/256/light	cfg	1184451	0	0
10	diamond-chain/256/light	emission_exclusive	21020860	965199	18603715
10	diamond-chain/256/light	serialization	5602896	70976	1469655
10	diamond-chain/256/light	combined	28533600	1049841	21070762
10	diamond-chain/256/heavy	ir	2314611	38498	3630385
10	diamond-chain/256/heavy	cfg	1230429	0	0
10	diamond-chain/256/heavy	emission_exclusive	54438546	1938175	42664308
10	diamond-chain/256/heavy	serialization	17045876	70978	4775489
10	diamond-chain/256/heavy	combined	75029592	2047651	51070182
10	diamond-chain/1024/base	ir	5942058	48151	3711831
10	diamond-chain/1024/base	cfg	20876266	0	0
10	diamond-chain/1024/base	emission_exclusive	81115993	3585414	116314962
10	diamond-chain/1024/base	serialization	22589189	282946	5863533
10	diamond-chain/1024/base	combined	130523666	3916511	125890326
10	diamond-chain/1024/light	ir	7005070	54636	3994393
10	diamond-chain/1024/light	cfg	18057411	0	0
10	diamond-chain/1024/light	emission_exclusive	84824532	3857263	120357625
10	diamond-chain/1024/light	serialization	21375872	282946	5857869
10	diamond-chain/1024/light	combined	131263026	4194845	130209887
10	diamond-chain/1024/heavy	ir	24400467	153964	14526266
10	diamond-chain/1024/heavy	cfg	20362584	0	0
10	diamond-chain/1024/heavy	emission_exclusive	223250866	7747807	216606437
10	diamond-chain/1024/heavy	serialization	72984641	282948	19081271
10	diamond-chain/1024/heavy	combined	340998819	8184719	250213974
10	fan-in/64/base	ir	143131	3012	231834
10	fan-in/64/base	cfg	77536	0	0
10	fan-in/64/base	emission_exclusive	20158588	361039	7738269
10	fan-in/64/base	serialization	3794864	23502	433675
10	fan-in/64/base	combined	24174359	387553	8403778
10	fan-in/256/base	ir	687592	12041	932555
10	fan-in/256/base	cfg	605567	0	0
10	fan-in/256/base	emission_exclusive	76883660	3324668	63227648
10	fan-in/256/base	serialization	975677	8140	1101612
10	fan-in/256/base	combined	79152666	3344849	65261815
10	fan-in/1024/base	ir	7006623	48145	3734868
10	fan-in/1024/base	cfg	10961739	0	0
10	fan-in/1024/base	emission_exclusive	762650282	31527604	618738748
10	fan-in/1024/base	serialization	1825135	8142	4248310
10	fan-in/1024/base	combined	782443950	31583891	626721926
10	nested-loop/64/base	ir	113856	3009	229111
10	nested-loop/64/base	cfg	182365	0	0
10	nested-loop/64/base	emission_exclusive	3856470	149718	2837421
10	nested-loop/64/base	serialization	1305521	13198	348803
10	nested-loop/64/base	combined	5458312	165925	3415335
10	nested-loop/256/base	ir	635924	12036	921000
10	nested-loop/256/base	cfg	2306606	0	0
10	nested-loop/256/base	emission_exclusive	14644881	576567	15976260
10	nested-loop/256/base	serialization	5088622	48528	1356497
10	nested-loop/256/base	combined	22676173	637131	18253757
10	nested-loop/1024/base	ir	5891192	48138	3687985
10	nested-loop/1024/base	cfg	41181371	0	0
10	nested-loop/1024/base	emission_exclusive	58589924	2283847	143759634
10	nested-loop/1024/base	serialization	20547744	189842	5387591
10	nested-loop/1024/base	combined	126210381	2521827	152835210
10	multi-exit/64/base	ir	115809	2990	231132
10	multi-exit/64/base	cfg	77967	0	0
10	multi-exit/64/base	emission_exclusive	25172318	1038325	19436690
10	multi-exit/64/base	serialization	5718244	46594	569880
10	multi-exit/64/base	combined	31084469	1087909	20237702
10	multi-exit/256/base	ir	669047	12025	931853
10	multi-exit/256/base	cfg	560592	0	0
10	multi-exit/256/base	emission_exclusive	108482503	4980175	93574527
10	multi-exit/256/base	serialization	962101	8140	1101950
10	multi-exit/256/base	combined	110674403	5000340	95608330
10	multi-exit/1024/base	ir	6962549	48135	3734166
10	multi-exit/1024/base	cfg	12120803	0	0
10	multi-exit/1024/base	emission_exclusive	866417622	37208916	724828775
10	multi-exit/1024/base	serialization	1853979	8142	4248630
10	multi-exit/1024/base	combined	887355133	37265193	732811571
10	no-exit/64/base	ir	114688	3018	229199
10	no-exit/64/base	cfg	122441	0	0
10	no-exit/64/base	emission_exclusive	3581610	137678	2442687
10	no-exit/64/base	serialization	1223686	12278	343391
10	no-exit/64/base	combined	5042545	152974	3015277
10	no-exit/256/base	ir	628720	12045	921088
10	no-exit/256/base	cfg	1501963	0	0
10	no-exit/256/base	emission_exclusive	13899090	547235	13059068
10	no-exit/256/base	serialization	4870339	47608	1349547
10	no-exit/256/base	combined	20900212	606888	15329703
10	no-exit/1024/base	ir	5794006	48147	3688073
10	no-exit/1024/base	cfg	28082016	0	0
10	no-exit/1024/base	emission_exclusive	56140136	2185382	106422336
10	no-exit/1024/base	serialization	19844524	188922	5374495
10	no-exit/1024/base	combined	109860984	2422451	115484904
10	irreducible/64/base	ir	118344	3014	231355
10	irreducible/64/base	cfg	89369	0	0
10	irreducible/64/base	emission_exclusive	355247440	13761714	204732406
10	irreducible/64/base	serialization	4527650	61038	628259
10	irreducible/64/base	combined	359982963	13825766	205592020
10	irreducible/256/base	ir	652034	12045	930636
10	irreducible/256/base	cfg	1137253	0	0
10	irreducible/256/base	emission_exclusive	1050358868	38938265	424485411
10	irreducible/256/base	serialization	5105464	61040	1417299
10	irreducible/256/base	combined	1057253779	39011350	426833346
10	irreducible/1024/base	ir	5928342	48151	3727189
10	irreducible/1024/base	cfg	19770653	0	0
10	irreducible/1024/base	emission_exclusive	2950023131	106343842	1096707811
10	irreducible/1024/base	serialization	6734146	61042	4573269
10	irreducible/1024/base	combined	2982456442	106453035	1105008269
11	linear/64/base	ir	141398	3008	229014
11	linear/64/base	cfg	115719	0	0
11	linear/64/base	emission_exclusive	3445923	132901	2319001
11	linear/64/base	serialization	1183631	12094	341915
11	linear/64/base	combined	4886911	148003	2889930
11	linear/64/light	ir	123423	3415	247192
11	linear/64/light	cfg	88277	0	0
11	linear/64/light	emission_exclusive	3607509	147950	2532872
11	linear/64/light	serialization	1251458	12094	341531
11	linear/64/light	combined	5070787	163459	3121595
11	linear/64/heavy	ir	473607	9622	905081
11	linear/64/heavy	cfg	88979	0	0
11	linear/64/heavy	emission_exclusive	10154049	304273	7017602
11	linear/64/heavy	serialization	4306923	12096	1167973
11	linear/64/heavy	combined	15023708	325991	9090656
11	linear/256/base	ir	609794	12035	920903
11	linear/256/base	cfg	1401393	0	0
11	linear/256/base	emission_exclusive	12940393	526712	12403352
11	linear/256/base	serialization	4696310	47424	1346537
11	linear/256/base	combined	19648041	586171	14670792
11	linear/256/light	ir	692831	13656	991497
11	linear/256/light	cfg	1216783	0	0
11	linear/256/light	emission_exclusive	14025017	587752	13275990
11	linear/256/light	serialization	4726347	47424	1345097
11	linear/256/light	combined	20661108	648832	15612584
11	linear/256/heavy	ir	2551659	38488	3624490
11	linear/256/heavy	cfg	1131161	0	0
11	linear/256/heavy	emission_exclusive	40324288	1209433	31175155
11	linear/256/heavy	serialization	16860415	47426	4650931
11	linear/256/heavy	combined	60867663	1295347	39450576
11	linear/1024/base	ir	5577227	48137	3687888
11	linear/1024/base	cfg	22789167	0	0
11	linear/1024/base	emission_exclusive	51816760	2101884	101426946
11	linear/1024/base	serialization	18767854	188738	5365343
11	linear/1024/base	combined	98951269	2338759	110480177
11	linear/1024/light	ir	7029215	54622	3970450
11	linear/1024/light	cfg	21383005	0	0
11	linear/1024/light	emission_exclusive	55569435	2346883	104935712
11	linear/1024/light	serialization	19142644	188738	5359679
11	linear/1024/light	combined	103124529	2590243	114265841
11	linear/1024/heavy	ir	26772015	153950	14502323
11	linear/1024/heavy	cfg	21662654	0	0
11	linear/1024/heavy	emission_exclusive	162858087	4830132	176508472
11	linear/1024/heavy	serialization	67065284	188740	18583081
11	linear/1024/heavy	combined	278358350	5172822	209593876
11	diamond-chain/64/base	ir	116551	3014	230397
11	diamond-chain/64/base	cfg	103826	0	0
11	diamond-chain/64/base	emission_exclusive	5200604	225845	3714034
11	diamond-chain/64/base	serialization	1416161	17982	373065
11	diamond-chain/64/base	combined	6837272	246841	4317496
11	diamond-chain/64/light	ir	127962	3421	248575
11	diamond-chain/64/light	cfg	101682	0	0
11	diamond-chain/64/light	emission_exclusive	5455086	242545	3960954
11	diamond-chain/64/light	serialization	1403016	17982	372681
11	diamond-chain/64/light	combined	7087836	263948	4582210
11	diamond-chain/64/heavy	ir	383806	9628	906464
11	diamond-chain/64/heavy	cfg	99809	0	0
11	diamond-chain/64/heavy	emission_exclusive	13895222	486163	9978456
11	diamond-chain/64/heavy	serialization	4317513	17984	1199123
11	diamond-chain/64/heavy	combined	18696460	513775	12084043
11	diamond-chain/256/base	ir	636615	12045	926798
11	diamond-chain/256/base	cfg	1205331	0	0
11	diamond-chain/256/base	emission_exclusive	20172945	897470	17597948
11	diamond-chain/256/base	serialization	5614789	70976	1471095
11	diamond-chain/256/base	combined	27629820	980491	19995841
11	diamond-chain/256/light	ir	718831	13666	997392
11	diamond-chain/256/light	cfg	1198058	0	0
11	diamond-chain/256/light	emission_exclusive	21554769	965199	18603715
11	diamond-chain/256/light	serialization	5708044	70976	1469655
11	diamond-chain/256/light	combined	29179783	1049841	21070762
11	diamond-chain/256/heavy	ir	2363273	38498	3630385
11	diamond-chain/256/heavy	cfg	1209069	0	0
11	diamond-chain/256/heavy	emission_exclusive	55879752	1938175	42664308
11	diamond-chain/256/heavy	serialization	18416650	70978	4775489
11	diamond-chain/256/heavy	combined	77868934	2047651	51070182
11	diamond-chain/1024/base	ir	6235563	48151	3711831
11	diamond-chain/1024/base	cfg	20823967	0	0
11	diamond-chain/1024/base	emission_exclusive	81840702	3585414	116314962
11	diamond-chain/1024/base	serialization	23079466	282946	5863533
11	diamond-chain/1024/base	combined	131979848	3916511	125890326
11	diamond-chain/1024/light	ir	7055224	54636	3994393
11	diamond-chain/1024/light	cfg	18148773	0	0
11	diamond-chain/1024/light	emission_exclusive	85853076	3857263	120357625
11	diamond-chain/1024/light	serialization	22098199	282946	5857869
11	diamond-chain/1024/light	combined	133155423	4194845	130209887
11	diamond-chain/1024/heavy	ir	24268467	153964	14526266
11	diamond-chain/1024/heavy	cfg	20567912	0	0
11	diamond-chain/1024/heavy	emission_exclusive	222087699	7747807	216606437
11	diamond-chain/1024/heavy	serialization	71431539	282948	19081271
11	diamond-chain/1024/heavy	combined	338355787	8184719	250213974
11	fan-in/64/base	ir	118103	3012	231834
11	fan-in/64/base	cfg	70203	0	0
11	fan-in/64/base	emission_exclusive	19950834	361039	7738269
11	fan-in/64/base	serialization	3875776	23502	433675
11	fan-in/64/base	combined	24015037	387553	8403778
11	fan-in/256/base	ir	670239	12041	932555
11	fan-in/256/base	cfg	541525	0	0
11	fan-in/256/base	emission_exclusive	78000363	3324668	63227648
11	fan-in/256/base	serialization	985255	8140	1101612
11	fan-in/256/base	combined	80197572	3344849	65261815
11	fan-in/1024/base	ir	6791235	48145	3734868
11	fan-in/1024/base	cfg	11431578	0	0
11	fan-in/1024/base	emission_exclusive	768582792	31527604	618738748
11	fan-in/1024/base	serialization	1844602	8142	4248310
11	fan-in/1024/base	combined	788650377	31583891	626721926
11	nested-loop/64/base	ir	115980	3009	229111
11	nested-loop/64/base	cfg	184660	0	0
11	nested-loop/64/base	emission_exclusive	3941890	149718	2837421
11	nested-loop/64/base	serialization	1331280	13198	348803
11	nested-loop/64/base	combined	5573930	165925	3415335
11	nested-loop/256/base	ir	619663	12036	921000
11	nested-loop/256/base	cfg	2266119	0	0
11	nested-loop/256/base	emission_exclusive	14814412	576567	15976260
11	nested-loop/256/base	serialization	5129670	48528	1356497
11	nested-loop/256/base	combined	22829974	637131	18253757
11	nested-loop/1024/base	ir	5598858	48138	3687985
11	nested-loop/1024/base	cfg	40863870	0	0
11	nested-loop/1024/base	emission_exclusive	58879850	2283847	143759634
11	nested-loop/1024/base	serialization	20896925	189842	5387591
11	nested-loop/1024/base	combined	126239633	2521827	152835210
11	multi-exit/64/base	ir	117873	2990	231132
11	multi-exit/64/base	cfg	79240	0	0
11	multi-exit/64/base	emission_exclusive	25303575	1038325	19436690
11	multi-exit/64/base	serialization	5899227	46594	569880
11	multi-exit/64/base	combined	31400045	1087909	20237702
11	multi-exit/256/base	ir	670238	12025	931853
11	multi-exit/256/base	cfg	554299	0	0
11	multi-exit/256/base	emission_exclusive	109441456	4980175	93574527
11	multi-exit/256/base	serialization	1002869	8140	1101950
11	multi-exit/256/base	combined	111668992	5000340	95608330
11	multi-exit/1024/base	ir	6772519	48135	3734166
11	multi-exit/1024/base	cfg	12313137	0	0
11	multi-exit/1024/base	emission_exclusive	875831787	37208916	724828775
11	multi-exit/1024/base	serialization	1864329	8142	4248630
11	multi-exit/1024/base	combined	896781932	37265193	732811571
11	no-exit/64/base	ir	115979	3018	229199
11	no-exit/64/base	cfg	123664	0	0
11	no-exit/64/base	emission_exclusive	3620563	137678	2442687
11	no-exit/64/base	serialization	1274553	12278	343391
11	no-exit/64/base	combined	5134869	152974	3015277
11	no-exit/256/base	ir	633690	12045	921088
11	no-exit/256/base	cfg	1518485	0	0
11	no-exit/256/base	emission_exclusive	13931109	547235	13059068
11	no-exit/256/base	serialization	4946833	47608	1349547
11	no-exit/256/base	combined	21030237	606888	15329703
11	no-exit/1024/base	ir	5684961	48147	3688073
11	no-exit/1024/base	cfg	28180442	0	0
11	no-exit/1024/base	emission_exclusive	55955395	2185382	106422336
11	no-exit/1024/base	serialization	19455636	188922	5374495
11	no-exit/1024/base	combined	109276654	2422451	115484904
11	irreducible/64/base	ir	117052	3014	231355
11	irreducible/64/base	cfg	88307	0	0
11	irreducible/64/base	emission_exclusive	366797693	13761714	204732406
11	irreducible/64/base	serialization	4944468	61038	628259
11	irreducible/64/base	combined	371947670	13825766	205592020
11	irreducible/256/base	ir	658045	12045	930636
11	irreducible/256/base	cfg	1142964	0	0
11	irreducible/256/base	emission_exclusive	1062883176	38938265	424485411
11	irreducible/256/base	serialization	5062152	61040	1417299
11	irreducible/256/base	combined	1069746487	39011350	426833346
11	irreducible/1024/base	ir	5928672	48151	3727189
11	irreducible/1024/base	cfg	19364113	0	0
11	irreducible/1024/base	emission_exclusive	2961138040	106343842	1096707811
11	irreducible/1024/base	serialization	6744927	61042	4573269
11	irreducible/1024/base	combined	2993175892	106453035	1105008269
12	linear/64/base	ir	139113	3008	229014
12	linear/64/base	cfg	114256	0	0
12	linear/64/base	emission_exclusive	3430525	132901	2319001
12	linear/64/base	serialization	1245928	12094	341915
12	linear/64/base	combined	4930062	148003	2889930
12	linear/64/light	ir	131188	3415	247192
12	linear/64/light	cfg	88587	0	0
12	linear/64/light	emission_exclusive	3676509	147950	2532872
12	linear/64/light	serialization	1267089	12094	341531
12	linear/64/light	combined	5163473	163459	3121595
12	linear/64/heavy	ir	466493	9622	905081
12	linear/64/heavy	cfg	89780	0	0
12	linear/64/heavy	emission_exclusive	10248509	304273	7017602
12	linear/64/heavy	serialization	4405880	12096	1167973
12	linear/64/heavy	combined	15210812	325991	9090656
12	linear/256/base	ir	613011	12035	920903
12	linear/256/base	cfg	1427542	0	0
12	linear/256/base	emission_exclusive	12915857	526712	12403352
12	linear/256/base	serialization	4690559	47424	1346537
12	linear/256/base	combined	19647119	586171	14670792
12	linear/256/light	ir	697520	13656	991497
12	linear/256/light	cfg	1209189	0	0
12	linear/256/light	emission_exclusive	13964273	587752	13275990
12	linear/256/light	serialization	4647887	47424	1345097
12	linear/256/light	combined	20518999	648832	15612584
12	linear/256/heavy	ir	2559094	38488	3624490
12	linear/256/heavy	cfg	1128035	0	0
12	linear/256/heavy	emission_exclusive	39762284	1209433	31175155
12	linear/256/heavy	serialization	17361503	47426	4650931
12	linear/256/heavy	combined	60811036	1295347	39450576
12	linear/1024/base	ir	5818193	48137	3687888
12	linear/1024/base	cfg	22711539	0	0
12	linear/1024/base	emission_exclusive	51201276	2101884	101426946
12	linear/1024/base	serialization	19315933	188738	5365343
12	linear/1024/base	combined	99047131	2338759	110480177
12	linear/1024/light	ir	7071395	54622	3970450
12	linear/1024/light	cfg	21645401	0	0
12	linear/1024/light	emission_exclusive	55522937	2346883	104935712
12	linear/1024/light	serialization	19341581	188738	5359679
12	linear/1024/light	combined	103581474	2590243	114265841
12	linear/1024/heavy	ir	26253023	153950	14502323
12	linear/1024/heavy	cfg	21515135	0	0
12	linear/1024/heavy	emission_exclusive	159497795	4830132	176508472
12	linear/1024/heavy	serialization	68809305	188740	18583081
12	linear/1024/heavy	combined	276075498	5172822	209593876
12	diamond-chain/64/base	ir	120839	3014	230397
12	diamond-chain/64/base	cfg	107694	0	0
12	diamond-chain/64/base	emission_exclusive	5110473	225845	3714034
12	diamond-chain/64/base	serialization	1446187	17982	373065
12	diamond-chain/64/base	combined	6785334	246841	4317496
12	diamond-chain/64/light	ir	133302	3421	248575
12	diamond-chain/64/light	cfg	102073	0	0
12	diamond-chain/64/light	emission_exclusive	5385875	242545	3960954
12	diamond-chain/64/light	serialization	1431600	17982	372681
12	diamond-chain/64/light	combined	7052960	263948	4582210
12	diamond-chain/64/heavy	ir	384809	9628	906464
12	diamond-chain/64/heavy	cfg	99438	0	0
12	diamond-chain/64/heavy	emission_exclusive	13600684	486163	9978456
12	diamond-chain/64/heavy	serialization	4445675	17984	1199123
12	diamond-chain/64/heavy	combined	18530736	513775	12084043
12	diamond-chain/256/base	ir	624482	12045	926798
12	diamond-chain/256/base	cfg	1226271	0	0
12	diamond-chain/256/base	emission_exclusive	19807102	897470	17597948
12	diamond-chain/256/base	serialization	5625168	70976	1471095
12	diamond-chain/256/base	combined	27283143	980491	19995841
12	diamond-chain/256/light	ir	720474	13666	997392
12	diamond-chain/256/light	cfg	1182889	0	0
12	diamond-chain/256/light	emission_exclusive	21248631	965199	18603715
12	diamond-chain/256/light	serialization	5576134	70976	1469655
12	diamond-chain/256/light	combined	28728259	1049841	21070762
12	diamond-chain/256/heavy	ir	2339948	38498	3630385
12	diamond-chain/256/heavy	cfg	1204611	0	0
12	diamond-chain/256/heavy	emission_exclusive	56020768	1938175	42664308
12	diamond-chain/256/heavy	serialization	18445275	70978	4775489
12	diamond-chain/256/heavy	combined	78010732	2047651	51070182
12	diamond-chain/1024/base	ir	6010357	48151	3711831
12	diamond-chain/1024/base	cfg	20672419	0	0
12	diamond-chain/1024/base	emission_exclusive	81403796	3585414	116314962
12	diamond-chain/1024/base	serialization	23283462	282946	5863533
12	diamond-chain/1024/base	combined	131370224	3916511	125890326
12	diamond-chain/1024/light	ir	7358579	54636	3994393
12	diamond-chain/1024/light	cfg	19122045	0	0
12	diamond-chain/1024/light	emission_exclusive	86808706	3857263	120357625
12	diamond-chain/1024/light	serialization	23023189	282946	5857869
12	diamond-chain/1024/light	combined	136312749	4194845	130209887
12	diamond-chain/1024/heavy	ir	24973661	153964	14526266
12	diamond-chain/1024/heavy	cfg	21149703	0	0
12	diamond-chain/1024/heavy	emission_exclusive	224240633	7747807	216606437
12	diamond-chain/1024/heavy	serialization	69479573	282948	19081271
12	diamond-chain/1024/heavy	combined	339843821	8184719	250213974
12	fan-in/64/base	ir	122362	3012	231834
12	fan-in/64/base	cfg	72708	0	0
12	fan-in/64/base	emission_exclusive	20302389	361039	7738269
12	fan-in/64/base	serialization	3761650	23502	433675
12	fan-in/64/base	combined	24259219	387553	8403778
12	fan-in/256/base	ir	679797	12041	932555
12	fan-in/256/base	cfg	573907	0	0
12	fan-in/256/base	emission_exclusive	77837834	3324668	63227648
12	fan-in/256/base	serialization	965337	8140	1101612
12	fan-in/256/base	combined	80057096	3344849	65261815
12	fan-in/1024/base	ir	6746700	48145	3734868
12	fan-in/1024/base	cfg	10918266	0	0
12	fan-in/1024/base	emission_exclusive	770820483	31527604	618738748
12	fan-in/1024/base	serialization	1841977	8142	4248310
12	fan-in/1024/base	combined	790327607	31583891	626721926
12	nested-loop/64/base	ir	116340	3009	229111
12	nested-loop/64/base	cfg	182245	0	0
12	nested-loop/64/base	emission_exclusive	3939167	149718	2837421
12	nested-loop/64/base	serialization	1344745	13198	348803
12	nested-loop/64/base	combined	5582597	165925	3415335
12	nested-loop/256/base	ir	630673	12036	921000
12	nested-loop/256/base	cfg	2299302	0	0
12	nested-loop/256/base	emission_exclusive	14920733	576567	15976260
12	nested-loop/256/base	serialization	4930923	48528	1356497
12	nested-loop/256/base	combined	22781732	637131	18253757
12	nested-loop/1024/base	ir	5933622	48138	3687985
12	nested-loop/1024/base	cfg	40264435	0	0
12	nested-loop/1024/base	emission_exclusive	58091608	2283847	143759634
12	nested-loop/1024/base	serialization	20767970	189842	5387591
12	nested-loop/1024/base	combined	125057785	2521827	152835210
12	multi-exit/64/base	ir	119717	2990	231132
12	multi-exit/64/base	cfg	83519	0	0
12	multi-exit/64/base	emission_exclusive	25375030	1038325	19436690
12	multi-exit/64/base	serialization	5703927	46594	569880
12	multi-exit/64/base	combined	31282293	1087909	20237702
12	multi-exit/256/base	ir	676180	12025	931853
12	multi-exit/256/base	cfg	592772	0	0
12	multi-exit/256/base	emission_exclusive	109229795	4980175	93574527
12	multi-exit/256/base	serialization	955789	8140	1101950
12	multi-exit/256/base	combined	111454656	5000340	95608330
12	multi-exit/1024/base	ir	6834065	48135	3734166
12	multi-exit/1024/base	cfg	12355488	0	0
12	multi-exit/1024/base	emission_exclusive	872616095	37208916	724828775
12	multi-exit/1024/base	serialization	1853539	8142	4248630
12	multi-exit/1024/base	combined	893659348	37265193	732811571
12	no-exit/64/base	ir	118915	3018	229199
12	no-exit/64/base	cfg	125107	0	0
12	no-exit/64/base	emission_exclusive	3618740	137678	2442687
12	no-exit/64/base	serialization	1226271	12278	343391
12	no-exit/64/base	combined	5089143	152974	3015277
12	no-exit/256/base	ir	621998	12045	921088
12	no-exit/256/base	cfg	1517002	0	0
12	no-exit/256/base	emission_exclusive	14012031	547235	13059068
12	no-exit/256/base	serialization	4770770	47608	1349547
12	no-exit/256/base	combined	20921912	606888	15329703
12	no-exit/1024/base	ir	5927589	48147	3688073
12	no-exit/1024/base	cfg	28984963	0	0
12	no-exit/1024/base	emission_exclusive	56418784	2185382	106422336
12	no-exit/1024/base	serialization	20053848	188922	5374495
12	no-exit/1024/base	combined	111385445	2422451	115484904
12	irreducible/64/base	ir	116440	3014	231355
12	irreducible/64/base	cfg	89149	0	0
12	irreducible/64/base	emission_exclusive	368002571	13761714	204732406
12	irreducible/64/base	serialization	4835033	61038	628259
12	irreducible/64/base	combined	373043333	13825766	205592020
12	irreducible/256/base	ir	648086	12045	930636
12	irreducible/256/base	cfg	1143895	0	0
12	irreducible/256/base	emission_exclusive	1066928577	38938265	424485411
12	irreducible/256/base	serialization	5233336	61040	1417299
12	irreducible/256/base	combined	1073954025	39011350	426833346
12	irreducible/1024/base	ir	6284096	48151	3727189
12	irreducible/1024/base	cfg	19787294	0	0
12	irreducible/1024/base	emission_exclusive	2953899592	106343842	1096707811
12	irreducible/1024/base	serialization	6708208	61042	4573269
12	irreducible/1024/base	combined	2986679350	106453035	1105008269
13	linear/64/base	ir	139334	3008	229014
13	linear/64/base	cfg	115309	0	0
13	linear/64/base	emission_exclusive	3427497	132901	2319001
13	linear/64/base	serialization	1187117	12094	341915
13	linear/64/base	combined	4869477	148003	2889930
13	linear/64/light	ir	123914	3415	247192
13	linear/64/light	cfg	87716	0	0
13	linear/64/light	emission_exclusive	3655860	147950	2532872
13	linear/64/light	serialization	1196044	12094	341531
13	linear/64/light	combined	5063645	163459	3121595
13	linear/64/heavy	ir	468407	9622	905081
13	linear/64/heavy	cfg	87987	0	0
13	linear/64/heavy	emission_exclusive	10169919	304273	7017602
13	linear/64/heavy	serialization	4137131	12096	1167973
13	linear/64/heavy	combined	14863554	325991	9090656
13	linear/256/base	ir	617238	12035	920903
13	linear/256/base	cfg	1427702	0	0
13	linear/256/base	emission_exclusive	12960052	526712	12403352
13	linear/256/base	serialization	4564670	47424	1346537
13	linear/256/base	combined	19569812	586171	14670792
13	linear/256/light	ir	692330	13656	991497
13	linear/256/light	cfg	1278630	0	0
13	linear/256/light	emission_exclusive	14075262	587752	13275990
13	linear/256/light	serialization	4533442	47424	1345097
13	linear/256/light	combined	20579774	648832	15612584
13	linear/256/heavy	ir	2785302	38488	3624490
13	linear/256/heavy	cfg	1152021	0	0
13	linear/256/heavy	emission_exclusive	39579597	1209433	31175155
13	linear/256/heavy	serialization	16240810	47426	4650931
13	linear/256/heavy	combined	59757900	1295347	39450576
13	linear/1024/base	ir	5507435	48137	3687888
13	linear/1024/base	cfg	22833579	0	0
13	linear/1024/base	emission_exclusive	51864201	2101884	101426946
13	linear/1024/base	serialization	18309536	188738	5365343
13	linear/1024/base	combined	98515041	2338759	110480177
13	linear/1024/light	ir	7040897	54622	3970450
13	linear/1024/light	cfg	21410095	0	0
13	linear/1024/light	emission_exclusive	55653994	2346883	104935712
13	linear/1024/light	serialization	19826047	188738	5359679
13	linear/1024/light	combined	103931313	2590243	114265841
13	linear/1024/heavy	ir	29460744	153950	14502323
13	linear/1024/heavy	cfg	21743296	0	0
13	linear/1024/heavy	emission_exclusive	158686866	4830132	176508472
13	linear/1024/heavy	serialization	66236223	188740	18583081
13	linear/1024/heavy	combined	276127680	5172822	209593876
13	diamond-chain/64/base	ir	115719	3014	230397
13	diamond-chain/64/base	cfg	101081	0	0
13	diamond-chain/64/base	emission_exclusive	5097469	225845	3714034
13	diamond-chain/64/base	serialization	1389520	17982	373065
13	diamond-chain/64/base	combined	6703909	246841	4317496
13	diamond-chain/64/light	ir	128212	3421	248575
13	diamond-chain/64/light	cfg	101282	0	0
13	diamond-chain/64/light	emission_exclusive	5350878	242545	3960954
13	diamond-chain/64/light	serialization	1379411	17982	372681
13	diamond-chain/64/light	combined	6959893	263948	4582210
13	diamond-chain/64/heavy	ir	382905	9628	906464
13	diamond-chain/64/heavy	cfg	101001	0	0
13	diamond-chain/64/heavy	emission_exclusive	13763111	486163	9978456
13	diamond-chain/64/heavy	serialization	4304077	17984	1199123
13	diamond-chain/64/heavy	combined	18551254	513775	12084043
13	diamond-chain/256/base	ir	620324	12045	926798
13	diamond-chain/256/base	cfg	1191585	0	0
13	diamond-chain/256/base	emission_exclusive	19841257	897470	17597948
13	diamond-chain/256/base	serialization	5481455	70976	1471095
13	diamond-chain/256/base	combined	27134761	980491	19995841
13	diamond-chain/256/light	ir	717558	13666	997392
13	diamond-chain/256/light	cfg	1172309	0	0
13	diamond-chain/256/light	emission_exclusive	21348549	965199	18603715
13	diamond-chain/256/light	serialization	5451318	70976	1469655
13	diamond-chain/256/light	combined	28689864	1049841	21070762
13	diamond-chain/256/heavy	ir	2335762	38498	3630385
13	diamond-chain/256/heavy	cfg	1198960	0	0
13	diamond-chain/256/heavy	emission_exclusive	56307559	1938175	42664308
13	diamond-chain/256/heavy	serialization	16819917	70978	4775489
13	diamond-chain/256/heavy	combined	76662338	2047651	51070182
13	diamond-chain/1024/base	ir	6064699	48151	3711831
13	diamond-chain/1024/base	cfg	21734450	0	0
13	diamond-chain/1024/base	emission_exclusive	80795410	3585414	116314962
13	diamond-chain/1024/base	serialization	20973449	282946	5863533
13	diamond-chain/1024/base	combined	129568209	3916511	125890326
13	diamond-chain/1024/light	ir	6758102	54636	3994393
13	diamond-chain/1024/light	cfg	18146558	0	0
13	diamond-chain/1024/light	emission_exclusive	84691596	3857263	120357625
13	diamond-chain/1024/light	serialization	21366874	282946	5857869
13	diamond-chain/1024/light	combined	130963311	4194845	130209887
13	diamond-chain/1024/heavy	ir	24361933	153964	14526266
13	diamond-chain/1024/heavy	cfg	20468624	0	0
13	diamond-chain/1024/heavy	emission_exclusive	218701773	7747807	216606437
13	diamond-chain/1024/heavy	serialization	70882237	282948	19081271
13	diamond-chain/1024/heavy	combined	334415258	8184719	250213974
13	fan-in/64/base	ir	140045	3012	231834
13	fan-in/64/base	cfg	77907	0	0
13	fan-in/64/base	emission_exclusive	20187993	361039	7738269
13	fan-in/64/base	serialization	3922756	23502	433675
13	fan-in/64/base	combined	24328901	387553	8403778
13	fan-in/256/base	ir	683514	12041	932555
13	fan-in/256/base	cfg	682372	0	0
13	fan-in/256/base	emission_exclusive	78447096	3324668	63227648
13	fan-in/256/base	serialization	971710	8140	1101612
13	fan-in/256/base	combined	80784862	3344849	65261815
13	fan-in/1024/base	ir	6849906	48145	3734868
13	fan-in/1024/base	cfg	11638830	0	0
13	fan-in/1024/base	emission_exclusive	766886868	31527604	618738748
13	fan-in/1024/base	serialization	1961894	8142	4248310
13	fan-in/1024/base	combined	787337658	31583891	626721926
13	nested-loop/64/base	ir	112823	3009	229111
13	nested-loop/64/base	cfg	180562	0	0
13	nested-loop/64/base	emission_exclusive	3940829	149718	2837421
13	nested-loop/64/base	serialization	1420659	13198	348803
13	nested-loop/64/base	combined	5654983	165925	3415335
13	nested-loop/256/base	ir	615966	12036	921000
13	nested-loop/256/base	cfg	2275007	0	0
13	nested-loop/256/base	emission_exclusive	14821975	576567	15976260
13	nested-loop/256/base	serialization	5256840	48528	1356497
13	nested-loop/256/base	combined	22969868	637131	18253757
13	nested-loop/1024/base	ir	5453994	48138	3687985
13	nested-loop/1024/base	cfg	40361686	0	0
13	nested-loop/1024/base	emission_exclusive	58284944	2283847	143759634
13	nested-loop/1024/base	serialization	19491284	189842	5387591
13	nested-loop/1024/base	combined	123592068	2521827	152835210
13	multi-exit/64/base	ir	117713	2990	231132
13	multi-exit/64/base	cfg	81624	0	0
13	multi-exit/64/base	emission_exclusive	25246648	1038325	19436690
13	multi-exit/64/base	serialization	5618775	46594	569880
13	multi-exit/64/base	combined	31064920	1087909	20237702
13	multi-exit/256/base	ir	674587	12025	931853
13	multi-exit/256/base	cfg	556513	0	0
13	multi-exit/256/base	emission_exclusive	108521382	4980175	93574527
13	multi-exit/256/base	serialization	939919	8140	1101950
13	multi-exit/256/base	combined	110692541	5000340	95608330
13	multi-exit/1024/base	ir	6821502	48135	3734166
13	multi-exit/1024/base	cfg	11934800	0	0
13	multi-exit/1024/base	emission_exclusive	867490973	37208916	724828775
13	multi-exit/1024/base	serialization	1873086	8142	4248630
13	multi-exit/1024/base	combined	888120531	37265193	732811571
13	no-exit/64/base	ir	116040	3018	229199
13	no-exit/64/base	cfg	121711	0	0
13	no-exit/64/base	emission_exclusive	3666329	137678	2442687
13	no-exit/64/base	serialization	1232152	12278	343391
13	no-exit/64/base	combined	5136352	152974	3015277
13	no-exit/256/base	ir	632658	12045	921088
13	no-exit/256/base	cfg	1514748	0	0
13	no-exit/256/base	emission_exclusive	13981383	547235	13059068
13	no-exit/256/base	serialization	4762595	47608	1349547
13	no-exit/256/base	combined	20891484	606888	15329703
13	no-exit/1024/base	ir	5703024	48147	3688073
13	no-exit/1024/base	cfg	28023814	0	0
13	no-exit/1024/base	emission_exclusive	56048681	2185382	106422336
13	no-exit/1024/base	serialization	18930371	188922	5374495
13	no-exit/1024/base	combined	108706181	2422451	115484904
13	irreducible/64/base	ir	116120	3014	231355
13	irreducible/64/base	cfg	87316	0	0
13	irreducible/64/base	emission_exclusive	365152276	13761714	204732406
13	irreducible/64/base	serialization	4621277	61038	628259
13	irreducible/64/base	combined	369977229	13825766	205592020
13	irreducible/256/base	ir	648538	12045	930636
13	irreducible/256/base	cfg	1130721	0	0
13	irreducible/256/base	emission_exclusive	1065728289	38938265	424485411
13	irreducible/256/base	serialization	5159797	61040	1417299
13	irreducible/256/base	combined	1072667535	39011350	426833346
13	irreducible/1024/base	ir	5941025	48151	3727189
13	irreducible/1024/base	cfg	20232847	0	0
13	irreducible/1024/base	emission_exclusive	2937398156	106343842	1096707811
13	irreducible/1024/base	serialization	6814749	61042	4573269
13	irreducible/1024/base	combined	2970386987	106453035	1105008269
14	linear/64/base	ir	140346	3008	229014
14	linear/64/base	cfg	125057	0	0
14	linear/64/base	emission_exclusive	3446664	132901	2319001
14	linear/64/base	serialization	1187307	12094	341915
14	linear/64/base	combined	4899594	148003	2889930
14	linear/64/light	ir	128804	3415	247192
14	linear/64/light	cfg	87827	0	0
14	linear/64/light	emission_exclusive	3601697	147950	2532872
14	linear/64/light	serialization	1227623	12094	341531
14	linear/64/light	combined	5046061	163459	3121595
14	linear/64/heavy	ir	469378	9622	905081
14	linear/64/heavy	cfg	93186	0	0
14	linear/64/heavy	emission_exclusive	10386560	304273	7017602
14	linear/64/heavy	serialization	4303135	12096	1167973
14	linear/64/heavy	combined	15252410	325991	9090656
14	linear/256/base	ir	615976	12035	920903
14	linear/256/base	cfg	1407534	0	0
14	linear/256/base	emission_exclusive	13793028	526712	12403352
14	linear/256/base	serialization	4517551	47424	1346537
14	linear/256/base	combined	20334279	586171	14670792
14	linear/256/light	ir	702269	13656	991497
14	linear/256/light	cfg	1269744	0	0
14	linear/256/light	emission_exclusive	14066575	587752	13275990
14	linear/256/light	serialization	4512241	47424	1345097
14	linear/256/light	combined	20550949	648832	15612584
14	linear/256/heavy	ir	2799028	38488	3624490
14	linear/256/heavy	cfg	1134838	0	0
14	linear/256/heavy	emission_exclusive	40058844	1209433	31175155
14	linear/256/heavy	serialization	17282242	47426	4650931
14	linear/256/heavy	combined	61275133	1295347	39450576
14	linear/1024/base	ir	5780422	48137	3687888
14	linear/1024/base	cfg	22879738	0	0
14	linear/1024/base	emission_exclusive	53763543	2101884	101426946
14	linear/1024/base	serialization	18086034	188738	5365343
14	linear/1024/base	combined	100510208	2338759	110480177
14	linear/1024/light	ir	7009418	54622	3970450
14	linear/1024/light	cfg	21843516	0	0
14	linear/1024/light	emission_exclusive	55972425	2346883	104935712
14	linear/1024/light	serialization	19044288	188738	5359679
14	linear/1024/light	combined	103869927	2590243	114265841
14	linear/1024/heavy	ir	26595360	153950	14502323
14	linear/1024/heavy	cfg	21887138	0	0
14	linear/1024/heavy	emission_exclusive	163967260	4830132	176508472
14	linear/1024/heavy	serialization	67109115	188740	18583081
14	linear/1024/heavy	combined	279559575	5172822	209593876
14	diamond-chain/64/base	ir	120839	3014	230397
14	diamond-chain/64/base	cfg	106081	0	0
14	diamond-chain/64/base	emission_exclusive	5101336	225845	3714034
14	diamond-chain/64/base	serialization	1448722	17982	373065
14	diamond-chain/64/base	combined	6777118	246841	4317496
14	diamond-chain/64/light	ir	136738	3421	248575
14	diamond-chain/64/light	cfg	100911	0	0
14	diamond-chain/64/light	emission_exclusive	5616732	242545	3960954
14	diamond-chain/64/light	serialization	1403286	17982	372681
14	diamond-chain/64/light	combined	7257778	263948	4582210
14	diamond-chain/64/heavy	ir	390238	9628	906464
14	diamond-chain/64/heavy	cfg	100821	0	0
14	diamond-chain/64/heavy	emission_exclusive	14080031	486163	9978456
14	diamond-chain/64/heavy	serialization	4279391	17984	1199123
14	diamond-chain/64/heavy	combined	18850601	513775	12084043
14	diamond-chain/256/base	ir	629742	12045	926798
14	diamond-chain/256/base	cfg	1197206	0	0
14	diamond-chain/256/base	emission_exclusive	20120965	897470	17597948
14	diamond-chain/256/base	serialization	5665784	70976	1471095
14	diamond-chain/256/base	combined	27613817	980491	19995841
14	diamond-chain/256/light	ir	720253	13666	997392
14	diamond-chain/256/light	cfg	1192527	0	0
14	diamond-chain/256/light	emission_exclusive	21530184	965199	18603715
14	diamond-chain/256/light	serialization	5799667	70976	1469655
14	diamond-chain/256/light	combined	29242731	1049841	21070762
14	diamond-chain/256/heavy	ir	2276138	38498	3630385
14	diamond-chain/256/heavy	cfg	1222604	0	0
14	diamond-chain/256/heavy	emission_exclusive	55628204	1938175	42664308
14	diamond-chain/256/heavy	serialization	16980651	70978	4775489
14	diamond-chain/256/heavy	combined	76107757	2047651	51070182
14	diamond-chain/1024/base	ir	5671274	48151	3711831
14	diamond-chain/1024/base	cfg	20915599	0	0
14	diamond-chain/1024/base	emission_exclusive	81412951	3585414	116314962
14	diamond-chain/1024/base	serialization	21201831	282946	5863533
14	diamond-chain/1024/base	combined	129201815	3916511	125890326
14	diamond-chain/1024/light	ir	7082556	54636	3994393
14	diamond-chain/1024/light	cfg	18168961	0	0
14	diamond-chain/1024/light	emission_exclusive	87143396	3857263	120357625
14	diamond-chain/1024/light	serialization	21571020	282946	5857869
14	diamond-chain/1024/light	combined	133966103	4194845	130209887
14	diamond-chain/1024/heavy	ir	24650660	153964	14526266
14	diamond-chain/1024/heavy	cfg	20628496	0	0
14	diamond-chain/1024/heavy	emission_exclusive	222803575	7747807	216606437
14	diamond-chain/1024/heavy	serialization	68560873	282948	19081271
14	diamond-chain/1024/heavy	combined	336643794	8184719	250213974
14	fan-in/64/base	ir	117943	3012	231834
14	fan-in/64/base	cfg	68991	0	0
14	fan-in/64/base	emission_exclusive	19909475	361039	7738269
14	fan-in/64/base	serialization	3905723	23502	433675
14	fan-in/64/base	combined	24002252	387553	8403778
14	fan-in/256/base	ir	665480	12041	932555
14	fan-in/256/base	cfg	526917	0	0
14	fan-in/256/base	emission_exclusive	77667461	3324668	63227648
14	fan-in/256/base	serialization	967331	8140	1101612
14	fan-in/256/base	combined	79827349	3344849	65261815
14	fan-in/1024/base	ir	6777578	48145	3734868
14	fan-in/1024/base	cfg	11067740	0	0
14	fan-in/1024/base	emission_exclusive	769623413	31527604	618738748
14	fan-in/1024/base	serialization	1837949	8142	4248310
14	fan-in/1024/base	combined	789306871	31583891	626721926
14	nested-loop/64/base	ir	112844	3009	229111
14	nested-loop/64/base	cfg	179169	0	0
14	nested-loop/64/base	emission_exclusive	3947853	149718	2837421
14	nested-loop/64/base	serialization	1374922	13198	348803
14	nested-loop/64/base	combined	5614898	165925	3415335
14	nested-loop/256/base	ir	627227	12036	921000
14	nested-loop/256/base	cfg	2301267	0	0
14	nested-loop/256/base	emission_exclusive	14897978	576567	15976260
14	nested-loop/256/base	serialization	5230320	48528	1356497
14	nested-loop/256/base	combined	23056882	637131	18253757
14	nested-loop/1024/base	ir	5777035	48138	3687985
14	nested-loop/1024/base	cfg	40432661	0	0
14	nested-loop/1024/base	emission_exclusive	58041242	2283847	143759634
14	nested-loop/1024/base	serialization	21168047	189842	5387591
14	nested-loop/1024/base	combined	125419135	2521827	152835210
14	multi-exit/64/base	ir	117041	2990	231132
14	multi-exit/64/base	cfg	77987	0	0
14	multi-exit/64/base	emission_exclusive	25206943	1038325	19436690
14	multi-exit/64/base	serialization	5909715	46594	569880
14	multi-exit/64/base	combined	31311827	1087909	20237702
14	multi-exit/256/base	ir	676872	12025	931853
14	multi-exit/256/base	cfg	557435	0	0
14	multi-exit/256/base	emission_exclusive	109332245	4980175	93574527
14	multi-exit/256/base	serialization	973612	8140	1101950
14	multi-exit/256/base	combined	111540335	5000340	95608330
14	multi-exit/1024/base	ir	6737313	48135	3734166
14	multi-exit/1024/base	cfg	12345918	0	0
14	multi-exit/1024/base	emission_exclusive	869772378	37208916	724828775
14	multi-exit/1024/base	serialization	1840834	8142	4248630
14	multi-exit/1024/base	combined	890696633	37265193	732811571
14	no-exit/64/base	ir	113965	3018	229199
14	no-exit/64/base	cfg	121930	0	0
14	no-exit/64/base	emission_exclusive	3606848	137678	2442687
14	no-exit/64/base	serialization	1251599	12278	343391
14	no-exit/64/base	combined	5094463	152974	3015277
14	no-exit/256/base	ir	626336	12045	921088
14	no-exit/256/base	cfg	1499919	0	0
14	no-exit/256/base	emission_exclusive	13968669	547235	13059068
14	no-exit/256/base	serialization	5083703	47608	1349547
14	no-exit/256/base	combined	21178727	606888	15329703
14	no-exit/1024/base	ir	5874710	48147	3688073
14	no-exit/1024/base	cfg	28347086	0	0
14	no-exit/1024/base	emission_exclusive	56213762	2185382	106422336
14	no-exit/1024/base	serialization	18693513	188922	5374495
14	no-exit/1024/base	combined	109129331	2422451	115484904
14	irreducible/64/base	ir	118224	3014	231355
14	irreducible/64/base	cfg	90561	0	0
14	irreducible/64/base	emission_exclusive	367748860	13761714	204732406
14	irreducible/64/base	serialization	4690509	61038	628259
14	irreducible/64/base	combined	372648314	13825766	205592020
14	irreducible/256/base	ir	661552	12045	930636
14	irreducible/256/base	cfg	1152681	0	0
14	irreducible/256/base	emission_exclusive	1057392427	38938265	424485411
14	irreducible/256/base	serialization	4994113	61040	1417299
14	irreducible/256/base	combined	1064200994	39011350	426833346
14	irreducible/1024/base	ir	6122068	48151	3727189
14	irreducible/1024/base	cfg	19821108	0	0
14	irreducible/1024/base	emission_exclusive	2945445092	106343842	1096707811
14	irreducible/1024/base	serialization	6603469	61042	4573269
14	irreducible/1024/base	combined	2977991908	106453035	1105008269
