run	case	phase	nanos	alloc_count	alloc_bytes
0	linear/64/base	ir	140496	3008	229014
0	linear/64/base	cfg	123934	0	0
0	linear/64/base	emission_exclusive	3479098	132901	2319001
0	linear/64/base	serialization	1175543	12094	341915
0	linear/64/base	combined	4919281	148003	2889930
0	linear/64/light	ir	131178	3415	247192
0	linear/64/light	cfg	88487	0	0
0	linear/64/light	emission_exclusive	3645692	147950	2532872
0	linear/64/light	serialization	1167067	12094	341531
0	linear/64/light	combined	5032534	163459	3121595
0	linear/64/heavy	ir	472713	9622	905081
0	linear/64/heavy	cfg	89118	0	0
0	linear/64/heavy	emission_exclusive	10310944	304273	7017602
0	linear/64/heavy	serialization	4157722	12096	1167973
0	linear/64/heavy	combined	15030678	325991	9090656
0	linear/256/base	ir	614211	12035	920903
0	linear/256/base	cfg	1445793	0	0
0	linear/256/base	emission_exclusive	13401216	526712	12403352
0	linear/256/base	serialization	4619354	47424	1346537
0	linear/256/base	combined	20080735	586171	14670792
0	linear/256/light	ir	700455	13656	991497
0	linear/256/light	cfg	1283386	0	0
0	linear/256/light	emission_exclusive	14546922	587752	13275990
0	linear/256/light	serialization	4792381	47424	1345097
0	linear/256/light	combined	21323294	648832	15612584
0	linear/256/heavy	ir	2818459	38488	3624490
0	linear/256/heavy	cfg	1137791	0	0
0	linear/256/heavy	emission_exclusive	41473821	1209433	31175155
0	linear/256/heavy	serialization	16744036	47426	4650931
0	linear/256/heavy	combined	62174267	1295347	39450576
0	linear/1024/base	ir	5510770	48137	3687888
0	linear/1024/base	cfg	22920124	0	0
0	linear/1024/base	emission_exclusive	53545854	2101884	101426946
0	linear/1024/base	serialization	19767283	188738	5365343
0	linear/1024/base	combined	101744411	2338759	110480177
0	linear/1024/light	ir	6948596	54622	3970450
0	linear/1024/light	cfg	22191004	0	0
0	linear/1024/light	emission_exclusive	57983226	2346883	104935712
0	linear/1024/light	serialization	19669948	188738	5359679
0	linear/1024/light	combined	106793104	2590243	114265841
0	linear/1024/heavy	ir	26661377	153950	14502323
0	linear/1024/heavy	cfg	21957433	0	0
0	linear/1024/heavy	emission_exclusive	165982620	4830132	176508472
0	linear/1024/heavy	serialization	68685558	188740	18583081
0	linear/1024/heavy	combined	283287689	5172822	209593876
0	diamond-chain/64/base	ir	123644	3014	230397
0	diamond-chain/64/base	cfg	105119	0	0
0	diamond-chain/64/base	emission_exclusive	5295230	225845	3714034
0	diamond-chain/64/base	serialization	1461864	17982	373065
0	diamond-chain/64/base	combined	6986007	246841	4317496
0	diamond-chain/64/light	ir	134364	3421	248575
0	diamond-chain/64/light	cfg	101412	0	0
0	diamond-chain/64/light	emission_exclusive	5568228	242545	3960954
0	diamond-chain/64/light	serialization	1443930	17982	372681
0	diamond-chain/64/light	combined	7248014	263948	4582210
0	diamond-chain/64/heavy	ir	393294	9628	906464
0	diamond-chain/64/heavy	cfg	101091	0	0
0	diamond-chain/64/heavy	emission_exclusive	14184016	486163	9978456
0	diamond-chain/64/heavy	serialization	4446498	17984	1199123
0	diamond-chain/64/heavy	combined	19124979	513775	12084043
0	diamond-chain/256/base	ir	640020	12045	926798
0	diamond-chain/256/base	cfg	1212793	0	0
0	diamond-chain/256/base	emission_exclusive	20657675	897470	17597948
0	diamond-chain/256/base	serialization	5664369	70976	1471095
0	diamond-chain/256/base	combined	28174948	980491	19995841
0	diamond-chain/256/light	ir	724900	13666	997392
0	diamond-chain/256/light	cfg	1169802	0	0
0	diamond-chain/256/light	emission_exclusive	21898752	965199	18603715
0	diamond-chain/256/light	serialization	5636316	70976	1469655
0	diamond-chain/256/light	combined	29429891	1049841	21070762
0	diamond-chain/256/heavy	ir	2316880	38498	3630385
0	diamond-chain/256/heavy	cfg	1187094	0	0
0	diamond-chain/256/heavy	emission_exclusive	55937898	1938175	42664308
0	diamond-chain/256/heavy	serialization	17706145	70978	4775489
0	diamond-chain/256/heavy	combined	77148158	2047651	51070182
0	diamond-chain/1024/base	ir	5604346	48151	3711831
0	diamond-chain/1024/base	cfg	20603724	0	0
0	diamond-chain/1024/base	emission_exclusive	82276303	3585414	116314962
0	diamond-chain/1024/base	serialization	22277959	282946	5863533
0	diamond-chain/1024/base	combined	130762492	3916511	125890326
0	diamond-chain/1024/light	ir	6893082	54636	3994393
0	diamond-chain/1024/light	cfg	18129316	0	0
0	diamond-chain/1024/light	emission_exclusive	87944530	3857263	120357625
0	diamond-chain/1024/light	serialization	21740072	282946	5857869
0	diamond-chain/1024/light	combined	134707170	4194845	130209887
0	diamond-chain/1024/heavy	ir	24638832	153964	14526266
0	diamond-chain/1024/heavy	cfg	20613442	0	0
0	diamond-chain/1024/heavy	emission_exclusive	223488542	7747807	216606437
0	diamond-chain/1024/heavy	serialization	65402822	282948	19081271
0	diamond-chain/1024/heavy	combined	334143928	8184719	250213974
0	fan-in/64/base	ir	118464	3012	231834
0	fan-in/64/base	cfg	71004	0	0
0	fan-in/64/base	emission_exclusive	20799254	361039	7738269
0	fan-in/64/base	serialization	3622228	23502	433675
0	fan-in/64/base	combined	24611070	387553	8403778
0	fan-in/256/base	ir	671179	12041	932555
0	fan-in/256/base	cfg	522828	0	0
0	fan-in/256/base	emission_exclusive	79272084	3324668	63227648
0	fan-in/256/base	serialization	952942	8140	1101612
0	fan-in/256/base	combined	81419163	3344849	65261815
0	fan-in/1024/base	ir	6739612	48145	3734868
0	fan-in/1024/base	cfg	11343116	0	0
0	fan-in/1024/base	emission_exclusive	777602760	31527604	618738748
0	fan-in/1024/base	serialization	1816404	8142	4248310
0	fan-in/1024/base	combined	797502072	31583891	626721926
0	nested-loop/64/base	ir	112322	3009	229111
0	nested-loop/64/base	cfg	185220	0	0
0	nested-loop/64/base	emission_exclusive	3968294	149718	2837421
0	nested-loop/64/base	serialization	1253900	13198	348803
0	nested-loop/64/base	combined	5519856	165925	3415335
0	nested-loop/256/base	ir	620423	12036	921000
0	nested-loop/256/base	cfg	2256786	0	0
0	nested-loop/256/base	emission_exclusive	14950315	576567	15976260
0	nested-loop/256/base	serialization	4823781	48528	1356497
0	nested-loop/256/base	combined	22651415	637131	18253757
0	nested-loop/1024/base	ir	5784847	48138	3687985
0	nested-loop/1024/base	cfg	40276337	0	0
0	nested-loop/1024/base	emission_exclusive	59445008	2283847	143759634
0	nested-loop/1024/base	serialization	20612350	189842	5387591
0	nested-loop/1024/base	combined	126118823	2521827	152835210
0	multi-exit/64/base	ir	117062	2990	231132
0	multi-exit/64/base	cfg	78097	0	0
0	multi-exit/64/base	emission_exclusive	26137095	1038325	19436690
0	multi-exit/64/base	serialization	5568629	46594	569880
0	multi-exit/64/base	combined	31901043	1087909	20237702
0	multi-exit/256/base	ir	677030	12025	931853
0	multi-exit/256/base	cfg	589254	0	0
0	multi-exit/256/base	emission_exclusive	112211459	4980175	93574527
0	multi-exit/256/base	serialization	932413	8140	1101950
0	multi-exit/256/base	combined	114410326	5000340	95608330
0	multi-exit/1024/base	ir	6689026	48135	3734166
0	multi-exit/1024/base	cfg	12349137	0	0
0	multi-exit/1024/base	emission_exclusive	879779709	37208916	724828775
0	multi-exit/1024/base	serialization	1852913	8142	4248630
0	multi-exit/1024/base	combined	900671056	37265193	732811571
0	no-exit/64/base	ir	112382	3018	229199
0	no-exit/64/base	cfg	119917	0	0
0	no-exit/64/base	emission_exclusive	3677303	137678	2442687
0	no-exit/64/base	serialization	1240816	12278	343391
0	no-exit/64/base	combined	5150528	152974	3015277
0	no-exit/256/base	ir	623589	12045	921088
0	no-exit/256/base	cfg	1496429	0	0
0	no-exit/256/base	emission_exclusive	14301698	547235	13059068
0	no-exit/256/base	serialization	4847916	47608	1349547
0	no-exit/256/base	combined	21269753	606888	15329703
0	no-exit/1024/base	ir	5944469	48147	3688073
0	no-exit/1024/base	cfg	27908504	0	0
0	no-exit/1024/base	emission_exclusive	57380915	2185382	106422336
0	no-exit/1024/base	serialization	19229275	188922	5374495
0	no-exit/1024/base	combined	110463574	2422451	115484904
0	irreducible/64/base	ir	119216	3014	231355
0	irreducible/64/base	cfg	87495	0	0
0	irreducible/64/base	emission_exclusive	376671804	13761714	204732406
0	irreducible/64/base	serialization	4818720	61038	628259
0	irreducible/64/base	combined	381697525	13825766	205592020
0	irreducible/256/base	ir	648707	12045	930636
0	irreducible/256/base	cfg	1117803	0	0
0	irreducible/256/base	emission_exclusive	1077365049	38938265	424485411
0	irreducible/256/base	serialization	5326821	61040	1417299
0	irreducible/256/base	combined	1084458640	39011350	426833346
0	irreducible/1024/base	ir	6526189	48151	3727189
0	irreducible/1024/base	cfg	19631786	0	0
0	irreducible/1024/base	emission_exclusive	2961713209	106343842	1096707811
0	irreducible/1024/base	serialization	6585080	61042	4573269
0	irreducible/1024/base	combined	2994456455	106453035	1105008269
1	linear/64/base	ir	135997	3008	229014
1	linear/64/base	cfg	117723	0	0
1	linear/64/base	emission_exclusive	3464620	132901	2319001
1	linear/64/base	serialization	1159552	12094	341915
1	linear/64/base	combined	4878122	148003	2889930
1	linear/64/light	ir	128503	3415	247192
1	linear/64/light	cfg	88347	0	0
1	linear/64/light	emission_exclusive	3637177	147950	2532872
1	linear/64/light	serialization	1157629	12094	341531
1	linear/64/light	combined	5011756	163459	3121595
1	linear/64/heavy	ir	479116	9622	905081
1	linear/64/heavy	cfg	90481	0	0
1	linear/64/heavy	emission_exclusive	10277751	304273	7017602
1	linear/64/heavy	serialization	4318263	12096	1167973
1	linear/64/heavy	combined	15165762	325991	9090656
1	linear/256/base	ir	612909	12035	920903
1	linear/256/base	cfg	1436897	0	0
1	linear/256/base	emission_exclusive	13031959	526712	12403352
1	linear/256/base	serialization	4702620	47424	1346537
1	linear/256/base	combined	19784545	586171	14670792
1	linear/256/light	ir	697960	13656	991497
1	linear/256/light	cfg	1299537	0	0
1	linear/256/light	emission_exclusive	14138110	587752	13275990
1	linear/256/light	serialization	4496431	47424	1345097
1	linear/256/light	combined	20632188	648832	15612584
1	linear/256/heavy	ir	2818850	38488	3624490
1	linear/256/heavy	cfg	1110860	0	0
1	linear/256/heavy	emission_exclusive	40073924	1209433	31175155
1	linear/256/heavy	serialization	15665017	47426	4650931
1	linear/256/heavy	combined	59668811	1295347	39450576
1	linear/1024/base	ir	5556415	48137	3687888
1	linear/1024/base	cfg	22744060	0	0
1	linear/1024/base	emission_exclusive	51818049	2101884	101426946
1	linear/1024/base	serialization	17772722	188738	5365343
1	linear/1024/base	combined	97891446	2338759	110480177
1	linear/1024/light	ir	6982671	54622	3970450
1	linear/1024/light	cfg	21539523	0	0
1	linear/1024/light	emission_exclusive	56527192	2346883	104935712
1	linear/1024/light	serialization	18110790	188738	5359679
1	linear/1024/light	combined	103160448	2590243	114265841
1	linear/1024/heavy	ir	26634946	153950	14502323
1	linear/1024/heavy	cfg	22052783	0	0
1	linear/1024/heavy	emission_exclusive	160452836	4830132	176508472
1	linear/1024/heavy	serialization	65099600	188740	18583081
1	linear/1024/heavy	combined	274240736	5172822	209593876
1	diamond-chain/64/base	ir	120267	3014	230397
1	diamond-chain/64/base	cfg	112573	0	0
1	diamond-chain/64/base	emission_exclusive	5252109	225845	3714034
1	diamond-chain/64/base	serialization	1401750	17982	373065
1	diamond-chain/64/base	combined	6886840	246841	4317496
1	diamond-chain/64/light	ir	127802	3421	248575
1	diamond-chain/64/light	cfg	102543	0	0
1	diamond-chain/64/light	emission_exclusive	5508435	242545	3960954
1	diamond-chain/64/light	serialization	1404054	17982	372681
1	diamond-chain/64/light	combined	7142944	263948	4582210
1	diamond-chain/64/heavy	ir	388846	9628	906464
1	diamond-chain/64/heavy	cfg	105059	0	0
1	diamond-chain/64/heavy	emission_exclusive	14059721	486163	9978456
1	diamond-chain/64/heavy	serialization	4320438	17984	1199123
1	diamond-chain/64/heavy	combined	18874185	513775	12084043
1	diamond-chain/256/base	ir	646743	12045	926798
1	diamond-chain/256/base	cfg	1209377	0	0
1	diamond-chain/256/base	emission_exclusive	20274651	897470	17597948
1	diamond-chain/256/base	serialization	5656614	70976	1471095
1	diamond-chain/256/base	combined	27787566	980491	19995841
1	diamond-chain/256/light	ir	720462	13666	997392
1	diamond-chain/256/light	cfg	1178017	0	0
1	diamond-chain/256/light	emission_exclusive	21653128	965199	18603715
1	diamond-chain/256/light	serialization	5620316	70976	1469655
1	diamond-chain/256/light	combined	29172083	1049841	21070762
1	diamond-chain/256/heavy	ir	2416028	38498	3630385
1	diamond-chain/256/heavy	cfg	1186483	0	0
1	diamond-chain/256/heavy	emission_exclusive	55646687	1938175	42664308
1	diamond-chain/256/heavy	serialization	17814651	70978	4775489
1	diamond-chain/256/heavy	combined	77063989	2047651	51070182
1	diamond-chain/1024/base	ir	6011115	48151	3711831
1	diamond-chain/1024/base	cfg	20551806	0	0
1	diamond-chain/1024/base	emission_exclusive	82629551	3585414	116314962
1	diamond-chain/1024/base	serialization	22582626	282946	5863533
1	diamond-chain/1024/base	combined	131775538	3916511	125890326
1	diamond-chain/1024/light	ir	7181949	54636	3994393
1	diamond-chain/1024/light	cfg	18798190	0	0
1	diamond-chain/1024/light	emission_exclusive	87594548	3857263	120357625
1	diamond-chain/1024/light	serialization	22420119	282946	5857869
1	diamond-chain/1024/light	combined	135994966	4194845	130209887
1	diamond-chain/1024/heavy	ir	24267119	153964	14526266
1	diamond-chain/1024/heavy	cfg	20667184	0	0
1	diamond-chain/1024/heavy	emission_exclusive	224232048	7747807	216606437
1	diamond-chain/1024/heavy	serialization	71728261	282948	19081271
1	diamond-chain/1024/heavy	combined	340894773	8184719	250213974
1	fan-in/64/base	ir	141878	3012	231834
1	fan-in/64/base	cfg	80893	0	0
1	fan-in/64/base	emission_exclusive	20786720	361039	7738269
1	fan-in/64/base	serialization	3946341	23502	433675
1	fan-in/64/base	combined	24955972	387553	8403778
1	fan-in/256/base	ir	684354	12041	932555
1	fan-in/256/base	cfg	591158	0	0
1	fan-in/256/base	emission_exclusive	78821041	3324668	63227648
1	fan-in/256/base	serialization	980063	8140	1101612
1	fan-in/256/base	combined	81076776	3344849	65261815
1	fan-in/1024/base	ir	6796930	48145	3734868
1	fan-in/1024/base	cfg	10901411	0	0
1	fan-in/1024/base	emission_exclusive	777879347	31527604	618738748
1	fan-in/1024/base	serialization	1832093	8142	4248310
1	fan-in/1024/base	combined	797409952	31583891	626721926
1	nested-loop/64/base	ir	121610	3009	229111
1	nested-loop/64/base	cfg	182314	0	0
1	nested-loop/64/base	emission_exclusive	3990746	149718	2837421
1	nested-loop/64/base	serialization	1335756	13198	348803
1	nested-loop/64/base	combined	5630546	165925	3415335
1	nested-loop/256/base	ir	628919	12036	921000
1	nested-loop/256/base	cfg	2294809	0	0
1	nested-loop/256/base	emission_exclusive	15205839	576567	15976260
1	nested-loop/256/base	serialization	5110972	48528	1356497
1	nested-loop/256/base	combined	23240659	637131	18253757
1	nested-loop/1024/base	ir	5886740	48138	3687985
1	nested-loop/1024/base	cfg	40420210	0	0
1	nested-loop/1024/base	emission_exclusive	59119983	2283847	143759634
1	nested-loop/1024/base	serialization	20062792	189842	5387591
1	nested-loop/1024/base	combined	125489875	2521827	152835210
1	multi-exit/64/base	ir	118985	2990	231132
1	multi-exit/64/base	cfg	85612	0	0
1	multi-exit/64/base	emission_exclusive	25490202	1038325	19436690
1	multi-exit/64/base	serialization	5557407	46594	569880
1	multi-exit/64/base	combined	31252316	1087909	20237702
1	multi-exit/256/base	ir	669756	12025	931853
1	multi-exit/256/base	cfg	557414	0	0
1	multi-exit/256/base	emission_exclusive	110778892	4980175	93574527
1	multi-exit/256/base	serialization	948353	8140	1101950
1	multi-exit/256/base	combined	112954545	5000340	95608330
1	multi-exit/1024/base	ir	6874697	48135	3734166
1	multi-exit/1024/base	cfg	12277381	0	0
1	multi-exit/1024/base	emission_exclusive	879685426	37208916	724828775
1	multi-exit/1024/base	serialization	1838015	8142	4248630
1	multi-exit/1024/base	combined	900675780	37265193	732811571
1	no-exit/64/base	ir	120998	3018	229199
1	no-exit/64/base	cfg	121309	0	0
1	no-exit/64/base	emission_exclusive	3654860	137678	2442687
1	no-exit/64/base	serialization	1232511	12278	343391
1	no-exit/64/base	combined	5129809	152974	3015277
1	no-exit/256/base	ir	618459	12045	921088
1	no-exit/256/base	cfg	1507700	0	0
1	no-exit/256/base	emission_exclusive	14159580	547235	13059068
1	no-exit/256/base	serialization	4853085	47608	1349547
1	no-exit/256/base	combined	21138955	606888	15329703
1	no-exit/1024/base	ir	5788634	48147	3688073
1	no-exit/1024/base	cfg	27613186	0	0
1	no-exit/1024/base	emission_exclusive	56606552	2185382	106422336
1	no-exit/1024/base	serialization	19064995	188922	5374495
1	no-exit/1024/base	combined	109073587	2422451	115484904
1	irreducible/64/base	ir	116811	3014	231355
1	irreducible/64/base	cfg	87896	0	0
1	irreducible/64/base	emission_exclusive	370528190	13761714	204732406
1	irreducible/64/base	serialization	4651695	61038	628259
1	irreducible/64/base	combined	375384772	13825766	205592020
1	irreducible/256/base	ir	656050	12045	930636
1	irreducible/256/base	cfg	1145756	0	0
1	irreducible/256/base	emission_exclusive	1071443328	38938265	424485411
1	irreducible/256/base	serialization	5118257	61040	1417299
1	irreducible/256/base	combined	1078363561	39011350	426833346
1	irreducible/1024/base	ir	6066760	48151	3727189
1	irreducible/1024/base	cfg	19371364	0	0
1	irreducible/1024/base	emission_exclusive	2961844392	106343842	1096707811
1	irreducible/1024/base	serialization	6531900	61042	4573269
1	irreducible/1024/base	combined	2993814587	106453035	1105008269
2	linear/64/base	ir	144995	3008	229014
2	linear/64/base	cfg	116190	0	0
2	linear/64/base	emission_exclusive	3620234	132901	2319001
2	linear/64/base	serialization	1160675	12094	341915
2	linear/64/base	combined	5042404	148003	2889930
2	linear/64/light	ir	124476	3415	247192
2	linear/64/light	cfg	88657	0	0
2	linear/64/light	emission_exclusive	3724863	147950	2532872
2	linear/64/light	serialization	1199968	12094	341531
2	linear/64/light	combined	5138074	163459	3121595
2	linear/64/heavy	ir	469007	9622	905081
2	linear/64/heavy	cfg	91082	0	0
2	linear/64/heavy	emission_exclusive	10792835	304273	7017602
2	linear/64/heavy	serialization	4000755	12096	1167973
2	linear/64/heavy	combined	15353819	325991	9090656
2	linear/256/base	ir	610875	12035	920903
2	linear/256/base	cfg	1457164	0	0
2	linear/256/base	emission_exclusive	13578753	526712	12403352
2	linear/256/base	serialization	4599716	47424	1346537
2	linear/256/base	combined	20246679	586171	14670792
2	linear/256/light	ir	707588	13656	991497
2	linear/256/light	cfg	1293215	0	0
2	linear/256/light	emission_exclusive	14520693	587752	13275990
2	linear/256/light	serialization	4535815	47424	1345097
2	linear/256/light	combined	21057482	648832	15612584
2	linear/256/heavy	ir	2822868	38488	3624490
2	linear/256/heavy	cfg	1136298	0	0
2	linear/256/heavy	emission_exclusive	41252504	1209433	31175155
2	linear/256/heavy	serialization	16409705	47426	4650931
2	linear/256/heavy	combined	61621565	1295347	39450576
2	linear/1024/base	ir	5827989	48137	3687888
2	linear/1024/base	cfg	22836004	0	0
2	linear/1024/base	emission_exclusive	54739923	2101884	101426946
2	linear/1024/base	serialization	18720614	188738	5365343
2	linear/1024/base	combined	102124821	2338759	110480177
2	linear/1024/light	ir	7086709	54622	3970450
2	linear/1024/light	cfg	21630525	0	0
2	linear/1024/light	emission_exclusive	59670225	2346883	104935712
2	linear/1024/light	serialization	19830873	188738	5359679
2	linear/1024/light	combined	108218632	2590243	114265841
2	linear/1024/heavy	ir	26621862	153950	14502323
2	linear/1024/heavy	cfg	21808591	0	0
2	linear/1024/heavy	emission_exclusive	160814924	4830132	176508472
2	linear/1024/heavy	serialization	66873214	188740	18583081
2	linear/1024/heavy	combined	276119072	5172822	209593876
2	diamond-chain/64/base	ir	120578	3014	230397
2	diamond-chain/64/base	cfg	106441	0	0
2	diamond-chain/64/base	emission_exclusive	5231221	225845	3714034
2	diamond-chain/64/base	serialization	1393054	17982	373065
2	diamond-chain/64/base	combined	6851394	246841	4317496
2	diamond-chain/64/light	ir	128623	3421	248575
2	diamond-chain/64/light	cfg	102093	0	0
2	diamond-chain/64/light	emission_exclusive	5509807	242545	3960954
2	diamond-chain/64/light	serialization	1370020	17982	372681
2	diamond-chain/64/light	combined	7110623	263948	4582210
2	diamond-chain/64/heavy	ir	386651	9628	906464
2	diamond-chain/64/heavy	cfg	100110	0	0
2	diamond-chain/64/heavy	emission_exclusive	14101410	486163	9978456
2	diamond-chain/64/heavy	serialization	4327912	17984	1199123
2	diamond-chain/64/heavy	combined	18916183	513775	12084043
2	diamond-chain/256/base	ir	632877	12045	926798
2	diamond-chain/256/base	cfg	1197194	0	0
2	diamond-chain/256/base	emission_exclusive	20787601	897470	17597948
2	diamond-chain/256/base	serialization	5515939	70976	1471095
2	diamond-chain/256/base	combined	28133731	980491	19995841
2	diamond-chain/256/light	ir	732766	13666	997392
2	diamond-chain/256/light	cfg	1202854	0	0
2	diamond-chain/256/light	emission_exclusive	22021454	965199	18603715
2	diamond-chain/256/light	serialization	5465674	70976	1469655
2	diamond-chain/256/light	combined	29422858	1049841	21070762
2	diamond-chain/256/heavy	ir	2276243	38498	3630385
2	diamond-chain/256/heavy	cfg	1182857	0	0
2	diamond-chain/256/heavy	emission_exclusive	56336161	1938175	42664308
2	diamond-chain/256/heavy	serialization	17414414	70978	4775489
2	diamond-chain/256/heavy	combined	77209776	2047651	51070182
2	diamond-chain/1024/base	ir	5594276	48151	3711831
2	diamond-chain/1024/base	cfg	20613522	0	0
2	diamond-chain/1024/base	emission_exclusive	82789336	3585414	116314962
2	diamond-chain/1024/base	serialization	22287217	282946	5863533
2	diamond-chain/1024/base	combined	131284451	3916511	125890326
2	diamond-chain/1024/light	ir	7154156	54636	3994393
2	diamond-chain/1024/light	cfg	17909330	0	0
2	diamond-chain/1024/light	emission_exclusive	88395203	3857263	120357625
2	diamond-chain/1024/light	serialization	22106856	282946	5857869
2	diamond-chain/1024/light	combined	135565675	4194845	130209887
2	diamond-chain/1024/heavy	ir	25482288	153964	14526266
2	diamond-chain/1024/heavy	cfg	22142905	0	0
2	diamond-chain/1024/heavy	emission_exclusive	229228677	7747807	216606437
2	diamond-chain/1024/heavy	serialization	69836966	282948	19081271
2	diamond-chain/1024/heavy	combined	346691328	8184719	250213974
2	fan-in/64/base	ir	141508	3012	231834
2	fan-in/64/base	cfg	76194	0	0
2	fan-in/64/base	emission_exclusive	20721217	361039	7738269
2	fan-in/64/base	serialization	3662164	23502	433675
2	fan-in/64/base	combined	24601233	387553	8403778
2	fan-in/256/base	ir	685466	12041	932555
2	fan-in/256/base	cfg	587621	0	0
2	fan-in/256/base	emission_exclusive	79656582	3324668	63227648
2	fan-in/256/base	serialization	916293	8140	1101612
2	fan-in/256/base	combined	81846082	3344849	65261815
2	fan-in/1024/base	ir	6828489	48145	3734868
2	fan-in/1024/base	cfg	10877416	0	0
2	fan-in/1024/base	emission_exclusive	779963139	31527604	618738748
2	fan-in/1024/base	serialization	1806295	8142	4248310
2	fan-in/1024/base	combined	799475610	31583891	626721926
2	nested-loop/64/base	ir	115970	3009	229111
2	nested-loop/64/base	cfg	186422	0	0
2	nested-loop/64/base	emission_exclusive	4001275	149718	2837421
2	nested-loop/64/base	serialization	1321668	13198	348803
2	nested-loop/64/base	combined	5625456	165925	3415335
2	nested-loop/256/base	ir	623358	12036	921000
2	nested-loop/256/base	cfg	2280712	0	0
2	nested-loop/256/base	emission_exclusive	15100519	576567	15976260
2	nested-loop/256/base	serialization	5079774	48528	1356497
2	nested-loop/256/base	combined	23084474	637131	18253757
2	nested-loop/1024/base	ir	5621910	48138	3687985
2	nested-loop/1024/base	cfg	40494230	0	0
2	nested-loop/1024/base	emission_exclusive	59297500	2283847	143759634
2	nested-loop/1024/base	serialization	18928968	189842	5387591
2	nested-loop/1024/base	combined	124342758	2521827	152835210
2	multi-exit/64/base	ir	116790	2990	231132
2	multi-exit/64/base	cfg	80182	0	0
2	multi-exit/64/base	emission_exclusive	25740326	1038325	19436690
2	multi-exit/64/base	serialization	5360074	46594	569880
2	multi-exit/64/base	combined	31297503	1087909	20237702
2	multi-exit/256/base	ir	694613	12025	931853
2	multi-exit/256/base	cfg	590847	0	0
2	multi-exit/256/base	emission_exclusive	111572002	4980175	93574527
2	multi-exit/256/base	serialization	964623	8140	1101950
2	multi-exit/256/base	combined	113822356	5000340	95608330
2	multi-exit/1024/base	ir	6825395	48135	3734166
2	multi-exit/1024/base	cfg	12406266	0	0
2	multi-exit/1024/base	emission_exclusive	885737932	37208916	724828775
2	multi-exit/1024/base	serialization	1843024	8142	4248630
2	multi-exit/1024/base	combined	906812797	37265193	732811571
2	no-exit/64/base	ir	114687	3018	229199
2	no-exit/64/base	cfg	122221	0	0
2	no-exit/64/base	emission_exclusive	3698653	137678	2442687
2	no-exit/64/base	serialization	1192545	12278	343391
2	no-exit/64/base	combined	5128236	152974	3015277
2	no-exit/256/base	ir	622727	12045	921088
2	no-exit/256/base	cfg	1514213	0	0
2	no-exit/256/base	emission_exclusive	14291310	547235	13059068
2	no-exit/256/base	serialization	4755161	47608	1349547
2	no-exit/256/base	combined	21183511	606888	15329703
2	no-exit/1024/base	ir	5531028	48147	3688073
2	no-exit/1024/base	cfg	27716963	0	0
2	no-exit/1024/base	emission_exclusive	57750695	2185382	106422336
2	no-exit/1024/base	serialization	18412973	188922	5374495
2	no-exit/1024/base	combined	109411769	2422451	115484904
2	irreducible/64/base	ir	122412	3014	231355
2	irreducible/64/base	cfg	91092	0	0
2	irreducible/64/base	emission_exclusive	365768977	13761714	204732406
2	irreducible/64/base	serialization	4911185	61038	628259
2	irreducible/64/base	combined	370893987	13825766	205592020
2	irreducible/256/base	ir	656741	12045	930636
2	irreducible/256/base	cfg	1124466	0	0
2	irreducible/256/base	emission_exclusive	1073418118	38938265	424485411
2	irreducible/256/base	serialization	5157241	61040	1417299
2	irreducible/256/base	combined	1080356817	39011350	426833346
2	irreducible/1024/base	ir	6148524	48151	3727189
2	irreducible/1024/base	cfg	20116002	0	0
2	irreducible/1024/base	emission_exclusive	2957938605	106343842	1096707811
2	irreducible/1024/base	serialization	6613574	61042	4573269
2	irreducible/1024/base	combined	2990817065	106453035	1105008269
3	linear/64/base	ir	177686	3008	229014
3	linear/64/base	cfg	124876	0	0
3	linear/64/base	emission_exclusive	3478377	132901	2319001
3	linear/64/base	serialization	1159683	12094	341915
3	linear/64/base	combined	4940832	148003	2889930
3	linear/64/light	ir	134845	3415	247192
3	linear/64/light	cfg	89409	0	0
3	linear/64/light	emission_exclusive	3657014	147950	2532872
3	linear/64/light	serialization	1230466	12094	341531
3	linear/64/light	combined	5111824	163459	3121595
3	linear/64/heavy	ir	490688	9622	905081
3	linear/64/heavy	cfg	90181	0	0
3	linear/64/heavy	emission_exclusive	10386707	304273	7017602
3	linear/64/heavy	serialization	4308737	12096	1167973
3	linear/64/heavy	combined	15276433	325991	9090656
3	linear/256/base	ir	637615	12035	920903
3	linear/256/base	cfg	1443770	0	0
3	linear/256/base	emission_exclusive	13266482	526712	12403352
3	linear/256/base	serialization	4747215	47424	1346537
3	linear/256/base	combined	20095202	586171	14670792
3	linear/256/light	ir	717035	13656	991497
3	linear/256/light	cfg	1304867	0	0
3	linear/256/light	emission_exclusive	14354530	587752	13275990
3	linear/256/light	serialization	4667895	47424	1345097
3	linear/256/light	combined	21044447	648832	15612584
3	linear/256/heavy	ir	2866801	38488	3624490
3	linear/256/heavy	cfg	1121911	0	0
3	linear/256/heavy	emission_exclusive	40285646	1209433	31175155
3	linear/256/heavy	serialization	16637335	47426	4650931
3	linear/256/heavy	combined	60911823	1295347	39450576
3	linear/1024/base	ir	5879656	48137	3687888
3	linear/1024/base	cfg	22877513	0	0
3	linear/1024/base	emission_exclusive	52497284	2101884	101426946
3	linear/1024/base	serialization	18940059	188738	5365343
3	linear/1024/base	combined	100194763	2338759	110480177
3	linear/1024/light	ir	7045941	54622	3970450
3	linear/1024/light	cfg	21503095	0	0
3	linear/1024/light	emission_exclusive	58517285	2346883	104935712
3	linear/1024/light	serialization	19210350	188738	5359679
3	linear/1024/light	combined	106277012	2590243	114265841
3	linear/1024/heavy	ir	27183203	153950	14502323
3	linear/1024/heavy	cfg	21713924	0	0
3	linear/1024/heavy	emission_exclusive	167147236	4830132	176508472
3	linear/1024/heavy	serialization	69448303	188740	18583081
3	linear/1024/heavy	combined	285492976	5172822	209593876
3	diamond-chain/64/base	ir	121960	3014	230397
3	diamond-chain/64/base	cfg	103806	0	0
3	diamond-chain/64/base	emission_exclusive	5347449	225845	3714034
3	diamond-chain/64/base	serialization	1428622	17982	373065
3	diamond-chain/64/base	combined	7001978	246841	4317496
3	diamond-chain/64/light	ir	133362	3421	248575
3	diamond-chain/64/light	cfg	100920	0	0
3	diamond-chain/64/light	emission_exclusive	5668178	242545	3960954
3	diamond-chain/64/light	serialization	1412861	17982	372681
3	diamond-chain/64/light	combined	7315421	263948	4582210
3	diamond-chain/64/heavy	ir	393965	9628	906464
3	diamond-chain/64/heavy	cfg	100850	0	0
3	diamond-chain/64/heavy	emission_exclusive	14406087	486163	9978456
3	diamond-chain/64/heavy	serialization	4341408	17984	1199123
3	diamond-chain/64/heavy	combined	19242441	513775	12084043
3	diamond-chain/256/base	ir	661791	12045	926798
3	diamond-chain/256/base	cfg	1214185	0	0
3	diamond-chain/256/base	emission_exclusive	20919212	897470	17597948
3	diamond-chain/256/base	serialization	5607772	70976	1471095
3	diamond-chain/256/base	combined	28403090	980491	19995841
3	diamond-chain/256/light	ir	738897	13666	997392
3	diamond-chain/256/light	cfg	1177646	0	0
3	diamond-chain/256/light	emission_exclusive	22305352	965199	18603715
3	diamond-chain/256/light	serialization	5625075	70976	1469655
3	diamond-chain/256/light	combined	29847090	1049841	21070762
3	diamond-chain/256/heavy	ir	2385179	38498	3630385
3	diamond-chain/256/heavy	cfg	1198265	0	0
3	diamond-chain/256/heavy	emission_exclusive	57623737	1938175	42664308
3	diamond-chain/256/heavy	serialization	17194348	70978	4775489
3	diamond-chain/256/heavy	combined	78401649	2047651	51070182
3	diamond-chain/1024/base	ir	5688806	48151	3711831
3	diamond-chain/1024/base	cfg	20580650	0	0
3	diamond-chain/1024/base	emission_exclusive	84084865	3585414	116314962
3	diamond-chain/1024/base	serialization	22839833	282946	5863533
3	diamond-chain/1024/base	combined	133194384	3916511	125890326
3	diamond-chain/1024/light	ir	7279563	54636	3994393
3	diamond-chain/1024/light	cfg	19079793	0	0
3	diamond-chain/1024/light	emission_exclusive	89942079	3857263	120357625
3	diamond-chain/1024/light	serialization	21440577	282946	5857869
3	diamond-chain/1024/light	combined	137742252	4194845	130209887
3	diamond-chain/1024/heavy	ir	24822850	153964	14526266
3	diamond-chain/1024/heavy	cfg	20456557	0	0
3	diamond-chain/1024/heavy	emission_exclusive	229648784	7747807	216606437
3	diamond-chain/1024/heavy	serialization	72493670	282948	19081271
3	diamond-chain/1024/heavy	combined	347422051	8184719	250213974
3	fan-in/64/base	ir	136057	3012	231834
3	fan-in/64/base	cfg	75101	0	0
3	fan-in/64/base	emission_exclusive	21040622	361039	7738269
3	fan-in/64/base	serialization	3816726	23502	433675
3	fan-in/64/base	combined	25068636	387553	8403778
3	fan-in/256/base	ir	690827	12041	932555
3	fan-in/256/base	cfg	572703	0	0
3	fan-in/256/base	emission_exclusive	79966017	3324668	63227648
3	fan-in/256/base	serialization	964634	8140	1101612
3	fan-in/256/base	combined	82194321	3344849	65261815
3	fan-in/1024/base	ir	7214931	48145	3734868
3	fan-in/1024/base	cfg	10953500	0	0
3	fan-in/1024/base	emission_exclusive	788893186	31527604	618738748
3	fan-in/1024/base	serialization	1857291	8142	4248310
3	fan-in/1024/base	combined	808919159	31583891	626721926
3	nested-loop/64/base	ir	120719	3009	229111
3	nested-loop/64/base	cfg	184759	0	0
3	nested-loop/64/base	emission_exclusive	4086006	149718	2837421
3	nested-loop/64/base	serialization	1271313	13198	348803
3	nested-loop/64/base	combined	5662917	165925	3415335
3	nested-loop/256/base	ir	635151	12036	921000
3	nested-loop/256/base	cfg	2287104	0	0
3	nested-loop/256/base	emission_exclusive	15331146	576567	15976260
3	nested-loop/256/base	serialization	5168602	48528	1356497
3	nested-loop/256/base	combined	23422123	637131	18253757
3	nested-loop/1024/base	ir	5937235	48138	3687985
3	nested-loop/1024/base	cfg	40371829	0	0
3	nested-loop/1024/base	emission_exclusive	60161854	2283847	143759634
3	nested-loop/1024/base	serialization	19767142	189842	5387591
3	nested-loop/1024/base	combined	126238281	2521827	152835210
3	multi-exit/64/base	ir	120698	2990	231132
3	multi-exit/64/base	cfg	80632	0	0
3	multi-exit/64/base	emission_exclusive	26101309	1038325	19436690
3	multi-exit/64/base	serialization	5500580	46594	569880
3	multi-exit/64/base	combined	31803349	1087909	20237702
3	multi-exit/256/base	ir	689934	12025	931853
3	multi-exit/256/base	cfg	562534	0	0
3	multi-exit/256/base	emission_exclusive	112981147	4980175	93574527
3	multi-exit/256/base	serialization	934938	8140	1101950
3	multi-exit/256/base	combined	115168683	5000340	95608330
3	multi-exit/1024/base	ir	6903311	48135	3734166
3	multi-exit/1024/base	cfg	12206468	0	0
3	multi-exit/1024/base	emission_exclusive	895640830	37208916	724828775
3	multi-exit/1024/base	serialization	1877871	8142	4248630
3	multi-exit/1024/base	combined	916628740	37265193	732811571
3	no-exit/64/base	ir	116690	3018	229199
3	no-exit/64/base	cfg	122321	0	0
3	no-exit/64/base	emission_exclusive	3732187	137678	2442687
3	no-exit/64/base	serialization	1267917	12278	343391
3	no-exit/64/base	combined	5239265	152974	3015277
3	no-exit/256/base	ir	635942	12045	921088
3	no-exit/256/base	cfg	1502701	0	0
3	no-exit/256/base	emission_exclusive	14419241	547235	13059068
3	no-exit/256/base	serialization	4972953	47608	1349547
3	no-exit/256/base	combined	21530958	606888	15329703
3	no-exit/1024/base	ir	5959607	48147	3688073
3	no-exit/1024/base	cfg	27878768	0	0
3	no-exit/1024/base	emission_exclusive	58208843	2185382	106422336
3	no-exit/1024/base	serialization	19853305	188922	5374495
3	no-exit/1024/base	combined	111900774	2422451	115484904
3	irreducible/64/base	ir	121520	3014	231355
3	irreducible/64/base	cfg	90371	0	0
3	irreducible/64/base	emission_exclusive	376061900	13761714	204732406
3	irreducible/64/base	serialization	4809102	61038	628259
3	irreducible/64/base	combined	381083133	13825766	205592020
3	irreducible/256/base	ir	677020	12045	930636
3	irreducible/256/base	cfg	1125408	0	0
3	irreducible/256/base	emission_exclusive	1061979216	38938265	424485411
3	irreducible/256/base	serialization	5084484	61040	1417299
3	irreducible/256/base	combined	1068866289	39011350	426833346
3	irreducible/1024/base	ir	6059095	48151	3727189
3	irreducible/1024/base	cfg	19257890	0	0
3	irreducible/1024/base	emission_exclusive	2964410916	106343842	1096707811
3	irreducible/1024/base	serialization	6460955	61042	4573269
3	irreducible/1024/base	combined	2996189107	106453035	1105008269
4	linear/64/base	ir	140686	3008	229014
4	linear/64/base	cfg	127831	0	0
4	linear/64/base	emission_exclusive	3516259	132901	2319001
4	linear/64/base	serialization	1161106	12094	341915
4	linear/64/base	combined	4946182	148003	2889930
4	linear/64/light	ir	130036	3415	247192
4	linear/64/light	cfg	93156	0	0
4	linear/64/light	emission_exclusive	3660641	147950	2532872
4	linear/64/light	serialization	1357226	12094	341531
4	linear/64/light	combined	5241179	163459	3121595
4	linear/64/heavy	ir	663735	9622	905081
4	linear/64/heavy	cfg	103165	0	0
4	linear/64/heavy	emission_exclusive	10955032	304273	7017602
4	linear/64/heavy	serialization	4413915	12096	1167973
4	linear/64/heavy	combined	16136038	325991	9090656
4	linear/256/base	ir	884232	12035	920903
4	linear/256/base	cfg	1417159	0	0
4	linear/256/base	emission_exclusive	13490226	526712	12403352
4	linear/256/base	serialization	4716888	47424	1346537
4	linear/256/base	combined	20508705	586171	14670792
4	linear/256/light	ir	698330	13656	991497
4	linear/256/light	cfg	1260984	0	0
4	linear/256/light	emission_exclusive	14403964	587752	13275990
4	linear/256/light	serialization	4388667	47424	1345097
4	linear/256/light	combined	20752115	648832	15612584
4	linear/256/heavy	ir	2813279	38488	3624490
4	linear/256/heavy	cfg	1102013	0	0
4	linear/256/heavy	emission_exclusive	40305425	1209433	31175155
4	linear/256/heavy	serialization	15922053	47426	4650931
4	linear/256/heavy	combined	60142950	1295347	39450576
4	linear/1024/base	ir	6216604	48137	3687888
4	linear/1024/base	cfg	23341060	0	0
4	linear/1024/base	emission_exclusive	52095224	2101884	101426946
4	linear/1024/base	serialization	17904512	188738	5365343
4	linear/1024/base	combined	99557610	2338759	110480177
4	linear/1024/light	ir	7094824	54622	3970450
4	linear/1024/light	cfg	24110995	0	0
4	linear/1024/light	emission_exclusive	56448275	2346883	104935712
4	linear/1024/light	serialization	17970887	188738	5359679
4	linear/1024/light	combined	105625231	2590243	114265841
4	linear/1024/heavy	ir	26911531	153950	14502323
4	linear/1024/heavy	cfg	22083502	0	0
4	linear/1024/heavy	emission_exclusive	161072653	4830132	176508472
4	linear/1024/heavy	serialization	66158954	188740	18583081
4	linear/1024/heavy	combined	276227442	5172822	209593876
4	diamond-chain/64/base	ir	147218	3014	230397
4	diamond-chain/64/base	cfg	112142	0	0
4	diamond-chain/64/base	emission_exclusive	5274352	225845	3714034
4	diamond-chain/64/base	serialization	1421808	17982	373065
4	diamond-chain/64/base	combined	6955841	246841	4317496
4	diamond-chain/64/light	ir	132660	3421	248575
4	diamond-chain/64/light	cfg	105349	0	0
4	diamond-chain/64/light	emission_exclusive	5506231	242545	3960954
4	diamond-chain/64/light	serialization	1387684	17982	372681
4	diamond-chain/64/light	combined	7132044	263948	4582210
4	diamond-chain/64/heavy	ir	388795	9628	906464
4	diamond-chain/64/heavy	cfg	101242	0	0
4	diamond-chain/64/heavy	emission_exclusive	14040766	486163	9978456
4	diamond-chain/64/heavy	serialization	4302545	17984	1199123
4	diamond-chain/64/heavy	combined	18833488	513775	12084043
4	diamond-chain/256/base	ir	644890	12045	926798
4	diamond-chain/256/base	cfg	1244803	0	0
4	diamond-chain/256/base	emission_exclusive	20315830	897470	17597948
4	diamond-chain/256/base	serialization	5552608	70976	1471095
4	diamond-chain/256/base	combined	27758262	980491	19995841
4	diamond-chain/256/light	ir	728668	13666	997392
4	diamond-chain/256/light	cfg	1206320	0	0
4	diamond-chain/256/light	emission_exclusive	21558009	965199	18603715
4	diamond-chain/256/light	serialization	5476875	70976	1469655
4	diamond-chain/256/light	combined	28970093	1049841	21070762
4	diamond-chain/256/heavy	ir	2443490	38498	3630385
4	diamond-chain/256/heavy	cfg	1207333	0	0
4	diamond-chain/256/heavy	emission_exclusive	56045482	1938175	42664308
4	diamond-chain/256/heavy	serialization	17308194	70978	4775489
4	diamond-chain/256/heavy	combined	77004690	2047651	51070182
4	diamond-chain/1024/base	ir	6190264	48151	3711831
4	diamond-chain/1024/base	cfg	21922107	0	0
4	diamond-chain/1024/base	emission_exclusive	83638812	3585414	116314962
4	diamond-chain/1024/base	serialization	22065318	282946	5863533
4	diamond-chain/1024/base	combined	133816822	3916511	125890326
4	diamond-chain/1024/light	ir	7319118	54636	3994393
4	diamond-chain/1024/light	cfg	19195803	0	0
4	diamond-chain/1024/light	emission_exclusive	88460628	3857263	120357625
4	diamond-chain/1024/light	serialization	20901828	282946	5857869
4	diamond-chain/1024/light	combined	135877628	4194845	130209887
4	diamond-chain/1024/heavy	ir	25134141	153964	14526266
4	diamond-chain/1024/heavy	cfg	20738479	0	0
4	diamond-chain/1024/heavy	emission_exclusive	226394946	7747807	216606437
4	diamond-chain/1024/heavy	serialization	66696521	282948	19081271
4	diamond-chain/1024/heavy	combined	338964858	8184719	250213974
4	fan-in/64/base	ir	146707	3012	231834
4	fan-in/64/base	cfg	78889	0	0
4	fan-in/64/base	emission_exclusive	20836305	361039	7738269
4	fan-in/64/base	serialization	3795435	23502	433675
4	fan-in/64/base	combined	24857727	387553	8403778
4	fan-in/256/base	ir	684685	12041	932555
4	fan-in/256/base	cfg	594684	0	0
4	fan-in/256/base	emission_exclusive	78941922	3324668	63227648
4	fan-in/256/base	serialization	916743	8140	1101612
4	fan-in/256/base	combined	81138235	3344849	65261815
4	fan-in/1024/base	ir	6973334	48145	3734868
4	fan-in/1024/base	cfg	8078524	0	0
4	fan-in/1024/base	emission_exclusive	775413693	31527604	618738748
4	fan-in/1024/base	serialization	1820753	8142	4248310
4	fan-in/1024/base	combined	792286494	31583891	626721926
4	nested-loop/64/base	ir	113895	3009	229111
4	nested-loop/64/base	cfg	182655	0	0
4	nested-loop/64/base	emission_exclusive	3958264	149718	2837421
4	nested-loop/64/base	serialization	1350644	13198	348803
4	nested-loop/64/base	combined	5605588	165925	3415335
4	nested-loop/256/base	ir	627627	12036	921000
4	nested-loop/256/base	cfg	2279329	0	0
4	nested-loop/256/base	emission_exclusive	15065434	576567	15976260
4	nested-loop/256/base	serialization	4950800	48528	1356497
4	nested-loop/256/base	combined	22923320	637131	18253757
4	nested-loop/1024/base	ir	5648229	48138	3687985
4	nested-loop/1024/base	cfg	35561034	0	0
4	nested-loop/1024/base	emission_exclusive	58499924	2283847	143759634
4	nested-loop/1024/base	serialization	19358880	189842	5387591
4	nested-loop/1024/base	combined	119068237	2521827	152835210
4	multi-exit/64/base	ir	115068	2990	231132
4	multi-exit/64/base	cfg	79360	0	0
4	multi-exit/64/base	emission_exclusive	25420962	1038325	19436690
4	multi-exit/64/base	serialization	5422041	46594	569880
4	multi-exit/64/base	combined	31037572	1087909	20237702
4	multi-exit/256/base	ir	684313	12025	931853
4	multi-exit/256/base	cfg	575949	0	0
4	multi-exit/256/base	emission_exclusive	110467586	4980175	93574527
4	multi-exit/256/base	serialization	928856	8140	1101950
4	multi-exit/256/base	combined	112656935	5000340	95608330
4	multi-exit/1024/base	ir	6936014	48135	3734166
4	multi-exit/1024/base	cfg	8359415	0	0
4	multi-exit/1024/base	emission_exclusive	879814490	37208916	724828775
4	multi-exit/1024/base	serialization	1841773	8142	4248630
4	multi-exit/1024/base	combined	896951992	37265193	732811571
4	no-exit/64/base	ir	115789	3018	229199
4	no-exit/64/base	cfg	120187	0	0
4	no-exit/64/base	emission_exclusive	3667955	137678	2442687
4	no-exit/64/base	serialization	1203115	12278	343391
4	no-exit/64/base	combined	5107206	152974	3015277
4	no-exit/256/base	ir	621295	12045	921088
4	no-exit/256/base	cfg	1502911	0	0
4	no-exit/256/base	emission_exclusive	14307681	547235	13059068
4	no-exit/256/base	serialization	4686250	47608	1349547
4	no-exit/256/base	combined	21118257	606888	15329703
4	no-exit/1024/base	ir	5547428	48147	3688073
4	no-exit/1024/base	cfg	24769731	0	0
4	no-exit/1024/base	emission_exclusive	55947128	2185382	106422336
4	no-exit/1024/base	serialization	19831454	188922	5374495
4	no-exit/1024/base	combined	106095971	2422451	115484904
4	irreducible/64/base	ir	121720	3014	231355
4	irreducible/64/base	cfg	91913	0	0
4	irreducible/64/base	emission_exclusive	371342894	13761714	204732406
4	irreducible/64/base	serialization	4804895	61038	628259
4	irreducible/64/base	combined	376361582	13825766	205592020
4	irreducible/256/base	ir	653797	12045	930636
4	irreducible/256/base	cfg	1142129	0	0
4	irreducible/256/base	emission_exclusive	1057010498	38938265	424485411
4	irreducible/256/base	serialization	5003399	61040	1417299
4	irreducible/256/base	combined	1063810074	39011350	426833346
4	irreducible/1024/base	ir	6210321	48151	3727189
4	irreducible/1024/base	cfg	18684156	0	0
4	irreducible/1024/base	emission_exclusive	2949703371	106343842	1096707811
4	irreducible/1024/base	serialization	6515078	61042	4573269
4	irreducible/1024/base	combined	2981113127	106453035	1105008269
5	linear/64/base	ir	140916	3008	229014
5	linear/64/base	cfg	120238	0	0
5	linear/64/base	emission_exclusive	3521617	132901	2319001
5	linear/64/base	serialization	1157168	12094	341915
5	linear/64/base	combined	4940160	148003	2889930
5	linear/64/light	ir	130206	3415	247192
5	linear/64/light	cfg	89359	0	0
5	linear/64/light	emission_exclusive	3686931	147950	2532872
5	linear/64/light	serialization	1164983	12094	341531
5	linear/64/light	combined	5071569	163459	3121595
5	linear/64/heavy	ir	473565	9622	905081
5	linear/64/heavy	cfg	90431	0	0
5	linear/64/heavy	emission_exclusive	10422265	304273	7017602
5	linear/64/heavy	serialization	4044227	12096	1167973
5	linear/64/heavy	combined	15030638	325991	9090656
5	linear/256/base	ir	620964	12035	920903
5	linear/256/base	cfg	1445172	0	0
5	linear/256/base	emission_exclusive	13416746	526712	12403352
5	linear/256/base	serialization	4471735	47424	1346537
5	linear/256/base	combined	19954768	586171	14670792
5	linear/256/light	ir	708940	13656	991497
5	linear/256/light	cfg	1315437	0	0
5	linear/256/light	emission_exclusive	14581839	587752	13275990
5	linear/256/light	serialization	4630645	47424	1345097
5	linear/256/light	combined	21236982	648832	15612584
5	linear/256/heavy	ir	2789443	38488	3624490
5	linear/256/heavy	cfg	1119446	0	0
5	linear/256/heavy	emission_exclusive	41704049	1209433	31175155
5	linear/256/heavy	serialization	16396020	47426	4650931
5	linear/256/heavy	combined	62009119	1295347	39450576
5	linear/1024/base	ir	5532259	48137	3687888
5	linear/1024/base	cfg	23061271	0	0
5	linear/1024/base	emission_exclusive	53942507	2101884	101426946
5	linear/1024/base	serialization	18659328	188738	5365343
5	linear/1024/base	combined	101195646	2338759	110480177
5	linear/1024/light	ir	6950080	54622	3970450
5	linear/1024/light	cfg	22212046	0	0
5	linear/1024/light	emission_exclusive	58876966	2346883	104935712
5	linear/1024/light	serialization	18734130	188738	5359679
5	linear/1024/light	combined	106773663	2590243	114265841
5	linear/1024/heavy	ir	26443676	153950	14502323
5	linear/1024/heavy	cfg	22000486	0	0
5	linear/1024/heavy	emission_exclusive	167574055	4830132	176508472
5	linear/1024/heavy	serialization	66257020	188740	18583081
5	linear/1024/heavy	combined	282275808	5172822	209593876
5	diamond-chain/64/base	ir	140315	3014	230397
5	diamond-chain/64/base	cfg	111481	0	0
5	diamond-chain/64/base	emission_exclusive	5351758	225845	3714034
5	diamond-chain/64/base	serialization	1422078	17982	373065
5	diamond-chain/64/base	combined	7025774	246841	4317496
5	diamond-chain/64/light	ir	126650	3421	248575
5	diamond-chain/64/light	cfg	105620	0	0
5	diamond-chain/64/light	emission_exclusive	5573157	242545	3960954
5	diamond-chain/64/light	serialization	1400527	17982	372681
5	diamond-chain/64/light	combined	7206044	263948	4582210
5	diamond-chain/64/heavy	ir	390328	9628	906464
5	diamond-chain/64/heavy	cfg	101812	0	0
5	diamond-chain/64/heavy	emission_exclusive	14239873	486163	9978456
5	diamond-chain/64/heavy	serialization	4314627	17984	1199123
5	diamond-chain/64/heavy	combined	19046751	513775	12084043
5	diamond-chain/256/base	ir	616335	12045	926798
5	diamond-chain/256/base	cfg	1234835	0	0
5	diamond-chain/256/base	emission_exclusive	20789035	897470	17597948
5	diamond-chain/256/base	serialization	5624063	70976	1471095
5	diamond-chain/256/base	combined	28264438	980491	19995841
5	diamond-chain/256/light	ir	729870	13666	997392
5	diamond-chain/256/light	cfg	1182135	0	0
5	diamond-chain/256/light	emission_exclusive	22081729	965199	18603715
5	diamond-chain/256/light	serialization	5537931	70976	1469655
5	diamond-chain/256/light	combined	29531785	1049841	21070762
5	diamond-chain/256/heavy	ir	2355905	38498	3630385
5	diamond-chain/256/heavy	cfg	1192264	0	0
5	diamond-chain/256/heavy	emission_exclusive	56549095	1938175	42664308
5	diamond-chain/256/heavy	serialization	17544471	70978	4775489
5	diamond-chain/256/heavy	combined	77641895	2047651	51070182
5	diamond-chain/1024/base	ir	5910195	48151	3711831
5	diamond-chain/1024/base	cfg	20698494	0	0
5	diamond-chain/1024/base	emission_exclusive	83343103	3585414	116314962
5	diamond-chain/1024/base	serialization	22549904	282946	5863533
5	diamond-chain/1024/base	combined	132501907	3916511	125890326
5	diamond-chain/1024/light	ir	7027757	54636	3994393
5	diamond-chain/1024/light	cfg	18593023	0	0
5	diamond-chain/1024/light	emission_exclusive	88297913	3857263	120357625
5	diamond-chain/1024/light	serialization	21896258	282946	5857869
5	diamond-chain/1024/light	combined	135815121	4194845	130209887
5	diamond-chain/1024/heavy	ir	24491635	153964	14526266
5	diamond-chain/1024/heavy	cfg	20378299	0	0
5	diamond-chain/1024/heavy	emission_exclusive	225917925	7747807	216606437
5	diamond-chain/1024/heavy	serialization	66377737	282948	19081271
5	diamond-chain/1024/heavy	combined	337165786	8184719	250213974
5	fan-in/64/base	ir	134775	3012	231834
5	fan-in/64/base	cfg	75723	0	0
5	fan-in/64/base	emission_exclusive	20523193	361039	7738269
5	fan-in/64/base	serialization	3691039	23502	433675
5	fan-in/64/base	combined	24424890	387553	8403778
5	fan-in/256/base	ir	676930	12041	932555
5	fan-in/256/base	cfg	572192	0	0
5	fan-in/256/base	emission_exclusive	78689275	3324668	63227648
5	fan-in/256/base	serialization	944045	8140	1101612
5	fan-in/256/base	combined	80882792	3344849	65261815
5	fan-in/1024/base	ir	7676033	48145	3734868
5	fan-in/1024/base	cfg	11020386	0	0
5	fan-in/1024/base	emission_exclusive	770686108	31527604	618738748
5	fan-in/1024/base	serialization	1815253	8142	4248310
5	fan-in/1024/base	combined	791197990	31583891	626721926
5	nested-loop/64/base	ir	113475	3009	229111
5	nested-loop/64/base	cfg	185611	0	0
5	nested-loop/64/base	emission_exclusive	4017716	149718	2837421
5	nested-loop/64/base	serialization	1262457	13198	348803
5	nested-loop/64/base	combined	5579379	165925	3415335
5	nested-loop/256/base	ir	622998	12036	921000
5	nested-loop/256/base	cfg	2316911	0	0
5	nested-loop/256/base	emission_exclusive	14952971	576567	15976260
5	nested-loop/256/base	serialization	4770399	48528	1356497
5	nested-loop/256/base	combined	22663409	637131	18253757
5	nested-loop/1024/base	ir	5567907	48138	3687985
5	nested-loop/1024/base	cfg	40109474	0	0
5	nested-loop/1024/base	emission_exclusive	59091512	2283847	143759634
5	nested-loop/1024/base	serialization	19121582	189842	5387591
5	nested-loop/1024/base	combined	123890655	2521827	152835210
5	multi-exit/64/base	ir	124316	2990	231132
5	multi-exit/64/base	cfg	84049	0	0
5	multi-exit/64/base	emission_exclusive	25572489	1038325	19436690
5	multi-exit/64/base	serialization	5623201	46594	569880
5	multi-exit/64/base	combined	31404215	1087909	20237702
5	multi-exit/256/base	ir	673042	12025	931853
5	multi-exit/256/base	cfg	599063	0	0
5	multi-exit/256/base	emission_exclusive	110005494	4980175	93574527
5	multi-exit/256/base	serialization	929467	8140	1101950
5	multi-exit/256/base	combined	112207236	5000340	95608330
5	multi-exit/1024/base	ir	6873045	48135	3734166
5	multi-exit/1024/base	cfg	12390977	0	0
5	multi-exit/1024/base	emission_exclusive	879314829	37208916	724828775
5	multi-exit/1024/base	serialization	1835019	8142	4248630
5	multi-exit/1024/base	combined	900414061	37265193	732811571
5	no-exit/64/base	ir	112924	3018	229199
5	no-exit/64/base	cfg	119125	0	0
5	no-exit/64/base	emission_exclusive	3603143	137678	2442687
5	no-exit/64/base	serialization	1185721	12278	343391
5	no-exit/64/base	combined	5021023	152974	3015277
5	no-exit/256/base	ir	624441	12045	921088
5	no-exit/256/base	cfg	1517599	0	0
5	no-exit/256/base	emission_exclusive	13926841	547235	13059068
5	no-exit/256/base	serialization	4690187	47608	1349547
5	no-exit/256/base	combined	20759158	606888	15329703
5	no-exit/1024/base	ir	5775881	48147	3688073
5	no-exit/1024/base	cfg	27625991	0	0
5	no-exit/1024/base	emission_exclusive	56075290	2185382	106422336
5	no-exit/1024/base	serialization	20106835	188922	5374495
5	no-exit/1024/base	combined	109584338	2422451	115484904
5	irreducible/64/base	ir	116961	3014	231355
5	irreducible/64/base	cfg	87265	0	0
5	irreducible/64/base	emission_exclusive	368141231	13761714	204732406
5	irreducible/64/base	serialization	4795227	61038	628259
5	irreducible/64/base	combined	373140845	13825766	205592020
5	irreducible/256/base	ir	651712	12045	930636
5	irreducible/256/base	cfg	1136389	0	0
5	irreducible/256/base	emission_exclusive	1071924661	38938265	424485411
5	irreducible/256/base	serialization	5125751	61040	1417299
5	irreducible/256/base	combined	1078838683	39011350	426833346
5	irreducible/1024/base	ir	6007809	48151	3727189
5	irreducible/1024/base	cfg	19491522	0	0
5	irreducible/1024/base	emission_exclusive	2955592370	106343842	1096707811
5	irreducible/1024/base	serialization	6538522	61042	4573269
5	irreducible/1024/base	combined	2987630414	106453035	1105008269
6	linear/64/base	ir	136318	3008	229014
6	linear/64/base	cfg	123764	0	0
6	linear/64/base	emission_exclusive	3491762	132901	2319001
6	linear/64/base	serialization	1180652	12094	341915
6	linear/64/base	combined	4935702	148003	2889930
6	linear/64/light	ir	126148	3415	247192
6	linear/64/light	cfg	89329	0	0
6	linear/64/light	emission_exclusive	3655351	147950	2532872
6	linear/64/light	serialization	1200460	12094	341531
6	linear/64/light	combined	5071399	163459	3121595
6	linear/64/heavy	ir	466162	9622	905081
6	linear/64/heavy	cfg	89689	0	0
6	linear/64/heavy	emission_exclusive	10348056	304273	7017602
6	linear/64/heavy	serialization	4644610	12096	1167973
6	linear/64/heavy	combined	15548667	325991	9090656
6	linear/256/base	ir	609423	12035	920903
6	linear/256/base	cfg	1446245	0	0
6	linear/256/base	emission_exclusive	15070122	526712	12403352
6	linear/256/base	serialization	4696559	47424	1346537
6	linear/256/base	combined	21822559	586171	14670792
6	linear/256/light	ir	708950	13656	991497
6	linear/256/light	cfg	1293736	0	0
6	linear/256/light	emission_exclusive	15238361	587752	13275990
6	linear/256/light	serialization	5305531	47424	1345097
6	linear/256/light	combined	22546759	648832	15612584
6	linear/256/heavy	ir	2809121	38488	3624490
6	linear/256/heavy	cfg	1122853	0	0
6	linear/256/heavy	emission_exclusive	41030415	1209433	31175155
6	linear/256/heavy	serialization	16220818	47426	4650931
6	linear/256/heavy	combined	61183368	1295347	39450576
6	linear/1024/base	ir	6671644	48137	3687888
6	linear/1024/base	cfg	22813353	0	0
6	linear/1024/base	emission_exclusive	53455616	2101884	101426946
6	linear/1024/base	serialization	18000263	188738	5365343
6	linear/1024/base	combined	100941216	2338759	110480177
6	linear/1024/light	ir	7061992	54622	3970450
6	linear/1024/light	cfg	22527362	0	0
6	linear/1024/light	emission_exclusive	56928634	2346883	104935712
6	linear/1024/light	serialization	18095443	188738	5359679
6	linear/1024/light	combined	104613821	2590243	114265841
6	linear/1024/heavy	ir	26369447	153950	14502323
6	linear/1024/heavy	cfg	21368741	0	0
6	linear/1024/heavy	emission_exclusive	161473805	4830132	176508472
6	linear/1024/heavy	serialization	64937646	188740	18583081
6	linear/1024/heavy	combined	274149809	5172822	209593876
6	diamond-chain/64/base	ir	117422	3014	230397
6	diamond-chain/64/base	cfg	103826	0	0
6	diamond-chain/64/base	emission_exclusive	5278951	225845	3714034
6	diamond-chain/64/base	serialization	1384978	17982	373065
6	diamond-chain/64/base	combined	6885318	246841	4317496
6	diamond-chain/64/light	ir	134103	3421	248575
6	diamond-chain/64/light	cfg	100871	0	0
6	diamond-chain/64/light	emission_exclusive	5615828	242545	3960954
6	diamond-chain/64/light	serialization	1416598	17982	372681
6	diamond-chain/64/light	combined	7267500	263948	4582210
6	diamond-chain/64/heavy	ir	396209	9628	906464
6	diamond-chain/64/heavy	cfg	98527	0	0
6	diamond-chain/64/heavy	emission_exclusive	14233631	486163	9978456
6	diamond-chain/64/heavy	serialization	4334555	17984	1199123
6	diamond-chain/64/heavy	combined	19063062	513775	12084043
6	diamond-chain/256/base	ir	641232	12045	926798
6	diamond-chain/256/base	cfg	1202324	0	0
6	diamond-chain/256/base	emission_exclusive	20586011	897470	17597948
6	diamond-chain/256/base	serialization	5565743	70976	1471095
6	diamond-chain/256/base	combined	27995430	980491	19995841
6	diamond-chain/256/light	ir	719290	13666	997392
6	diamond-chain/256/light	cfg	1174471	0	0
6	diamond-chain/256/light	emission_exclusive	21815956	965199	18603715
6	diamond-chain/256/light	serialization	5398116	70976	1469655
6	diamond-chain/256/light	combined	29107984	1049841	21070762
6	diamond-chain/256/heavy	ir	2377376	38498	3630385
6	diamond-chain/256/heavy	cfg	1191593	0	0
6	diamond-chain/256/heavy	emission_exclusive	56372311	1938175	42664308
6	diamond-chain/256/heavy	serialization	16911765	70978	4775489
6	diamond-chain/256/heavy	combined	76853195	2047651	51070182
6	diamond-chain/1024/base	ir	5728992	48151	3711831
6	diamond-chain/1024/base	cfg	20890206	0	0
6	diamond-chain/1024/base	emission_exclusive	82720078	3585414	116314962
6	diamond-chain/1024/base	serialization	20787793	282946	5863533
6	diamond-chain/1024/base	combined	130127309	3916511	125890326
6	diamond-chain/1024/light	ir	7242172	54636	3994393
6	diamond-chain/1024/light	cfg	18230749	0	0
6	diamond-chain/1024/light	emission_exclusive	88264990	3857263	120357625
6	diamond-chain/1024/light	serialization	21106967	282946	5857869
6	diamond-chain/1024/light	combined	134845189	4194845	130209887
6	diamond-chain/1024/heavy	ir	24661967	153964	14526266
6	diamond-chain/1024/heavy	cfg	19701609	0	0
6	diamond-chain/1024/heavy	emission_exclusive	226923669	7747807	216606437
6	diamond-chain/1024/heavy	serialization	66418546	282948	19081271
6	diamond-chain/1024/heavy	combined	337706373	8184719	250213974
6	fan-in/64/base	ir	120919	3012	231834
6	fan-in/64/base	cfg	71274	0	0
6	fan-in/64/base	emission_exclusive	21128408	361039	7738269
6	fan-in/64/base	serialization	3900674	23502	433675
6	fan-in/64/base	combined	25221405	387553	8403778
6	fan-in/256/base	ir	691628	12041	932555
6	fan-in/256/base	cfg	600776	0	0
6	fan-in/256/base	emission_exclusive	80212886	3324668	63227648
6	fan-in/256/base	serialization	959344	8140	1101612
6	fan-in/256/base	combined	82464835	3344849	65261815
6	fan-in/1024/base	ir	7150379	48145	3734868
6	fan-in/1024/base	cfg	8004785	0	0
6	fan-in/1024/base	emission_exclusive	782305877	31527604	618738748
6	fan-in/1024/base	serialization	1823437	8142	4248310
6	fan-in/1024/base	combined	799284830	31583891	626721926
6	nested-loop/64/base	ir	113014	3009	229111
6	nested-loop/64/base	cfg	186042	0	0
6	nested-loop/64/base	emission_exclusive	3995374	149718	2837421
6	nested-loop/64/base	serialization	1324294	13198	348803
6	nested-loop/64/base	combined	5618884	165925	3415335
6	nested-loop/256/base	ir	613951	12036	921000
6	nested-loop/256/base	cfg	2258560	0	0
6	nested-loop/256/base	emission_exclusive	14975023	576567	15976260
6	nested-loop/256/base	serialization	5081348	48528	1356497
6	nested-loop/256/base	combined	22929002	637131	18253757
6	nested-loop/1024/base	ir	5637910	48138	3687985
6	nested-loop/1024/base	cfg	35359163	0	0
6	nested-loop/1024/base	emission_exclusive	59226217	2283847	143759634
6	nested-loop/1024/base	serialization	20224538	189842	5387591
6	nested-loop/1024/base	combined	120447988	2521827	152835210
6	multi-exit/64/base	ir	118714	2990	231132
6	multi-exit/64/base	cfg	80632	0	0
6	multi-exit/64/base	emission_exclusive	25825789	1038325	19436690
6	multi-exit/64/base	serialization	5563328	46594	569880
6	multi-exit/64/base	combined	31588604	1087909	20237702
6	multi-exit/256/base	ir	671069	12025	931853
6	multi-exit/256/base	cfg	555881	0	0
6	multi-exit/256/base	emission_exclusive	111899917	4980175	93574527
6	multi-exit/256/base	serialization	941139	8140	1101950
6	multi-exit/256/base	combined	114068196	5000340	95608330
6	multi-exit/1024/base	ir	7052464	48135	3734166
6	multi-exit/1024/base	cfg	7450166	0	0
6	multi-exit/1024/base	emission_exclusive	888221712	37208916	724828775
6	multi-exit/1024/base	serialization	1844628	8142	4248630
6	multi-exit/1024/base	combined	904569270	37265193	732811571
6	no-exit/64/base	ir	112673	3018	229199
6	no-exit/64/base	cfg	120998	0	0
6	no-exit/64/base	emission_exclusive	3686050	137678	2442687
6	no-exit/64/base	serialization	1233823	12278	343391
6	no-exit/64/base	combined	5153674	152974	3015277
6	no-exit/256/base	ir	617908	12045	921088
6	no-exit/256/base	cfg	1496209	0	0
6	no-exit/256/base	emission_exclusive	14232800	547235	13059068
6	no-exit/256/base	serialization	4920313	47608	1349547
6	no-exit/256/base	combined	21267370	606888	15329703
6	no-exit/1024/base	ir	5767565	48147	3688073
6	no-exit/1024/base	cfg	23939642	0	0
6	no-exit/1024/base	emission_exclusive	56618808	2185382	106422336
6	no-exit/1024/base	serialization	19580320	188922	5374495
6	no-exit/1024/base	combined	105906545	2422451	115484904
6	irreducible/64/base	ir	122231	3014	231355
6	irreducible/64/base	cfg	89279	0	0
6	irreducible/64/base	emission_exclusive	378196038	13761714	204732406
6	irreducible/64/base	serialization	4654490	61038	628259
6	irreducible/64/base	combined	383062198	13825766	205592020
6	irreducible/256/base	ir	653876	12045	930636
6	irreducible/256/base	cfg	1121501	0	0
6	irreducible/256/base	emission_exclusive	1075073959	38938265	424485411
6	irreducible/256/base	serialization	5072791	61040	1417299
6	irreducible/256/base	combined	1081922288	39011350	426833346
6	irreducible/1024/base	ir	5984424	48151	3727189
6	irreducible/1024/base	cfg	17809702	0	0
6	irreducible/1024/base	emission_exclusive	2978982404	106343842	1096707811
6	irreducible/1024/base	serialization	6632851	61042	4573269
6	irreducible/1024/base	combined	3009409561	106453035	1105008269
7	linear/64/base	ir	168949	3008	229014
7	linear/64/base	cfg	120969	0	0
7	linear/64/base	emission_exclusive	3490720	132901	2319001
7	linear/64/base	serialization	1191863	12094	341915
7	linear/64/base	combined	4972741	148003	2889930
7	linear/64/light	ir	125156	3415	247192
7	linear/64/light	cfg	88588	0	0
7	linear/64/light	emission_exclusive	3682653	147950	2532872
7	linear/64/light	serialization	1191322	12094	341531
7	linear/64/light	combined	5087859	163459	3121595
7	linear/64/heavy	ir	480799	9622	905081
7	linear/64/heavy	cfg	90190	0	0
7	linear/64/heavy	emission_exclusive	10412528	304273	7017602
7	linear/64/heavy	serialization	4006626	12096	1167973
7	linear/64/heavy	combined	14990293	325991	9090656
7	linear/256/base	ir	617698	12035	920903
7	linear/256/base	cfg	1444020	0	0
7	linear/256/base	emission_exclusive	13138540	526712	12403352
7	linear/256/base	serialization	4445856	47424	1346537
7	linear/256/base	combined	19646264	586171	14670792
7	linear/256/light	ir	699312	13656	991497
7	linear/256/light	cfg	1325266	0	0
7	linear/256/light	emission_exclusive	14286582	587752	13275990
7	linear/256/light	serialization	4406731	47424	1345097
7	linear/256/light	combined	20718031	648832	15612584
7	linear/256/heavy	ir	2788281	38488	3624490
7	linear/256/heavy	cfg	1103637	0	0
7	linear/256/heavy	emission_exclusive	40322748	1209433	31175155
7	linear/256/heavy	serialization	16214426	47426	4650931
7	linear/256/heavy	combined	60429242	1295347	39450576
7	linear/1024/base	ir	5609777	48137	3687888
7	linear/1024/base	cfg	22989755	0	0
7	linear/1024/base	emission_exclusive	53446802	2101884	101426946
7	linear/1024/base	serialization	18120410	188738	5365343
7	linear/1024/base	combined	100167004	2338759	110480177
7	linear/1024/light	ir	6642999	54622	3970450
7	linear/1024/light	cfg	21695099	0	0
7	linear/1024/light	emission_exclusive	58452214	2346883	104935712
7	linear/1024/light	serialization	17986196	188738	5359679
7	linear/1024/light	combined	104776699	2590243	114265841
7	linear/1024/heavy	ir	26310705	153950	14502323
7	linear/1024/heavy	cfg	21742648	0	0
7	linear/1024/heavy	emission_exclusive	166191787	4830132	176508472
7	linear/1024/heavy	serialization	64249736	188740	18583081
7	linear/1024/heavy	combined	278495136	5172822	209593876
7	diamond-chain/64/base	ir	120598	3014	230397
7	diamond-chain/64/base	cfg	103937	0	0
7	diamond-chain/64/base	emission_exclusive	5337861	225845	3714034
7	diamond-chain/64/base	serialization	1340966	17982	373065
7	diamond-chain/64/base	combined	6903513	246841	4317496
7	diamond-chain/64/light	ir	126089	3421	248575
7	diamond-chain/64/light	cfg	101121	0	0
7	diamond-chain/64/light	emission_exclusive	5558750	242545	3960954
7	diamond-chain/64/light	serialization	1428500	17982	372681
7	diamond-chain/64/light	combined	7214560	263948	4582210
7	diamond-chain/64/heavy	ir	384527	9628	906464
7	diamond-chain/64/heavy	cfg	104458	0	0
7	diamond-chain/64/heavy	emission_exclusive	14202171	486163	9978456
7	diamond-chain/64/heavy	serialization	4336509	17984	1199123
7	diamond-chain/64/heavy	combined	19027826	513775	12084043
7	diamond-chain/256/base	ir	623078	12045	926798
7	diamond-chain/256/base	cfg	1225978	0	0
7	diamond-chain/256/base	emission_exclusive	20772143	897470	17597948
7	diamond-chain/256/base	serialization	5504186	70976	1471095
7	diamond-chain/256/base	combined	28125536	980491	19995841
7	diamond-chain/256/light	ir	740089	13666	997392
7	diamond-chain/256/light	cfg	1193547	0	0
7	diamond-chain/256/light	emission_exclusive	21951914	965199	18603715
7	diamond-chain/256/light	serialization	5444874	70976	1469655
7	diamond-chain/256/light	combined	29330584	1049841	21070762
7	diamond-chain/256/heavy	ir	2272827	38498	3630385
7	diamond-chain/256/heavy	cfg	1197194	0	0
7	diamond-chain/256/heavy	emission_exclusive	56441753	1938175	42664308
7	diamond-chain/256/heavy	serialization	16987328	70978	4775489
7	diamond-chain/256/heavy	combined	76899252	2047651	51070182
7	diamond-chain/1024/base	ir	5652487	48151	3711831
7	diamond-chain/1024/base	cfg	20645844	0	0
7	diamond-chain/1024/base	emission_exclusive	83043319	3585414	116314962
7	diamond-chain/1024/base	serialization	21838399	282946	5863533
7	diamond-chain/1024/base	combined	131180220	3916511	125890326
7	diamond-chain/1024/light	ir	6917519	54636	3994393
7	diamond-chain/1024/light	cfg	17891678	0	0
7	diamond-chain/1024/light	emission_exclusive	88334581	3857263	120357625
7	diamond-chain/1024/light	serialization	22487356	282946	5857869
7	diamond-chain/1024/light	combined	135631375	4194845	130209887
7	diamond-chain/1024/heavy	ir	24554004	153964	14526266
7	diamond-chain/1024/heavy	cfg	20713823	0	0
7	diamond-chain/1024/heavy	emission_exclusive	226587927	7747807	216606437
7	diamond-chain/1024/heavy	serialization	71216888	282948	19081271
7	diamond-chain/1024/heavy	combined	343073002	8184719	250213974
7	fan-in/64/base	ir	120067	3012	231834
7	fan-in/64/base	cfg	71004	0	0
7	fan-in/64/base	emission_exclusive	20816157	361039	7738269
7	fan-in/64/base	serialization	3662133	23502	433675
7	fan-in/64/base	combined	24669491	387553	8403778
7	fan-in/256/base	ir	681098	12041	932555
7	fan-in/256/base	cfg	553646	0	0
7	fan-in/256/base	emission_exclusive	79129480	3324668	63227648
7	fan-in/256/base	serialization	953533	8140	1101612
7	fan-in/256/base	combined	81317937	3344849	65261815
7	fan-in/1024/base	ir	6713163	48145	3734868
7	fan-in/1024/base	cfg	10981823	0	0
7	fan-in/1024/base	emission_exclusive	773854152	31527604	618738748
7	fan-in/1024/base	serialization	1798952	8142	4248310
7	fan-in/1024/base	combined	793348350	31583891	626721926
7	nested-loop/64/base	ir	112874	3009	229111
7	nested-loop/64/base	cfg	181353	0	0
7	nested-loop/64/base	emission_exclusive	3941482	149718	2837421
7	nested-loop/64/base	serialization	1230366	13198	348803
7	nested-loop/64/base	combined	5466175	165925	3415335
7	nested-loop/256/base	ir	612588	12036	921000
7	nested-loop/256/base	cfg	2249974	0	0
7	nested-loop/256/base	emission_exclusive	14747043	576567	15976260
7	nested-loop/256/base	serialization	4697361	48528	1356497
7	nested-loop/256/base	combined	22307106	637131	18253757
7	nested-loop/1024/base	ir	5782873	48138	3687985
7	nested-loop/1024/base	cfg	40219262	0	0
7	nested-loop/1024/base	emission_exclusive	57800312	2283847	143759634
7	nested-loop/1024/base	serialization	19834290	189842	5387591
7	nested-loop/1024/base	combined	123636907	2521827	152835210
7	multi-exit/64/base	ir	115388	2990	231132
7	multi-exit/64/base	cfg	79871	0	0
7	multi-exit/64/base	emission_exclusive	25200867	1038325	19436690
7	multi-exit/64/base	serialization	5468820	46594	569880
7	multi-exit/64/base	combined	30865086	1087909	20237702
7	multi-exit/256/base	ir	671991	12025	931853
7	multi-exit/256/base	cfg	559067	0	0
7	multi-exit/256/base	emission_exclusive	111711892	4980175	93574527
7	multi-exit/256/base	serialization	922314	8140	1101950
7	multi-exit/256/base	combined	113865444	5000340	95608330
7	multi-exit/1024/base	ir	6689117	48135	3734166
7	multi-exit/1024/base	cfg	12420654	0	0
7	multi-exit/1024/base	emission_exclusive	878257275	37208916	724828775
7	multi-exit/1024/base	serialization	1835611	8142	4248630
7	multi-exit/1024/base	combined	899202847	37265193	732811571
7	no-exit/64/base	ir	111832	3018	229199
7	no-exit/64/base	cfg	118524	0	0
7	no-exit/64/base	emission_exclusive	3668205	137678	2442687
7	no-exit/64/base	serialization	1197194	12278	343391
7	no-exit/64/base	combined	5095895	152974	3015277
7	no-exit/256/base	ir	627407	12045	921088
7	no-exit/256/base	cfg	1496269	0	0
7	no-exit/256/base	emission_exclusive	14216749	547235	13059068
7	no-exit/256/base	serialization	4929240	47608	1349547
7	no-exit/256/base	combined	21269785	606888	15329703
7	no-exit/1024/base	ir	5901298	48147	3688073
7	no-exit/1024/base	cfg	28308883	0	0
7	no-exit/1024/base	emission_exclusive	57079600	2185382	106422336
7	no-exit/1024/base	serialization	19605137	188922	5374495
7	no-exit/1024/base	combined	110895258	2422451	115484904
7	irreducible/64/base	ir	117633	3014	231355
7	irreducible/64/base	cfg	89058	0	0
7	irreducible/64/base	emission_exclusive	370144116	13761714	204732406
7	irreducible/64/base	serialization	4611779	61038	628259
7	irreducible/64/base	combined	374962746	13825766	205592020
7	irreducible/256/base	ir	663183	12045	930636
7	irreducible/256/base	cfg	1160894	0	0
7	irreducible/256/base	emission_exclusive	1072312013	38938265	424485411
7	irreducible/256/base	serialization	5083261	61040	1417299
7	irreducible/256/base	combined	1079219592	39011350	426833346
7	irreducible/1024/base	ir	6060669	48151	3727189
7	irreducible/1024/base	cfg	19391533	0	0
7	irreducible/1024/base	emission_exclusive	2965784734	106343842	1096707811
7	irreducible/1024/base	serialization	6578217	61042	4573269
7	irreducible/1024/base	combined	2997815414	106453035	1105008269
8	linear/64/base	ir	213934	3008	229014
8	linear/64/base	cfg	115449	0	0
8	linear/64/base	emission_exclusive	3473356	132901	2319001
8	linear/64/base	serialization	1146408	12094	341915
8	linear/64/base	combined	4949428	148003	2889930
8	linear/64/light	ir	124125	3415	247192
8	linear/64/light	cfg	86694	0	0
8	linear/64/light	emission_exclusive	3679978	147950	2532872
8	linear/64/light	serialization	1166735	12094	341531
8	linear/64/light	combined	5057632	163459	3121595
8	linear/64/heavy	ir	471161	9622	905081
8	linear/64/heavy	cfg	88017	0	0
8	linear/64/heavy	emission_exclusive	10822822	304273	7017602
8	linear/64/heavy	serialization	4267849	12096	1167973
8	linear/64/heavy	combined	15649999	325991	9090656
8	linear/256/base	ir	615835	12035	920903
8	linear/256/base	cfg	1405507	0	0
8	linear/256/base	emission_exclusive	13347747	526712	12403352
8	linear/256/base	serialization	4724803	47424	1346537
8	linear/256/base	combined	20094012	586171	14670792
8	linear/256/light	ir	699543	13656	991497
8	linear/256/light	cfg	1272285	0	0
8	linear/256/light	emission_exclusive	14493243	587752	13275990
8	linear/256/light	serialization	4706648	47424	1345097
8	linear/256/light	combined	21171849	648832	15612584
8	linear/256/heavy	ir	2794073	38488	3624490
8	linear/256/heavy	cfg	1118145	0	0
8	linear/256/heavy	emission_exclusive	41209293	1209433	31175155
8	linear/256/heavy	serialization	17154503	47426	4650931
8	linear/256/heavy	combined	62276135	1295347	39450576
8	linear/1024/base	ir	5780530	48137	3687888
8	linear/1024/base	cfg	23093773	0	0
8	linear/1024/base	emission_exclusive	53568873	2101884	101426946
8	linear/1024/base	serialization	19799485	188738	5365343
8	linear/1024/base	combined	102242901	2338759	110480177
8	linear/1024/light	ir	6990377	54622	3970450
8	linear/1024/light	cfg	22138577	0	0
8	linear/1024/light	emission_exclusive	58153922	2346883	104935712
8	linear/1024/light	serialization	19680029	188738	5359679
8	linear/1024/light	combined	106963165	2590243	114265841
8	linear/1024/heavy	ir	26445901	153950	14502323
8	linear/1024/heavy	cfg	21843499	0	0
8	linear/1024/heavy	emission_exclusive	165896910	4830132	176508472
8	linear/1024/heavy	serialization	68236915	188740	18583081
8	linear/1024/heavy	combined	282423707	5172822	209593876
8	diamond-chain/64/base	ir	122292	3014	230397
8	diamond-chain/64/base	cfg	106131	0	0
8	diamond-chain/64/base	emission_exclusive	5338202	225845	3714034
8	diamond-chain/64/base	serialization	1429883	17982	373065
8	diamond-chain/64/base	combined	6996659	246841	4317496
8	diamond-chain/64/light	ir	129254	3421	248575
8	diamond-chain/64/light	cfg	104217	0	0
8	diamond-chain/64/light	emission_exclusive	5601220	242545	3960954
8	diamond-chain/64/light	serialization	1401600	17982	372681
8	diamond-chain/64/light	combined	7236371	263948	4582210
8	diamond-chain/64/heavy	ir	389407	9628	906464
8	diamond-chain/64/heavy	cfg	100791	0	0
8	diamond-chain/64/heavy	emission_exclusive	14314954	486163	9978456
8	diamond-chain/64/heavy	serialization	4434935	17984	1199123
8	diamond-chain/64/heavy	combined	19240217	513775	12084043
8	diamond-chain/256/base	ir	641022	12045	926798
8	diamond-chain/256/base	cfg	1194178	0	0
8	diamond-chain/256/base	emission_exclusive	20816408	897470	17597948
8	diamond-chain/256/base	serialization	5765461	70976	1471095
8	diamond-chain/256/base	combined	28417159	980491	19995841
8	diamond-chain/256/light	ir	727175	13666	997392
8	diamond-chain/256/light	cfg	1195070	0	0
8	diamond-chain/256/light	emission_exclusive	22089925	965199	18603715
8	diamond-chain/256/light	serialization	5519716	70976	1469655
8	diamond-chain/256/light	combined	29531986	1049841	21070762
8	diamond-chain/256/heavy	ir	2284580	38498	3630385
8	diamond-chain/256/heavy	cfg	1224304	0	0
8	diamond-chain/256/heavy	emission_exclusive	56825701	1938175	42664308
8	diamond-chain/256/heavy	serialization	17226280	70978	4775489
8	diamond-chain/256/heavy	combined	77561005	2047651	51070182
8	diamond-chain/1024/base	ir	5865600	48151	3711831
8	diamond-chain/1024/base	cfg	20810185	0	0
8	diamond-chain/1024/base	emission_exclusive	83120947	3585414	116314962
8	diamond-chain/1024/base	serialization	21921276	282946	5863533
8	diamond-chain/1024/base	combined	131718189	3916511	125890326
8	diamond-chain/1024/light	ir	7025984	54636	3994393
8	diamond-chain/1024/light	cfg	18017946	0	0
8	diamond-chain/1024/light	emission_exclusive	88418943	3857263	120357625
8	diamond-chain/1024/light	serialization	22313128	282946	5857869
8	diamond-chain/1024/light	combined	135776121	4194845	130209887
8	diamond-chain/1024/heavy	ir	24237806	153964	14526266
8	diamond-chain/1024/heavy	cfg	19355154	0	0
8	diamond-chain/1024/heavy	emission_exclusive	228529460	7747807	216606437
8	diamond-chain/1024/heavy	serialization	69673853	282948	19081271
8	diamond-chain/1024/heavy	combined	341796824	8184719	250213974
8	fan-in/64/base	ir	126800	3012	231834
8	fan-in/64/base	cfg	73359	0	0
8	fan-in/64/base	emission_exclusive	21006035	361039	7738269
8	fan-in/64/base	serialization	3817638	23502	433675
8	fan-in/64/base	combined	25023973	387553	8403778
8	fan-in/256/base	ir	687009	12041	932555
8	fan-in/256/base	cfg	561051	0	0
8	fan-in/256/base	emission_exclusive	79270707	3324668	63227648
8	fan-in/256/base	serialization	953372	8140	1101612
8	fan-in/256/base	combined	81472269	3344849	65261815
8	fan-in/1024/base	ir	6780089	48145	3734868
8	fan-in/1024/base	cfg	10629838	0	0
8	fan-in/1024/base	emission_exclusive	784259456	31527604	618738748
8	fan-in/1024/base	serialization	1844737	8142	4248310
8	fan-in/1024/base	combined	803514300	31583891	626721926
8	nested-loop/64/base	ir	114196	3009	229111
8	nested-loop/64/base	cfg	182956	0	0
8	nested-loop/64/base	emission_exclusive	4038766	149718	2837421
8	nested-loop/64/base	serialization	1337298	13198	348803
8	nested-loop/64/base	combined	5673346	165925	3415335
8	nested-loop/256/base	ir	622707	12036	921000
8	nested-loop/256/base	cfg	2263980	0	0
8	nested-loop/256/base	emission_exclusive	15099810	576567	15976260
8	nested-loop/256/base	serialization	5071258	48528	1356497
8	nested-loop/256/base	combined	23057855	637131	18253757
8	nested-loop/1024/base	ir	5766753	48138	3687985
8	nested-loop/1024/base	cfg	40298883	0	0
8	nested-loop/1024/base	emission_exclusive	59664067	2283847	143759634
8	nested-loop/1024/base	serialization	20082200	189842	5387591
8	nested-loop/1024/base	combined	125812163	2521827	152835210
8	multi-exit/64/base	ir	118343	2990	231132
8	multi-exit/64/base	cfg	80192	0	0
8	multi-exit/64/base	emission_exclusive	25791353	1038325	19436690
8	multi-exit/64/base	serialization	5735915	46594	569880
8	multi-exit/64/base	combined	31725904	1087909	20237702
8	multi-exit/256/base	ir	669646	12025	931853
8	multi-exit/256/base	cfg	560980	0	0
8	multi-exit/256/base	emission_exclusive	111685454	4980175	93574527
8	multi-exit/256/base	serialization	937182	8140	1101950
8	multi-exit/256/base	combined	113853403	5000340	95608330
8	multi-exit/1024/base	ir	6823551	48135	3734166
8	multi-exit/1024/base	cfg	11857259	0	0
8	multi-exit/1024/base	emission_exclusive	884470485	37208916	724828775
8	multi-exit/1024/base	serialization	1857111	8142	4248630
8	multi-exit/1024/base	combined	905008576	37265193	732811571
8	no-exit/64/base	ir	112242	3018	229199
8	no-exit/64/base	cfg	120708	0	0
8	no-exit/64/base	emission_exclusive	3669357	137678	2442687
8	no-exit/64/base	serialization	1235005	12278	343391
8	no-exit/64/base	combined	5137423	152974	3015277
8	no-exit/256/base	ir	622217	12045	921088
8	no-exit/256/base	cfg	1522067	0	0
8	no-exit/256/base	emission_exclusive	14238231	547235	13059068
8	no-exit/256/base	serialization	4786970	47608	1349547
8	no-exit/256/base	combined	21169595	606888	15329703
8	no-exit/1024/base	ir	5614415	48147	3688073
8	no-exit/1024/base	cfg	27789842	0	0
8	no-exit/1024/base	emission_exclusive	57148070	2185382	106422336
8	no-exit/1024/base	serialization	18963253	188922	5374495
8	no-exit/1024/base	combined	109515861	2422451	115484904
8	irreducible/64/base	ir	116530	3014	231355
8	irreducible/64/base	cfg	89259	0	0
8	irreducible/64/base	emission_exclusive	371656980	13761714	204732406
8	irreducible/64/base	serialization	4647818	61038	628259
8	irreducible/64/base	combined	376510747	13825766	205592020
8	irreducible/256/base	ir	656331	12045	930636
8	irreducible/256/base	cfg	1118805	0	0
8	irreducible/256/base	emission_exclusive	1064826404	38938265	424485411
8	irreducible/256/base	serialization	5073802	61040	1417299
8	irreducible/256/base	combined	1071675763	39011350	426833346
8	irreducible/1024/base	ir	6149477	48151	3727189
8	irreducible/1024/base	cfg	19955340	0	0
8	irreducible/1024/base	emission_exclusive	2939955947	106343842	1096707811
8	irreducible/1024/base	serialization	6562247	61042	4573269
8	irreducible/1024/base	combined	2972623271	106453035	1105008269
9	linear/64/base	ir	140185	3008	229014
9	linear/64/base	cfg	113004	0	0
9	linear/64/base	emission_exclusive	3481051	132901	2319001
9	linear/64/base	serialization	1147500	12094	341915
9	linear/64/base	combined	4882011	148003	2889930
9	linear/64/light	ir	126099	3415	247192
9	linear/64/light	cfg	89029	0	0
9	linear/64/light	emission_exclusive	3663185	147950	2532872
9	linear/64/light	serialization	1192995	12094	341531
9	linear/64/light	combined	5071428	163459	3121595
9	linear/64/heavy	ir	465650	9622	905081
9	linear/64/heavy	cfg	89329	0	0
9	linear/64/heavy	emission_exclusive	10406065	304273	7017602
9	linear/64/heavy	serialization	4155907	12096	1167973
9	linear/64/heavy	combined	15117101	325991	9090656
9	linear/256/base	ir	618730	12035	920903
9	linear/256/base	cfg	1393956	0	0
9	linear/256/base	emission_exclusive	13371903	526712	12403352
9	linear/256/base	serialization	4644481	47424	1346537
9	linear/256/base	combined	20029220	586171	14670792
9	linear/256/light	ir	695265	13656	991497
9	linear/256/light	cfg	1268298	0	0
9	linear/256/light	emission_exclusive	14581930	587752	13275990
9	linear/256/light	serialization	4812599	47424	1345097
9	linear/256/light	combined	21358252	648832	15612584
9	linear/256/heavy	ir	2860809	38488	3624490
9	linear/256/heavy	cfg	1121120	0	0
9	linear/256/heavy	emission_exclusive	41376150	1209433	31175155
9	linear/256/heavy	serialization	16108877	47426	4650931
9	linear/256/heavy	combined	61467106	1295347	39450576
9	linear/1024/base	ir	5889015	48137	3687888
9	linear/1024/base	cfg	23063226	0	0
9	linear/1024/base	emission_exclusive	53398210	2101884	101426946
9	linear/1024/base	serialization	18674057	188738	5365343
9	linear/1024/base	combined	101024748	2338759	110480177
9	linear/1024/light	ir	7134078	54622	3970450
9	linear/1024/light	cfg	22069497	0	0
9	linear/1024/light	emission_exclusive	58306250	2346883	104935712
9	linear/1024/light	serialization	19769579	188738	5359679
9	linear/1024/light	combined	107279674	2590243	114265841
9	linear/1024/heavy	ir	27411877	153950	14502323
9	linear/1024/heavy	cfg	22671835	0	0
9	linear/1024/heavy	emission_exclusive	167300525	4830132	176508472
9	linear/1024/heavy	serialization	69926940	188740	18583081
9	linear/1024/heavy	combined	287311980	5172822	209593876
9	diamond-chain/64/base	ir	139073	3014	230397
9	diamond-chain/64/base	cfg	109617	0	0
9	diamond-chain/64/base	emission_exclusive	5548651	225845	3714034
9	diamond-chain/64/base	serialization	1453458	17982	373065
9	diamond-chain/64/base	combined	7251170	246841	4317496
9	diamond-chain/64/light	ir	135276	3421	248575
9	diamond-chain/64/light	cfg	107002	0	0
9	diamond-chain/64/light	emission_exclusive	5597323	242545	3960954
9	diamond-chain/64/light	serialization	1424412	17982	372681
9	diamond-chain/64/light	combined	7264145	263948	4582210
9	diamond-chain/64/heavy	ir	404254	9628	906464
9	diamond-chain/64/heavy	cfg	100901	0	0
9	diamond-chain/64/heavy	emission_exclusive	14465220	486163	9978456
9	diamond-chain/64/heavy	serialization	4371695	17984	1199123
9	diamond-chain/64/heavy	combined	19342290	513775	12084043
9	diamond-chain/256/base	ir	634320	12045	926798
9	diamond-chain/256/base	cfg	1260053	0	0
9	diamond-chain/256/base	emission_exclusive	20864948	897470	17597948
9	diamond-chain/256/base	serialization	5439155	70976	1471095
9	diamond-chain/256/base	combined	28198626	980491	19995841
9	diamond-chain/256/light	ir	752412	13666	997392
9	diamond-chain/256/light	cfg	1209997	0	0
9	diamond-chain/256/light	emission_exclusive	22234870	965199	18603715
9	diamond-chain/256/light	serialization	5383077	70976	1469655
9	diamond-chain/256/light	combined	29580507	1049841	21070762
9	diamond-chain/256/heavy	ir	2428411	38498	3630385
9	diamond-chain/256/heavy	cfg	1230726	0	0
9	diamond-chain/256/heavy	emission_exclusive	56874995	1938175	42664308
9	diamond-chain/256/heavy	serialization	16502662	70978	4775489
9	diamond-chain/256/heavy	combined	77037074	2047651	51070182
9	diamond-chain/1024/base	ir	6150669	48151	3711831
9	diamond-chain/1024/base	cfg	22431512	0	0
9	diamond-chain/1024/base	emission_exclusive	82543324	3585414	116314962
9	diamond-chain/1024/base	serialization	20595490	282946	5863533
9	diamond-chain/1024/base	combined	131721245	3916511	125890326
9	diamond-chain/1024/light	ir	7307967	54636	3994393
9	diamond-chain/1024/light	cfg	18826355	0	0
9	diamond-chain/1024/light	emission_exclusive	87400528	3857263	120357625
9	diamond-chain/1024/light	serialization	21918942	282946	5857869
9	diamond-chain/1024/light	combined	135454122	4194845	130209887
9	diamond-chain/1024/heavy	ir	25115947	153964	14526266
9	diamond-chain/1024/heavy	cfg	21051593	0	0
9	diamond-chain/1024/heavy	emission_exclusive	226639125	7747807	216606437
9	diamond-chain/1024/heavy	serialization	72519413	282948	19081271
9	diamond-chain/1024/heavy	combined	345327020	8184719	250213974
9	fan-in/64/base	ir	143892	3012	231834
9	fan-in/64/base	cfg	76384	0	0
9	fan-in/64/base	emission_exclusive	20915285	361039	7738269
9	fan-in/64/base	serialization	3975407	23502	433675
9	fan-in/64/base	combined	25111328	387553	8403778
9	fan-in/256/base	ir	698561	12041	932555
9	fan-in/256/base	cfg	604844	0	0
9	fan-in/256/base	emission_exclusive	79076289	3324668	63227648
9	fan-in/256/base	serialization	984682	8140	1101612
9	fan-in/256/base	combined	81364686	3344849	65261815
9	fan-in/1024/base	ir	7202047	48145	3734868
9	fan-in/1024/base	cfg	11409873	0	0
9	fan-in/1024/base	emission_exclusive	779220311	31527604	618738748
9	fan-in/1024/base	serialization	1831824	8142	4248310
9	fan-in/1024/base	combined	799664325	31583891	626721926
9	nested-loop/64/base	ir	112353	3009	229111
9	nested-loop/64/base	cfg	180441	0	0
9	nested-loop/64/base	emission_exclusive	4005283	149718	2837421
9	nested-loop/64/base	serialization	1367265	13198	348803
9	nested-loop/64/base	combined	5665462	165925	3415335
9	nested-loop/256/base	ir	614542	12036	921000
9	nested-loop/256/base	cfg	2289169	0	0
9	nested-loop/256/base	emission_exclusive	15073328	576567	15976260
9	nested-loop/256/base	serialization	5195964	48528	1356497
9	nested-loop/256/base	combined	23173154	637131	18253757
9	nested-loop/1024/base	ir	5617260	48138	3687985
9	nested-loop/1024/base	cfg	40222428	0	0
9	nested-loop/1024/base	emission_exclusive	59619313	2283847	143759634
9	nested-loop/1024/base	serialization	20533943	189842	5387591
9	nested-loop/1024/base	combined	125993184	2521827	152835210
9	multi-exit/64/base	ir	119876	2990	231132
9	multi-exit/64/base	cfg	79811	0	0
9	multi-exit/64/base	emission_exclusive	25690363	1038325	19436690
9	multi-exit/64/base	serialization	5737909	46594	569880
9	multi-exit/64/base	combined	31628099	1087909	20237702
9	multi-exit/256/base	ir	679815	12025	931853
9	multi-exit/256/base	cfg	556331	0	0
9	multi-exit/256/base	emission_exclusive	112145515	4980175	93574527
9	multi-exit/256/base	serialization	928806	8140	1101950
9	multi-exit/256/base	combined	114310637	5000340	95608330
9	multi-exit/1024/base	ir	6713975	48135	3734166
9	multi-exit/1024/base	cfg	12481480	0	0
9	multi-exit/1024/base	emission_exclusive	885266010	37208916	724828775
9	multi-exit/1024/base	serialization	1828166	8142	4248630
9	multi-exit/1024/base	combined	906289882	37265193	732811571
9	no-exit/64/base	ir	112984	3018	229199
9	no-exit/64/base	cfg	120168	0	0
9	no-exit/64/base	emission_exclusive	3698773	137678	2442687
9	no-exit/64/base	serialization	1201752	12278	343391
9	no-exit/64/base	combined	5133987	152974	3015277
9	no-exit/256/base	ir	632035	12045	921088
9	no-exit/256/base	cfg	1502270	0	0
9	no-exit/256/base	emission_exclusive	14238240	547235	13059068
9	no-exit/256/base	serialization	4787632	47608	1349547
9	no-exit/256/base	combined	21160277	606888	15329703
9	no-exit/1024/base	ir	5649523	48147	3688073
9	no-exit/1024/base	cfg	28192063	0	0
9	no-exit/1024/base	emission_exclusive	58023244	2185382	106422336
9	no-exit/1024/base	serialization	18473638	188922	5374495
9	no-exit/1024/base	combined	110338708	2422451	115484904
9	irreducible/64/base	ir	116780	3014	231355
9	irreducible/64/base	cfg	87957	0	0
9	irreducible/64/base	emission_exclusive	372503282	13761714	204732406
9	irreducible/64/base	serialization	4563468	61038	628259
9	irreducible/64/base	combined	377271638	13825766	205592020
9	irreducible/256/base	ir	666751	12045	930636
9	irreducible/256/base	cfg	1137881	0	0
9	irreducible/256/base	emission_exclusive	1077376977	38938265	424485411
9	irreducible/256/base	serialization	4962342	61040	1417299
9	irreducible/256/base	combined	1084144232	39011350	426833346
9	irreducible/1024/base	ir	6120151	48151	3727189
9	irreducible/1024/base	cfg	19955851	0	0
9	irreducible/1024/base	emission_exclusive	2958375826	106343842	1096707811
9	irreducible/1024/base	serialization	6574660	61042	4573269
9	irreducible/1024/base	combined	2991026658	106453035	1105008269
10	linear/64/base	ir	138101	3008	229014
10	linear/64/base	cfg	115819	0	0
10	linear/64/base	emission_exclusive	3495609	132901	2319001
10	linear/64/base	serialization	1177587	12094	341915
10	linear/64/base	combined	4927377	148003	2889930
10	linear/64/light	ir	133693	3415	247192
10	linear/64/light	cfg	87886	0	0
10	linear/64/light	emission_exclusive	3680659	147950	2532872
10	linear/64/light	serialization	1173920	12094	341531
10	linear/64/light	combined	5076258	163459	3121595
10	linear/64/heavy	ir	465240	9622	905081
10	linear/64/heavy	cfg	87826	0	0
10	linear/64/heavy	emission_exclusive	10386378	304273	7017602
10	linear/64/heavy	serialization	4022075	12096	1167973
10	linear/64/heavy	combined	14961689	325991	9090656
10	linear/256/base	ir	621996	12035	920903
10	linear/256/base	cfg	1403644	0	0
10	linear/256/base	emission_exclusive	13496347	526712	12403352
10	linear/256/base	serialization	4523604	47424	1346537
10	linear/256/base	combined	20045741	586171	14670792
10	linear/256/light	ir	701987	13656	991497
10	linear/256/light	cfg	1275902	0	0
10	linear/256/light	emission_exclusive	14746272	587752	13275990
10	linear/256/light	serialization	4468378	47424	1345097
10	linear/256/light	combined	21192659	648832	15612584
10	linear/256/heavy	ir	2834399	38488	3624490
10	linear/256/heavy	cfg	1119907	0	0
10	linear/256/heavy	emission_exclusive	41295248	1209433	31175155
10	linear/256/heavy	serialization	15712928	47426	4650931
10	linear/256/heavy	combined	60962643	1295347	39450576
10	linear/1024/base	ir	5818792	48137	3687888
10	linear/1024/base	cfg	23164438	0	0
10	linear/1024/base	emission_exclusive	53983155	2101884	101426946
10	linear/1024/base	serialization	18695508	188738	5365343
10	linear/1024/base	combined	101662114	2338759	110480177
10	linear/1024/light	ir	7141172	54622	3970450
10	linear/1024/light	cfg	21914925	0	0
10	linear/1024/light	emission_exclusive	58777310	2346883	104935712
10	linear/1024/light	serialization	18662094	188738	5359679
10	linear/1024/light	combined	106495872	2590243	114265841
10	linear/1024/heavy	ir	26787648	153950	14502323
10	linear/1024/heavy	cfg	21785150	0	0
10	linear/1024/heavy	emission_exclusive	165499682	4830132	176508472
10	linear/1024/heavy	serialization	68055253	188740	18583081
10	linear/1024/heavy	combined	282128183	5172822	209593876
10	diamond-chain/64/base	ir	117212	3014	230397
10	diamond-chain/64/base	cfg	107112	0	0
10	diamond-chain/64/base	emission_exclusive	5315771	225845	3714034
10	diamond-chain/64/base	serialization	1441966	17982	373065
10	diamond-chain/64/base	combined	6982201	246841	4317496
10	diamond-chain/64/light	ir	132931	3421	248575
10	diamond-chain/64/light	cfg	103265	0	0
10	diamond-chain/64/light	emission_exclusive	5580873	242545	3960954
10	diamond-chain/64/light	serialization	1383866	17982	372681
10	diamond-chain/64/light	combined	7201035	263948	4582210
10	diamond-chain/64/heavy	ir	390368	9628	906464
10	diamond-chain/64/heavy	cfg	102013	0	0
10	diamond-chain/64/heavy	emission_exclusive	14248119	486163	9978456
10	diamond-chain/64/heavy	serialization	4155267	17984	1199123
10	diamond-chain/64/heavy	combined	18895897	513775	12084043
10	diamond-chain/256/base	ir	639659	12045	926798
10	diamond-chain/256/base	cfg	1217301	0	0
10	diamond-chain/256/base	emission_exclusive	20601492	897470	17597948
10	diamond-chain/256/base	serialization	5387386	70976	1471095
10	diamond-chain/256/base	combined	27845978	980491	19995841
10	diamond-chain/256/light	ir	723297	13666	997392
10	diamond-chain/256/light	cfg	1190471	0	0
10	diamond-chain/256/light	emission_exclusive	21794177	965199	18603715
10	diamond-chain/256/light	serialization	5439855	70976	1469655
10	diamond-chain/256/light	combined	29147940	1049841	21070762
10	diamond-chain/256/heavy	ir	2285962	38498	3630385
10	diamond-chain/256/heavy	cfg	1198726	0	0
10	diamond-chain/256/heavy	emission_exclusive	55844606	1938175	42664308
10	diamond-chain/256/heavy	serialization	16686539	70978	4775489
10	diamond-chain/256/heavy	combined	76015984	2047651	51070182
10	diamond-chain/1024/base	ir	5721257	48151	3711831
10	diamond-chain/1024/base	cfg	21486214	0	0
10	diamond-chain/1024/base	emission_exclusive	81930357	3585414	116314962
10	diamond-chain/1024/base	serialization	21573389	282946	5863533
10	diamond-chain/1024/base	combined	130711468	3916511	125890326
10	diamond-chain/1024/light	ir	7032596	54636	3994393
10	diamond-chain/1024/light	cfg	18564299	0	0
10	diamond-chain/1024/light	emission_exclusive	87579458	3857263	120357625
10	diamond-chain/1024/light	serialization	21477387	282946	5857869
10	diamond-chain/1024/light	combined	134653921	4194845	130209887
10	diamond-chain/1024/heavy	ir	24358094	153964	14526266
10	diamond-chain/1024/heavy	cfg	20566876	0	0
10	diamond-chain/1024/heavy	emission_exclusive	223898828	7747807	216606437
10	diamond-chain/1024/heavy	serialization	67466971	282948	19081271
10	diamond-chain/1024/heavy	combined	336290969	8184719	250213974
10	fan-in/64/base	ir	133683	3012	231834
10	fan-in/64/base	cfg	78268	0	0
10	fan-in/64/base	emission_exclusive	20788625	361039	7738269
10	fan-in/64/base	serialization	3635714	23502	433675
10	fan-in/64/base	combined	24636430	387553	8403778
10	fan-in/256/base	ir	674135	12041	932555
10	fan-in/256/base	cfg	586048	0	0
10	fan-in/256/base	emission_exclusive	78791863	3324668	63227648
10	fan-in/256/base	serialization	956789	8140	1101612
10	fan-in/256/base	combined	81008965	3344849	65261815
10	fan-in/1024/base	ir	7081089	48145	3734868
10	fan-in/1024/base	cfg	10938362	0	0
10	fan-in/1024/base	emission_exclusive	775611496	31527604	618738748
10	fan-in/1024/base	serialization	1801587	8142	4248310
10	fan-in/1024/base	combined	795432804	31583891	626721926
10	nested-loop/64/base	ir	113254	3009	229111
10	nested-loop/64/base	cfg	183927	0	0
10	nested-loop/64/base	emission_exclusive	3923038	149718	2837421
10	nested-loop/64/base	serialization	1242028	13198	348803
10	nested-loop/64/base	combined	5462387	165925	3415335
10	nested-loop/256/base	ir	620483	12036	921000
10	nested-loop/256/base	cfg	2269942	0	0
10	nested-loop/256/base	emission_exclusive	14855728	576567	15976260
10	nested-loop/256/base	serialization	4925101	48528	1356497
10	nested-loop/256/base	combined	22671365	637131	18253757
10	nested-loop/1024/base	ir	6065468	48138	3687985
10	nested-loop/1024/base	cfg	41069281	0	0
10	nested-loop/1024/base	emission_exclusive	58711516	2283847	143759634
10	nested-loop/1024/base	serialization	20015794	189842	5387591
10	nested-loop/1024/base	combined	125862349	2521827	152835210
10	multi-exit/64/base	ir	117472	2990	231132
10	multi-exit/64/base	cfg	82657	0	0
10	multi-exit/64/base	emission_exclusive	25648995	1038325	19436690
10	multi-exit/64/base	serialization	5523994	46594	569880
10	multi-exit/64/base	combined	31373258	1087909	20237702
10	multi-exit/256/base	ir	684354	12025	931853
10	multi-exit/256/base	cfg	567914	0	0
10	multi-exit/256/base	emission_exclusive	111288855	4980175	93574527
10	multi-exit/256/base	serialization	928194	8140	1101950
10	multi-exit/256/base	combined	113469467	5000340	95608330
10	multi-exit/1024/base	ir	6822009	48135	3734166
10	multi-exit/1024/base	cfg	12247287	0	0
10	multi-exit/1024/base	emission_exclusive	887251506	37208916	724828775
10	multi-exit/1024/base	serialization	1844137	8142	4248630
10	multi-exit/1024/base	combined	908165229	37265193	732811571
10	no-exit/64/base	ir	112894	3018	229199
10	no-exit/64/base	cfg	123043	0	0
10	no-exit/64/base	emission_exclusive	3662324	137678	2442687
10	no-exit/64/base	serialization	1254241	12278	343391
10	no-exit/64/base	combined	5152622	152974	3015277
10	no-exit/256/base	ir	619501	12045	921088
10	no-exit/256/base	cfg	1501910	0	0
10	no-exit/256/base	emission_exclusive	14149092	547235	13059068
10	no-exit/256/base	serialization	4761382	47608	1349547
10	no-exit/256/base	combined	21032026	606888	15329703
10	no-exit/1024/base	ir	6079805	48147	3688073
10	no-exit/1024/base	cfg	27763813	0	0
10	no-exit/1024/base	emission_exclusive	57126811	2185382	106422336
10	no-exit/1024/base	serialization	18631927	188922	5374495
10	no-exit/1024/base	combined	109602697	2422451	115484904
10	irreducible/64/base	ir	116941	3014	231355
10	irreducible/64/base	cfg	88056	0	0
10	irreducible/64/base	emission_exclusive	371396885	13761714	204732406
10	irreducible/64/base	serialization	4701719	61038	628259
10	irreducible/64/base	combined	376303773	13825766	205592020
10	irreducible/256/base	ir	657102	12045	930636
10	irreducible/256/base	cfg	1135436	0	0
10	irreducible/256/base	emission_exclusive	1073044799	38938265	424485411
10	irreducible/256/base	serialization	5014531	61040	1417299
10	irreducible/256/base	combined	1079852049	39011350	426833346
10	irreducible/1024/base	ir	6563269	48151	3727189
10	irreducible/1024/base	cfg	19270555	0	0
10	irreducible/1024/base	emission_exclusive	2958775147	106343842	1096707811
10	irreducible/1024/base	serialization	6616530	61042	4573269
10	irreducible/1024/base	combined	2991225711	106453035	1105008269
11	linear/64/base	ir	144313	3008	229014
11	linear/64/base	cfg	306569	0	0
11	linear/64/base	emission_exclusive	3522281	132901	2319001
11	linear/64/base	serialization	1165072	12094	341915
11	linear/64/base	combined	5138455	148003	2889930
11	linear/64/light	ir	126179	3415	247192
11	linear/64/light	cfg	88969	0	0
11	linear/64/light	emission_exclusive	3684185	147950	2532872
11	linear/64/light	serialization	1192805	12094	341531
11	linear/64/light	combined	5092218	163459	3121595
11	linear/64/heavy	ir	468806	9622	905081
11	linear/64/heavy	cfg	90100	0	0
11	linear/64/heavy	emission_exclusive	10412537	304273	7017602
11	linear/64/heavy	serialization	4041341	12096	1167973
11	linear/64/heavy	combined	15012925	325991	9090656
11	linear/256/base	ir	613169	12035	920903
11	linear/256/base	cfg	1389407	0	0
11	linear/256/base	emission_exclusive	13143861	526712	12403352
11	linear/256/base	serialization	4449533	47424	1346537
11	linear/256/base	combined	19596100	586171	14670792
11	linear/256/light	ir	698801	13656	991497
11	linear/256/light	cfg	1256926	0	0
11	linear/256/light	emission_exclusive	14307853	587752	13275990
11	linear/256/light	serialization	4421860	47424	1345097
11	linear/256/light	combined	20685560	648832	15612584
11	linear/256/heavy	ir	2749578	38488	3624490
11	linear/256/heavy	cfg	1101884	0	0
11	linear/256/heavy	emission_exclusive	40419251	1209433	31175155
11	linear/256/heavy	serialization	15693983	47426	4650931
11	linear/256/heavy	combined	59964836	1295347	39450576
11	linear/1024/base	ir	6147022	48137	3687888
11	linear/1024/base	cfg	22833020	0	0
11	linear/1024/base	emission_exclusive	52484583	2101884	101426946
11	linear/1024/base	serialization	17900294	188738	5365343
11	linear/1024/base	combined	99365241	2338759	110480177
11	linear/1024/light	ir	7073904	54622	3970450
11	linear/1024/light	cfg	21589650	0	0
11	linear/1024/light	emission_exclusive	56942111	2346883	104935712
11	linear/1024/light	serialization	18000374	188738	5359679
11	linear/1024/light	combined	103606291	2590243	114265841
11	linear/1024/heavy	ir	26670737	153950	14502323
11	linear/1024/heavy	cfg	21662017	0	0
11	linear/1024/heavy	emission_exclusive	161486324	4830132	176508472
11	linear/1024/heavy	serialization	64881312	188740	18583081
11	linear/1024/heavy	combined	274700871	5172822	209593876
11	diamond-chain/64/base	ir	124205	3014	230397
11	diamond-chain/64/base	cfg	108034	0	0
11	diamond-chain/64/base	emission_exclusive	5250598	225845	3714034
11	diamond-chain/64/base	serialization	1367957	17982	373065
11	diamond-chain/64/base	combined	6850964	246841	4317496
11	diamond-chain/64/light	ir	133231	3421	248575
11	diamond-chain/64/light	cfg	101812	0	0
11	diamond-chain/64/light	emission_exclusive	5523884	242545	3960954
11	diamond-chain/64/light	serialization	1352337	17982	372681
11	diamond-chain/64/light	combined	7111375	263948	4582210
11	diamond-chain/64/heavy	ir	394606	9628	906464
11	diamond-chain/64/heavy	cfg	100670	0	0
11	diamond-chain/64/heavy	emission_exclusive	14386301	486163	9978456
11	diamond-chain/64/heavy	serialization	4237121	17984	1199123
11	diamond-chain/64/heavy	combined	19118818	513775	12084043
11	diamond-chain/256/base	ir	638588	12045	926798
11	diamond-chain/256/base	cfg	1242439	0	0
11	diamond-chain/256/base	emission_exclusive	20894836	897470	17597948
11	diamond-chain/256/base	serialization	5427301	70976	1471095
11	diamond-chain/256/base	combined	28203304	980491	19995841
11	diamond-chain/256/light	ir	725883	13666	997392
11	diamond-chain/256/light	cfg	1236447	0	0
11	diamond-chain/256/light	emission_exclusive	22083615	965199	18603715
11	diamond-chain/256/light	serialization	5376275	70976	1469655
11	diamond-chain/256/light	combined	29422350	1049841	21070762
11	diamond-chain/256/heavy	ir	2296382	38498	3630385
11	diamond-chain/256/heavy	cfg	1200289	0	0
11	diamond-chain/256/heavy	emission_exclusive	56928215	1938175	42664308
11	diamond-chain/256/heavy	serialization	16443039	70978	4775489
11	diamond-chain/256/heavy	combined	76868055	2047651	51070182
11	diamond-chain/1024/base	ir	6186357	48151	3711831
11	diamond-chain/1024/base	cfg	21035211	0	0
11	diamond-chain/1024/base	emission_exclusive	83775346	3585414	116314962
11	diamond-chain/1024/base	serialization	22064036	282946	5863533
11	diamond-chain/1024/base	combined	133061601	3916511	125890326
11	diamond-chain/1024/light	ir	7097289	54636	3994393
11	diamond-chain/1024/light	cfg	18489970	0	0
11	diamond-chain/1024/light	emission_exclusive	88410287	3857263	120357625
11	diamond-chain/1024/light	serialization	21145571	282946	5857869
11	diamond-chain/1024/light	combined	135143609	4194845	130209887
11	diamond-chain/1024/heavy	ir	24180869	153964	14526266
11	diamond-chain/1024/heavy	cfg	19395301	0	0
11	diamond-chain/1024/heavy	emission_exclusive	227206132	7747807	216606437
11	diamond-chain/1024/heavy	serialization	67924687	282948	19081271
11	diamond-chain/1024/heavy	combined	338707369	8184719	250213974
11	fan-in/64/base	ir	145535	3012	231834
11	fan-in/64/base	cfg	76996	0	0
11	fan-in/64/base	emission_exclusive	20816467	361039	7738269
11	fan-in/64/base	serialization	3681611	23502	433675
11	fan-in/64/base	combined	24720800	387553	8403778
11	fan-in/256/base	ir	676138	12041	932555
11	fan-in/256/base	cfg	587431	0	0
11	fan-in/256/base	emission_exclusive	79244579	3324668	63227648
11	fan-in/256/base	serialization	941901	8140	1101612
11	fan-in/256/base	combined	81450209	3344849	65261815
11	fan-in/1024/base	ir	6740223	48145	3734868
11	fan-in/1024/base	cfg	7690210	0	0
11	fan-in/1024/base	emission_exclusive	777647410	31527604	618738748
11	fan-in/1024/base	serialization	1819791	8142	4248310
11	fan-in/1024/base	combined	793897895	31583891	626721926
11	nested-loop/64/base	ir	114667	3009	229111
11	nested-loop/64/base	cfg	183327	0	0
11	nested-loop/64/base	emission_exclusive	4012857	149718	2837421
11	nested-loop/64/base	serialization	1292934	13198	348803
11	nested-loop/64/base	combined	5603915	165925	3415335
11	nested-loop/256/base	ir	621726	12036	921000
11	nested-loop/256/base	cfg	2265063	0	0
11	nested-loop/256/base	emission_exclusive	15038623	576567	15976260
11	nested-loop/256/base	serialization	4996487	48528	1356497
11	nested-loop/256/base	combined	22922009	637131	18253757
11	nested-loop/1024/base	ir	5481273	48138	3687985
11	nested-loop/1024/base	cfg	35698817	0	0
11	nested-loop/1024/base	emission_exclusive	59713080	2283847	143759634
11	nested-loop/1024/base	serialization	20336340	189842	5387591
11	nested-loop/1024/base	combined	121229721	2521827	152835210
11	multi-exit/64/base	ir	126991	2990	231132
11	multi-exit/64/base	cfg	91493	0	0
11	multi-exit/64/base	emission_exclusive	25888257	1038325	19436690
11	multi-exit/64/base	serialization	5408777	46594	569880
11	multi-exit/64/base	combined	31515608	1087909	20237702
11	multi-exit/256/base	ir	680386	12025	931853
11	multi-exit/256/base	cfg	631304	0	0
11	multi-exit/256/base	emission_exclusive	112033333	4980175	93574527
11	multi-exit/256/base	serialization	929818	8140	1101950
11	multi-exit/256/base	combined	114275012	5000340	95608330
11	multi-exit/1024/base	ir	7130682	48135	3734166
11	multi-exit/1024/base	cfg	8333376	0	0
11	multi-exit/1024/base	emission_exclusive	884692332	37208916	724828775
11	multi-exit/1024/base	serialization	1898229	8142	4248630
11	multi-exit/1024/base	combined	902054889	37265193	732811571
11	no-exit/64/base	ir	116971	3018	229199
11	no-exit/64/base	cfg	125106	0	0
11	no-exit/64/base	emission_exclusive	3709785	137678	2442687
11	no-exit/64/base	serialization	1236127	12278	343391
11	no-exit/64/base	combined	5188119	152974	3015277
11	no-exit/256/base	ir	637705	12045	921088
11	no-exit/256/base	cfg	1529241	0	0
11	no-exit/256/base	emission_exclusive	14286702	547235	13059068
11	no-exit/256/base	serialization	4812479	47608	1349547
11	no-exit/256/base	combined	21266238	606888	15329703
11	no-exit/1024/base	ir	5703573	48147	3688073
11	no-exit/1024/base	cfg	24787116	0	0
11	no-exit/1024/base	emission_exclusive	58709883	2185382	106422336
11	no-exit/1024/base	serialization	19545705	188922	5374495
11	no-exit/1024/base	combined	108746618	2422451	115484904
11	irreducible/64/base	ir	133132	3014	231355
11	irreducible/64/base	cfg	92746	0	0
11	irreducible/64/base	emission_exclusive	369984305	13761714	204732406
11	irreducible/64/base	serialization	4517051	61038	628259
11	irreducible/64/base	combined	374727484	13825766	205592020
11	irreducible/256/base	ir	659557	12045	930636
11	irreducible/256/base	cfg	1122212	0	0
11	irreducible/256/base	emission_exclusive	1068524487	38938265	424485411
11	irreducible/256/base	serialization	4924762	61040	1417299
11	irreducible/256/base	combined	1075231268	39011350	426833346
11	irreducible/1024/base	ir	6237263	48151	3727189
11	irreducible/1024/base	cfg	17934609	0	0
11	irreducible/1024/base	emission_exclusive	2954393182	106343842	1096707811
11	irreducible/1024/base	serialization	6614055	61042	4573269
11	irreducible/1024/base	combined	2985179380	106453035	1105008269
12	linear/64/base	ir	141197	3008	229014
12	linear/64/base	cfg	116280	0	0
12	linear/64/base	emission_exclusive	3525806	132901	2319001
12	linear/64/base	serialization	1145436	12094	341915
12	linear/64/base	combined	4928979	148003	2889930
12	linear/64/light	ir	130276	3415	247192
12	linear/64/light	cfg	88638	0	0
12	linear/64/light	emission_exclusive	3662895	147950	2532872
12	linear/64/light	serialization	1158781	12094	341531
12	linear/64/light	combined	5040700	163459	3121595
12	linear/64/heavy	ir	472183	9622	905081
12	linear/64/heavy	cfg	89379	0	0
12	linear/64/heavy	emission_exclusive	10340451	304273	7017602
12	linear/64/heavy	serialization	3999702	12096	1167973
12	linear/64/heavy	combined	14901825	325991	9090656
12	linear/256/base	ir	620884	12035	920903
12	linear/256/base	cfg	1395779	0	0
12	linear/256/base	emission_exclusive	13118063	526712	12403352
12	linear/256/base	serialization	4425568	47424	1346537
12	linear/256/base	combined	19560414	586171	14670792
12	linear/256/light	ir	696467	13656	991497
12	linear/256/light	cfg	1259982	0	0
12	linear/256/light	emission_exclusive	14282254	587752	13275990
12	linear/256/light	serialization	4405470	47424	1345097
12	linear/256/light	combined	20644293	648832	15612584
12	linear/256/heavy	ir	2737686	38488	3624490
12	linear/256/heavy	cfg	1103577	0	0
12	linear/256/heavy	emission_exclusive	40338327	1209433	31175155
12	linear/256/heavy	serialization	16100241	47426	4650931
12	linear/256/heavy	combined	60279953	1295347	39450576
12	linear/1024/base	ir	5500971	48137	3687888
12	linear/1024/base	cfg	22369004	0	0
12	linear/1024/base	emission_exclusive	52396457	2101884	101426946
12	linear/1024/base	serialization	18358220	188738	5365343
12	linear/1024/base	combined	98624813	2338759	110480177
12	linear/1024/light	ir	6814073	54622	3970450
12	linear/1024/light	cfg	21479802	0	0
12	linear/1024/light	emission_exclusive	56998700	2346883	104935712
12	linear/1024/light	serialization	19379581	188738	5359679
12	linear/1024/light	combined	104672306	2590243	114265841
12	linear/1024/heavy	ir	26586397	153950	14502323
12	linear/1024/heavy	cfg	21487538	0	0
12	linear/1024/heavy	emission_exclusive	161091880	4830132	176508472
12	linear/1024/heavy	serialization	67095479	188740	18583081
12	linear/1024/heavy	combined	276261474	5172822	209593876
12	diamond-chain/64/base	ir	116411	3014	230397
12	diamond-chain/64/base	cfg	104759	0	0
12	diamond-chain/64/base	emission_exclusive	5187668	225845	3714034
12	diamond-chain/64/base	serialization	1354891	17982	373065
12	diamond-chain/64/base	combined	6763879	246841	4317496
12	diamond-chain/64/light	ir	132240	3421	248575
12	diamond-chain/64/light	cfg	101382	0	0
12	diamond-chain/64/light	emission_exclusive	5486613	242545	3960954
12	diamond-chain/64/light	serialization	1340315	17982	372681
12	diamond-chain/64/light	combined	7060700	263948	4582210
12	diamond-chain/64/heavy	ir	384838	9628	906464
12	diamond-chain/64/heavy	cfg	100961	0	0
12	diamond-chain/64/heavy	emission_exclusive	13950807	486163	9978456
12	diamond-chain/64/heavy	serialization	4308115	17984	1199123
12	diamond-chain/64/heavy	combined	18744841	513775	12084043
12	diamond-chain/256/base	ir	639289	12045	926798
12	diamond-chain/256/base	cfg	1199248	0	0
12	diamond-chain/256/base	emission_exclusive	20182730	897470	17597948
12	diamond-chain/256/base	serialization	5320660	70976	1471095
12	diamond-chain/256/base	combined	27342097	980491	19995841
12	diamond-chain/256/light	ir	716835	13666	997392
12	diamond-chain/256/light	cfg	1172167	0	0
12	diamond-chain/256/light	emission_exclusive	21506582	965199	18603715
12	diamond-chain/256/light	serialization	5252751	70976	1469655
12	diamond-chain/256/light	combined	28648446	1049841	21070762
12	diamond-chain/256/heavy	ir	2288928	38498	3630385
12	diamond-chain/256/heavy	cfg	1181935	0	0
12	diamond-chain/256/heavy	emission_exclusive	55529701	1938175	42664308
12	diamond-chain/256/heavy	serialization	17092528	70978	4775489
12	diamond-chain/256/heavy	combined	76093232	2047651	51070182
12	diamond-chain/1024/base	ir	5626388	48151	3711831
12	diamond-chain/1024/base	cfg	20446268	0	0
12	diamond-chain/1024/base	emission_exclusive	84288386	3585414	116314962
12	diamond-chain/1024/base	serialization	22159267	282946	5863533
12	diamond-chain/1024/base	combined	132520610	3916511	125890326
12	diamond-chain/1024/light	ir	7240550	54636	3994393
12	diamond-chain/1024/light	cfg	23476056	0	0
12	diamond-chain/1024/light	emission_exclusive	87685861	3857263	120357625
12	diamond-chain/1024/light	serialization	20574120	282946	5857869
12	diamond-chain/1024/light	combined	138976737	4194845	130209887
12	diamond-chain/1024/heavy	ir	26123813	153964	14526266
12	diamond-chain/1024/heavy	cfg	22749844	0	0
12	diamond-chain/1024/heavy	emission_exclusive	224489558	7747807	216606437
12	diamond-chain/1024/heavy	serialization	68956638	282948	19081271
12	diamond-chain/1024/heavy	combined	342320044	8184719	250213974
12	fan-in/64/base	ir	127861	3012	231834
12	fan-in/64/base	cfg	73028	0	0
12	fan-in/64/base	emission_exclusive	20674079	361039	7738269
12	fan-in/64/base	serialization	3960228	23502	433675
12	fan-in/64/base	combined	24835326	387553	8403778
12	fan-in/256/base	ir	670107	12041	932555
12	fan-in/256/base	cfg	570318	0	0
12	fan-in/256/base	emission_exclusive	78577047	3324668	63227648
12	fan-in/256/base	serialization	900854	8140	1101612
12	fan-in/256/base	combined	80718487	3344849	65261815
12	fan-in/1024/base	ir	7045531	48145	3734868
12	fan-in/1024/base	cfg	10769151	0	0
12	fan-in/1024/base	emission_exclusive	777460616	31527604	618738748
12	fan-in/1024/base	serialization	1795756	8142	4248310
12	fan-in/1024/base	combined	797071234	31583891	626721926
12	nested-loop/64/base	ir	116710	3009	229111
12	nested-loop/64/base	cfg	183818	0	0
12	nested-loop/64/base	emission_exclusive	3999541	149718	2837421
12	nested-loop/64/base	serialization	1247028	13198	348803
12	nested-loop/64/base	combined	5547227	165925	3415335
12	nested-loop/256/base	ir	619652	12036	921000
12	nested-loop/256/base	cfg	2287686	0	0
12	nested-loop/256/base	emission_exclusive	15201291	576567	15976260
12	nested-loop/256/base	serialization	5027706	48528	1356497
12	nested-loop/256/base	combined	23136505	637131	18253757
12	nested-loop/1024/base	ir	5887482	48138	3687985
12	nested-loop/1024/base	cfg	40354680	0	0
12	nested-loop/1024/base	emission_exclusive	59491131	2283847	143759634
12	nested-loop/1024/base	serialization	20802411	189842	5387591
12	nested-loop/1024/base	combined	126535874	2521827	152835210
12	multi-exit/64/base	ir	118795	2990	231132
12	multi-exit/64/base	cfg	81394	0	0
12	multi-exit/64/base	emission_exclusive	25778440	1038325	19436690
12	multi-exit/64/base	serialization	5347411	46594	569880
12	multi-exit/64/base	combined	31326180	1087909	20237702
12	multi-exit/256/base	ir	681519	12025	931853
12	multi-exit/256/base	cfg	562403	0	0
12	multi-exit/256/base	emission_exclusive	111493283	4980175	93574527
12	multi-exit/256/base	serialization	932293	8140	1101950
12	multi-exit/256/base	combined	113669678	5000340	95608330
12	multi-exit/1024/base	ir	6942386	48135	3734166
12	multi-exit/1024/base	cfg	12179869	0	0
12	multi-exit/1024/base	emission_exclusive	881369329	37208916	724828775
12	multi-exit/1024/base	serialization	1851200	8142	4248630
12	multi-exit/1024/base	combined	902343054	37265193	732811571
12	no-exit/64/base	ir	113855	3018	229199
12	no-exit/64/base	cfg	127842	0	0
12	no-exit/64/base	emission_exclusive	3543300	137678	2442687
12	no-exit/64/base	serialization	1257367	12278	343391
12	no-exit/64/base	combined	5042484	152974	3015277
12	no-exit/256/base	ir	615694	12045	921088
12	no-exit/256/base	cfg	1497221	0	0
12	no-exit/256/base	emission_exclusive	13668993	547235	13059068
12	no-exit/256/base	serialization	4852776	47608	1349547
12	no-exit/256/base	combined	20634784	606888	15329703
12	no-exit/1024/base	ir	5866412	48147	3688073
12	no-exit/1024/base	cfg	28181464	0	0
12	no-exit/1024/base	emission_exclusive	56314995	2185382	106422336
12	no-exit/1024/base	serialization	18261899	188922	5374495
12	no-exit/1024/base	combined	108625020	2422451	115484904
12	irreducible/64/base	ir	114827	3014	231355
12	irreducible/64/base	cfg	87355	0	0
12	irreducible/64/base	emission_exclusive	358365841	13761714	204732406
12	irreducible/64/base	serialization	4505348	61038	628259
12	irreducible/64/base	combined	363073633	13825766	205592020
12	irreducible/256/base	ir	657343	12045	930636
12	irreducible/256/base	cfg	1123794	0	0
12	irreducible/256/base	emission_exclusive	1070906303	38938265	424485411
12	irreducible/256/base	serialization	5061691	61040	1417299
12	irreducible/256/base	combined	1077749401	39011350	426833346
12	irreducible/1024/base	ir	6275876	48151	3727189
12	irreducible/1024/base	cfg	19171699	0	0
12	irreducible/1024/base	emission_exclusive	2958201375	106343842	1096707811
12	irreducible/1024/base	serialization	6377799	61042	4573269
12	irreducible/1024/base	combined	2990027029	106453035	1105008269
13	linear/64/base	ir	136688	3008	229014
13	linear/64/base	cfg	113535	0	0
13	linear/64/base	emission_exclusive	3474999	132901	2319001
13	linear/64/base	serialization	1183788	12094	341915
13	linear/64/base	combined	4911916	148003	2889930
13	linear/64/light	ir	125036	3415	247192
13	linear/64/light	cfg	88527	0	0
13	linear/64/light	emission_exclusive	3658047	147950	2532872
13	linear/64/light	serialization	1201552	12094	341531
13	linear/64/light	combined	5073292	163459	3121595
13	linear/64/heavy	ir	464819	9622	905081
13	linear/64/heavy	cfg	89990	0	0
13	linear/64/heavy	emission_exclusive	10350931	304273	7017602
13	linear/64/heavy	serialization	4177609	12096	1167973
13	linear/64/heavy	combined	15083489	325991	9090656
13	linear/256/base	ir	622206	12035	920903
13	linear/256/base	cfg	1449320	0	0
13	linear/256/base	emission_exclusive	13367284	526712	12403352
13	linear/256/base	serialization	4881790	47424	1346537
13	linear/256/base	combined	20320740	586171	14670792
13	linear/256/light	ir	697890	13656	991497
13	linear/256/light	cfg	1316529	0	0
13	linear/256/light	emission_exclusive	14521346	587752	13275990
13	linear/256/light	serialization	4860048	47424	1345097
13	linear/256/light	combined	21395944	648832	15612584
13	linear/256/heavy	ir	2683293	38488	3624490
13	linear/256/heavy	cfg	1153761	0	0
13	linear/256/heavy	emission_exclusive	41934747	1209433	31175155
13	linear/256/heavy	serialization	15749989	47426	4650931
13	linear/256/heavy	combined	61521931	1295347	39450576
13	linear/1024/base	ir	5506932	48137	3687888
13	linear/1024/base	cfg	23072183	0	0
13	linear/1024/base	emission_exclusive	53387802	2101884	101426946
13	linear/1024/base	serialization	18214910	188738	5365343
13	linear/1024/base	combined	100182097	2338759	110480177
13	linear/1024/light	ir	7028920	54622	3970450
13	linear/1024/light	cfg	22468391	0	0
13	linear/1024/light	emission_exclusive	57918489	2346883	104935712
13	linear/1024/light	serialization	18534654	188738	5359679
13	linear/1024/light	combined	105950704	2590243	114265841
13	linear/1024/heavy	ir	26517768	153950	14502323
13	linear/1024/heavy	cfg	21871593	0	0
13	linear/1024/heavy	emission_exclusive	165160995	4830132	176508472
13	linear/1024/heavy	serialization	64812483	188740	18583081
13	linear/1024/heavy	combined	278363019	5172822	209593876
13	diamond-chain/64/base	ir	118904	3014	230397
13	diamond-chain/64/base	cfg	104647	0	0
13	diamond-chain/64/base	emission_exclusive	5323036	225845	3714034
13	diamond-chain/64/base	serialization	1411068	17982	373065
13	diamond-chain/64/base	combined	6957806	246841	4317496
13	diamond-chain/64/light	ir	134995	3421	248575
13	diamond-chain/64/light	cfg	101101	0	0
13	diamond-chain/64/light	emission_exclusive	5688726	242545	3960954
13	diamond-chain/64/light	serialization	1393995	17982	372681
13	diamond-chain/64/light	combined	7318918	263948	4582210
13	diamond-chain/64/heavy	ir	384687	9628	906464
13	diamond-chain/64/heavy	cfg	101471	0	0
13	diamond-chain/64/heavy	emission_exclusive	14282755	486163	9978456
13	diamond-chain/64/heavy	serialization	4320129	17984	1199123
13	diamond-chain/64/heavy	combined	19089203	513775	12084043
13	diamond-chain/256/base	ir	645410	12045	926798
13	diamond-chain/256/base	cfg	1189279	0	0
13	diamond-chain/256/base	emission_exclusive	20608695	897470	17597948
13	diamond-chain/256/base	serialization	5679027	70976	1471095
13	diamond-chain/256/base	combined	28122542	980491	19995841
13	diamond-chain/256/light	ir	722276	13666	997392
13	diamond-chain/256/light	cfg	1177356	0	0
13	diamond-chain/256/light	emission_exclusive	21977013	965199	18603715
13	diamond-chain/256/light	serialization	5679449	70976	1469655
13	diamond-chain/256/light	combined	29556234	1049841	21070762
13	diamond-chain/256/heavy	ir	2378888	38498	3630385
13	diamond-chain/256/heavy	cfg	1196993	0	0
13	diamond-chain/256/heavy	emission_exclusive	56582042	1938175	42664308
13	diamond-chain/256/heavy	serialization	17839189	70978	4775489
13	diamond-chain/256/heavy	combined	77997262	2047651	51070182
13	diamond-chain/1024/base	ir	5982251	48151	3711831
13	diamond-chain/1024/base	cfg	20800719	0	0
13	diamond-chain/1024/base	emission_exclusive	82885253	3585414	116314962
13	diamond-chain/1024/base	serialization	22588408	282946	5863533
13	diamond-chain/1024/base	combined	132256762	3916511	125890326
13	diamond-chain/1024/light	ir	7069988	54636	3994393
13	diamond-chain/1024/light	cfg	17922646	0	0
13	diamond-chain/1024/light	emission_exclusive	88278301	3857263	120357625
13	diamond-chain/1024/light	serialization	22265528	282946	5857869
13	diamond-chain/1024/light	combined	135536663	4194845	130209887
13	diamond-chain/1024/heavy	ir	24358325	153964	14526266
13	diamond-chain/1024/heavy	cfg	20418595	0	0
13	diamond-chain/1024/heavy	emission_exclusive	226152806	7747807	216606437
13	diamond-chain/1024/heavy	serialization	72753177	282948	19081271
13	diamond-chain/1024/heavy	combined	343683223	8184719	250213974
13	fan-in/64/base	ir	138743	3012	231834
13	fan-in/64/base	cfg	78869	0	0
13	fan-in/64/base	emission_exclusive	21049409	361039	7738269
13	fan-in/64/base	serialization	3952884	23502	433675
13	fan-in/64/base	combined	25220195	387553	8403778
13	fan-in/256/base	ir	687650	12041	932555
13	fan-in/256/base	cfg	609793	0	0
13	fan-in/256/base	emission_exclusive	79618618	3324668	63227648
13	fan-in/256/base	serialization	994370	8140	1101612
13	fan-in/256/base	combined	81910641	3344849	65261815
13	fan-in/1024/base	ir	6992271	48145	3734868
13	fan-in/1024/base	cfg	11034594	0	0
13	fan-in/1024/base	emission_exclusive	787391444	31527604	618738748
13	fan-in/1024/base	serialization	1816094	8142	4248310
13	fan-in/1024/base	combined	807234633	31583891	626721926
13	nested-loop/64/base	ir	120137	3009	229111
13	nested-loop/64/base	cfg	190871	0	0
13	nested-loop/64/base	emission_exclusive	4087217	149718	2837421
13	nested-loop/64/base	serialization	1301721	13198	348803
13	nested-loop/64/base	combined	5700106	165925	3415335
13	nested-loop/256/base	ir	614572	12036	921000
13	nested-loop/256/base	cfg	2285221	0	0
13	nested-loop/256/base	emission_exclusive	15296281	576567	15976260
13	nested-loop/256/base	serialization	5075626	48528	1356497
13	nested-loop/256/base	combined	23271820	637131	18253757
13	nested-loop/1024/base	ir	5599708	48138	3687985
13	nested-loop/1024/base	cfg	40365109	0	0
13	nested-loop/1024/base	emission_exclusive	60574440	2283847	143759634
13	nested-loop/1024/base	serialization	20099543	189842	5387591
13	nested-loop/1024/base	combined	126639061	2521827	152835210
13	multi-exit/64/base	ir	119476	2990	231132
13	multi-exit/64/base	cfg	78799	0	0
13	multi-exit/64/base	emission_exclusive	26056095	1038325	19436690
13	multi-exit/64/base	serialization	5584709	46594	569880
13	multi-exit/64/base	combined	31839199	1087909	20237702
13	multi-exit/256/base	ir	696988	12025	931853
13	multi-exit/256/base	cfg	558476	0	0
13	multi-exit/256/base	emission_exclusive	112485540	4980175	93574527
13	multi-exit/256/base	serialization	927915	8140	1101950
13	multi-exit/256/base	combined	114669059	5000340	95608330
13	multi-exit/1024/base	ir	6926997	48135	3734166
13	multi-exit/1024/base	cfg	11948812	0	0
13	multi-exit/1024/base	emission_exclusive	894455785	37208916	724828775
13	multi-exit/1024/base	serialization	1843876	8142	4248630
13	multi-exit/1024/base	combined	915175801	37265193	732811571
13	no-exit/64/base	ir	114576	3018	229199
13	no-exit/64/base	cfg	119546	0	0
13	no-exit/64/base	emission_exclusive	3723891	137678	2442687
13	no-exit/64/base	serialization	1186844	12278	343391
13	no-exit/64/base	combined	5144967	152974	3015277
13	no-exit/256/base	ir	635061	12045	921088
13	no-exit/256/base	cfg	1516187	0	0
13	no-exit/256/base	emission_exclusive	14431987	547235	13059068
13	no-exit/256/base	serialization	4675129	47608	1349547
13	no-exit/256/base	combined	21258474	606888	15329703
13	no-exit/1024/base	ir	5790337	48147	3688073
13	no-exit/1024/base	cfg	27799542	0	0
13	no-exit/1024/base	emission_exclusive	58338843	2185382	106422336
13	no-exit/1024/base	serialization	19231863	188922	5374495
13	no-exit/1024/base	combined	111160905	2422451	115484904
13	irreducible/64/base	ir	122312	3014	231355
13	irreducible/64/base	cfg	91162	0	0
13	irreducible/64/base	emission_exclusive	377619747	13761714	204732406
13	irreducible/64/base	serialization	4651956	61038	628259
13	irreducible/64/base	combined	382485347	13825766	205592020
13	irreducible/256/base	ir	665168	12045	930636
13	irreducible/256/base	cfg	1133383	0	0
13	irreducible/256/base	emission_exclusive	1076348706	38938265	424485411
13	irreducible/256/base	serialization	5215361	61040	1417299
13	irreducible/256/base	combined	1083362858	39011350	426833346
13	irreducible/1024/base	ir	6002710	48151	3727189
13	irreducible/1024/base	cfg	19440728	0	0
13	irreducible/1024/base	emission_exclusive	2972220573	106343842	1096707811
13	irreducible/1024/base	serialization	6456267	61042	4573269
13	irreducible/1024/base	combined	3004120578	106453035	1105008269
14	linear/64/base	ir	140105	3008	229014
14	linear/64/base	cfg	112933	0	0
14	linear/64/base	emission_exclusive	3507823	132901	2319001
14	linear/64/base	serialization	1159222	12094	341915
14	linear/64/base	combined	4920313	148003	2889930
14	linear/64/light	ir	124305	3415	247192
14	linear/64/light	cfg	87546	0	0
14	linear/64/light	emission_exclusive	3647596	147950	2532872
14	linear/64/light	serialization	1163941	12094	341531
14	linear/64/light	combined	5023528	163459	3121595
14	linear/64/heavy	ir	472774	9622	905081
14	linear/64/heavy	cfg	89419	0	0
14	linear/64/heavy	emission_exclusive	10325804	304273	7017602
14	linear/64/heavy	serialization	4130309	12096	1167973
14	linear/64/heavy	combined	15018426	325991	9090656
14	linear/256/base	ir	608540	12035	920903
14	linear/256/base	cfg	1403112	0	0
14	linear/256/base	emission_exclusive	13101222	526712	12403352
14	linear/256/base	serialization	4576593	47424	1346537
14	linear/256/base	combined	19689567	586171	14670792
14	linear/256/light	ir	698912	13656	991497
14	linear/256/light	cfg	1264461	0	0
14	linear/256/light	emission_exclusive	14181984	587752	13275990
14	linear/256/light	serialization	4679257	47424	1345097
14	linear/256/light	combined	20824724	648832	15612584
14	linear/256/heavy	ir	2802368	38488	3624490
14	linear/256/heavy	cfg	1124055	0	0
14	linear/256/heavy	emission_exclusive	40022673	1209433	31175155
14	linear/256/heavy	serialization	16786980	47426	4650931
14	linear/256/heavy	combined	60736206	1295347	39450576
14	linear/1024/base	ir	5710316	48137	3687888
14	linear/1024/base	cfg	22882996	0	0
14	linear/1024/base	emission_exclusive	52417728	2101884	101426946
14	linear/1024/base	serialization	18384540	188738	5365343
14	linear/1024/base	combined	99395871	2338759	110480177
14	linear/1024/light	ir	6942536	54622	3970450
14	linear/1024/light	cfg	21471597	0	0
14	linear/1024/light	emission_exclusive	57057010	2346883	104935712
14	linear/1024/light	serialization	19056811	188738	5359679
14	linear/1024/light	combined	104528165	2590243	114265841
14	linear/1024/heavy	ir	26622026	153950	14502323
14	linear/1024/heavy	cfg	21407286	0	0
14	linear/1024/heavy	emission_exclusive	159074298	4830132	176508472
14	linear/1024/heavy	serialization	64372300	188740	18583081
14	linear/1024/heavy	combined	271476251	5172822	209593876
14	diamond-chain/64/base	ir	116991	3014	230397
14	diamond-chain/64/base	cfg	104297	0	0
14	diamond-chain/64/base	emission_exclusive	5180826	225845	3714034
14	diamond-chain/64/base	serialization	1431036	17982	373065
14	diamond-chain/64/base	combined	6833280	246841	4317496
14	diamond-chain/64/light	ir	124916	3421	248575
14	diamond-chain/64/light	cfg	99819	0	0
14	diamond-chain/64/light	emission_exclusive	5486202	242545	3960954
14	diamond-chain/64/light	serialization	1435234	17982	372681
14	diamond-chain/64/light	combined	7146261	263948	4582210
14	diamond-chain/64/heavy	ir	379828	9628	906464
14	diamond-chain/64/heavy	cfg	100620	0	0
14	diamond-chain/64/heavy	emission_exclusive	14043363	486163	9978456
14	diamond-chain/64/heavy	serialization	4388798	17984	1199123
14	diamond-chain/64/heavy	combined	18912729	513775	12084043
14	diamond-chain/256/base	ir	643937	12045	926798
14	diamond-chain/256/base	cfg	1208945	0	0
14	diamond-chain/256/base	emission_exclusive	20709748	897470	17597948
14	diamond-chain/256/base	serialization	5737097	70976	1471095
14	diamond-chain/256/base	combined	28299897	980491	19995841
14	diamond-chain/256/light	ir	725692	13666	997392
14	diamond-chain/256/light	cfg	1190521	0	0
14	diamond-chain/256/light	emission_exclusive	21939181	965199	18603715
14	diamond-chain/256/light	serialization	5513736	70976	1469655
14	diamond-chain/256/light	combined	29369280	1049841	21070762
14	diamond-chain/256/heavy	ir	2287976	38498	3630385
14	diamond-chain/256/heavy	cfg	1179781	0	0
14	diamond-chain/256/heavy	emission_exclusive	56291362	1938175	42664308
14	diamond-chain/256/heavy	serialization	17660952	70978	4775489
14	diamond-chain/256/heavy	combined	77420211	2047651	51070182
14	diamond-chain/1024/base	ir	5733942	48151	3711831
14	diamond-chain/1024/base	cfg	20694507	0	0
14	diamond-chain/1024/base	emission_exclusive	82764737	3585414	116314962
14	diamond-chain/1024/base	serialization	21426982	282946	5863533
14	diamond-chain/1024/base	combined	130620279	3916511	125890326
14	diamond-chain/1024/light	ir	7018400	54636	3994393
14	diamond-chain/1024/light	cfg	18382747	0	0
14	diamond-chain/1024/light	emission_exclusive	87893272	3857263	120357625
14	diamond-chain/1024/light	serialization	21144500	282946	5857869
14	diamond-chain/1024/light	combined	134439060	4194845	130209887
14	diamond-chain/1024/heavy	ir	24359316	153964	14526266
14	diamond-chain/1024/heavy	cfg	20417695	0	0
14	diamond-chain/1024/heavy	emission_exclusive	224609508	7747807	216606437
14	diamond-chain/1024/heavy	serialization	72296954	282948	19081271
14	diamond-chain/1024/heavy	combined	341683635	8184719	250213974
14	fan-in/64/base	ir	137390	3012	231834
14	fan-in/64/base	cfg	76154	0	0
14	fan-in/64/base	emission_exclusive	20741767	361039	7738269
14	fan-in/64/base	serialization	3882351	23502	433675
14	fan-in/64/base	combined	24837822	387553	8403778
14	fan-in/256/base	ir	677240	12041	932555
14	fan-in/256/base	cfg	578874	0	0
14	fan-in/256/base	emission_exclusive	78920710	3324668	63227648
14	fan-in/256/base	serialization	954264	8140	1101612
14	fan-in/256/base	combined	81131229	3344849	65261815
14	fan-in/1024/base	ir	6720958	48145	3734868
14	fan-in/1024/base	cfg	10798187	0	0
14	fan-in/1024/base	emission_exclusive	783207382	31527604	618738748
14	fan-in/1024/base	serialization	1912766	8142	4248310
14	fan-in/1024/base	combined	802639433	31583891	626721926
14	nested-loop/64/base	ir	114536	3009	229111
14	nested-loop/64/base	cfg	180001	0	0
14	nested-loop/64/base	emission_exclusive	4026582	149718	2837421
14	nested-loop/64/base	serialization	1335836	13198	348803
14	nested-loop/64/base	combined	5657096	165925	3415335
14	nested-loop/256/base	ir	616625	12036	921000
14	nested-loop/256/base	cfg	2264783	0	0
14	nested-loop/256/base	emission_exclusive	15431275	576567	15976260
14	nested-loop/256/base	serialization	5325930	48528	1356497
14	nested-loop/256/base	combined	23638766	637131	18253757
14	nested-loop/1024/base	ir	6146351	48138	3687985
14	nested-loop/1024/base	cfg	40378716	0	0
14	nested-loop/1024/base	emission_exclusive	59717610	2283847	143759634
14	nested-loop/1024/base	serialization	19669861	189842	5387591
14	nested-loop/1024/base	combined	125912788	2521827	152835210
14	multi-exit/64/base	ir	118685	2990	231132
14	multi-exit/64/base	cfg	78990	0	0
14	multi-exit/64/base	emission_exclusive	25814928	1038325	19436690
14	multi-exit/64/base	serialization	5427191	46594	569880
14	multi-exit/64/base	combined	31439955	1087909	20237702
14	multi-exit/256/base	ir	669636	12025	931853
14	multi-exit/256/base	cfg	558626	0	0
14	multi-exit/256/base	emission_exclusive	110882801	4980175	93574527
14	multi-exit/256/base	serialization	928726	8140	1101950
14	multi-exit/256/base	combined	113039949	5000340	95608330
14	multi-exit/1024/base	ir	6704245	48135	3734166
14	multi-exit/1024/base	cfg	11987425	0	0
14	multi-exit/1024/base	emission_exclusive	888097543	37208916	724828775
14	multi-exit/1024/base	serialization	1859425	8142	4248630
14	multi-exit/1024/base	combined	908648889	37265193	732811571
14	no-exit/64/base	ir	113664	3018	229199
14	no-exit/64/base	cfg	121490	0	0
14	no-exit/64/base	emission_exclusive	3687431	137678	2442687
14	no-exit/64/base	serialization	1224234	12278	343391
14	no-exit/64/base	combined	5146952	152974	3015277
14	no-exit/256/base	ir	614512	12045	921088
14	no-exit/256/base	cfg	1500367	0	0
14	no-exit/256/base	emission_exclusive	14313192	547235	13059068
14	no-exit/256/base	serialization	4800146	47608	1349547
14	no-exit/256/base	combined	21228297	606888	15329703
14	no-exit/1024/base	ir	5727640	48147	3688073
14	no-exit/1024/base	cfg	27653335	0	0
14	no-exit/1024/base	emission_exclusive	57452057	2185382	106422336
14	no-exit/1024/base	serialization	18813211	188922	5374495
14	no-exit/1024/base	combined	109646393	2422451	115484904
14	irreducible/64/base	ir	117893	3014	231355
14	irreducible/64/base	cfg	87706	0	0
14	irreducible/64/base	emission_exclusive	373515762	13761714	204732406
14	irreducible/64/base	serialization	4887170	61038	628259
14	irreducible/64/base	combined	378608741	13825766	205592020
14	irreducible/256/base	ir	657514	12045	930636
14	irreducible/256/base	cfg	1154052	0	0
14	irreducible/256/base	emission_exclusive	1073255969	38938265	424485411
14	irreducible/256/base	serialization	5115583	61040	1417299
14	irreducible/256/base	combined	1080183288	39011350	426833346
14	irreducible/1024/base	ir	6038357	48151	3727189
14	irreducible/1024/base	cfg	19262531	0	0
14	irreducible/1024/base	emission_exclusive	2966034428	106343842	1096707811
14	irreducible/1024/base	serialization	6770321	61042	4573269
14	irreducible/1024/base	combined	2998105827	106453035	1105008269
