run	case	phase	nanos	alloc_count	alloc_bytes
0	linear/64/base	ir	138973	3008	229014
0	linear/64/base	cfg	116270	0	0
0	linear/64/base	emission_exclusive	3413494	132901	2319001
0	linear/64/base	serialization	1266334	12094	341915
0	linear/64/base	combined	4935351	148003	2889930
0	linear/64/light	ir	138191	3415	247192
0	linear/64/light	cfg	89159	0	0
0	linear/64/light	emission_exclusive	3607991	147950	2532872
0	linear/64/light	serialization	1226669	12094	341531
0	linear/64/light	combined	5062121	163459	3121595
0	linear/64/heavy	ir	482583	9622	905081
0	linear/64/heavy	cfg	89690	0	0
0	linear/64/heavy	emission_exclusive	10077602	304273	7017602
0	linear/64/heavy	serialization	4469331	12096	1167973
0	linear/64/heavy	combined	15119516	325991	9090656
0	linear/256/base	ir	624440	12035	920903
0	linear/256/base	cfg	1440494	0	0
0	linear/256/base	emission_exclusive	12800170	526712	12403352
0	linear/256/base	serialization	4679216	47424	1346537
0	linear/256/base	combined	19544460	586171	14670792
0	linear/256/light	ir	704512	13656	991497
0	linear/256/light	cfg	1288997	0	0
0	linear/256/light	emission_exclusive	13784662	587752	13275990
0	linear/256/light	serialization	4635103	47424	1345097
0	linear/256/light	combined	20413434	648832	15612584
0	linear/256/heavy	ir	2788562	38488	3624490
0	linear/256/heavy	cfg	1132040	0	0
0	linear/256/heavy	emission_exclusive	39676113	1209433	31175155
0	linear/256/heavy	serialization	16275210	47426	4650931
0	linear/256/heavy	combined	59872075	1295347	39450576
0	linear/1024/base	ir	5660052	48137	3687888
0	linear/1024/base	cfg	22833239	0	0
0	linear/1024/base	emission_exclusive	51252788	2101884	101426946
0	linear/1024/base	serialization	18274600	188738	5365343
0	linear/1024/base	combined	98021031	2338759	110480177
0	linear/1024/light	ir	6986899	54622	3970450
0	linear/1024/light	cfg	21824932	0	0
0	linear/1024/light	emission_exclusive	55613705	2346883	104935712
0	linear/1024/light	serialization	18122813	188738	5359679
0	linear/1024/light	combined	102548699	2590243	114265841
0	linear/1024/heavy	ir	26429819	153950	14502323
0	linear/1024/heavy	cfg	21727378	0	0
0	linear/1024/heavy	emission_exclusive	157514719	4830132	176508472
0	linear/1024/heavy	serialization	68999101	188740	18583081
0	linear/1024/heavy	combined	274671357	5172822	209593876
0	diamond-chain/64/base	ir	132331	3014	230397
0	diamond-chain/64/base	cfg	113635	0	0
0	diamond-chain/64/base	emission_exclusive	5051611	225845	3714034
0	diamond-chain/64/base	serialization	1416528	17982	373065
0	diamond-chain/64/base	combined	6714485	246841	4317496
0	diamond-chain/64/light	ir	132831	3421	248575
0	diamond-chain/64/light	cfg	103406	0	0
0	diamond-chain/64/light	emission_exclusive	5335797	242545	3960954
0	diamond-chain/64/light	serialization	1401019	17982	372681
0	diamond-chain/64/light	combined	6973173	263948	4582210
0	diamond-chain/64/heavy	ir	403603	9628	906464
0	diamond-chain/64/heavy	cfg	100870	0	0
0	diamond-chain/64/heavy	emission_exclusive	13504253	486163	9978456
0	diamond-chain/64/heavy	serialization	4417652	17984	1199123
0	diamond-chain/64/heavy	combined	18426528	513775	12084043
0	diamond-chain/256/base	ir	656071	12045	926798
0	diamond-chain/256/base	cfg	1241376	0	0
0	diamond-chain/256/base	emission_exclusive	19856111	897470	17597948
0	diamond-chain/256/base	serialization	5458981	70976	1471095
0	diamond-chain/256/base	combined	27212659	980491	19995841
0	diamond-chain/256/light	ir	713589	13666	997392
0	diamond-chain/256/light	cfg	1191112	0	0
0	diamond-chain/256/light	emission_exclusive	21249334	965199	18603715
0	diamond-chain/256/light	serialization	5434074	70976	1469655
0	diamond-chain/256/light	combined	28588250	1049841	21070762
0	diamond-chain/256/heavy	ir	2330045	38498	3630385
0	diamond-chain/256/heavy	cfg	1192114	0	0
0	diamond-chain/256/heavy	emission_exclusive	54685950	1938175	42664308
0	diamond-chain/256/heavy	serialization	17319153	70978	4775489
0	diamond-chain/256/heavy	combined	75527412	2047651	51070182
0	diamond-chain/1024/base	ir	5831165	48151	3711831
0	diamond-chain/1024/base	cfg	20875918	0	0
0	diamond-chain/1024/base	emission_exclusive	81990333	3585414	116314962
0	diamond-chain/1024/base	serialization	21545785	282946	5863533
0	diamond-chain/1024/base	combined	130243411	3916511	125890326
0	diamond-chain/1024/light	ir	6835202	54636	3994393
0	diamond-chain/1024/light	cfg	22623171	0	0
0	diamond-chain/1024/light	emission_exclusive	86545886	3857263	120357625
0	diamond-chain/1024/light	serialization	23116565	282946	5857869
0	diamond-chain/1024/light	combined	139121064	4194845	130209887
0	diamond-chain/1024/heavy	ir	26724595	153964	14526266
0	diamond-chain/1024/heavy	cfg	23454384	0	0
0	diamond-chain/1024/heavy	emission_exclusive	221577786	7747807	216606437
0	diamond-chain/1024/heavy	serialization	69133024	282948	19081271
0	diamond-chain/1024/heavy	combined	340890041	8184719	250213974
0	fan-in/64/base	ir	121169	3012	231834
0	fan-in/64/base	cfg	71025	0	0
0	fan-in/64/base	emission_exclusive	19919920	361039	7738269
0	fan-in/64/base	serialization	3806567	23502	433675
0	fan-in/64/base	combined	23918912	387553	8403778
0	fan-in/256/base	ir	670648	12041	932555
0	fan-in/256/base	cfg	548988	0	0
0	fan-in/256/base	emission_exclusive	77888377	3324668	63227648
0	fan-in/256/base	serialization	965616	8140	1101612
0	fan-in/256/base	combined	80073799	3344849	65261815
0	fan-in/1024/base	ir	6755361	48145	3734868
0	fan-in/1024/base	cfg	10464174	0	0
0	fan-in/1024/base	emission_exclusive	767707689	31527604	618738748
0	fan-in/1024/base	serialization	1811084	8142	4248310
0	fan-in/1024/base	combined	786738478	31583891	626721926
0	nested-loop/64/base	ir	110659	3009	229111
0	nested-loop/64/base	cfg	180391	0	0
0	nested-loop/64/base	emission_exclusive	3763656	149718	2837421
0	nested-loop/64/base	serialization	1257387	13198	348803
0	nested-loop/64/base	combined	5312243	165925	3415335
0	nested-loop/256/base	ir	615324	12036	921000
0	nested-loop/256/base	cfg	2253881	0	0
0	nested-loop/256/base	emission_exclusive	14198504	576567	15976260
0	nested-loop/256/base	serialization	4871340	48528	1356497
0	nested-loop/256/base	combined	21939179	637131	18253757
0	nested-loop/1024/base	ir	5549522	48138	3687985
0	nested-loop/1024/base	cfg	40344166	0	0
0	nested-loop/1024/base	emission_exclusive	55607161	2283847	143759634
0	nested-loop/1024/base	serialization	19570160	189842	5387591
0	nested-loop/1024/base	combined	121071259	2521827	152835210
0	multi-exit/64/base	ir	117602	2990	231132
0	multi-exit/64/base	cfg	78999	0	0
0	multi-exit/64/base	emission_exclusive	24642720	1038325	19436690
0	multi-exit/64/base	serialization	5660713	46594	569880
0	multi-exit/64/base	combined	30500194	1087909	20237702
0	multi-exit/256/base	ir	668694	12025	931853
0	multi-exit/256/base	cfg	550551	0	0
0	multi-exit/256/base	emission_exclusive	107886090	4980175	93574527
0	multi-exit/256/base	serialization	937473	8140	1101950
0	multi-exit/256/base	combined	110042938	5000340	95608330
0	multi-exit/1024/base	ir	6856373	48135	3734166
0	multi-exit/1024/base	cfg	12618817	0	0
0	multi-exit/1024/base	emission_exclusive	867164403	37208916	724828775
0	multi-exit/1024/base	serialization	1852142	8142	4248630
0	multi-exit/1024/base	combined	888491905	37265193	732811571
0	no-exit/64/base	ir	112172	3018	229199
0	no-exit/64/base	cfg	120889	0	0
0	no-exit/64/base	emission_exclusive	3537286	137678	2442687
0	no-exit/64/base	serialization	1247929	12278	343391
0	no-exit/64/base	combined	5018378	152974	3015277
0	no-exit/256/base	ir	623038	12045	921088
0	no-exit/256/base	cfg	1501289	0	0
0	no-exit/256/base	emission_exclusive	13701964	547235	13059068
0	no-exit/256/base	serialization	4902019	47608	1349547
0	no-exit/256/base	combined	20728450	606888	15329703
0	no-exit/1024/base	ir	5705015	48147	3688073
0	no-exit/1024/base	cfg	27920527	0	0
0	no-exit/1024/base	emission_exclusive	55304610	2185382	106422336
0	no-exit/1024/base	serialization	19586109	188922	5374495
0	no-exit/1024/base	combined	108516463	2422451	115484904
0	irreducible/64/base	ir	121219	3014	231355
0	irreducible/64/base	cfg	92425	0	0
0	irreducible/64/base	emission_exclusive	365860261	13761714	204732406
0	irreducible/64/base	serialization	4841443	61038	628259
0	irreducible/64/base	combined	370915508	13825766	205592020
0	irreducible/256/base	ir	647464	12045	930636
0	irreducible/256/base	cfg	1137060	0	0
0	irreducible/256/base	emission_exclusive	1058679835	38938265	424485411
0	irreducible/256/base	serialization	5218927	61040	1417299
0	irreducible/256/base	combined	1065683457	39011350	426833346
0	irreducible/1024/base	ir	6054297	48151	3727189
0	irreducible/1024/base	cfg	20129718	0	0
0	irreducible/1024/base	emission_exclusive	2944964638	106343842	1096707811
0	irreducible/1024/base	serialization	6644052	61042	4573269
0	irreducible/1024/base	combined	2977792905	106453035	1105008269
1	linear/64/base	ir	142279	3008	229014
1	linear/64/base	cfg	122081	0	0
1	linear/64/base	emission_exclusive	3418984	132901	2319001
1	linear/64/base	serialization	1182506	12094	341915
1	linear/64/base	combined	4866140	148003	2889930
1	linear/64/light	ir	125317	3415	247192
1	linear/64/light	cfg	92054	0	0
1	linear/64/light	emission_exclusive	3552036	147950	2532872
1	linear/64/light	serialization	1197183	12094	341531
1	linear/64/light	combined	4966710	163459	3121595
1	linear/64/heavy	ir	489436	9622	905081
1	linear/64/heavy	cfg	90532	0	0
1	linear/64/heavy	emission_exclusive	10017769	304273	7017602
1	linear/64/heavy	serialization	4157791	12096	1167973
1	linear/64/heavy	combined	14755658	325991	9090656
1	linear/256/base	ir	614823	12035	920903
1	linear/256/base	cfg	1426367	0	0
1	linear/256/base	emission_exclusive	12802354	526712	12403352
1	linear/256/base	serialization	4510047	47424	1346537
1	linear/256/base	combined	19353681	586171	14670792
1	linear/256/light	ir	731894	13656	991497
1	linear/256/light	cfg	1232831	0	0
1	linear/256/light	emission_exclusive	13852218	587752	13275990
1	linear/256/light	serialization	4642769	47424	1345097
1	linear/256/light	combined	20459832	648832	15612584
1	linear/256/heavy	ir	2559509	38488	3624490
1	linear/256/heavy	cfg	1120770	0	0
1	linear/256/heavy	emission_exclusive	39582455	1209433	31175155
1	linear/256/heavy	serialization	16004809	47426	4650931
1	linear/256/heavy	combined	59267703	1295347	39450576
1	linear/1024/base	ir	5721627	48137	3687888
1	linear/1024/base	cfg	22724032	0	0
1	linear/1024/base	emission_exclusive	51372888	2101884	101426946
1	linear/1024/base	serialization	19313394	188738	5365343
1	linear/1024/base	combined	99132132	2338759	110480177
1	linear/1024/light	ir	7011487	54622	3970450
1	linear/1024/light	cfg	22111504	0	0
1	linear/1024/light	emission_exclusive	56194593	2346883	104935712
1	linear/1024/light	serialization	19236459	188738	5359679
1	linear/1024/light	combined	104554364	2590243	114265841
1	linear/1024/heavy	ir	26382420	153950	14502323
1	linear/1024/heavy	cfg	21622060	0	0
1	linear/1024/heavy	emission_exclusive	158345342	4830132	176508472
1	linear/1024/heavy	serialization	64713679	188740	18583081
1	linear/1024/heavy	combined	271063821	5172822	209593876
1	diamond-chain/64/base	ir	115208	3014	230397
1	diamond-chain/64/base	cfg	103536	0	0
1	diamond-chain/64/base	emission_exclusive	5115522	225845	3714034
1	diamond-chain/64/base	serialization	1440824	17982	373065
1	diamond-chain/64/base	combined	6775240	246841	4317496
1	diamond-chain/64/light	ir	131048	3421	248575
1	diamond-chain/64/light	cfg	100009	0	0
1	diamond-chain/64/light	emission_exclusive	5526369	242545	3960954
1	diamond-chain/64/light	serialization	1437638	17982	372681
1	diamond-chain/64/light	combined	7195174	263948	4582210
1	diamond-chain/64/heavy	ir	384427	9628	906464
1	diamond-chain/64/heavy	cfg	99779	0	0
1	diamond-chain/64/heavy	emission_exclusive	13706143	486163	9978456
1	diamond-chain/64/heavy	serialization	4550463	17984	1199123
1	diamond-chain/64/heavy	combined	18740972	513775	12084043
1	diamond-chain/256/base	ir	617307	12045	926798
1	diamond-chain/256/base	cfg	1201211	0	0
1	diamond-chain/256/base	emission_exclusive	19840491	897470	17597948
1	diamond-chain/256/base	serialization	5734853	70976	1471095
1	diamond-chain/256/base	combined	27393972	980491	19995841
1	diamond-chain/256/light	ir	717326	13666	997392
1	diamond-chain/256/light	cfg	1192144	0	0
1	diamond-chain/256/light	emission_exclusive	21477335	965199	18603715
1	diamond-chain/256/light	serialization	5398096	70976	1469655
1	diamond-chain/256/light	combined	28785032	1049841	21070762
1	diamond-chain/256/heavy	ir	2384899	38498	3630385
1	diamond-chain/256/heavy	cfg	1195340	0	0
1	diamond-chain/256/heavy	emission_exclusive	54182489	1938175	42664308
1	diamond-chain/256/heavy	serialization	17345604	70978	4775489
1	diamond-chain/256/heavy	combined	75108452	2047651	51070182
1	diamond-chain/1024/base	ir	5903681	48151	3711831
1	diamond-chain/1024/base	cfg	20901507	0	0
1	diamond-chain/1024/base	emission_exclusive	80586439	3585414	116314962
1	diamond-chain/1024/base	serialization	22555164	282946	5863533
1	diamond-chain/1024/base	combined	129946981	3916511	125890326
1	diamond-chain/1024/light	ir	7119521	54636	3994393
1	diamond-chain/1024/light	cfg	18577884	0	0
1	diamond-chain/1024/light	emission_exclusive	86540966	3857263	120357625
1	diamond-chain/1024/light	serialization	22112225	282946	5857869
1	diamond-chain/1024/light	combined	134350757	4194845	130209887
1	diamond-chain/1024/heavy	ir	24215062	153964	14526266
1	diamond-chain/1024/heavy	cfg	20327642	0	0
1	diamond-chain/1024/heavy	emission_exclusive	221866968	7747807	216606437
1	diamond-chain/1024/heavy	serialization	72047585	282948	19081271
1	diamond-chain/1024/heavy	combined	338457427	8184719	250213974
1	fan-in/64/base	ir	136799	3012	231834
1	fan-in/64/base	cfg	76725	0	0
1	fan-in/64/base	emission_exclusive	20039838	361039	7738269
1	fan-in/64/base	serialization	4024879	23502	433675
1	fan-in/64/base	combined	24278391	387553	8403778
1	fan-in/256/base	ir	678694	12041	932555
1	fan-in/256/base	cfg	584275	0	0
1	fan-in/256/base	emission_exclusive	78084379	3324668	63227648
1	fan-in/256/base	serialization	975183	8140	1101612
1	fan-in/256/base	combined	80322731	3344849	65261815
1	fan-in/1024/base	ir	6728551	48145	3734868
1	fan-in/1024/base	cfg	10805670	0	0
1	fan-in/1024/base	emission_exclusive	768991808	31527604	618738748
1	fan-in/1024/base	serialization	1812738	8142	4248310
1	fan-in/1024/base	combined	788338937	31583891	626721926
1	nested-loop/64/base	ir	113204	3009	229111
1	nested-loop/64/base	cfg	183537	0	0
1	nested-loop/64/base	emission_exclusive	3972691	149718	2837421
1	nested-loop/64/base	serialization	1412029	13198	348803
1	nested-loop/64/base	combined	5681581	165925	3415335
1	nested-loop/256/base	ir	623098	12036	921000
1	nested-loop/256/base	cfg	2291953	0	0
1	nested-loop/256/base	emission_exclusive	14876256	576567	15976260
1	nested-loop/256/base	serialization	5394580	48528	1356497
1	nested-loop/256/base	combined	23185997	637131	18253757
1	nested-loop/1024/base	ir	5566975	48138	3687985
1	nested-loop/1024/base	cfg	41237295	0	0
1	nested-loop/1024/base	emission_exclusive	58549495	2283847	143759634
1	nested-loop/1024/base	serialization	20904212	189842	5387591
1	nested-loop/1024/base	combined	126258177	2521827	152835210
1	multi-exit/64/base	ir	123063	2990	231132
1	multi-exit/64/base	cfg	83979	0	0
1	multi-exit/64/base	emission_exclusive	25215754	1038325	19436690
1	multi-exit/64/base	serialization	5956711	46594	569880
1	multi-exit/64/base	combined	31379627	1087909	20237702
1	multi-exit/256/base	ir	668954	12025	931853
1	multi-exit/256/base	cfg	578314	0	0
1	multi-exit/256/base	emission_exclusive	109776897	4980175	93574527
1	multi-exit/256/base	serialization	952541	8140	1101950
1	multi-exit/256/base	combined	111976877	5000340	95608330
1	multi-exit/1024/base	ir	6719464	48135	3734166
1	multi-exit/1024/base	cfg	12372242	0	0
1	multi-exit/1024/base	emission_exclusive	873150384	37208916	724828775
1	multi-exit/1024/base	serialization	1849016	8142	4248630
1	multi-exit/1024/base	combined	894091276	37265193	732811571
1	no-exit/64/base	ir	112964	3018	229199
1	no-exit/64/base	cfg	120859	0	0
1	no-exit/64/base	emission_exclusive	3607129	137678	2442687
1	no-exit/64/base	serialization	1296982	12278	343391
1	no-exit/64/base	combined	5138044	152974	3015277
1	no-exit/256/base	ir	618750	12045	921088
1	no-exit/256/base	cfg	1501880	0	0
1	no-exit/256/base	emission_exclusive	13930136	547235	13059068
1	no-exit/256/base	serialization	5039378	47608	1349547
1	no-exit/256/base	combined	21090234	606888	15329703
1	no-exit/1024/base	ir	5872492	48147	3688073
1	no-exit/1024/base	cfg	27824616	0	0
1	no-exit/1024/base	emission_exclusive	55852757	2185382	106422336
1	no-exit/1024/base	serialization	19552417	188922	5374495
1	no-exit/1024/base	combined	109102392	2422451	115484904
1	irreducible/64/base	ir	117983	3014	231355
1	irreducible/64/base	cfg	88106	0	0
1	irreducible/64/base	emission_exclusive	367747034	13761714	204732406
1	irreducible/64/base	serialization	4877482	61038	628259
1	irreducible/64/base	combined	372830765	13825766	205592020
1	irreducible/256/base	ir	652534	12045	930636
1	irreducible/256/base	cfg	1134956	0	0
1	irreducible/256/base	emission_exclusive	1078472403	38938265	424485411
1	irreducible/256/base	serialization	5157652	61040	1417299
1	irreducible/256/base	combined	1085417775	39011350	426833346
1	irreducible/1024/base	ir	6369521	48151	3727189
1	irreducible/1024/base	cfg	19767253	0	0
1	irreducible/1024/base	emission_exclusive	2968511273	106343842	1096707811
1	irreducible/1024/base	serialization	6560844	61042	4573269
1	irreducible/1024/base	combined	3001209523	106453035	1105008269
2	linear/64/base	ir	137239	3008	229014
2	linear/64/base	cfg	111842	0	0
2	linear/64/base	emission_exclusive	3493235	132901	2319001
2	linear/64/base	serialization	1222822	12094	341915
2	linear/64/base	combined	4965388	148003	2889930
2	linear/64/light	ir	127101	3415	247192
2	linear/64/light	cfg	88036	0	0
2	linear/64/light	emission_exclusive	3725975	147950	2532872
2	linear/64/light	serialization	1265432	12094	341531
2	linear/64/light	combined	5206684	163459	3121595
2	linear/64/heavy	ir	465360	9622	905081
2	linear/64/heavy	cfg	89459	0	0
2	linear/64/heavy	emission_exclusive	10339198	304273	7017602
2	linear/64/heavy	serialization	4301923	12096	1167973
2	linear/64/heavy	combined	15196130	325991	9090656
2	linear/256/base	ir	609422	12035	920903
2	linear/256/base	cfg	1425585	0	0
2	linear/256/base	emission_exclusive	13149962	526712	12403352
2	linear/256/base	serialization	4721968	47424	1346537
2	linear/256/base	combined	19907117	586171	14670792
2	linear/256/light	ir	696698	13656	991497
2	linear/256/light	cfg	1296171	0	0
2	linear/256/light	emission_exclusive	14261342	587752	13275990
2	linear/256/light	serialization	4650793	47424	1345097
2	linear/256/light	combined	20905144	648832	15612584
2	linear/256/heavy	ir	2738027	38488	3624490
2	linear/256/heavy	cfg	1106061	0	0
2	linear/256/heavy	emission_exclusive	40093241	1209433	31175155
2	linear/256/heavy	serialization	16865006	47426	4650931
2	linear/256/heavy	combined	60802485	1295347	39450576
2	linear/1024/base	ir	5488697	48137	3687888
2	linear/1024/base	cfg	23313197	0	0
2	linear/1024/base	emission_exclusive	52535265	2101884	101426946
2	linear/1024/base	serialization	19754809	188738	5365343
2	linear/1024/base	combined	101092288	2338759	110480177
2	linear/1024/light	ir	6848358	54622	3970450
2	linear/1024/light	cfg	22655293	0	0
2	linear/1024/light	emission_exclusive	57298711	2346883	104935712
2	linear/1024/light	serialization	19652847	188738	5359679
2	linear/1024/light	combined	106455589	2590243	114265841
2	linear/1024/heavy	ir	26876023	153950	14502323
2	linear/1024/heavy	cfg	22480472	0	0
2	linear/1024/heavy	emission_exclusive	162841956	4830132	176508472
2	linear/1024/heavy	serialization	70939751	188740	18583081
2	linear/1024/heavy	combined	283138722	5172822	209593876
2	diamond-chain/64/base	ir	141167	3014	230397
2	diamond-chain/64/base	cfg	111230	0	0
2	diamond-chain/64/base	emission_exclusive	6280384	225845	3714034
2	diamond-chain/64/base	serialization	1362566	17982	373065
2	diamond-chain/64/base	combined	7895697	246841	4317496
2	diamond-chain/64/light	ir	134955	3421	248575
2	diamond-chain/64/light	cfg	106411	0	0
2	diamond-chain/64/light	emission_exclusive	5972132	242545	3960954
2	diamond-chain/64/light	serialization	1335364	17982	372681
2	diamond-chain/64/light	combined	7549012	263948	4582210
2	diamond-chain/64/heavy	ir	402150	9628	906464
2	diamond-chain/64/heavy	cfg	102554	0	0
2	diamond-chain/64/heavy	emission_exclusive	13779773	486163	9978456
2	diamond-chain/64/heavy	serialization	4152410	17984	1199123
2	diamond-chain/64/heavy	combined	18437037	513775	12084043
2	diamond-chain/256/base	ir	639129	12045	926798
2	diamond-chain/256/base	cfg	1281723	0	0
2	diamond-chain/256/base	emission_exclusive	19984503	897470	17597948
2	diamond-chain/256/base	serialization	5328966	70976	1471095
2	diamond-chain/256/base	combined	27234451	980491	19995841
2	diamond-chain/256/light	ir	713740	13666	997392
2	diamond-chain/256/light	cfg	1207713	0	0
2	diamond-chain/256/light	emission_exclusive	21455064	965199	18603715
2	diamond-chain/256/light	serialization	5543872	70976	1469655
2	diamond-chain/256/light	combined	28920509	1049841	21070762
2	diamond-chain/256/heavy	ir	2563347	38498	3630385
2	diamond-chain/256/heavy	cfg	1237009	0	0
2	diamond-chain/256/heavy	emission_exclusive	54944029	1938175	42664308
2	diamond-chain/256/heavy	serialization	17715093	70978	4775489
2	diamond-chain/256/heavy	combined	76459718	2047651	51070182
2	diamond-chain/1024/base	ir	6335277	48151	3711831
2	diamond-chain/1024/base	cfg	21719393	0	0
2	diamond-chain/1024/base	emission_exclusive	82412312	3585414	116314962
2	diamond-chain/1024/base	serialization	21400179	282946	5863533
2	diamond-chain/1024/base	combined	131867432	3916511	125890326
2	diamond-chain/1024/light	ir	7017478	54636	3994393
2	diamond-chain/1024/light	cfg	19647797	0	0
2	diamond-chain/1024/light	emission_exclusive	87516532	3857263	120357625
2	diamond-chain/1024/light	serialization	22387787	282946	5857869
2	diamond-chain/1024/light	combined	136570014	4194845	130209887
2	diamond-chain/1024/heavy	ir	24917230	153964	14526266
2	diamond-chain/1024/heavy	cfg	21746294	0	0
2	diamond-chain/1024/heavy	emission_exclusive	226505991	7747807	216606437
2	diamond-chain/1024/heavy	serialization	68831855	282948	19081271
2	diamond-chain/1024/heavy	combined	342001690	8184719	250213974
2	fan-in/64/base	ir	141828	3012	231834
2	fan-in/64/base	cfg	78058	0	0
2	fan-in/64/base	emission_exclusive	20135449	361039	7738269
2	fan-in/64/base	serialization	3901265	23502	433675
2	fan-in/64/base	combined	24256791	387553	8403778
2	fan-in/256/base	ir	679014	12041	932555
2	fan-in/256/base	cfg	589605	0	0
2	fan-in/256/base	emission_exclusive	78487391	3324668	63227648
2	fan-in/256/base	serialization	978750	8140	1101612
2	fan-in/256/base	combined	80734900	3344849	65261815
2	fan-in/1024/base	ir	6914343	48145	3734868
2	fan-in/1024/base	cfg	11133149	0	0
2	fan-in/1024/base	emission_exclusive	775934167	31527604	618738748
2	fan-in/1024/base	serialization	1826152	8142	4248310
2	fan-in/1024/base	combined	795807982	31583891	626721926
2	nested-loop/64/base	ir	112783	3009	229111
2	nested-loop/64/base	cfg	182445	0	0
2	nested-loop/64/base	emission_exclusive	3947884	149718	2837421
2	nested-loop/64/base	serialization	1326017	13198	348803
2	nested-loop/64/base	combined	5569269	165925	3415335
2	nested-loop/256/base	ir	621054	12036	921000
2	nested-loop/256/base	cfg	2272316	0	0
2	nested-loop/256/base	emission_exclusive	14883920	576567	15976260
2	nested-loop/256/base	serialization	5251389	48528	1356497
2	nested-loop/256/base	combined	23028809	637131	18253757
2	nested-loop/1024/base	ir	5581732	48138	3687985
2	nested-loop/1024/base	cfg	40373331	0	0
2	nested-loop/1024/base	emission_exclusive	58830668	2283847	143759634
2	nested-loop/1024/base	serialization	20777182	189842	5387591
2	nested-loop/1024/base	combined	125563123	2521827	152835210
2	multi-exit/64/base	ir	119005	2990	231132
2	multi-exit/64/base	cfg	84089	0	0
2	multi-exit/64/base	emission_exclusive	25775152	1038325	19436690
2	multi-exit/64/base	serialization	5759248	46594	569880
2	multi-exit/64/base	combined	31737714	1087909	20237702
2	multi-exit/256/base	ir	678213	12025	931853
2	multi-exit/256/base	cfg	561121	0	0
2	multi-exit/256/base	emission_exclusive	110490767	4980175	93574527
2	multi-exit/256/base	serialization	955597	8140	1101950
2	multi-exit/256/base	combined	112685838	5000340	95608330
2	multi-exit/1024/base	ir	6688245	48135	3734166
2	multi-exit/1024/base	cfg	12194264	0	0
2	multi-exit/1024/base	emission_exclusive	875701533	37208916	724828775
2	multi-exit/1024/base	serialization	1847854	8142	4248630
2	multi-exit/1024/base	combined	896432136	37265193	732811571
2	no-exit/64/base	ir	114406	3018	229199
2	no-exit/64/base	cfg	119045	0	0
2	no-exit/64/base	emission_exclusive	3672645	137678	2442687
2	no-exit/64/base	serialization	1240425	12278	343391
2	no-exit/64/base	combined	5146641	152974	3015277
2	no-exit/256/base	ir	629971	12045	921088
2	no-exit/256/base	cfg	1511588	0	0
2	no-exit/256/base	emission_exclusive	14018363	547235	13059068
2	no-exit/256/base	serialization	4796970	47608	1349547
2	no-exit/256/base	combined	20957022	606888	15329703
2	no-exit/1024/base	ir	5894945	48147	3688073
2	no-exit/1024/base	cfg	28007101	0	0
2	no-exit/1024/base	emission_exclusive	57066352	2185382	106422336
2	no-exit/1024/base	serialization	18937634	188922	5374495
2	no-exit/1024/base	combined	109906603	2422451	115484904
2	irreducible/64/base	ir	118344	3014	231355
2	irreducible/64/base	cfg	89239	0	0
2	irreducible/64/base	emission_exclusive	369511471	13761714	204732406
2	irreducible/64/base	serialization	4721556	61038	628259
2	irreducible/64/base	combined	374440790	13825766	205592020
2	irreducible/256/base	ir	651141	12045	930636
2	irreducible/256/base	cfg	1132181	0	0
2	irreducible/256/base	emission_exclusive	1070825672	38938265	424485411
2	irreducible/256/base	serialization	5204540	61040	1417299
2	irreducible/256/base	combined	1077813694	39011350	426833346
2	irreducible/1024/base	ir	6047613	48151	3727189
2	irreducible/1024/base	cfg	19618512	0	0
2	irreducible/1024/base	emission_exclusive	2960454386	106343842	1096707811
2	irreducible/1024/base	serialization	6958907	61042	4573269
2	irreducible/1024/base	combined	2993079658	106453035	1105008269
3	linear/64/base	ir	139563	3008	229014
3	linear/64/base	cfg	127150	0	0
3	linear/64/base	emission_exclusive	3469009	132901	2319001
3	linear/64/base	serialization	1194718	12094	341915
3	linear/64/base	combined	4930772	148003	2889930
3	linear/64/light	ir	126158	3415	247192
3	linear/64/light	cfg	90582	0	0
3	linear/64/light	emission_exclusive	3676310	147950	2532872
3	linear/64/light	serialization	1194930	12094	341531
3	linear/64/light	combined	5088110	163459	3121595
3	linear/64/heavy	ir	485368	9622	905081
3	linear/64/heavy	cfg	90821	0	0
3	linear/64/heavy	emission_exclusive	10324871	304273	7017602
3	linear/64/heavy	serialization	4152892	12096	1167973
3	linear/64/heavy	combined	15054092	325991	9090656
3	linear/256/base	ir	606437	12035	920903
3	linear/256/base	cfg	1403934	0	0
3	linear/256/base	emission_exclusive	13163157	526712	12403352
3	linear/256/base	serialization	4564080	47424	1346537
3	linear/256/base	combined	19737728	586171	14670792
3	linear/256/light	ir	696848	13656	991497
3	linear/256/light	cfg	1226289	0	0
3	linear/256/light	emission_exclusive	14281140	587752	13275990
3	linear/256/light	serialization	4487474	47424	1345097
3	linear/256/light	combined	20691891	648832	15612584
3	linear/256/heavy	ir	2533490	38488	3624490
3	linear/256/heavy	cfg	1129375	0	0
3	linear/256/heavy	emission_exclusive	40909465	1209433	31175155
3	linear/256/heavy	serialization	16730542	47426	4650931
3	linear/256/heavy	combined	61303002	1295347	39450576
3	linear/1024/base	ir	5727759	48137	3687888
3	linear/1024/base	cfg	23081048	0	0
3	linear/1024/base	emission_exclusive	51898602	2101884	101426946
3	linear/1024/base	serialization	19402313	188738	5365343
3	linear/1024/base	combined	100110003	2338759	110480177
3	linear/1024/light	ir	6857344	54622	3970450
3	linear/1024/light	cfg	22009302	0	0
3	linear/1024/light	emission_exclusive	56357151	2346883	104935712
3	linear/1024/light	serialization	19941202	188738	5359679
3	linear/1024/light	combined	105165601	2590243	114265841
3	linear/1024/heavy	ir	26583620	153950	14502323
3	linear/1024/heavy	cfg	21542469	0	0
3	linear/1024/heavy	emission_exclusive	160635536	4830132	176508472
3	linear/1024/heavy	serialization	69675041	188740	18583081
3	linear/1024/heavy	combined	278437016	5172822	209593876
3	diamond-chain/64/base	ir	116230	3014	230397
3	diamond-chain/64/base	cfg	104839	0	0
3	diamond-chain/64/base	emission_exclusive	5226902	225845	3714034
3	diamond-chain/64/base	serialization	1427188	17982	373065
3	diamond-chain/64/base	combined	6875309	246841	4317496
3	diamond-chain/64/light	ir	128693	3421	248575
3	diamond-chain/64/light	cfg	102574	0	0
3	diamond-chain/64/light	emission_exclusive	5541998	242545	3960954
3	diamond-chain/64/light	serialization	1409114	17982	372681
3	diamond-chain/64/light	combined	7182499	263948	4582210
3	diamond-chain/64/heavy	ir	380720	9628	906464
3	diamond-chain/64/heavy	cfg	102503	0	0
3	diamond-chain/64/heavy	emission_exclusive	13910872	486163	9978456
3	diamond-chain/64/heavy	serialization	4496280	17984	1199123
3	diamond-chain/64/heavy	combined	18890535	513775	12084043
3	diamond-chain/256/base	ir	631894	12045	926798
3	diamond-chain/256/base	cfg	1223252	0	0
3	diamond-chain/256/base	emission_exclusive	20097368	897470	17597948
3	diamond-chain/256/base	serialization	5594066	70976	1471095
3	diamond-chain/256/base	combined	27546691	980491	19995841
3	diamond-chain/256/light	ir	717677	13666	997392
3	diamond-chain/256/light	cfg	1220758	0	0
3	diamond-chain/256/light	emission_exclusive	21531539	965199	18603715
3	diamond-chain/256/light	serialization	5582003	70976	1469655
3	diamond-chain/256/light	combined	29052107	1049841	21070762
3	diamond-chain/256/heavy	ir	2373788	38498	3630385
3	diamond-chain/256/heavy	cfg	1258730	0	0
3	diamond-chain/256/heavy	emission_exclusive	55915346	1938175	42664308
3	diamond-chain/256/heavy	serialization	17744799	70978	4775489
3	diamond-chain/256/heavy	combined	77292803	2047651	51070182
3	diamond-chain/1024/base	ir	5943737	48151	3711831
3	diamond-chain/1024/base	cfg	20997299	0	0
3	diamond-chain/1024/base	emission_exclusive	82290010	3585414	116314962
3	diamond-chain/1024/base	serialization	22857896	282946	5863533
3	diamond-chain/1024/base	combined	132089174	3916511	125890326
3	diamond-chain/1024/light	ir	7205123	54636	3994393
3	diamond-chain/1024/light	cfg	18076476	0	0
3	diamond-chain/1024/light	emission_exclusive	87376338	3857263	120357625
3	diamond-chain/1024/light	serialization	22278862	282946	5857869
3	diamond-chain/1024/light	combined	134936959	4194845	130209887
3	diamond-chain/1024/heavy	ir	24315042	153964	14526266
3	diamond-chain/1024/heavy	cfg	20424386	0	0
3	diamond-chain/1024/heavy	emission_exclusive	227283773	7747807	216606437
3	diamond-chain/1024/heavy	serialization	71300183	282948	19081271
3	diamond-chain/1024/heavy	combined	343323645	8184719	250213974
3	fan-in/64/base	ir	123474	3012	231834
3	fan-in/64/base	cfg	73659	0	0
3	fan-in/64/base	emission_exclusive	19956491	361039	7738269
3	fan-in/64/base	serialization	3778083	23502	433675
3	fan-in/64/base	combined	23931837	387553	8403778
3	fan-in/256/base	ir	673063	12041	932555
3	fan-in/256/base	cfg	559087	0	0
3	fan-in/256/base	emission_exclusive	78520534	3324668	63227648
3	fan-in/256/base	serialization	960967	8140	1101612
3	fan-in/256/base	combined	80713831	3344849	65261815
3	fan-in/1024/base	ir	7182450	48145	3734868
3	fan-in/1024/base	cfg	11090618	0	0
3	fan-in/1024/base	emission_exclusive	767170601	31527604	618738748
3	fan-in/1024/base	serialization	1803891	8142	4248310
3	fan-in/1024/base	combined	787247800	31583891	626721926
3	nested-loop/64/base	ir	111591	3009	229111
3	nested-loop/64/base	cfg	180672	0	0
3	nested-loop/64/base	emission_exclusive	3970326	149718	2837421
3	nested-loop/64/base	serialization	1293346	13198	348803
3	nested-loop/64/base	combined	5556065	165925	3415335
3	nested-loop/256/base	ir	620132	12036	921000
3	nested-loop/256/base	cfg	2308866	0	0
3	nested-loop/256/base	emission_exclusive	14842982	576567	15976260
3	nested-loop/256/base	serialization	4905414	48528	1356497
3	nested-loop/256/base	combined	22677495	637131	18253757
3	nested-loop/1024/base	ir	5580691	48138	3687985
3	nested-loop/1024/base	cfg	40769411	0	0
3	nested-loop/1024/base	emission_exclusive	57983044	2283847	143759634
3	nested-loop/1024/base	serialization	19767063	189842	5387591
3	nested-loop/1024/base	combined	124100611	2521827	152835210
3	multi-exit/64/base	ir	117282	2990	231132
3	multi-exit/64/base	cfg	81003	0	0
3	multi-exit/64/base	emission_exclusive	25456329	1038325	19436690
3	multi-exit/64/base	serialization	5905365	46594	569880
3	multi-exit/64/base	combined	31560109	1087909	20237702
3	multi-exit/256/base	ir	668383	12025	931853
3	multi-exit/256/base	cfg	556893	0	0
3	multi-exit/256/base	emission_exclusive	110506379	4980175	93574527
3	multi-exit/256/base	serialization	952491	8140	1101950
3	multi-exit/256/base	combined	112684306	5000340	95608330
3	multi-exit/1024/base	ir	7093101	48135	3734166
3	multi-exit/1024/base	cfg	11836528	0	0
3	multi-exit/1024/base	emission_exclusive	880860670	37208916	724828775
3	multi-exit/1024/base	serialization	1883591	8142	4248630
3	multi-exit/1024/base	combined	901674050	37265193	732811571
3	no-exit/64/base	ir	115729	3018	229199
3	no-exit/64/base	cfg	123935	0	0
3	no-exit/64/base	emission_exclusive	3636565	137678	2442687
3	no-exit/64/base	serialization	1336387	12278	343391
3	no-exit/64/base	combined	5212756	152974	3015277
3	no-exit/256/base	ir	627487	12045	921088
3	no-exit/256/base	cfg	1507149	0	0
3	no-exit/256/base	emission_exclusive	14164320	547235	13059068
3	no-exit/256/base	serialization	5235659	47608	1349547
3	no-exit/256/base	combined	21534715	606888	15329703
3	no-exit/1024/base	ir	5682594	48147	3688073
3	no-exit/1024/base	cfg	28683000	0	0
3	no-exit/1024/base	emission_exclusive	54753760	2185382	106422336
3	no-exit/1024/base	serialization	19391342	188922	5374495
3	no-exit/1024/base	combined	108511367	2422451	115484904
3	irreducible/64/base	ir	117191	3014	231355
3	irreducible/64/base	cfg	91924	0	0
3	irreducible/64/base	emission_exclusive	357797641	13761714	204732406
3	irreducible/64/base	serialization	4782302	61038	628259
3	irreducible/64/base	combined	362789288	13825766	205592020
3	irreducible/256/base	ir	643437	12045	930636
3	irreducible/256/base	cfg	1161105	0	0
3	irreducible/256/base	emission_exclusive	1064554682	38938265	424485411
3	irreducible/256/base	serialization	5477696	61040	1417299
3	irreducible/256/base	combined	1071837170	39011350	426833346
3	irreducible/1024/base	ir	6461236	48151	3727189
3	irreducible/1024/base	cfg	19816005	0	0
3	irreducible/1024/base	emission_exclusive	2956872048	106343842	1096707811
3	irreducible/1024/base	serialization	6780861	61042	4573269
3	irreducible/1024/base	combined	2989930410	106453035	1105008269
4	linear/64/base	ir	138061	3008	229014
4	linear/64/base	cfg	117091	0	0
4	linear/64/base	emission_exclusive	3429765	132901	2319001
4	linear/64/base	serialization	1187966	12094	341915
4	linear/64/base	combined	4876159	148003	2889930
4	linear/64/light	ir	128783	3415	247192
4	linear/64/light	cfg	88497	0	0
4	linear/64/light	emission_exclusive	3639903	147950	2532872
4	linear/64/light	serialization	1230526	12094	341531
4	linear/64/light	combined	5087809	163459	3121595
4	linear/64/heavy	ir	475870	9622	905081
4	linear/64/heavy	cfg	89018	0	0
4	linear/64/heavy	emission_exclusive	10128810	304273	7017602
4	linear/64/heavy	serialization	4151899	12096	1167973
4	linear/64/heavy	combined	14845728	325991	9090656
4	linear/256/base	ir	608621	12035	920903
4	linear/256/base	cfg	1398925	0	0
4	linear/256/base	emission_exclusive	12859703	526712	12403352
4	linear/256/base	serialization	4599676	47424	1346537
4	linear/256/base	combined	19467035	586171	14670792
4	linear/256/light	ir	705574	13656	991497
4	linear/256/light	cfg	1274179	0	0
4	linear/256/light	emission_exclusive	13928624	587752	13275990
4	linear/256/light	serialization	4643770	47424	1345097
4	linear/256/light	combined	20552247	648832	15612584
4	linear/256/heavy	ir	2783373	38488	3624490
4	linear/256/heavy	cfg	1111091	0	0
4	linear/256/heavy	emission_exclusive	39309761	1209433	31175155
4	linear/256/heavy	serialization	16686689	47426	4650931
4	linear/256/heavy	combined	59891044	1295347	39450576
4	linear/1024/base	ir	5588697	48137	3687888
4	linear/1024/base	cfg	22932668	0	0
4	linear/1024/base	emission_exclusive	51792401	2101884	101426946
4	linear/1024/base	serialization	18289108	188738	5365343
4	linear/1024/base	combined	98603104	2338759	110480177
4	linear/1024/light	ir	6826406	54622	3970450
4	linear/1024/light	cfg	22025433	0	0
4	linear/1024/light	emission_exclusive	55740786	2346883	104935712
4	linear/1024/light	serialization	17970666	188738	5359679
4	linear/1024/light	combined	102563542	2590243	114265841
4	linear/1024/heavy	ir	26395875	153950	14502323
4	linear/1024/heavy	cfg	21234267	0	0
4	linear/1024/heavy	emission_exclusive	158074254	4830132	176508472
4	linear/1024/heavy	serialization	64951311	188740	18583081
4	linear/1024/heavy	combined	270655937	5172822	209593876
4	diamond-chain/64/base	ir	128883	3014	230397
4	diamond-chain/64/base	cfg	108855	0	0
4	diamond-chain/64/base	emission_exclusive	5169484	225845	3714034
4	diamond-chain/64/base	serialization	1370732	17982	373065
4	diamond-chain/64/base	combined	6778155	246841	4317496
4	diamond-chain/64/light	ir	138872	3421	248575
4	diamond-chain/64/light	cfg	101982	0	0
4	diamond-chain/64/light	emission_exclusive	5387596	242545	3960954
4	diamond-chain/64/light	serialization	2077078	17982	372681
4	diamond-chain/64/light	combined	7705639	263948	4582210
4	diamond-chain/64/heavy	ir	395197	9628	906464
4	diamond-chain/64/heavy	cfg	100480	0	0
4	diamond-chain/64/heavy	emission_exclusive	13927472	486163	9978456
4	diamond-chain/64/heavy	serialization	4160255	17984	1199123
4	diamond-chain/64/heavy	combined	18583535	513775	12084043
4	diamond-chain/256/base	ir	622046	12045	926798
4	diamond-chain/256/base	cfg	1254872	0	0
4	diamond-chain/256/base	emission_exclusive	23079285	897470	17597948
4	diamond-chain/256/base	serialization	5646496	70976	1471095
4	diamond-chain/256/base	combined	30602819	980491	19995841
4	diamond-chain/256/light	ir	716675	13666	997392
4	diamond-chain/256/light	cfg	1195671	0	0
4	diamond-chain/256/light	emission_exclusive	21008038	965199	18603715
4	diamond-chain/256/light	serialization	5407244	70976	1469655
4	diamond-chain/256/light	combined	28327768	1049841	21070762
4	diamond-chain/256/heavy	ir	2309847	38498	3630385
4	diamond-chain/256/heavy	cfg	1225868	0	0
4	diamond-chain/256/heavy	emission_exclusive	53905005	1938175	42664308
4	diamond-chain/256/heavy	serialization	17590338	70978	4775489
4	diamond-chain/256/heavy	combined	75031198	2047651	51070182
4	diamond-chain/1024/base	ir	5702361	48151	3711831
4	diamond-chain/1024/base	cfg	20865851	0	0
4	diamond-chain/1024/base	emission_exclusive	79566211	3585414	116314962
4	diamond-chain/1024/base	serialization	21318386	282946	5863533
4	diamond-chain/1024/base	combined	127452989	3916511	125890326
4	diamond-chain/1024/light	ir	6878595	54636	3994393
4	diamond-chain/1024/light	cfg	18289991	0	0
4	diamond-chain/1024/light	emission_exclusive	83793794	3857263	120357625
4	diamond-chain/1024/light	serialization	21138886	282946	5857869
4	diamond-chain/1024/light	combined	130101527	4194845	130209887
4	diamond-chain/1024/heavy	ir	24368783	153964	14526266
4	diamond-chain/1024/heavy	cfg	20608834	0	0
4	diamond-chain/1024/heavy	emission_exclusive	221744714	7747807	216606437
4	diamond-chain/1024/heavy	serialization	72143739	282948	19081271
4	diamond-chain/1024/heavy	combined	338866220	8184719	250213974
4	fan-in/64/base	ir	121330	3012	231834
4	fan-in/64/base	cfg	73338	0	0
4	fan-in/64/base	emission_exclusive	19898401	361039	7738269
4	fan-in/64/base	serialization	3941232	23502	433675
4	fan-in/64/base	combined	24034431	387553	8403778
4	fan-in/256/base	ir	670809	12041	932555
4	fan-in/256/base	cfg	546523	0	0
4	fan-in/256/base	emission_exclusive	78374028	3324668	63227648
4	fan-in/256/base	serialization	955346	8140	1101612
4	fan-in/256/base	combined	80546866	3344849	65261815
4	fan-in/1024/base	ir	6688796	48145	3734868
4	fan-in/1024/base	cfg	10410913	0	0
4	fan-in/1024/base	emission_exclusive	777172726	31527604	618738748
4	fan-in/1024/base	serialization	1858013	8142	4248310
4	fan-in/1024/base	combined	796130618	31583891	626721926
4	nested-loop/64/base	ir	115078	3009	229111
4	nested-loop/64/base	cfg	183157	0	0
4	nested-loop/64/base	emission_exclusive	3998379	149718	2837421
4	nested-loop/64/base	serialization	1333942	13198	348803
4	nested-loop/64/base	combined	5630686	165925	3415335
4	nested-loop/256/base	ir	632927	12036	921000
4	nested-loop/256/base	cfg	2270443	0	0
4	nested-loop/256/base	emission_exclusive	15118614	576567	15976260
4	nested-loop/256/base	serialization	5040259	48528	1356497
4	nested-loop/256/base	combined	23062353	637131	18253757
4	nested-loop/1024/base	ir	5777734	48138	3687985
4	nested-loop/1024/base	cfg	40318758	0	0
4	nested-loop/1024/base	emission_exclusive	59171183	2283847	143759634
4	nested-loop/1024/base	serialization	20523101	189842	5387591
4	nested-loop/1024/base	combined	125790937	2521827	152835210
4	multi-exit/64/base	ir	118564	2990	231132
4	multi-exit/64/base	cfg	79250	0	0
4	multi-exit/64/base	emission_exclusive	25318158	1038325	19436690
4	multi-exit/64/base	serialization	5582043	46594	569880
4	multi-exit/64/base	combined	31098126	1087909	20237702
4	multi-exit/256/base	ir	677170	12025	931853
4	multi-exit/256/base	cfg	565489	0	0
4	multi-exit/256/base	emission_exclusive	110194379	4980175	93574527
4	multi-exit/256/base	serialization	944566	8140	1101950
4	multi-exit/256/base	combined	112381755	5000340	95608330
4	multi-exit/1024/base	ir	6847837	48135	3734166
4	multi-exit/1024/base	cfg	12403832	0	0
4	multi-exit/1024/base	emission_exclusive	881281359	37208916	724828775
4	multi-exit/1024/base	serialization	1895844	8142	4248630
4	multi-exit/1024/base	combined	902429042	37265193	732811571
4	no-exit/64/base	ir	115739	3018	229199
4	no-exit/64/base	cfg	119807	0	0
4	no-exit/64/base	emission_exclusive	3566202	137678	2442687
4	no-exit/64/base	serialization	1259451	12278	343391
4	no-exit/64/base	combined	5061329	152974	3015277
4	no-exit/256/base	ir	635782	12045	921088
4	no-exit/256/base	cfg	1512660	0	0
4	no-exit/256/base	emission_exclusive	13898928	547235	13059068
4	no-exit/256/base	serialization	4955709	47608	1349547
4	no-exit/256/base	combined	21003179	606888	15329703
4	no-exit/1024/base	ir	5625626	48147	3688073
4	no-exit/1024/base	cfg	27883588	0	0
4	no-exit/1024/base	emission_exclusive	56302679	2185382	106422336
4	no-exit/1024/base	serialization	20094251	188922	5374495
4	no-exit/1024/base	combined	109906435	2422451	115484904
4	irreducible/64/base	ir	121730	3014	231355
4	irreducible/64/base	cfg	92435	0	0
4	irreducible/64/base	emission_exclusive	374347262	13761714	204732406
4	irreducible/64/base	serialization	4986237	61038	628259
4	irreducible/64/base	combined	379547904	13825766	205592020
4	irreducible/256/base	ir	661561	12045	930636
4	irreducible/256/base	cfg	1159653	0	0
4	irreducible/256/base	emission_exclusive	1076555626	38938265	424485411
4	irreducible/256/base	serialization	4904582	61040	1417299
4	irreducible/256/base	combined	1083281603	39011350	426833346
4	irreducible/1024/base	ir	6213117	48151	3727189
4	irreducible/1024/base	cfg	19797841	0	0
4	irreducible/1024/base	emission_exclusive	2958284232	106343842	1096707811
4	irreducible/1024/base	serialization	6756023	61042	4573269
4	irreducible/1024/base	combined	2991051684	106453035	1105008269
5	linear/64/base	ir	164651	3008	229014
5	linear/64/base	cfg	113815	0	0
5	linear/64/base	emission_exclusive	3441007	132901	2319001
5	linear/64/base	serialization	1193787	12094	341915
5	linear/64/base	combined	4913600	148003	2889930
5	linear/64/light	ir	125748	3415	247192
5	linear/64/light	cfg	88908	0	0
5	linear/64/light	emission_exclusive	3625866	147950	2532872
5	linear/64/light	serialization	1194087	12094	341531
5	linear/64/light	combined	5034699	163459	3121595
5	linear/64/heavy	ir	471131	9622	905081
5	linear/64/heavy	cfg	90431	0	0
5	linear/64/heavy	emission_exclusive	10243827	304273	7017602
5	linear/64/heavy	serialization	4300561	12096	1167973
5	linear/64/heavy	combined	15106040	325991	9090656
5	linear/256/base	ir	623499	12035	920903
5	linear/256/base	cfg	1441776	0	0
5	linear/256/base	emission_exclusive	12915809	526712	12403352
5	linear/256/base	serialization	4832837	47424	1346537
5	linear/256/base	combined	19814071	586171	14670792
5	linear/256/light	ir	696236	13656	991497
5	linear/256/light	cfg	1279059	0	0
5	linear/256/light	emission_exclusive	13942480	587752	13275990
5	linear/256/light	serialization	4635114	47424	1345097
5	linear/256/light	combined	20552979	648832	15612584
5	linear/256/heavy	ir	2750821	38488	3624490
5	linear/256/heavy	cfg	1118555	0	0
5	linear/256/heavy	emission_exclusive	39721590	1209433	31175155
5	linear/256/heavy	serialization	16267787	47426	4650931
5	linear/256/heavy	combined	59858853	1295347	39450576
5	linear/1024/base	ir	5520728	48137	3687888
5	linear/1024/base	cfg	23141884	0	0
5	linear/1024/base	emission_exclusive	51319538	2101884	101426946
5	linear/1024/base	serialization	18915723	188738	5365343
5	linear/1024/base	combined	98898073	2338759	110480177
5	linear/1024/light	ir	6824323	54622	3970450
5	linear/1024/light	cfg	21474040	0	0
5	linear/1024/light	emission_exclusive	56184676	2346883	104935712
5	linear/1024/light	serialization	20030290	188738	5359679
5	linear/1024/light	combined	104513550	2590243	114265841
5	linear/1024/heavy	ir	26557111	153950	14502323
5	linear/1024/heavy	cfg	21925634	0	0
5	linear/1024/heavy	emission_exclusive	160313420	4830132	176508472
5	linear/1024/heavy	serialization	65420108	188740	18583081
5	linear/1024/heavy	combined	274217074	5172822	209593876
5	diamond-chain/64/base	ir	119957	3014	230397
5	diamond-chain/64/base	cfg	103796	0	0
5	diamond-chain/64/base	emission_exclusive	5094062	225845	3714034
5	diamond-chain/64/base	serialization	1459369	17982	373065
5	diamond-chain/64/base	combined	6777304	246841	4317496
5	diamond-chain/64/light	ir	132340	3421	248575
5	diamond-chain/64/light	cfg	100920	0	0
5	diamond-chain/64/light	emission_exclusive	5375013	242545	3960954
5	diamond-chain/64/light	serialization	1434452	17982	372681
5	diamond-chain/64/light	combined	7042825	263948	4582210
5	diamond-chain/64/heavy	ir	377554	9628	906464
5	diamond-chain/64/heavy	cfg	100811	0	0
5	diamond-chain/64/heavy	emission_exclusive	13786195	486163	9978456
5	diamond-chain/64/heavy	serialization	4546957	17984	1199123
5	diamond-chain/64/heavy	combined	18811627	513775	12084043
5	diamond-chain/256/base	ir	630182	12045	926798
5	diamond-chain/256/base	cfg	1201592	0	0
5	diamond-chain/256/base	emission_exclusive	19930281	897470	17597948
5	diamond-chain/256/base	serialization	5645023	70976	1471095
5	diamond-chain/256/base	combined	27407158	980491	19995841
5	diamond-chain/256/light	ir	733306	13666	997392
5	diamond-chain/256/light	cfg	1176294	0	0
5	diamond-chain/256/light	emission_exclusive	21159536	965199	18603715
5	diamond-chain/256/light	serialization	5344534	70976	1469655
5	diamond-chain/256/light	combined	28413800	1049841	21070762
5	diamond-chain/256/heavy	ir	2276945	38498	3630385
5	diamond-chain/256/heavy	cfg	1200099	0	0
5	diamond-chain/256/heavy	emission_exclusive	54473691	1938175	42664308
5	diamond-chain/256/heavy	serialization	17273409	70978	4775489
5	diamond-chain/256/heavy	combined	75224264	2047651	51070182
5	diamond-chain/1024/base	ir	5722410	48151	3711831
5	diamond-chain/1024/base	cfg	20977742	0	0
5	diamond-chain/1024/base	emission_exclusive	80318485	3585414	116314962
5	diamond-chain/1024/base	serialization	21723001	282946	5863533
5	diamond-chain/1024/base	combined	128741758	3916511	125890326
5	diamond-chain/1024/light	ir	6990156	54636	3994393
5	diamond-chain/1024/light	cfg	18364461	0	0
5	diamond-chain/1024/light	emission_exclusive	85236805	3857263	120357625
5	diamond-chain/1024/light	serialization	21787893	282946	5857869
5	diamond-chain/1024/light	combined	132379536	4194845	130209887
5	diamond-chain/1024/heavy	ir	24468102	153964	14526266
5	diamond-chain/1024/heavy	cfg	20650753	0	0
5	diamond-chain/1024/heavy	emission_exclusive	220079958	7747807	216606437
5	diamond-chain/1024/heavy	serialization	69682227	282948	19081271
5	diamond-chain/1024/heavy	combined	334881190	8184719	250213974
5	fan-in/64/base	ir	135656	3012	231834
5	fan-in/64/base	cfg	79500	0	0
5	fan-in/64/base	emission_exclusive	20001817	361039	7738269
5	fan-in/64/base	serialization	3930481	23502	433675
5	fan-in/64/base	combined	24147715	387553	8403778
5	fan-in/256/base	ir	676369	12041	932555
5	fan-in/256/base	cfg	582832	0	0
5	fan-in/256/base	emission_exclusive	78007596	3324668	63227648
5	fan-in/256/base	serialization	985733	8140	1101612
5	fan-in/256/base	combined	80252621	3344849	65261815
5	fan-in/1024/base	ir	6995517	48145	3734868
5	fan-in/1024/base	cfg	10710010	0	0
5	fan-in/1024/base	emission_exclusive	771934301	31527604	618738748
5	fan-in/1024/base	serialization	1826554	8142	4248310
5	fan-in/1024/base	combined	791466572	31583891	626721926
5	nested-loop/64/base	ir	112763	3009	229111
5	nested-loop/64/base	cfg	187465	0	0
5	nested-loop/64/base	emission_exclusive	3972019	149718	2837421
5	nested-loop/64/base	serialization	1308064	13198	348803
5	nested-loop/64/base	combined	5580411	165925	3415335
5	nested-loop/256/base	ir	613079	12036	921000
5	nested-loop/256/base	cfg	2255764	0	0
5	nested-loop/256/base	emission_exclusive	15076626	576567	15976260
5	nested-loop/256/base	serialization	5081658	48528	1356497
5	nested-loop/256/base	combined	23027227	637131	18253757
5	nested-loop/1024/base	ir	5787042	48138	3687985
5	nested-loop/1024/base	cfg	41064309	0	0
5	nested-loop/1024/base	emission_exclusive	58502719	2283847	143759634
5	nested-loop/1024/base	serialization	20823120	189842	5387591
5	nested-loop/1024/base	combined	126177410	2521827	152835210
5	multi-exit/64/base	ir	122251	2990	231132
5	multi-exit/64/base	cfg	79521	0	0
5	multi-exit/64/base	emission_exclusive	25288632	1038325	19436690
5	multi-exit/64/base	serialization	6257491	46594	569880
5	multi-exit/64/base	combined	31748035	1087909	20237702
5	multi-exit/256/base	ir	670587	12025	931853
5	multi-exit/256/base	cfg	555560	0	0
5	multi-exit/256/base	emission_exclusive	109982360	4980175	93574527
5	multi-exit/256/base	serialization	966878	8140	1101950
5	multi-exit/256/base	combined	112175516	5000340	95608330
5	multi-exit/1024/base	ir	6832789	48135	3734166
5	multi-exit/1024/base	cfg	12467652	0	0
5	multi-exit/1024/base	emission_exclusive	874308077	37208916	724828775
5	multi-exit/1024/base	serialization	1837284	8142	4248630
5	multi-exit/1024/base	combined	895446062	37265193	732811571
5	no-exit/64/base	ir	113985	3018	229199
5	no-exit/64/base	cfg	120077	0	0
5	no-exit/64/base	emission_exclusive	3560783	137678	2442687
5	no-exit/64/base	serialization	1220898	12278	343391
5	no-exit/64/base	combined	5015863	152974	3015277
5	no-exit/256/base	ir	622757	12045	921088
5	no-exit/256/base	cfg	1507711	0	0
5	no-exit/256/base	emission_exclusive	13839545	547235	13059068
5	no-exit/256/base	serialization	4939149	47608	1349547
5	no-exit/256/base	combined	20909243	606888	15329703
5	no-exit/1024/base	ir	5560423	48147	3688073
5	no-exit/1024/base	cfg	27873219	0	0
5	no-exit/1024/base	emission_exclusive	55651518	2185382	106422336
5	no-exit/1024/base	serialization	19366626	188922	5374495
5	no-exit/1024/base	combined	108452087	2422451	115484904
5	irreducible/64/base	ir	116971	3014	231355
5	irreducible/64/base	cfg	88377	0	0
5	irreducible/64/base	emission_exclusive	366711281	13761714	204732406
5	irreducible/64/base	serialization	4623902	61038	628259
5	irreducible/64/base	combined	371540691	13825766	205592020
5	irreducible/256/base	ir	659998	12045	930636
5	irreducible/256/base	cfg	1137541	0	0
5	irreducible/256/base	emission_exclusive	1070057765	38938265	424485411
5	irreducible/256/base	serialization	5226301	61040	1417299
5	irreducible/256/base	combined	1077081756	39011350	426833346
5	irreducible/1024/base	ir	5997649	48151	3727189
5	irreducible/1024/base	cfg	19541737	0	0
5	irreducible/1024/base	emission_exclusive	2954097540	106343842	1096707811
5	irreducible/1024/base	serialization	6761824	61042	4573269
5	irreducible/1024/base	combined	2986399050	106453035	1105008269
6	linear/64/base	ir	140716	3008	229014
6	linear/64/base	cfg	124585	0	0
6	linear/64/base	emission_exclusive	3407062	132901	2319001
6	linear/64/base	serialization	1190841	12094	341915
6	linear/64/base	combined	4863504	148003	2889930
6	linear/64/light	ir	124926	3415	247192
6	linear/64/light	cfg	92875	0	0
6	linear/64/light	emission_exclusive	3570561	147950	2532872
6	linear/64/light	serialization	1194789	12094	341531
6	linear/64/light	combined	4983252	163459	3121595
6	linear/64/heavy	ir	465420	9622	905081
6	linear/64/heavy	cfg	93577	0	0
6	linear/64/heavy	emission_exclusive	10074488	304273	7017602
6	linear/64/heavy	serialization	4129657	12096	1167973
6	linear/64/heavy	combined	14763302	325991	9090656
6	linear/256/base	ir	611877	12035	920903
6	linear/256/base	cfg	1423712	0	0
6	linear/256/base	emission_exclusive	12767088	526712	12403352
6	linear/256/base	serialization	4480631	47424	1346537
6	linear/256/base	combined	19283469	586171	14670792
6	linear/256/light	ir	707027	13656	991497
6	linear/256/light	cfg	1255073	0	0
6	linear/256/light	emission_exclusive	13859183	587752	13275990
6	linear/256/light	serialization	4525406	47424	1345097
6	linear/256/light	combined	20346819	648832	15612584
6	linear/256/heavy	ir	2791919	38488	3624490
6	linear/256/heavy	cfg	1109769	0	0
6	linear/256/heavy	emission_exclusive	39493678	1209433	31175155
6	linear/256/heavy	serialization	16202122	47426	4650931
6	linear/256/heavy	combined	59597619	1295347	39450576
6	linear/1024/base	ir	5452950	48137	3687888
6	linear/1024/base	cfg	22841637	0	0
6	linear/1024/base	emission_exclusive	50904915	2101884	101426946
6	linear/1024/base	serialization	18683013	188738	5365343
6	linear/1024/base	combined	97882846	2338759	110480177
6	linear/1024/light	ir	7219851	54622	3970450
6	linear/1024/light	cfg	22795148	0	0
6	linear/1024/light	emission_exclusive	55185458	2346883	104935712
6	linear/1024/light	serialization	18016553	188738	5359679
6	linear/1024/light	combined	103217320	2590243	114265841
6	linear/1024/heavy	ir	26220314	153950	14502323
6	linear/1024/heavy	cfg	21307506	0	0
6	linear/1024/heavy	emission_exclusive	156472648	4830132	176508472
6	linear/1024/heavy	serialization	68888556	188740	18583081
6	linear/1024/heavy	combined	272889384	5172822	209593876
6	diamond-chain/64/base	ir	113304	3014	230397
6	diamond-chain/64/base	cfg	102203	0	0
6	diamond-chain/64/base	emission_exclusive	5049748	225845	3714034
6	diamond-chain/64/base	serialization	1388445	17982	373065
6	diamond-chain/64/base	combined	6653860	246841	4317496
6	diamond-chain/64/light	ir	131038	3421	248575
6	diamond-chain/64/light	cfg	100029	0	0
6	diamond-chain/64/light	emission_exclusive	5323044	242545	3960954
6	diamond-chain/64/light	serialization	1386352	17982	372681
6	diamond-chain/64/light	combined	6940563	263948	4582210
6	diamond-chain/64/heavy	ir	379828	9628	906464
6	diamond-chain/64/heavy	cfg	99678	0	0
6	diamond-chain/64/heavy	emission_exclusive	13578584	486163	9978456
6	diamond-chain/64/heavy	serialization	4298897	17984	1199123
6	diamond-chain/64/heavy	combined	18357107	513775	12084043
6	diamond-chain/256/base	ir	629260	12045	926798
6	diamond-chain/256/base	cfg	1200300	0	0
6	diamond-chain/256/base	emission_exclusive	19733359	897470	17597948
6	diamond-chain/256/base	serialization	5780328	70976	1471095
6	diamond-chain/256/base	combined	27343347	980491	19995841
6	diamond-chain/256/light	ir	720773	13666	997392
6	diamond-chain/256/light	cfg	1197684	0	0
6	diamond-chain/256/light	emission_exclusive	20964518	965199	18603715
6	diamond-chain/256/light	serialization	5603935	70976	1469655
6	diamond-chain/256/light	combined	28487030	1049841	21070762
6	diamond-chain/256/heavy	ir	2296332	38498	3630385
6	diamond-chain/256/heavy	cfg	1195521	0	0
6	diamond-chain/256/heavy	emission_exclusive	53995397	1938175	42664308
6	diamond-chain/256/heavy	serialization	17628089	70978	4775489
6	diamond-chain/256/heavy	combined	75115479	2047651	51070182
6	diamond-chain/1024/base	ir	5695388	48151	3711831
6	diamond-chain/1024/base	cfg	20849489	0	0
6	diamond-chain/1024/base	emission_exclusive	80217095	3585414	116314962
6	diamond-chain/1024/base	serialization	21548310	282946	5863533
6	diamond-chain/1024/base	combined	128310563	3916511	125890326
6	diamond-chain/1024/light	ir	7106406	54636	3994393
6	diamond-chain/1024/light	cfg	18517981	0	0
6	diamond-chain/1024/light	emission_exclusive	83782045	3857263	120357625
6	diamond-chain/1024/light	serialization	21189092	282946	5857869
6	diamond-chain/1024/light	combined	130595654	4194845	130209887
6	diamond-chain/1024/heavy	ir	24339809	153964	14526266
6	diamond-chain/1024/heavy	cfg	20524115	0	0
6	diamond-chain/1024/heavy	emission_exclusive	218074357	7747807	216606437
6	diamond-chain/1024/heavy	serialization	71559034	282948	19081271
6	diamond-chain/1024/heavy	combined	334497987	8184719	250213974
6	fan-in/64/base	ir	123093	3012	231834
6	fan-in/64/base	cfg	72688	0	0
6	fan-in/64/base	emission_exclusive	19636956	361039	7738269
6	fan-in/64/base	serialization	3735563	23502	433675
6	fan-in/64/base	combined	23568430	387553	8403778
6	fan-in/256/base	ir	670848	12041	932555
6	fan-in/256/base	cfg	555240	0	0
6	fan-in/256/base	emission_exclusive	77415498	3324668	63227648
6	fan-in/256/base	serialization	963171	8140	1101612
6	fan-in/256/base	combined	79604907	3344849	65261815
6	fan-in/1024/base	ir	6933118	48145	3734868
6	fan-in/1024/base	cfg	10385065	0	0
6	fan-in/1024/base	emission_exclusive	770802255	31527604	618738748
6	fan-in/1024/base	serialization	1880275	8142	4248310
6	fan-in/1024/base	combined	790000883	31583891	626721926
6	nested-loop/64/base	ir	113996	3009	229111
6	nested-loop/64/base	cfg	183056	0	0
6	nested-loop/64/base	emission_exclusive	3968914	149718	2837421
6	nested-loop/64/base	serialization	1333641	13198	348803
6	nested-loop/64/base	combined	5599707	165925	3415335
6	nested-loop/256/base	ir	628238	12036	921000
6	nested-loop/256/base	cfg	2277526	0	0
6	nested-loop/256/base	emission_exclusive	14778611	576567	15976260
6	nested-loop/256/base	serialization	5045560	48528	1356497
6	nested-loop/256/base	combined	22730055	637131	18253757
6	nested-loop/1024/base	ir	5748639	48138	3687985
6	nested-loop/1024/base	cfg	41070531	0	0
6	nested-loop/1024/base	emission_exclusive	58211720	2283847	143759634
6	nested-loop/1024/base	serialization	19326470	189842	5387591
6	nested-loop/1024/base	combined	124357580	2521827	152835210
6	multi-exit/64/base	ir	116029	2990	231132
6	multi-exit/64/base	cfg	79471	0	0
6	multi-exit/64/base	emission_exclusive	25542892	1038325	19436690
6	multi-exit/64/base	serialization	5359474	46594	569880
6	multi-exit/64/base	combined	31097987	1087909	20237702
6	multi-exit/256/base	ir	679835	12025	931853
6	multi-exit/256/base	cfg	561301	0	0
6	multi-exit/256/base	emission_exclusive	110402676	4980175	93574527
6	multi-exit/256/base	serialization	931371	8140	1101950
6	multi-exit/256/base	combined	112575303	5000340	95608330
6	multi-exit/1024/base	ir	6870219	48135	3734166
6	multi-exit/1024/base	cfg	11885070	0	0
6	multi-exit/1024/base	emission_exclusive	876341076	37208916	724828775
6	multi-exit/1024/base	serialization	1832885	8142	4248630
6	multi-exit/1024/base	combined	896929511	37265193	732811571
6	no-exit/64/base	ir	116050	3018	229199
6	no-exit/64/base	cfg	122963	0	0
6	no-exit/64/base	emission_exclusive	3677352	137678	2442687
6	no-exit/64/base	serialization	1263980	12278	343391
6	no-exit/64/base	combined	5180485	152974	3015277
6	no-exit/256/base	ir	631694	12045	921088
6	no-exit/256/base	cfg	1527057	0	0
6	no-exit/256/base	emission_exclusive	14084419	547235	13059068
6	no-exit/256/base	serialization	4935411	47608	1349547
6	no-exit/256/base	combined	21178681	606888	15329703
6	no-exit/1024/base	ir	5683085	48147	3688073
6	no-exit/1024/base	cfg	28323080	0	0
6	no-exit/1024/base	emission_exclusive	56103453	2185382	106422336
6	no-exit/1024/base	serialization	19857976	188922	5374495
6	no-exit/1024/base	combined	109967854	2422451	115484904
6	irreducible/64/base	ir	116179	3014	231355
6	irreducible/64/base	cfg	87366	0	0
6	irreducible/64/base	emission_exclusive	367208842	13761714	204732406
6	irreducible/64/base	serialization	4808972	61038	628259
6	irreducible/64/base	combined	372221509	13825766	205592020
6	irreducible/256/base	ir	650700	12045	930636
6	irreducible/256/base	cfg	1134324	0	0
6	irreducible/256/base	emission_exclusive	1057964758	38938265	424485411
6	irreducible/256/base	serialization	4922096	61040	1417299
6	irreducible/256/base	combined	1064672028	39011350	426833346
6	irreducible/1024/base	ir	6209500	48151	3727189
6	irreducible/1024/base	cfg	19417271	0	0
6	irreducible/1024/base	emission_exclusive	2959807587	106343842	1096707811
6	irreducible/1024/base	serialization	6644483	61042	4573269
6	irreducible/1024/base	combined	2992079092	106453035	1105008269
7	linear/64/base	ir	143010	3008	229014
7	linear/64/base	cfg	112743	0	0
7	linear/64/base	emission_exclusive	3434333	132901	2319001
7	linear/64/base	serialization	1203445	12094	341915
7	linear/64/base	combined	4893883	148003	2889930
7	linear/64/light	ir	125518	3415	247192
7	linear/64/light	cfg	88698	0	0
7	linear/64/light	emission_exclusive	3593624	147950	2532872
7	linear/64/light	serialization	1195220	12094	341531
7	linear/64/light	combined	5003170	163459	3121595
7	linear/64/heavy	ir	473846	9622	905081
7	linear/64/heavy	cfg	88377	0	0
7	linear/64/heavy	emission_exclusive	10207068	304273	7017602
7	linear/64/heavy	serialization	4137082	12096	1167973
7	linear/64/heavy	combined	14906493	325991	9090656
7	linear/256/base	ir	619662	12035	920903
7	linear/256/base	cfg	1444100	0	0
7	linear/256/base	emission_exclusive	12864252	526712	12403352
7	linear/256/base	serialization	4555162	47424	1346537
7	linear/256/base	combined	19483327	586171	14670792
7	linear/256/light	ir	696747	13656	991497
7	linear/256/light	cfg	1254803	0	0
7	linear/256/light	emission_exclusive	14022481	587752	13275990
7	linear/256/light	serialization	4495340	47424	1345097
7	linear/256/light	combined	20469501	648832	15612584
7	linear/256/heavy	ir	2724301	38488	3624490
7	linear/256/heavy	cfg	1147148	0	0
7	linear/256/heavy	emission_exclusive	39644877	1209433	31175155
7	linear/256/heavy	serialization	16138302	47426	4650931
7	linear/256/heavy	combined	59654758	1295347	39450576
7	linear/1024/base	ir	5648419	48137	3687888
7	linear/1024/base	cfg	22871163	0	0
7	linear/1024/base	emission_exclusive	51136322	2101884	101426946
7	linear/1024/base	serialization	18736004	188738	5365343
7	linear/1024/base	combined	98392218	2338759	110480177
7	linear/1024/light	ir	6715176	54622	3970450
7	linear/1024/light	cfg	21789347	0	0
7	linear/1024/light	emission_exclusive	55812384	2346883	104935712
7	linear/1024/light	serialization	18488735	188738	5359679
7	linear/1024/light	combined	102806103	2590243	114265841
7	linear/1024/heavy	ir	26703809	153950	14502323
7	linear/1024/heavy	cfg	21841215	0	0
7	linear/1024/heavy	emission_exclusive	159157728	4830132	176508472
7	linear/1024/heavy	serialization	67002460	188740	18583081
7	linear/1024/heavy	combined	274705672	5172822	209593876
7	diamond-chain/64/base	ir	116871	3014	230397
7	diamond-chain/64/base	cfg	103726	0	0
7	diamond-chain/64/base	emission_exclusive	5140640	225845	3714034
7	diamond-chain/64/base	serialization	1391070	17982	373065
7	diamond-chain/64/base	combined	6752487	246841	4317496
7	diamond-chain/64/light	ir	131689	3421	248575
7	diamond-chain/64/light	cfg	102323	0	0
7	diamond-chain/64/light	emission_exclusive	5419477	242545	3960954
7	diamond-chain/64/light	serialization	1370922	17982	372681
7	diamond-chain/64/light	combined	7024491	263948	4582210
7	diamond-chain/64/heavy	ir	380981	9628	906464
7	diamond-chain/64/heavy	cfg	105700	0	0
7	diamond-chain/64/heavy	emission_exclusive	13786837	486163	9978456
7	diamond-chain/64/heavy	serialization	4336298	17984	1199123
7	diamond-chain/64/heavy	combined	18609936	513775	12084043
7	diamond-chain/256/base	ir	637886	12045	926798
7	diamond-chain/256/base	cfg	1226609	0	0
7	diamond-chain/256/base	emission_exclusive	19960529	897470	17597948
7	diamond-chain/256/base	serialization	5457087	70976	1471095
7	diamond-chain/256/base	combined	27282242	980491	19995841
7	diamond-chain/256/light	ir	725181	13666	997392
7	diamond-chain/256/light	cfg	1173950	0	0
7	diamond-chain/256/light	emission_exclusive	21201054	965199	18603715
7	diamond-chain/256/light	serialization	5399599	70976	1469655
7	diamond-chain/256/light	combined	28499914	1049841	21070762
7	diamond-chain/256/heavy	ir	2296452	38498	3630385
7	diamond-chain/256/heavy	cfg	1201502	0	0
7	diamond-chain/256/heavy	emission_exclusive	55975582	1938175	42664308
7	diamond-chain/256/heavy	serialization	17402052	70978	4775489
7	diamond-chain/256/heavy	combined	76875708	2047651	51070182
7	diamond-chain/1024/base	ir	5624825	48151	3711831
7	diamond-chain/1024/base	cfg	20638111	0	0
7	diamond-chain/1024/base	emission_exclusive	82268793	3585414	116314962
7	diamond-chain/1024/base	serialization	22562359	282946	5863533
7	diamond-chain/1024/base	combined	131094418	3916511	125890326
7	diamond-chain/1024/light	ir	7051893	54636	3994393
7	diamond-chain/1024/light	cfg	19404397	0	0
7	diamond-chain/1024/light	emission_exclusive	86615012	3857263	120357625
7	diamond-chain/1024/light	serialization	23037667	282946	5857869
7	diamond-chain/1024/light	combined	136109310	4194845	130209887
7	diamond-chain/1024/heavy	ir	24251031	153964	14526266
7	diamond-chain/1024/heavy	cfg	20407575	0	0
7	diamond-chain/1024/heavy	emission_exclusive	224036732	7747807	216606437
7	diamond-chain/1024/heavy	serialization	69540599	282948	19081271
7	diamond-chain/1024/heavy	combined	338236128	8184719	250213974
7	fan-in/64/base	ir	129715	3012	231834
7	fan-in/64/base	cfg	74521	0	0
7	fan-in/64/base	emission_exclusive	19994493	361039	7738269
7	fan-in/64/base	serialization	3891188	23502	433675
7	fan-in/64/base	combined	24090127	387553	8403778
7	fan-in/256/base	ir	685846	12041	932555
7	fan-in/256/base	cfg	579165	0	0
7	fan-in/256/base	emission_exclusive	78206174	3324668	63227648
7	fan-in/256/base	serialization	955216	8140	1101612
7	fan-in/256/base	combined	80426582	3344849	65261815
7	fan-in/1024/base	ir	6720236	48145	3734868
7	fan-in/1024/base	cfg	10732552	0	0
7	fan-in/1024/base	emission_exclusive	771390397	31527604	618738748
7	fan-in/1024/base	serialization	1808379	8142	4248310
7	fan-in/1024/base	combined	790651825	31583891	626721926
7	nested-loop/64/base	ir	112272	3009	229111
7	nested-loop/64/base	cfg	180381	0	0
7	nested-loop/64/base	emission_exclusive	3946061	149718	2837421
7	nested-loop/64/base	serialization	1284769	13198	348803
7	nested-loop/64/base	combined	5523584	165925	3415335
7	nested-loop/256/base	ir	611847	12036	921000
7	nested-loop/256/base	cfg	2270864	0	0
7	nested-loop/256/base	emission_exclusive	14906623	576567	15976260
7	nested-loop/256/base	serialization	5215521	48528	1356497
7	nested-loop/256/base	combined	23004965	637131	18253757
7	nested-loop/1024/base	ir	5471906	48138	3687985
7	nested-loop/1024/base	cfg	40361050	0	0
7	nested-loop/1024/base	emission_exclusive	58812015	2283847	143759634
7	nested-loop/1024/base	serialization	19590048	189842	5387591
7	nested-loop/1024/base	combined	124235280	2521827	152835210
7	multi-exit/64/base	ir	117782	2990	231132
7	multi-exit/64/base	cfg	88297	0	0
7	multi-exit/64/base	emission_exclusive	25511705	1038325	19436690
7	multi-exit/64/base	serialization	5582785	46594	569880
7	multi-exit/64/base	combined	31300700	1087909	20237702
7	multi-exit/256/base	ir	676539	12025	931853
7	multi-exit/256/base	cfg	566772	0	0
7	multi-exit/256/base	emission_exclusive	110275806	4980175	93574527
7	multi-exit/256/base	serialization	1110249	8140	1101950
7	multi-exit/256/base	combined	112629587	5000340	95608330
7	multi-exit/1024/base	ir	6766484	48135	3734166
7	multi-exit/1024/base	cfg	12267123	0	0
7	multi-exit/1024/base	emission_exclusive	874050235	37208916	724828775
7	multi-exit/1024/base	serialization	1825441	8142	4248630
7	multi-exit/1024/base	combined	894909454	37265193	732811571
7	no-exit/64/base	ir	113224	3018	229199
7	no-exit/64/base	cfg	119065	0	0
7	no-exit/64/base	emission_exclusive	3649150	137678	2442687
7	no-exit/64/base	serialization	1233703	12278	343391
7	no-exit/64/base	combined	5115242	152974	3015277
7	no-exit/256/base	ir	630802	12045	921088
7	no-exit/256/base	cfg	1503352	0	0
7	no-exit/256/base	emission_exclusive	14038973	547235	13059068
7	no-exit/256/base	serialization	4867193	47608	1349547
7	no-exit/256/base	combined	21040430	606888	15329703
7	no-exit/1024/base	ir	5747618	48147	3688073
7	no-exit/1024/base	cfg	27988227	0	0
7	no-exit/1024/base	emission_exclusive	56249550	2185382	106422336
7	no-exit/1024/base	serialization	18623892	188922	5374495
7	no-exit/1024/base	combined	108609568	2422451	115484904
7	irreducible/64/base	ir	114397	3014	231355
7	irreducible/64/base	cfg	88908	0	0
7	irreducible/64/base	emission_exclusive	357921116	13761714	204732406
7	irreducible/64/base	serialization	4537990	61038	628259
7	irreducible/64/base	combined	362662662	13825766	205592020
7	irreducible/256/base	ir	648085	12045	930636
7	irreducible/256/base	cfg	1150154	0	0
7	irreducible/256/base	emission_exclusive	1062173629	38938265	424485411
7	irreducible/256/base	serialization	4942555	61040	1417299
7	irreducible/256/base	combined	1068914673	39011350	426833346
7	irreducible/1024/base	ir	5954528	48151	3727189
7	irreducible/1024/base	cfg	19729663	0	0
7	irreducible/1024/base	emission_exclusive	2957297970	106343842	1096707811
7	irreducible/1024/base	serialization	6842568	61042	4573269
7	irreducible/1024/base	combined	2989824909	106453035	1105008269
8	linear/64/base	ir	140626	3008	229014
8	linear/64/base	cfg	115628	0	0
8	linear/64/base	emission_exclusive	3537710	132901	2319001
8	linear/64/base	serialization	1192064	12094	341915
8	linear/64/base	combined	4986468	148003	2889930
8	linear/64/light	ir	129254	3415	247192
8	linear/64/light	cfg	90381	0	0
8	linear/64/light	emission_exclusive	3655782	147950	2532872
8	linear/64/light	serialization	1193076	12094	341531
8	linear/64/light	combined	5068573	163459	3121595
8	linear/64/heavy	ir	471652	9622	905081
8	linear/64/heavy	cfg	91122	0	0
8	linear/64/heavy	emission_exclusive	10397529	304273	7017602
8	linear/64/heavy	serialization	4135509	12096	1167973
8	linear/64/heavy	combined	15095962	325991	9090656
8	linear/256/base	ir	614512	12035	920903
8	linear/256/base	cfg	1422690	0	0
8	linear/256/base	emission_exclusive	13105158	526712	12403352
8	linear/256/base	serialization	4532700	47424	1346537
8	linear/256/base	combined	19675190	586171	14670792
8	linear/256/light	ir	689764	13656	991497
8	linear/256/light	cfg	1293115	0	0
8	linear/256/light	emission_exclusive	14194948	587752	13275990
8	linear/256/light	serialization	4515848	47424	1345097
8	linear/256/light	combined	20693795	648832	15612584
8	linear/256/heavy	ir	2776380	38488	3624490
8	linear/256/heavy	cfg	1101663	0	0
8	linear/256/heavy	emission_exclusive	40447172	1209433	31175155
8	linear/256/heavy	serialization	16185302	47426	4650931
8	linear/256/heavy	combined	60510647	1295347	39450576
8	linear/1024/base	ir	5539243	48137	3687888
8	linear/1024/base	cfg	22759351	0	0
8	linear/1024/base	emission_exclusive	51894196	2101884	101426946
8	linear/1024/base	serialization	18223796	188738	5365343
8	linear/1024/base	combined	98416816	2338759	110480177
8	linear/1024/light	ir	6900687	54622	3970450
8	linear/1024/light	cfg	21350928	0	0
8	linear/1024/light	emission_exclusive	56356453	2346883	104935712
8	linear/1024/light	serialization	18804694	188738	5359679
8	linear/1024/light	combined	103412982	2590243	114265841
8	linear/1024/heavy	ir	26461100	153950	14502323
8	linear/1024/heavy	cfg	21564032	0	0
8	linear/1024/heavy	emission_exclusive	160840709	4830132	176508472
8	linear/1024/heavy	serialization	67008072	188740	18583081
8	linear/1024/heavy	combined	275874524	5172822	209593876
8	diamond-chain/64/base	ir	117732	3014	230397
8	diamond-chain/64/base	cfg	105029	0	0
8	diamond-chain/64/base	emission_exclusive	5230709	225845	3714034
8	diamond-chain/64/base	serialization	1402672	17982	373065
8	diamond-chain/64/base	combined	6856373	246841	4317496
8	diamond-chain/64/light	ir	130967	3421	248575
8	diamond-chain/64/light	cfg	102844	0	0
8	diamond-chain/64/light	emission_exclusive	5551737	242545	3960954
8	diamond-chain/64/light	serialization	1425576	17982	372681
8	diamond-chain/64/light	combined	7211204	263948	4582210
8	diamond-chain/64/heavy	ir	388845	9628	906464
8	diamond-chain/64/heavy	cfg	99808	0	0
8	diamond-chain/64/heavy	emission_exclusive	14251696	486163	9978456
8	diamond-chain/64/heavy	serialization	4467948	17984	1199123
8	diamond-chain/64/heavy	combined	19208417	513775	12084043
8	diamond-chain/256/base	ir	637836	12045	926798
8	diamond-chain/256/base	cfg	1222982	0	0
8	diamond-chain/256/base	emission_exclusive	20576104	897470	17597948
8	diamond-chain/256/base	serialization	5891228	70976	1471095
8	diamond-chain/256/base	combined	28328260	980491	19995841
8	diamond-chain/256/light	ir	726984	13666	997392
8	diamond-chain/256/light	cfg	1212693	0	0
8	diamond-chain/256/light	emission_exclusive	21976631	965199	18603715
8	diamond-chain/256/light	serialization	5826005	70976	1469655
8	diamond-chain/256/light	combined	29742433	1049841	21070762
8	diamond-chain/256/heavy	ir	2332690	38498	3630385
8	diamond-chain/256/heavy	cfg	1214827	0	0
8	diamond-chain/256/heavy	emission_exclusive	56572000	1938175	42664308
8	diamond-chain/256/heavy	serialization	17741564	70978	4775489
8	diamond-chain/256/heavy	combined	77861221	2047651	51070182
8	diamond-chain/1024/base	ir	5828490	48151	3711831
8	diamond-chain/1024/base	cfg	20866902	0	0
8	diamond-chain/1024/base	emission_exclusive	84381850	3585414	116314962
8	diamond-chain/1024/base	serialization	22781082	282946	5863533
8	diamond-chain/1024/base	combined	133858655	3916511	125890326
8	diamond-chain/1024/light	ir	6970590	54636	3994393
8	diamond-chain/1024/light	cfg	22971933	0	0
8	diamond-chain/1024/light	emission_exclusive	88724389	3857263	120357625
8	diamond-chain/1024/light	serialization	22603917	282946	5857869
8	diamond-chain/1024/light	combined	141271060	4194845	130209887
8	diamond-chain/1024/heavy	ir	26426274	153964	14526266
8	diamond-chain/1024/heavy	cfg	22925184	0	0
8	diamond-chain/1024/heavy	emission_exclusive	225896371	7747807	216606437
8	diamond-chain/1024/heavy	serialization	72289908	282948	19081271
8	diamond-chain/1024/heavy	combined	347537997	8184719	250213974
8	fan-in/64/base	ir	120447	3012	231834
8	fan-in/64/base	cfg	71695	0	0
8	fan-in/64/base	emission_exclusive	20142683	361039	7738269
8	fan-in/64/base	serialization	3938828	23502	433675
8	fan-in/64/base	combined	24273794	387553	8403778
8	fan-in/256/base	ir	680366	12041	932555
8	fan-in/256/base	cfg	556652	0	0
8	fan-in/256/base	emission_exclusive	78618144	3324668	63227648
8	fan-in/256/base	serialization	980704	8140	1101612
8	fan-in/256/base	combined	80836006	3344849	65261815
8	fan-in/1024/base	ir	6864739	48145	3734868
8	fan-in/1024/base	cfg	10695833	0	0
8	fan-in/1024/base	emission_exclusive	772738218	31527604	618738748
8	fan-in/1024/base	serialization	1843535	8142	4248310
8	fan-in/1024/base	combined	792142516	31583891	626721926
8	nested-loop/64/base	ir	113083	3009	229111
8	nested-loop/64/base	cfg	180291	0	0
8	nested-loop/64/base	emission_exclusive	4003939	149718	2837421
8	nested-loop/64/base	serialization	1326267	13198	348803
8	nested-loop/64/base	combined	5623722	165925	3415335
8	nested-loop/256/base	ir	625342	12036	921000
8	nested-loop/256/base	cfg	2302915	0	0
8	nested-loop/256/base	emission_exclusive	15126930	576567	15976260
8	nested-loop/256/base	serialization	5233094	48528	1356497
8	nested-loop/256/base	combined	23288401	637131	18253757
8	nested-loop/1024/base	ir	5488628	48138	3687985
8	nested-loop/1024/base	cfg	40664864	0	0
8	nested-loop/1024/base	emission_exclusive	59591650	2283847	143759634
8	nested-loop/1024/base	serialization	20488868	189842	5387591
8	nested-loop/1024/base	combined	126234250	2521827	152835210
8	multi-exit/64/base	ir	121490	2990	231132
8	multi-exit/64/base	cfg	87205	0	0
8	multi-exit/64/base	emission_exclusive	25801062	1038325	19436690
8	multi-exit/64/base	serialization	5879346	46594	569880
8	multi-exit/64/base	combined	31889313	1087909	20237702
8	multi-exit/256/base	ir	685125	12025	931853
8	multi-exit/256/base	cfg	602419	0	0
8	multi-exit/256/base	emission_exclusive	109758178	4980175	93574527
8	multi-exit/256/base	serialization	966017	8140	1101950
8	multi-exit/256/base	combined	112011890	5000340	95608330
8	multi-exit/1024/base	ir	6823631	48135	3734166
8	multi-exit/1024/base	cfg	12429260	0	0
8	multi-exit/1024/base	emission_exclusive	876513527	37208916	724828775
8	multi-exit/1024/base	serialization	1853234	8142	4248630
8	multi-exit/1024/base	combined	897619822	37265193	732811571
8	no-exit/64/base	ir	112452	3018	229199
8	no-exit/64/base	cfg	120988	0	0
8	no-exit/64/base	emission_exclusive	3632399	137678	2442687
8	no-exit/64/base	serialization	1245975	12278	343391
8	no-exit/64/base	combined	5111935	152974	3015277
8	no-exit/256/base	ir	627466	12045	921088
8	no-exit/256/base	cfg	1507952	0	0
8	no-exit/256/base	emission_exclusive	13973088	547235	13059068
8	no-exit/256/base	serialization	4901608	47608	1349547
8	no-exit/256/base	combined	21010214	606888	15329703
8	no-exit/1024/base	ir	5573698	48147	3688073
8	no-exit/1024/base	cfg	27801524	0	0
8	no-exit/1024/base	emission_exclusive	56254922	2185382	106422336
8	no-exit/1024/base	serialization	19043685	188922	5374495
8	no-exit/1024/base	combined	108674189	2422451	115484904
8	irreducible/64/base	ir	117623	3014	231355
8	irreducible/64/base	cfg	92164	0	0
8	irreducible/64/base	emission_exclusive	369211535	13761714	204732406
8	irreducible/64/base	serialization	4729992	61038	628259
8	irreducible/64/base	combined	374151595	13825766	205592020
8	irreducible/256/base	ir	656802	12045	930636
8	irreducible/256/base	cfg	1144094	0	0
8	irreducible/256/base	emission_exclusive	1067717064	38938265	424485411
8	irreducible/256/base	serialization	4963745	61040	1417299
8	irreducible/256/base	combined	1074481945	39011350	426833346
8	irreducible/1024/base	ir	6386515	48151	3727189
8	irreducible/1024/base	cfg	20281005	0	0
8	irreducible/1024/base	emission_exclusive	2954092984	106343842	1096707811
8	irreducible/1024/base	serialization	6553260	61042	4573269
8	irreducible/1024/base	combined	2987313934	106453035	1105008269
9	linear/64/base	ir	140486	3008	229014
9	linear/64/base	cfg	115218	0	0
9	linear/64/base	emission_exclusive	3468137	132901	2319001
9	linear/64/base	serialization	1192435	12094	341915
9	linear/64/base	combined	4916526	148003	2889930
9	linear/64/light	ir	129014	3415	247192
9	linear/64/light	cfg	92455	0	0
9	linear/64/light	emission_exclusive	3609354	147950	2532872
9	linear/64/light	serialization	1211882	12094	341531
9	linear/64/light	combined	5042815	163459	3121595
9	linear/64/heavy	ir	467053	9622	905081
9	linear/64/heavy	cfg	89970	0	0
9	linear/64/heavy	emission_exclusive	10245451	304273	7017602
9	linear/64/heavy	serialization	4145939	12096	1167973
9	linear/64/heavy	combined	14948543	325991	9090656
9	linear/256/base	ir	615835	12035	920903
9	linear/256/base	cfg	1419755	0	0
9	linear/256/base	emission_exclusive	12981193	526712	12403352
9	linear/256/base	serialization	4535676	47424	1346537
9	linear/256/base	combined	19552609	586171	14670792
9	linear/256/light	ir	691798	13656	991497
9	linear/256/light	cfg	1264841	0	0
9	linear/256/light	emission_exclusive	13935498	587752	13275990
9	linear/256/light	serialization	4766642	47424	1345097
9	linear/256/light	combined	20658930	648832	15612584
9	linear/256/heavy	ir	2793101	38488	3624490
9	linear/256/heavy	cfg	1104798	0	0
9	linear/256/heavy	emission_exclusive	39756769	1209433	31175155
9	linear/256/heavy	serialization	16093147	47426	4650931
9	linear/256/heavy	combined	59747955	1295347	39450576
9	linear/1024/base	ir	5855752	48137	3687888
9	linear/1024/base	cfg	22796701	0	0
9	linear/1024/base	emission_exclusive	51452963	2101884	101426946
9	linear/1024/base	serialization	18211202	188738	5365343
9	linear/1024/base	combined	98316898	2338759	110480177
9	linear/1024/light	ir	6904574	54622	3970450
9	linear/1024/light	cfg	21573569	0	0
9	linear/1024/light	emission_exclusive	55570367	2346883	104935712
9	linear/1024/light	serialization	18634091	188738	5359679
9	linear/1024/light	combined	102682902	2590243	114265841
9	linear/1024/heavy	ir	26420242	153950	14502323
9	linear/1024/heavy	cfg	21304160	0	0
9	linear/1024/heavy	emission_exclusive	159742295	4830132	176508472
9	linear/1024/heavy	serialization	66799368	188740	18583081
9	linear/1024/heavy	combined	274266507	5172822	209593876
9	diamond-chain/64/base	ir	119707	3014	230397
9	diamond-chain/64/base	cfg	105399	0	0
9	diamond-chain/64/base	emission_exclusive	5121413	225845	3714034
9	diamond-chain/64/base	serialization	1402662	17982	373065
9	diamond-chain/64/base	combined	6749311	246841	4317496
9	diamond-chain/64/light	ir	129715	3421	248575
9	diamond-chain/64/light	cfg	105770	0	0
9	diamond-chain/64/light	emission_exclusive	5421571	242545	3960954
9	diamond-chain/64/light	serialization	1376262	17982	372681
9	diamond-chain/64/light	combined	7033419	263948	4582210
9	diamond-chain/64/heavy	ir	387202	9628	906464
9	diamond-chain/64/heavy	cfg	100290	0	0
9	diamond-chain/64/heavy	emission_exclusive	13860806	486163	9978456
9	diamond-chain/64/heavy	serialization	4270554	17984	1199123
9	diamond-chain/64/heavy	combined	18618962	513775	12084043
9	diamond-chain/256/base	ir	628899	12045	926798
9	diamond-chain/256/base	cfg	1217131	0	0
9	diamond-chain/256/base	emission_exclusive	20247703	897470	17597948
9	diamond-chain/256/base	serialization	5371816	70976	1471095
9	diamond-chain/256/base	combined	27465699	980491	19995841
9	diamond-chain/256/light	ir	721855	13666	997392
9	diamond-chain/256/light	cfg	1197043	0	0
9	diamond-chain/256/light	emission_exclusive	21416513	965199	18603715
9	diamond-chain/256/light	serialization	5428393	70976	1469655
9	diamond-chain/256/light	combined	28763955	1049841	21070762
9	diamond-chain/256/heavy	ir	2313374	38498	3630385
9	diamond-chain/256/heavy	cfg	1214877	0	0
9	diamond-chain/256/heavy	emission_exclusive	55048421	1938175	42664308
9	diamond-chain/256/heavy	serialization	16678283	70978	4775489
9	diamond-chain/256/heavy	combined	75255105	2047651	51070182
9	diamond-chain/1024/base	ir	5759088	48151	3711831
9	diamond-chain/1024/base	cfg	20701139	0	0
9	diamond-chain/1024/base	emission_exclusive	80459816	3585414	116314962
9	diamond-chain/1024/base	serialization	21844502	282946	5863533
9	diamond-chain/1024/base	combined	128764846	3916511	125890326
9	diamond-chain/1024/light	ir	6990657	54636	3994393
9	diamond-chain/1024/light	cfg	18964406	0	0
9	diamond-chain/1024/light	emission_exclusive	84999558	3857263	120357625
9	diamond-chain/1024/light	serialization	21893995	282946	5857869
9	diamond-chain/1024/light	combined	132848887	4194845	130209887
9	diamond-chain/1024/heavy	ir	24456100	153964	14526266
9	diamond-chain/1024/heavy	cfg	20956633	0	0
9	diamond-chain/1024/heavy	emission_exclusive	220671173	7747807	216606437
9	diamond-chain/1024/heavy	serialization	71840209	282948	19081271
9	diamond-chain/1024/heavy	combined	337924315	8184719	250213974
9	fan-in/64/base	ir	122271	3012	231834
9	fan-in/64/base	cfg	71325	0	0
9	fan-in/64/base	emission_exclusive	19815555	361039	7738269
9	fan-in/64/base	serialization	3743859	23502	433675
9	fan-in/64/base	combined	23753160	387553	8403778
9	fan-in/256/base	ir	665759	12041	932555
9	fan-in/256/base	cfg	546623	0	0
9	fan-in/256/base	emission_exclusive	77140490	3324668	63227648
9	fan-in/256/base	serialization	964624	8140	1101612
9	fan-in/256/base	combined	79317636	3344849	65261815
9	fan-in/1024/base	ir	6793073	48145	3734868
9	fan-in/1024/base	cfg	11026719	0	0
9	fan-in/1024/base	emission_exclusive	767541493	31527604	618738748
9	fan-in/1024/base	serialization	1805123	8142	4248310
9	fan-in/1024/base	combined	787166558	31583891	626721926
9	nested-loop/64/base	ir	112904	3009	229111
9	nested-loop/64/base	cfg	180041	0	0
9	nested-loop/64/base	emission_exclusive	3982529	149718	2837421
9	nested-loop/64/base	serialization	1326648	13198	348803
9	nested-loop/64/base	combined	5602232	165925	3415335
9	nested-loop/256/base	ir	621695	12036	921000
9	nested-loop/256/base	cfg	2290861	0	0
9	nested-loop/256/base	emission_exclusive	14986705	576567	15976260
9	nested-loop/256/base	serialization	5236572	48528	1356497
9	nested-loop/256/base	combined	23135944	637131	18253757
9	nested-loop/1024/base	ir	5624284	48138	3687985
9	nested-loop/1024/base	cfg	40823566	0	0
9	nested-loop/1024/base	emission_exclusive	58472654	2283847	143759634
9	nested-loop/1024/base	serialization	19865620	189842	5387591
9	nested-loop/1024/base	combined	124786334	2521827	152835210
9	multi-exit/64/base	ir	123423	2990	231132
9	multi-exit/64/base	cfg	84420	0	0
9	multi-exit/64/base	emission_exclusive	25238809	1038325	19436690
9	multi-exit/64/base	serialization	5685770	46594	569880
9	multi-exit/64/base	combined	31132552	1087909	20237702
9	multi-exit/256/base	ir	670397	12025	931853
9	multi-exit/256/base	cfg	590115	0	0
9	multi-exit/256/base	emission_exclusive	109845876	4980175	93574527
9	multi-exit/256/base	serialization	970054	8140	1101950
9	multi-exit/256/base	combined	112076594	5000340	95608330
9	multi-exit/1024/base	ir	6884426	48135	3734166
9	multi-exit/1024/base	cfg	12274838	0	0
9	multi-exit/1024/base	emission_exclusive	875289653	37208916	724828775
9	multi-exit/1024/base	serialization	1840129	8142	4248630
9	multi-exit/1024/base	combined	896289227	37265193	732811571
9	no-exit/64/base	ir	112914	3018	229199
9	no-exit/64/base	cfg	121019	0	0
9	no-exit/64/base	emission_exclusive	3609705	137678	2442687
9	no-exit/64/base	serialization	1261014	12278	343391
9	no-exit/64/base	combined	5104772	152974	3015277
9	no-exit/256/base	ir	627146	12045	921088
9	no-exit/256/base	cfg	1523430	0	0
9	no-exit/256/base	emission_exclusive	14005591	547235	13059068
9	no-exit/256/base	serialization	5152752	47608	1349547
9	no-exit/256/base	combined	21309039	606888	15329703
9	no-exit/1024/base	ir	5484690	48147	3688073
9	no-exit/1024/base	cfg	27975262	0	0
9	no-exit/1024/base	emission_exclusive	56271183	2185382	106422336
9	no-exit/1024/base	serialization	20549634	188922	5374495
9	no-exit/1024/base	combined	110280989	2422451	115484904
9	irreducible/64/base	ir	116630	3014	231355
9	irreducible/64/base	cfg	88097	0	0
9	irreducible/64/base	emission_exclusive	367421054	13761714	204732406
9	irreducible/64/base	serialization	4882992	61038	628259
9	irreducible/64/base	combined	372508914	13825766	205592020
9	irreducible/256/base	ir	651432	12045	930636
9	irreducible/256/base	cfg	1135366	0	0
9	irreducible/256/base	emission_exclusive	1058316054	38938265	424485411
9	irreducible/256/base	serialization	5124038	61040	1417299
9	irreducible/256/base	combined	1065227040	39011350	426833346
9	irreducible/1024/base	ir	5970349	48151	3727189
9	irreducible/1024/base	cfg	19923229	0	0
9	irreducible/1024/base	emission_exclusive	2953970458	106343842	1096707811
9	irreducible/1024/base	serialization	6646988	61042	4573269
9	irreducible/1024/base	combined	2986511284	106453035	1105008269
10	linear/64/base	ir	137971	3008	229014
10	linear/64/base	cfg	112583	0	0
10	linear/64/base	emission_exclusive	3430326	132901	2319001
10	linear/64/base	serialization	1190912	12094	341915
10	linear/64/base	combined	4872032	148003	2889930
10	linear/64/light	ir	131739	3415	247192
10	linear/64/light	cfg	88618	0	0
10	linear/64/light	emission_exclusive	3562184	147950	2532872
10	linear/64/light	serialization	1197154	12094	341531
10	linear/64/light	combined	4979825	163459	3121595
10	linear/64/heavy	ir	478034	9622	905081
10	linear/64/heavy	cfg	97254	0	0
10	linear/64/heavy	emission_exclusive	10079607	304273	7017602
10	linear/64/heavy	serialization	4295202	12096	1167973
10	linear/64/heavy	combined	14950207	325991	9090656
10	linear/256/base	ir	613951	12035	920903
10	linear/256/base	cfg	1423671	0	0
10	linear/256/base	emission_exclusive	12869052	526712	12403352
10	linear/256/base	serialization	4679938	47424	1346537
10	linear/256/base	combined	19586752	586171	14670792
10	linear/256/light	ir	693852	13656	991497
10	linear/256/light	cfg	1290870	0	0
10	linear/256/light	emission_exclusive	13811013	587752	13275990
10	linear/256/light	serialization	4632137	47424	1345097
10	linear/256/light	combined	20428003	648832	15612584
10	linear/256/heavy	ir	2728148	38488	3624490
10	linear/256/heavy	cfg	1105941	0	0
10	linear/256/heavy	emission_exclusive	39559275	1209433	31175155
10	linear/256/heavy	serialization	16709132	47426	4650931
10	linear/256/heavy	combined	60102607	1295347	39450576
10	linear/1024/base	ir	5671002	48137	3687888
10	linear/1024/base	cfg	22939251	0	0
10	linear/1024/base	emission_exclusive	51536581	2101884	101426946
10	linear/1024/base	serialization	19024290	188738	5365343
10	linear/1024/base	combined	99171464	2338759	110480177
10	linear/1024/light	ir	6670882	54622	3970450
10	linear/1024/light	cfg	21682785	0	0
10	linear/1024/light	emission_exclusive	57280342	2346883	104935712
10	linear/1024/light	serialization	20010744	188738	5359679
10	linear/1024/light	combined	105645113	2590243	114265841
10	linear/1024/heavy	ir	26506446	153950	14502323
10	linear/1024/heavy	cfg	22202979	0	0
10	linear/1024/heavy	emission_exclusive	163948910	4830132	176508472
10	linear/1024/heavy	serialization	68184046	188740	18583081
10	linear/1024/heavy	combined	280842912	5172822	209593876
10	diamond-chain/64/base	ir	117893	3014	230397
10	diamond-chain/64/base	cfg	103686	0	0
10	diamond-chain/64/base	emission_exclusive	5276466	225845	3714034
10	diamond-chain/64/base	serialization	1454660	17982	373065
10	diamond-chain/64/base	combined	6952936	246841	4317496
10	diamond-chain/64/light	ir	133934	3421	248575
10	diamond-chain/64/light	cfg	100430	0	0
10	diamond-chain/64/light	emission_exclusive	5527742	242545	3960954
10	diamond-chain/64/light	serialization	1405036	17982	372681
10	diamond-chain/64/light	combined	7167262	263948	4582210
10	diamond-chain/64/heavy	ir	382733	9628	906464
10	diamond-chain/64/heavy	cfg	101633	0	0
10	diamond-chain/64/heavy	emission_exclusive	14095490	486163	9978456
10	diamond-chain/64/heavy	serialization	4442861	17984	1199123
10	diamond-chain/64/heavy	combined	19022827	513775	12084043
10	diamond-chain/256/base	ir	638337	12045	926798
10	diamond-chain/256/base	cfg	1192876	0	0
10	diamond-chain/256/base	emission_exclusive	20358421	897470	17597948
10	diamond-chain/256/base	serialization	5513094	70976	1471095
10	diamond-chain/256/base	combined	27702838	980491	19995841
10	diamond-chain/256/light	ir	720171	13666	997392
10	diamond-chain/256/light	cfg	1201031	0	0
10	diamond-chain/256/light	emission_exclusive	21739243	965199	18603715
10	diamond-chain/256/light	serialization	5462918	70976	1469655
10	diamond-chain/256/light	combined	29123463	1049841	21070762
10	diamond-chain/256/heavy	ir	2332160	38498	3630385
10	diamond-chain/256/heavy	cfg	1205269	0	0
10	diamond-chain/256/heavy	emission_exclusive	55657803	1938175	42664308
10	diamond-chain/256/heavy	serialization	17882250	70978	4775489
10	diamond-chain/256/heavy	combined	77077622	2047651	51070182
10	diamond-chain/1024/base	ir	5838619	48151	3711831
10	diamond-chain/1024/base	cfg	20527762	0	0
10	diamond-chain/1024/base	emission_exclusive	82096541	3585414	116314962
10	diamond-chain/1024/base	serialization	22376468	282946	5863533
10	diamond-chain/1024/base	combined	130839690	3916511	125890326
10	diamond-chain/1024/light	ir	7026405	54636	3994393
10	diamond-chain/1024/light	cfg	18766883	0	0
10	diamond-chain/1024/light	emission_exclusive	86894582	3857263	120357625
10	diamond-chain/1024/light	serialization	22146071	282946	5857869
10	diamond-chain/1024/light	combined	134834231	4194845	130209887
10	diamond-chain/1024/heavy	ir	24347083	153964	14526266
10	diamond-chain/1024/heavy	cfg	21020093	0	0
10	diamond-chain/1024/heavy	emission_exclusive	222304913	7747807	216606437
10	diamond-chain/1024/heavy	serialization	69153469	282948	19081271
10	diamond-chain/1024/heavy	combined	336826069	8184719	250213974
10	fan-in/64/base	ir	137530	3012	231834
10	fan-in/64/base	cfg	76264	0	0
10	fan-in/64/base	emission_exclusive	19844951	361039	7738269
10	fan-in/64/base	serialization	3806116	23502	433675
10	fan-in/64/base	combined	23865172	387553	8403778
10	fan-in/256/base	ir	674805	12041	932555
10	fan-in/256/base	cfg	584726	0	0
10	fan-in/256/base	emission_exclusive	78329438	3324668	63227648
10	fan-in/256/base	serialization	941481	8140	1101612
10	fan-in/256/base	combined	80530641	3344849	65261815
10	fan-in/1024/base	ir	6943418	48145	3734868
10	fan-in/1024/base	cfg	10849694	0	0
10	fan-in/1024/base	emission_exclusive	769567376	31527604	618738748
10	fan-in/1024/base	serialization	1849216	8142	4248310
10	fan-in/1024/base	combined	789209905	31583891	626721926
10	nested-loop/64/base	ir	113284	3009	229111
10	nested-loop/64/base	cfg	180001	0	0
10	nested-loop/64/base	emission_exclusive	3891698	149718	2837421
10	nested-loop/64/base	serialization	1294788	13198	348803
10	nested-loop/64/base	combined	5479901	165925	3415335
10	nested-loop/256/base	ir	615664	12036	921000
10	nested-loop/256/base	cfg	2309577	0	0
10	nested-loop/256/base	emission_exclusive	14617548	576567	15976260
10	nested-loop/256/base	serialization	5031342	48528	1356497
10	nested-loop/256/base	combined	22574251	637131	18253757
10	nested-loop/1024/base	ir	5824623	48138	3687985
10	nested-loop/1024/base	cfg	40506146	0	0
10	nested-loop/1024/base	emission_exclusive	57636213	2283847	143759634
10	nested-loop/1024/base	serialization	20620537	189842	5387591
10	nested-loop/1024/base	combined	124587759	2521827	152835210
10	multi-exit/64/base	ir	119647	2990	231132
10	multi-exit/64/base	cfg	82226	0	0
10	multi-exit/64/base	emission_exclusive	24852989	1038325	19436690
10	multi-exit/64/base	serialization	5417613	46594	569880
10	multi-exit/64/base	combined	30472635	1087909	20237702
10	multi-exit/256/base	ir	671940	12025	931853
10	multi-exit/256/base	cfg	555440	0	0
10	multi-exit/256/base	emission_exclusive	109532154	4980175	93574527
10	multi-exit/256/base	serialization	940639	8140	1101950
10	multi-exit/256/base	combined	111700343	5000340	95608330
10	multi-exit/1024/base	ir	6912800	48135	3734166
10	multi-exit/1024/base	cfg	12274477	0	0
10	multi-exit/1024/base	emission_exclusive	873467302	37208916	724828775
10	multi-exit/1024/base	serialization	1841171	8142	4248630
10	multi-exit/1024/base	combined	894495910	37265193	732811571
10	no-exit/64/base	ir	111981	3018	229199
10	no-exit/64/base	cfg	118995	0	0
10	no-exit/64/base	emission_exclusive	3538271	137678	2442687
10	no-exit/64/base	serialization	1227721	12278	343391
10	no-exit/64/base	combined	4997088	152974	3015277
10	no-exit/256/base	ir	615573	12045	921088
10	no-exit/256/base	cfg	1502520	0	0
10	no-exit/256/base	emission_exclusive	13799671	547235	13059068
10	no-exit/256/base	serialization	5040280	47608	1349547
10	no-exit/256/base	combined	20958175	606888	15329703
10	no-exit/1024/base	ir	5618934	48147	3688073
10	no-exit/1024/base	cfg	27926150	0	0
10	no-exit/1024/base	emission_exclusive	56201271	2185382	106422336
10	no-exit/1024/base	serialization	19720045	188922	5374495
10	no-exit/1024/base	combined	109466820	2422451	115484904
10	irreducible/64/base	ir	118003	3014	231355
10	irreducible/64/base	cfg	91032	0	0
10	irreducible/64/base	emission_exclusive	366437686	13761714	204732406
10	irreducible/64/base	serialization	4827257	61038	628259
10	irreducible/64/base	combined	371474260	13825766	205592020
10	irreducible/256/base	ir	648185	12045	930636
10	irreducible/256/base	cfg	1146608	0	0
10	irreducible/256/base	emission_exclusive	1060524814	38938265	424485411
10	irreducible/256/base	serialization	5329657	61040	1417299
10	irreducible/256/base	combined	1067649494	39011350	426833346
10	irreducible/1024/base	ir	6057723	48151	3727189
10	irreducible/1024/base	cfg	19593095	0	0
10	irreducible/1024/base	emission_exclusive	2947967540	106343842	1096707811
10	irreducible/1024/base	serialization	6708515	61042	4573269
10	irreducible/1024/base	combined	2980327183	106453035	1105008269
11	linear/64/base	ir	143041	3008	229014
11	linear/64/base	cfg	117462	0	0
11	linear/64/base	emission_exclusive	3399198	132901	2319001
11	linear/64/base	serialization	1186293	12094	341915
11	linear/64/base	combined	4846304	148003	2889930
11	linear/64/light	ir	125317	3415	247192
11	linear/64/light	cfg	91262	0	0
11	linear/64/light	emission_exclusive	3590179	147950	2532872
11	linear/64/light	serialization	1200720	12094	341531
11	linear/64/light	combined	5007568	163459	3121595
11	linear/64/heavy	ir	482492	9622	905081
11	linear/64/heavy	cfg	88658	0	0
11	linear/64/heavy	emission_exclusive	10239900	304273	7017602
11	linear/64/heavy	serialization	4125260	12096	1167973
11	linear/64/heavy	combined	14936461	325991	9090656
11	linear/256/base	ir	611236	12035	920903
11	linear/256/base	cfg	1416548	0	0
11	linear/256/base	emission_exclusive	12984230	526712	12403352
11	linear/256/base	serialization	4554020	47424	1346537
11	linear/256/base	combined	19566174	586171	14670792
11	linear/256/light	ir	696938	13656	991497
11	linear/256/light	cfg	1227722	0	0
11	linear/256/light	emission_exclusive	14062167	587752	13275990
11	linear/256/light	serialization	4633330	47424	1345097
11	linear/256/light	combined	20620287	648832	15612584
11	linear/256/heavy	ir	2563207	38488	3624490
11	linear/256/heavy	cfg	1106912	0	0
11	linear/256/heavy	emission_exclusive	40123403	1209433	31175155
11	linear/256/heavy	serialization	16597311	47426	4650931
11	linear/256/heavy	combined	60390983	1295347	39450576
11	linear/1024/base	ir	5863476	48137	3687888
11	linear/1024/base	cfg	23401505	0	0
11	linear/1024/base	emission_exclusive	51890061	2101884	101426946
11	linear/1024/base	serialization	18977381	188738	5365343
11	linear/1024/base	combined	100132803	2338759	110480177
11	linear/1024/light	ir	7171378	54622	3970450
11	linear/1024/light	cfg	22059488	0	0
11	linear/1024/light	emission_exclusive	56110950	2346883	104935712
11	linear/1024/light	serialization	18297655	188738	5359679
11	linear/1024/light	combined	103639893	2590243	114265841
11	linear/1024/heavy	ir	26269168	153950	14502323
11	linear/1024/heavy	cfg	21233035	0	0
11	linear/1024/heavy	emission_exclusive	163244500	4830132	176508472
11	linear/1024/heavy	serialization	64569333	188740	18583081
11	linear/1024/heavy	combined	275316336	5172822	209593876
11	diamond-chain/64/base	ir	123644	3014	230397
11	diamond-chain/64/base	cfg	107583	0	0
11	diamond-chain/64/base	emission_exclusive	5098390	225845	3714034
11	diamond-chain/64/base	serialization	1353338	17982	373065
11	diamond-chain/64/base	combined	6683186	246841	4317496
11	diamond-chain/64/light	ir	132621	3421	248575
11	diamond-chain/64/light	cfg	102013	0	0
11	diamond-chain/64/light	emission_exclusive	5377718	242545	3960954
11	diamond-chain/64/light	serialization	1350463	17982	372681
11	diamond-chain/64/light	combined	6962905	263948	4582210
11	diamond-chain/64/heavy	ir	388344	9628	906464
11	diamond-chain/64/heavy	cfg	101632	0	0
11	diamond-chain/64/heavy	emission_exclusive	13585025	486163	9978456
11	diamond-chain/64/heavy	serialization	4370935	17984	1199123
11	diamond-chain/64/heavy	combined	18446036	513775	12084043
11	diamond-chain/256/base	ir	624040	12045	926798
11	diamond-chain/256/base	cfg	1228283	0	0
11	diamond-chain/256/base	emission_exclusive	19677714	897470	17597948
11	diamond-chain/256/base	serialization	5531598	70976	1471095
11	diamond-chain/256/base	combined	27061745	980491	19995841
11	diamond-chain/256/light	ir	716235	13666	997392
11	diamond-chain/256/light	cfg	1206682	0	0
11	diamond-chain/256/light	emission_exclusive	21023479	965199	18603715
11	diamond-chain/256/light	serialization	5437110	70976	1469655
11	diamond-chain/256/light	combined	28383626	1049841	21070762
11	diamond-chain/256/heavy	ir	2400438	38498	3630385
11	diamond-chain/256/heavy	cfg	1204698	0	0
11	diamond-chain/256/heavy	emission_exclusive	54307470	1938175	42664308
11	diamond-chain/256/heavy	serialization	16994722	70978	4775489
11	diamond-chain/256/heavy	combined	74907478	2047651	51070182
11	diamond-chain/1024/base	ir	5905455	48151	3711831
11	diamond-chain/1024/base	cfg	21235310	0	0
11	diamond-chain/1024/base	emission_exclusive	81220926	3585414	116314962
11	diamond-chain/1024/base	serialization	23139681	282946	5863533
11	diamond-chain/1024/base	combined	131501492	3916511	125890326
11	diamond-chain/1024/light	ir	7054668	54636	3994393
11	diamond-chain/1024/light	cfg	18048544	0	0
11	diamond-chain/1024/light	emission_exclusive	86148814	3857263	120357625
11	diamond-chain/1024/light	serialization	22154658	282946	5857869
11	diamond-chain/1024/light	combined	133406904	4194845	130209887
11	diamond-chain/1024/heavy	ir	24305485	153964	14526266
11	diamond-chain/1024/heavy	cfg	21288590	0	0
11	diamond-chain/1024/heavy	emission_exclusive	223512831	7747807	216606437
11	diamond-chain/1024/heavy	serialization	69643727	282948	19081271
11	diamond-chain/1024/heavy	combined	338750953	8184719	250213974
11	fan-in/64/base	ir	127350	3012	231834
11	fan-in/64/base	cfg	76725	0	0
11	fan-in/64/base	emission_exclusive	19740103	361039	7738269
11	fan-in/64/base	serialization	3945941	23502	433675
11	fan-in/64/base	combined	23890250	387553	8403778
11	fan-in/256/base	ir	665940	12041	932555
11	fan-in/256/base	cfg	557754	0	0
11	fan-in/256/base	emission_exclusive	78893296	3324668	63227648
11	fan-in/256/base	serialization	935057	8140	1101612
11	fan-in/256/base	combined	81052167	3344849	65261815
11	fan-in/1024/base	ir	6741907	48145	3734868
11	fan-in/1024/base	cfg	10427335	0	0
11	fan-in/1024/base	emission_exclusive	779086934	31527604	618738748
11	fan-in/1024/base	serialization	1822716	8142	4248310
11	fan-in/1024/base	combined	798079113	31583891	626721926
11	nested-loop/64/base	ir	113465	3009	229111
11	nested-loop/64/base	cfg	181734	0	0
11	nested-loop/64/base	emission_exclusive	3935511	149718	2837421
11	nested-loop/64/base	serialization	1284739	13198	348803
11	nested-loop/64/base	combined	5515569	165925	3415335
11	nested-loop/256/base	ir	616966	12036	921000
11	nested-loop/256/base	cfg	2256546	0	0
11	nested-loop/256/base	emission_exclusive	14871017	576567	15976260
11	nested-loop/256/base	serialization	4921234	48528	1356497
11	nested-loop/256/base	combined	22665874	637131	18253757
11	nested-loop/1024/base	ir	5494618	48138	3687985
11	nested-loop/1024/base	cfg	40148499	0	0
11	nested-loop/1024/base	emission_exclusive	58269562	2283847	143759634
11	nested-loop/1024/base	serialization	19490952	189842	5387591
11	nested-loop/1024/base	combined	123403832	2521827	152835210
11	multi-exit/64/base	ir	118504	2990	231132
11	multi-exit/64/base	cfg	79260	0	0
11	multi-exit/64/base	emission_exclusive	25162956	1038325	19436690
11	multi-exit/64/base	serialization	5346408	46594	569880
11	multi-exit/64/base	combined	30707338	1087909	20237702
11	multi-exit/256/base	ir	667101	12025	931853
11	multi-exit/256/base	cfg	557224	0	0
11	multi-exit/256/base	emission_exclusive	110257967	4980175	93574527
11	multi-exit/256/base	serialization	938164	8140	1101950
11	multi-exit/256/base	combined	112420596	5000340	95608330
11	multi-exit/1024/base	ir	6726588	48135	3734166
11	multi-exit/1024/base	cfg	12309394	0	0
11	multi-exit/1024/base	emission_exclusive	882910285	37208916	724828775
11	multi-exit/1024/base	serialization	1883481	8142	4248630
11	multi-exit/1024/base	combined	903829929	37265193	732811571
11	no-exit/64/base	ir	112312	3018	229199
11	no-exit/64/base	cfg	119196	0	0
11	no-exit/64/base	emission_exclusive	3617319	137678	2442687
11	no-exit/64/base	serialization	1232250	12278	343391
11	no-exit/64/base	combined	5081197	152974	3015277
11	no-exit/256/base	ir	622227	12045	921088
11	no-exit/256/base	cfg	1493674	0	0
11	no-exit/256/base	emission_exclusive	14024506	547235	13059068
11	no-exit/256/base	serialization	4787232	47608	1349547
11	no-exit/256/base	combined	20927739	606888	15329703
11	no-exit/1024/base	ir	5632309	48147	3688073
11	no-exit/1024/base	cfg	28021491	0	0
11	no-exit/1024/base	emission_exclusive	56659006	2185382	106422336
11	no-exit/1024/base	serialization	20290995	188922	5374495
11	no-exit/1024/base	combined	110604181	2422451	115484904
11	irreducible/64/base	ir	116881	3014	231355
11	irreducible/64/base	cfg	90210	0	0
11	irreducible/64/base	emission_exclusive	368936296	13761714	204732406
11	irreducible/64/base	serialization	4854479	61038	628259
11	irreducible/64/base	combined	373998026	13825766	205592020
11	irreducible/256/base	ir	650611	12045	930636
11	irreducible/256/base	cfg	1139454	0	0
11	irreducible/256/base	emission_exclusive	1079029442	38938265	424485411
11	irreducible/256/base	serialization	5228586	61040	1417299
11	irreducible/256/base	combined	1086048243	39011350	426833346
11	irreducible/1024/base	ir	6191075	48151	3727189
11	irreducible/1024/base	cfg	20468831	0	0
11	irreducible/1024/base	emission_exclusive	2965966135	106343842	1096707811
11	irreducible/1024/base	serialization	6679649	61042	4573269
11	irreducible/1024/base	combined	2999306171	106453035	1105008269
12	linear/64/base	ir	145124	3008	229014
12	linear/64/base	cfg	117222	0	0
12	linear/64/base	emission_exclusive	3415988	132901	2319001
12	linear/64/base	serialization	1195791	12094	341915
12	linear/64/base	combined	4874477	148003	2889930
12	linear/64/light	ir	131799	3415	247192
12	linear/64/light	cfg	88768	0	0
12	linear/64/light	emission_exclusive	3611528	147950	2532872
12	linear/64/light	serialization	1199027	12094	341531
12	linear/64/light	combined	5031232	163459	3121595
12	linear/64/heavy	ir	489475	9622	905081
12	linear/64/heavy	cfg	89138	0	0
12	linear/64/heavy	emission_exclusive	10121048	304273	7017602
12	linear/64/heavy	serialization	4157801	12096	1167973
12	linear/64/heavy	combined	14857602	325991	9090656
12	linear/256/base	ir	608079	12035	920903
12	linear/256/base	cfg	1402813	0	0
12	linear/256/base	emission_exclusive	12908406	526712	12403352
12	linear/256/base	serialization	4661594	47424	1346537
12	linear/256/base	combined	19581022	586171	14670792
12	linear/256/light	ir	695806	13656	991497
12	linear/256/light	cfg	1268920	0	0
12	linear/256/light	emission_exclusive	14324483	587752	13275990
12	linear/256/light	serialization	4815184	47424	1345097
12	linear/256/light	combined	21104523	648832	15612584
12	linear/256/heavy	ir	2806216	38488	3624490
12	linear/256/heavy	cfg	1125137	0	0
12	linear/256/heavy	emission_exclusive	40973380	1209433	31175155
12	linear/256/heavy	serialization	16875257	47426	4650931
12	linear/256/heavy	combined	61780140	1295347	39450576
12	linear/1024/base	ir	5948166	48137	3687888
12	linear/1024/base	cfg	22952738	0	0
12	linear/1024/base	emission_exclusive	53458454	2101884	101426946
12	linear/1024/base	serialization	19327794	188738	5365343
12	linear/1024/base	combined	101687593	2338759	110480177
12	linear/1024/light	ir	6974508	54622	3970450
12	linear/1024/light	cfg	21846796	0	0
12	linear/1024/light	emission_exclusive	59353611	2346883	104935712
12	linear/1024/light	serialization	19131112	188738	5359679
12	linear/1024/light	combined	107306217	2590243	114265841
12	linear/1024/heavy	ir	26415383	153950	14502323
12	linear/1024/heavy	cfg	21824374	0	0
12	linear/1024/heavy	emission_exclusive	164650068	4830132	176508472
12	linear/1024/heavy	serialization	67241274	188740	18583081
12	linear/1024/heavy	combined	280131580	5172822	209593876
12	diamond-chain/64/base	ir	123193	3014	230397
12	diamond-chain/64/base	cfg	107083	0	0
12	diamond-chain/64/base	emission_exclusive	5280574	225845	3714034
12	diamond-chain/64/base	serialization	1439682	17982	373065
12	diamond-chain/64/base	combined	6950672	246841	4317496
12	diamond-chain/64/light	ir	128543	3421	248575
12	diamond-chain/64/light	cfg	101211	0	0
12	diamond-chain/64/light	emission_exclusive	5597142	242545	3960954
12	diamond-chain/64/light	serialization	1457546	17982	372681
12	diamond-chain/64/light	combined	7284542	263948	4582210
12	diamond-chain/64/heavy	ir	388404	9628	906464
12	diamond-chain/64/heavy	cfg	100500	0	0
12	diamond-chain/64/heavy	emission_exclusive	14244052	486163	9978456
12	diamond-chain/64/heavy	serialization	4445435	17984	1199123
12	diamond-chain/64/heavy	combined	19178511	513775	12084043
12	diamond-chain/256/base	ir	637004	12045	926798
12	diamond-chain/256/base	cfg	1230436	0	0
12	diamond-chain/256/base	emission_exclusive	20598737	897470	17597948
12	diamond-chain/256/base	serialization	5679829	70976	1471095
12	diamond-chain/256/base	combined	28146148	980491	19995841
12	diamond-chain/256/light	ir	717226	13666	997392
12	diamond-chain/256/light	cfg	1199007	0	0
12	diamond-chain/256/light	emission_exclusive	21857477	965199	18603715
12	diamond-chain/256/light	serialization	5682483	70976	1469655
12	diamond-chain/256/light	combined	29456303	1049841	21070762
12	diamond-chain/256/heavy	ir	2321229	38498	3630385
12	diamond-chain/256/heavy	cfg	1213855	0	0
12	diamond-chain/256/heavy	emission_exclusive	55937563	1938175	42664308
12	diamond-chain/256/heavy	serialization	17769257	70978	4775489
12	diamond-chain/256/heavy	combined	77242054	2047651	51070182
12	diamond-chain/1024/base	ir	5674198	48151	3711831
12	diamond-chain/1024/base	cfg	20777515	0	0
12	diamond-chain/1024/base	emission_exclusive	82009176	3585414	116314962
12	diamond-chain/1024/base	serialization	22053808	282946	5863533
12	diamond-chain/1024/base	combined	130514857	3916511	125890326
12	diamond-chain/1024/light	ir	7031795	54636	3994393
12	diamond-chain/1024/light	cfg	18686582	0	0
12	diamond-chain/1024/light	emission_exclusive	90083813	3857263	120357625
12	diamond-chain/1024/light	serialization	22563482	282946	5857869
12	diamond-chain/1024/light	combined	138365872	4194845	130209887
12	diamond-chain/1024/heavy	ir	24193864	153964	14526266
12	diamond-chain/1024/heavy	cfg	20608756	0	0
12	diamond-chain/1024/heavy	emission_exclusive	222918326	7747807	216606437
12	diamond-chain/1024/heavy	serialization	68916932	282948	19081271
12	diamond-chain/1024/heavy	combined	336638199	8184719	250213974
12	fan-in/64/base	ir	127681	3012	231834
12	fan-in/64/base	cfg	71014	0	0
12	fan-in/64/base	emission_exclusive	19670382	361039	7738269
12	fan-in/64/base	serialization	3865198	23502	433675
12	fan-in/64/base	combined	23734465	387553	8403778
12	fan-in/256/base	ir	675728	12041	932555
12	fan-in/256/base	cfg	563255	0	0
12	fan-in/256/base	emission_exclusive	77550036	3324668	63227648
12	fan-in/256/base	serialization	967319	8140	1101612
12	fan-in/256/base	combined	79756488	3344849	65261815
12	fan-in/1024/base	ir	6867134	48145	3734868
12	fan-in/1024/base	cfg	11586537	0	0
12	fan-in/1024/base	emission_exclusive	766486905	31527604	618738748
12	fan-in/1024/base	serialization	1793911	8142	4248310
12	fan-in/1024/base	combined	786734697	31583891	626721926
12	nested-loop/64/base	ir	111841	3009	229111
12	nested-loop/64/base	cfg	182164	0	0
12	nested-loop/64/base	emission_exclusive	3819683	149718	2837421
12	nested-loop/64/base	serialization	1274179	13198	348803
12	nested-loop/64/base	combined	5388007	165925	3415335
12	nested-loop/256/base	ir	623198	12036	921000
12	nested-loop/256/base	cfg	2278718	0	0
12	nested-loop/256/base	emission_exclusive	14251296	576567	15976260
12	nested-loop/256/base	serialization	4960379	48528	1356497
12	nested-loop/256/base	combined	22113741	637131	18253757
12	nested-loop/1024/base	ir	5845301	48138	3687985
12	nested-loop/1024/base	cfg	40292402	0	0
12	nested-loop/1024/base	emission_exclusive	56782129	2283847	143759634
12	nested-loop/1024/base	serialization	20499679	189842	5387591
12	nested-loop/1024/base	combined	123419782	2521827	152835210
12	multi-exit/64/base	ir	118895	2990	231132
12	multi-exit/64/base	cfg	81985	0	0
12	multi-exit/64/base	emission_exclusive	24795221	1038325	19436690
12	multi-exit/64/base	serialization	5518012	46594	569880
12	multi-exit/64/base	combined	30514233	1087909	20237702
12	multi-exit/256/base	ir	663695	12025	931853
12	multi-exit/256/base	cfg	564918	0	0
12	multi-exit/256/base	emission_exclusive	109438177	4980175	93574527
12	multi-exit/256/base	serialization	936140	8140	1101950
12	multi-exit/256/base	combined	111603111	5000340	95608330
12	multi-exit/1024/base	ir	7555165	48135	3734166
12	multi-exit/1024/base	cfg	12743926	0	0
12	multi-exit/1024/base	emission_exclusive	866185115	37208916	724828775
12	multi-exit/1024/base	serialization	1831052	8142	4248630
12	multi-exit/1024/base	combined	888315469	37265193	732811571
12	no-exit/64/base	ir	110408	3018	229199
12	no-exit/64/base	cfg	118504	0	0
12	no-exit/64/base	emission_exclusive	3480281	137678	2442687
12	no-exit/64/base	serialization	1245995	12278	343391
12	no-exit/64/base	combined	4955308	152974	3015277
12	no-exit/256/base	ir	617708	12045	921088
12	no-exit/256/base	cfg	1495207	0	0
12	no-exit/256/base	emission_exclusive	13460190	547235	13059068
12	no-exit/256/base	serialization	4871210	47608	1349547
12	no-exit/256/base	combined	20444415	606888	15329703
12	no-exit/1024/base	ir	5669589	48147	3688073
12	no-exit/1024/base	cfg	27924808	0	0
12	no-exit/1024/base	emission_exclusive	54618639	2185382	106422336
12	no-exit/1024/base	serialization	19401713	188922	5374495
12	no-exit/1024/base	combined	107615240	2422451	115484904
12	irreducible/64/base	ir	115689	3014	231355
12	irreducible/64/base	cfg	89149	0	0
12	irreducible/64/base	emission_exclusive	366274183	13761714	204732406
12	irreducible/64/base	serialization	4802801	61038	628259
12	irreducible/64/base	combined	371281962	13825766	205592020
12	irreducible/256/base	ir	652965	12045	930636
12	irreducible/256/base	cfg	1136048	0	0
12	irreducible/256/base	emission_exclusive	1071078934	38938265	424485411
12	irreducible/256/base	serialization	5124900	61040	1417299
12	irreducible/256/base	combined	1077993198	39011350	426833346
12	irreducible/1024/base	ir	6088752	48151	3727189
12	irreducible/1024/base	cfg	19691371	0	0
12	irreducible/1024/base	emission_exclusive	2960784769	106343842	1096707811
12	irreducible/1024/base	serialization	6787814	61042	4573269
12	irreducible/1024/base	combined	2993352916	106453035	1105008269
13	linear/64/base	ir	139614	3008	229014
13	linear/64/base	cfg	114416	0	0
13	linear/64/base	emission_exclusive	3406051	132901	2319001
13	linear/64/base	serialization	1179560	12094	341915
13	linear/64/base	combined	4839941	148003	2889930
13	linear/64/light	ir	124075	3415	247192
13	linear/64/light	cfg	88207	0	0
13	linear/64/light	emission_exclusive	3621296	147950	2532872
13	linear/64/light	serialization	1198055	12094	341531
13	linear/64/light	combined	5031723	163459	3121595
13	linear/64/heavy	ir	471802	9622	905081
13	linear/64/heavy	cfg	89991	0	0
13	linear/64/heavy	emission_exclusive	10416294	304273	7017602
13	linear/64/heavy	serialization	4119629	12096	1167973
13	linear/64/heavy	combined	15097896	325991	9090656
13	linear/256/base	ir	611707	12035	920903
13	linear/256/base	cfg	1421218	0	0
13	linear/256/base	emission_exclusive	13503841	526712	12403352
13	linear/256/base	serialization	4528643	47424	1346537
13	linear/256/base	combined	20065569	586171	14670792
13	linear/256/light	ir	694803	13656	991497
13	linear/256/light	cfg	1486170	0	0
13	linear/256/light	emission_exclusive	14143472	587752	13275990
13	linear/256/light	serialization	5038066	47424	1345097
13	linear/256/light	combined	21362711	648832	15612584
13	linear/256/heavy	ir	3148103	38488	3624490
13	linear/256/heavy	cfg	1146037	0	0
13	linear/256/heavy	emission_exclusive	39174869	1209433	31175155
13	linear/256/heavy	serialization	16812818	47426	4650931
13	linear/256/heavy	combined	60282047	1295347	39450576
13	linear/1024/base	ir	5552870	48137	3687888
13	linear/1024/base	cfg	23020446	0	0
13	linear/1024/base	emission_exclusive	51228599	2101884	101426946
13	linear/1024/base	serialization	19045630	188738	5365343
13	linear/1024/base	combined	98847875	2338759	110480177
13	linear/1024/light	ir	6654732	54622	3970450
13	linear/1024/light	cfg	21926887	0	0
13	linear/1024/light	emission_exclusive	56672303	2346883	104935712
13	linear/1024/light	serialization	19240388	188738	5359679
13	linear/1024/light	combined	104494431	2590243	114265841
13	linear/1024/heavy	ir	26512638	153950	14502323
13	linear/1024/heavy	cfg	21504039	0	0
13	linear/1024/heavy	emission_exclusive	163723046	4830132	176508472
13	linear/1024/heavy	serialization	69626234	188740	18583081
13	linear/1024/heavy	combined	281366228	5172822	209593876
13	diamond-chain/64/base	ir	137901	3014	230397
13	diamond-chain/64/base	cfg	110179	0	0
13	diamond-chain/64/base	emission_exclusive	5216302	225845	3714034
13	diamond-chain/64/base	serialization	1422390	17982	373065
13	diamond-chain/64/base	combined	6886992	246841	4317496
13	diamond-chain/64/light	ir	129175	3421	248575
13	diamond-chain/64/light	cfg	102664	0	0
13	diamond-chain/64/light	emission_exclusive	5501752	242545	3960954
13	diamond-chain/64/light	serialization	1402932	17982	372681
13	diamond-chain/64/light	combined	7136623	263948	4582210
13	diamond-chain/64/heavy	ir	395057	9628	906464
13	diamond-chain/64/heavy	cfg	101092	0	0
13	diamond-chain/64/heavy	emission_exclusive	13864974	486163	9978456
13	diamond-chain/64/heavy	serialization	4418414	17984	1199123
13	diamond-chain/64/heavy	combined	18779627	513775	12084043
13	diamond-chain/256/base	ir	623108	12045	926798
13	diamond-chain/256/base	cfg	1234584	0	0
13	diamond-chain/256/base	emission_exclusive	20188942	897470	17597948
13	diamond-chain/256/base	serialization	5533101	70976	1471095
13	diamond-chain/256/base	combined	27579886	980491	19995841
13	diamond-chain/256/light	ir	723457	13666	997392
13	diamond-chain/256/light	cfg	1201381	0	0
13	diamond-chain/256/light	emission_exclusive	21692637	965199	18603715
13	diamond-chain/256/light	serialization	5449873	70976	1469655
13	diamond-chain/256/light	combined	29067488	1049841	21070762
13	diamond-chain/256/heavy	ir	2291313	38498	3630385
13	diamond-chain/256/heavy	cfg	1218243	0	0
13	diamond-chain/256/heavy	emission_exclusive	55758525	1938175	42664308
13	diamond-chain/256/heavy	serialization	16936983	70978	4775489
13	diamond-chain/256/heavy	combined	76205194	2047651	51070182
13	diamond-chain/1024/base	ir	5734553	48151	3711831
13	diamond-chain/1024/base	cfg	20926776	0	0
13	diamond-chain/1024/base	emission_exclusive	81842303	3585414	116314962
13	diamond-chain/1024/base	serialization	22389232	282946	5863533
13	diamond-chain/1024/base	combined	130893004	3916511	125890326
13	diamond-chain/1024/light	ir	6898352	54636	3994393
13	diamond-chain/1024/light	cfg	18014832	0	0
13	diamond-chain/1024/light	emission_exclusive	86285562	3857263	120357625
13	diamond-chain/1024/light	serialization	22514579	282946	5857869
13	diamond-chain/1024/light	combined	133713457	4194845	130209887
13	diamond-chain/1024/heavy	ir	25257434	153964	14526266
13	diamond-chain/1024/heavy	cfg	21064839	0	0
13	diamond-chain/1024/heavy	emission_exclusive	222605137	7747807	216606437
13	diamond-chain/1024/heavy	serialization	69886175	282948	19081271
13	diamond-chain/1024/heavy	combined	338813765	8184719	250213974
13	fan-in/64/base	ir	121179	3012	231834
13	fan-in/64/base	cfg	70924	0	0
13	fan-in/64/base	emission_exclusive	19812741	361039	7738269
13	fan-in/64/base	serialization	4050858	23502	433675
13	fan-in/64/base	combined	24055823	387553	8403778
13	fan-in/256/base	ir	676249	12041	932555
13	fan-in/256/base	cfg	539840	0	0
13	fan-in/256/base	emission_exclusive	78165531	3324668	63227648
13	fan-in/256/base	serialization	939546	8140	1101612
13	fan-in/256/base	combined	80321316	3344849	65261815
13	fan-in/1024/base	ir	7012799	48145	3734868
13	fan-in/1024/base	cfg	11113844	0	0
13	fan-in/1024/base	emission_exclusive	773769371	31527604	618738748
13	fan-in/1024/base	serialization	1816765	8142	4248310
13	fan-in/1024/base	combined	793713030	31583891	626721926
13	nested-loop/64/base	ir	112754	3009	229111
13	nested-loop/64/base	cfg	182194	0	0
13	nested-loop/64/base	emission_exclusive	3902288	149718	2837421
13	nested-loop/64/base	serialization	1281663	13198	348803
13	nested-loop/64/base	combined	5479019	165925	3415335
13	nested-loop/256/base	ir	616365	12036	921000
13	nested-loop/256/base	cfg	2258420	0	0
13	nested-loop/256/base	emission_exclusive	14721675	576567	15976260
13	nested-loop/256/base	serialization	5198840	48528	1356497
13	nested-loop/256/base	combined	22795440	637131	18253757
13	nested-loop/1024/base	ir	5754761	48138	3687985
13	nested-loop/1024/base	cfg	40307180	0	0
13	nested-loop/1024/base	emission_exclusive	57799553	2283847	143759634
13	nested-loop/1024/base	serialization	19397025	189842	5387591
13	nested-loop/1024/base	combined	123258790	2521827	152835210
13	multi-exit/64/base	ir	116550	2990	231132
13	multi-exit/64/base	cfg	79701	0	0
13	multi-exit/64/base	emission_exclusive	25129864	1038325	19436690
13	multi-exit/64/base	serialization	5782703	46594	569880
13	multi-exit/64/base	combined	31108948	1087909	20237702
13	multi-exit/256/base	ir	671950	12025	931853
13	multi-exit/256/base	cfg	551733	0	0
13	multi-exit/256/base	emission_exclusive	110736635	4980175	93574527
13	multi-exit/256/base	serialization	951960	8140	1101950
13	multi-exit/256/base	combined	112912448	5000340	95608330
13	multi-exit/1024/base	ir	6990487	48135	3734166
13	multi-exit/1024/base	cfg	12314804	0	0
13	multi-exit/1024/base	emission_exclusive	876421400	37208916	724828775
13	multi-exit/1024/base	serialization	1832305	8142	4248630
13	multi-exit/1024/base	combined	897559266	37265193	732811571
13	no-exit/64/base	ir	111761	3018	229199
13	no-exit/64/base	cfg	118845	0	0
13	no-exit/64/base	emission_exclusive	3559299	137678	2442687
13	no-exit/64/base	serialization	1217713	12278	343391
13	no-exit/64/base	combined	5007758	152974	3015277
13	no-exit/256/base	ir	626484	12045	921088
13	no-exit/256/base	cfg	1507701	0	0
13	no-exit/256/base	emission_exclusive	13826622	547235	13059068
13	no-exit/256/base	serialization	4751734	47608	1349547
13	no-exit/256/base	combined	20712632	606888	15329703
13	no-exit/1024/base	ir	5717099	48147	3688073
13	no-exit/1024/base	cfg	28407291	0	0
13	no-exit/1024/base	emission_exclusive	56477243	2185382	106422336
13	no-exit/1024/base	serialization	18951522	188922	5374495
13	no-exit/1024/base	combined	109553516	2422451	115484904
13	irreducible/64/base	ir	116010	3014	231355
13	irreducible/64/base	cfg	89409	0	0
13	irreducible/64/base	emission_exclusive	358441588	13761714	204732406
13	irreducible/64/base	serialization	4544973	61038	628259
13	irreducible/64/base	combined	363192130	13825766	205592020
13	irreducible/256/base	ir	646762	12045	930636
13	irreducible/256/base	cfg	1129326	0	0
13	irreducible/256/base	emission_exclusive	1066589979	38938265	424485411
13	irreducible/256/base	serialization	5373651	61040	1417299
13	irreducible/256/base	combined	1073739948	39011350	426833346
13	irreducible/1024/base	ir	6536639	48151	3727189
13	irreducible/1024/base	cfg	20623744	0	0
13	irreducible/1024/base	emission_exclusive	2975545190	106343842	1096707811
13	irreducible/1024/base	serialization	6938899	61042	4573269
13	irreducible/1024/base	combined	3009644682	106453035	1105008269
14	linear/64/base	ir	143702	3008	229014
14	linear/64/base	cfg	113905	0	0
14	linear/64/base	emission_exclusive	3557055	132901	2319001
14	linear/64/base	serialization	1187105	12094	341915
14	linear/64/base	combined	5002007	148003	2889930
14	linear/64/light	ir	127751	3415	247192
14	linear/64/light	cfg	87826	0	0
14	linear/64/light	emission_exclusive	3727418	147950	2532872
14	linear/64/light	serialization	1188227	12094	341531
14	linear/64/light	combined	5131332	163459	3121595
14	linear/64/heavy	ir	482522	9622	905081
14	linear/64/heavy	cfg	88647	0	0
14	linear/64/heavy	emission_exclusive	10196931	304273	7017602
14	linear/64/heavy	serialization	4150858	12096	1167973
14	linear/64/heavy	combined	14919098	325991	9090656
14	linear/256/base	ir	625292	12035	920903
14	linear/256/base	cfg	1782360	0	0
14	linear/256/base	emission_exclusive	13317740	526712	12403352
14	linear/256/base	serialization	4556505	47424	1346537
14	linear/256/base	combined	20282058	586171	14670792
14	linear/256/light	ir	711465	13656	991497
14	linear/256/light	cfg	1287284	0	0
14	linear/256/light	emission_exclusive	14470480	587752	13275990
14	linear/256/light	serialization	4520868	47424	1345097
14	linear/256/light	combined	20990217	648832	15612584
14	linear/256/heavy	ir	2772080	38488	3624490
14	linear/256/heavy	cfg	1113075	0	0
14	linear/256/heavy	emission_exclusive	40354741	1209433	31175155
14	linear/256/heavy	serialization	16125528	47426	4650931
14	linear/256/heavy	combined	60365535	1295347	39450576
14	linear/1024/base	ir	5764670	48137	3687888
14	linear/1024/base	cfg	22920226	0	0
14	linear/1024/base	emission_exclusive	52507047	2101884	101426946
14	linear/1024/base	serialization	18488908	188738	5365343
14	linear/1024/base	combined	99680981	2338759	110480177
14	linear/1024/light	ir	6806358	54622	3970450
14	linear/1024/light	cfg	21548573	0	0
14	linear/1024/light	emission_exclusive	56787501	2346883	104935712
14	linear/1024/light	serialization	18110512	188738	5359679
14	linear/1024/light	combined	103253164	2590243	114265841
14	linear/1024/heavy	ir	26566340	153950	14502323
14	linear/1024/heavy	cfg	21677897	0	0
14	linear/1024/heavy	emission_exclusive	160860045	4830132	176508472
14	linear/1024/heavy	serialization	64681235	188740	18583081
14	linear/1024/heavy	combined	273786007	5172822	209593876
14	diamond-chain/64/base	ir	138742	3014	230397
14	diamond-chain/64/base	cfg	109877	0	0
14	diamond-chain/64/base	emission_exclusive	5382346	225845	3714034
14	diamond-chain/64/base	serialization	1385560	17982	373065
14	diamond-chain/64/base	combined	7016666	246841	4317496
14	diamond-chain/64/light	ir	129585	3421	248575
14	diamond-chain/64/light	cfg	102133	0	0
14	diamond-chain/64/light	emission_exclusive	5573519	242545	3960954
14	diamond-chain/64/light	serialization	1422429	17982	372681
14	diamond-chain/64/light	combined	7227766	263948	4582210
14	diamond-chain/64/heavy	ir	396199	9628	906464
14	diamond-chain/64/heavy	cfg	101702	0	0
14	diamond-chain/64/heavy	emission_exclusive	14130498	486163	9978456
14	diamond-chain/64/heavy	serialization	4344343	17984	1199123
14	diamond-chain/64/heavy	combined	18972852	513775	12084043
14	diamond-chain/256/base	ir	627807	12045	926798
14	diamond-chain/256/base	cfg	1229615	0	0
14	diamond-chain/256/base	emission_exclusive	21190536	897470	17597948
14	diamond-chain/256/base	serialization	5581312	70976	1471095
14	diamond-chain/256/base	combined	28629381	980491	19995841
14	diamond-chain/256/light	ir	740029	13666	997392
14	diamond-chain/256/light	cfg	1203776	0	0
14	diamond-chain/256/light	emission_exclusive	22290285	965199	18603715
14	diamond-chain/256/light	serialization	5640826	70976	1469655
14	diamond-chain/256/light	combined	29875016	1049841	21070762
14	diamond-chain/256/heavy	ir	2366605	38498	3630385
14	diamond-chain/256/heavy	cfg	1203356	0	0
14	diamond-chain/256/heavy	emission_exclusive	56203965	1938175	42664308
14	diamond-chain/256/heavy	serialization	17749290	70978	4775489
14	diamond-chain/256/heavy	combined	77523326	2047651	51070182
14	diamond-chain/1024/base	ir	5825805	48151	3711831
14	diamond-chain/1024/base	cfg	20850372	0	0
14	diamond-chain/1024/base	emission_exclusive	84642247	3585414	116314962
14	diamond-chain/1024/base	serialization	23138669	282946	5863533
14	diamond-chain/1024/base	combined	134457253	3916511	125890326
14	diamond-chain/1024/light	ir	7074456	54636	3994393
14	diamond-chain/1024/light	cfg	20120152	0	0
14	diamond-chain/1024/light	emission_exclusive	88605881	3857263	120357625
14	diamond-chain/1024/light	serialization	21148957	282946	5857869
14	diamond-chain/1024/light	combined	136949706	4194845	130209887
14	diamond-chain/1024/heavy	ir	24618016	153964	14526266
14	diamond-chain/1024/heavy	cfg	21252683	0	0
14	diamond-chain/1024/heavy	emission_exclusive	222921816	7747807	216606437
14	diamond-chain/1024/heavy	serialization	71640834	282948	19081271
14	diamond-chain/1024/heavy	combined	340433671	8184719	250213974
14	fan-in/64/base	ir	174059	3012	231834
14	fan-in/64/base	cfg	89910	0	0
14	fan-in/64/base	emission_exclusive	20352410	361039	7738269
14	fan-in/64/base	serialization	3640203	23502	433675
14	fan-in/64/base	combined	24256763	387553	8403778
14	fan-in/256/base	ir	687399	12041	932555
14	fan-in/256/base	cfg	594755	0	0
14	fan-in/256/base	emission_exclusive	79659726	3324668	63227648
14	fan-in/256/base	serialization	944676	8140	1101612
14	fan-in/256/base	combined	81886826	3344849	65261815
14	fan-in/1024/base	ir	6817490	48145	3734868
14	fan-in/1024/base	cfg	11260060	0	0
14	fan-in/1024/base	emission_exclusive	768757859	31527604	618738748
14	fan-in/1024/base	serialization	1840300	8142	4248310
14	fan-in/1024/base	combined	788675909	31583891	626721926
14	nested-loop/64/base	ir	115127	3009	229111
14	nested-loop/64/base	cfg	184389	0	0
14	nested-loop/64/base	emission_exclusive	4021263	149718	2837421
14	nested-loop/64/base	serialization	1287384	13198	348803
14	nested-loop/64/base	combined	5608294	165925	3415335
14	nested-loop/256/base	ir	620934	12036	921000
14	nested-loop/256/base	cfg	2257308	0	0
14	nested-loop/256/base	emission_exclusive	14999660	576567	15976260
14	nested-loop/256/base	serialization	5028287	48528	1356497
14	nested-loop/256/base	combined	22906289	637131	18253757
14	nested-loop/1024/base	ir	5540005	48138	3687985
14	nested-loop/1024/base	cfg	40369638	0	0
14	nested-loop/1024/base	emission_exclusive	59109761	2283847	143759634
14	nested-loop/1024/base	serialization	20433785	189842	5387591
14	nested-loop/1024/base	combined	125453410	2521827	152835210
14	multi-exit/64/base	ir	120749	2990	231132
14	multi-exit/64/base	cfg	83277	0	0
14	multi-exit/64/base	emission_exclusive	25858452	1038325	19436690
14	multi-exit/64/base	serialization	5734352	46594	569880
14	multi-exit/64/base	combined	31796980	1087909	20237702
14	multi-exit/256/base	ir	686788	12025	931853
14	multi-exit/256/base	cfg	600395	0	0
14	multi-exit/256/base	emission_exclusive	110985485	4980175	93574527
14	multi-exit/256/base	serialization	967860	8140	1101950
14	multi-exit/256/base	combined	113240658	5000340	95608330
14	multi-exit/1024/base	ir	7004895	48135	3734166
14	multi-exit/1024/base	cfg	12711233	0	0
14	multi-exit/1024/base	emission_exclusive	880218943	37208916	724828775
14	multi-exit/1024/base	serialization	1849216	8142	4248630
14	multi-exit/1024/base	combined	901784798	37265193	732811571
14	no-exit/64/base	ir	115368	3018	229199
14	no-exit/64/base	cfg	120558	0	0
14	no-exit/64/base	emission_exclusive	3658227	137678	2442687
14	no-exit/64/base	serialization	1257117	12278	343391
14	no-exit/64/base	combined	5151390	152974	3015277
14	no-exit/256/base	ir	627556	12045	921088
14	no-exit/256/base	cfg	1498995	0	0
14	no-exit/256/base	emission_exclusive	14168538	547235	13059068
14	no-exit/256/base	serialization	4907638	47608	1349547
14	no-exit/256/base	combined	21202819	606888	15329703
14	no-exit/1024/base	ir	5712281	48147	3688073
14	no-exit/1024/base	cfg	27834918	0	0
14	no-exit/1024/base	emission_exclusive	57283138	2185382	106422336
14	no-exit/1024/base	serialization	19614366	188922	5374495
14	no-exit/1024/base	combined	110444903	2422451	115484904
14	irreducible/64/base	ir	124886	3014	231355
14	irreducible/64/base	cfg	88467	0	0
14	irreducible/64/base	emission_exclusive	374044391	13761714	204732406
14	irreducible/64/base	serialization	4758948	61038	628259
14	irreducible/64/base	combined	379016832	13825766	205592020
14	irreducible/256/base	ir	655670	12045	930636
14	irreducible/256/base	cfg	1137100	0	0
14	irreducible/256/base	emission_exclusive	1079403950	38938265	424485411
14	irreducible/256/base	serialization	4996977	61040	1417299
14	irreducible/256/base	combined	1086193848	39011350	426833346
14	irreducible/1024/base	ir	6272560	48151	3727189
14	irreducible/1024/base	cfg	20656566	0	0
14	irreducible/1024/base	emission_exclusive	2977434964	106343842	1096707811
14	irreducible/1024/base	serialization	6902690	61042	4573269
14	irreducible/1024/base	combined	3011267031	106453035	1105008269
