function_id	function_name	pseudocode	ir	asm
0	sub_606b40	pseudocode/00000_sub_606b40.dartpseudo	ir/00000_sub_606b40.json	asm/00000_sub_606b40.s
1	sub_606bc0	pseudocode/00001_sub_606bc0.dartpseudo	ir/00001_sub_606bc0.json	asm/00001_sub_606bc0.s
2	sub_606d3c	pseudocode/00002_sub_606d3c.dartpseudo	ir/00002_sub_606d3c.json	asm/00002_sub_606d3c.s
3	sub_606e1c	pseudocode/00003_sub_606e1c.dartpseudo	ir/00003_sub_606e1c.json	asm/00003_sub_606e1c.s
4	sub_607080	pseudocode/00004_sub_607080.dartpseudo	ir/00004_sub_607080.json	asm/00004_sub_607080.s
5	sub_607120	pseudocode/00005_sub_607120.dartpseudo	ir/00005_sub_607120.json	asm/00005_sub_607120.s
6	sub_607160	pseudocode/00006_sub_607160.dartpseudo	ir/00006_sub_607160.json	asm/00006_sub_607160.s
7	sub_607184	pseudocode/00007_sub_607184.dartpseudo	ir/00007_sub_607184.json	asm/00007_sub_607184.s
8	sub_6071fc	pseudocode/00008_sub_6071fc.dartpseudo	ir/00008_sub_6071fc.json	asm/00008_sub_6071fc.s
9	sub_6074bc	pseudocode/00009_sub_6074bc.dartpseudo	ir/00009_sub_6074bc.json	asm/00009_sub_6074bc.s
10	sub_607700	pseudocode/00010_sub_607700.dartpseudo	ir/00010_sub_607700.json	asm/00010_sub_607700.s
11	sub_607bcc	pseudocode/00011_sub_607bcc.dartpseudo	ir/00011_sub_607bcc.json	asm/00011_sub_607bcc.s
12	sub_607df0	pseudocode/00012_sub_607df0.dartpseudo	ir/00012_sub_607df0.json	asm/00012_sub_607df0.s
13	sub_607f74	pseudocode/00013_sub_607f74.dartpseudo	ir/00013_sub_607f74.json	asm/00013_sub_607f74.s
14	sub_608230	pseudocode/00014_sub_608230.dartpseudo	ir/00014_sub_608230.json	asm/00014_sub_608230.s
15	sub_608458	pseudocode/00015_sub_608458.dartpseudo	ir/00015_sub_608458.json	asm/00015_sub_608458.s
16	sub_608630	pseudocode/00016_sub_608630.dartpseudo	ir/00016_sub_608630.json	asm/00016_sub_608630.s
17	sub_6086cc	pseudocode/00017_sub_6086cc.dartpseudo	ir/00017_sub_6086cc.json	asm/00017_sub_6086cc.s
18	sub_6087fc	pseudocode/00018_sub_6087fc.dartpseudo	ir/00018_sub_6087fc.json	asm/00018_sub_6087fc.s
19	sub_608900	pseudocode/00019_sub_608900.dartpseudo	ir/00019_sub_608900.json	asm/00019_sub_608900.s
20	sub_60890c	pseudocode/00020_sub_60890c.dartpseudo	ir/00020_sub_60890c.json	asm/00020_sub_60890c.s
21	sub_608918	pseudocode/00021_sub_608918.dartpseudo	ir/00021_sub_608918.json	asm/00021_sub_608918.s
22	sub_60897c	pseudocode/00022_sub_60897c.dartpseudo	ir/00022_sub_60897c.json	asm/00022_sub_60897c.s
23	sub_608a84	pseudocode/00023_sub_608a84.dartpseudo	ir/00023_sub_608a84.json	asm/00023_sub_608a84.s
24	sub_608d7c	pseudocode/00024_sub_608d7c.dartpseudo	ir/00024_sub_608d7c.json	asm/00024_sub_608d7c.s
25	sub_608da8	pseudocode/00025_sub_608da8.dartpseudo	ir/00025_sub_608da8.json	asm/00025_sub_608da8.s
26	sub_609028	pseudocode/00026_sub_609028.dartpseudo	ir/00026_sub_609028.json	asm/00026_sub_609028.s
27	sub_609104	pseudocode/00027_sub_609104.dartpseudo	ir/00027_sub_609104.json	asm/00027_sub_609104.s
28	sub_609274	pseudocode/00028_sub_609274.dartpseudo	ir/00028_sub_609274.json	asm/00028_sub_609274.s
29	sub_609430	pseudocode/00029_sub_609430.dartpseudo	ir/00029_sub_609430.json	asm/00029_sub_609430.s
30	sub_60943c	pseudocode/00030_sub_60943c.dartpseudo	ir/00030_sub_60943c.json	asm/00030_sub_60943c.s
31	sub_609484	pseudocode/00031_sub_609484.dartpseudo	ir/00031_sub_609484.json	asm/00031_sub_609484.s
32	sub_609554	pseudocode/00032_sub_609554.dartpseudo	ir/00032_sub_609554.json	asm/00032_sub_609554.s
33	sub_60963c	pseudocode/00033_sub_60963c.dartpseudo	ir/00033_sub_60963c.json	asm/00033_sub_60963c.s
34	sub_60971c	pseudocode/00034_sub_60971c.dartpseudo	ir/00034_sub_60971c.json	asm/00034_sub_60971c.s
35	sub_6099f4	pseudocode/00035_sub_6099f4.dartpseudo	ir/00035_sub_6099f4.json	asm/00035_sub_6099f4.s
36	sub_609b70	pseudocode/00036_sub_609b70.dartpseudo	ir/00036_sub_609b70.json	asm/00036_sub_609b70.s
37	sub_609c64	pseudocode/00037_sub_609c64.dartpseudo	ir/00037_sub_609c64.json	asm/00037_sub_609c64.s
38	sub_609ce8	pseudocode/00038_sub_609ce8.dartpseudo	ir/00038_sub_609ce8.json	asm/00038_sub_609ce8.s
39	sub_609eb8	pseudocode/00039_sub_609eb8.dartpseudo	ir/00039_sub_609eb8.json	asm/00039_sub_609eb8.s
40	sub_60a004	pseudocode/00040_sub_60a004.dartpseudo	ir/00040_sub_60a004.json	asm/00040_sub_60a004.s
41	sub_60a048	pseudocode/00041_sub_60a048.dartpseudo	ir/00041_sub_60a048.json	asm/00041_sub_60a048.s
42	sub_60a0c8	pseudocode/00042_sub_60a0c8.dartpseudo	ir/00042_sub_60a0c8.json	asm/00042_sub_60a0c8.s
43	sub_60a14c	pseudocode/00043_sub_60a14c.dartpseudo	ir/00043_sub_60a14c.json	asm/00043_sub_60a14c.s
44	sub_60a4a0	pseudocode/00044_sub_60a4a0.dartpseudo	ir/00044_sub_60a4a0.json	asm/00044_sub_60a4a0.s
45	sub_60a520	pseudocode/00045_sub_60a520.dartpseudo	ir/00045_sub_60a520.json	asm/00045_sub_60a520.s
46	sub_60a52c	pseudocode/00046_sub_60a52c.dartpseudo	ir/00046_sub_60a52c.json	asm/00046_sub_60a52c.s
47	sub_60a740	pseudocode/00047_sub_60a740.dartpseudo	ir/00047_sub_60a740.json	asm/00047_sub_60a740.s
48	sub_60a770	pseudocode/00048_sub_60a770.dartpseudo	ir/00048_sub_60a770.json	asm/00048_sub_60a770.s
49	sub_60a7e4	pseudocode/00049_sub_60a7e4.dartpseudo	ir/00049_sub_60a7e4.json	asm/00049_sub_60a7e4.s
50	sub_60a934	pseudocode/00050_sub_60a934.dartpseudo	ir/00050_sub_60a934.json	asm/00050_sub_60a934.s
51	sub_60ae88	pseudocode/00051_sub_60ae88.dartpseudo	ir/00051_sub_60ae88.json	asm/00051_sub_60ae88.s
52	sub_60afbc	pseudocode/00052_sub_60afbc.dartpseudo	ir/00052_sub_60afbc.json	asm/00052_sub_60afbc.s
53	sub_60b04c	pseudocode/00053_sub_60b04c.dartpseudo	ir/00053_sub_60b04c.json	asm/00053_sub_60b04c.s
54	sub_60b138	pseudocode/00054_sub_60b138.dartpseudo	ir/00054_sub_60b138.json	asm/00054_sub_60b138.s
55	sub_60b304	pseudocode/00055_sub_60b304.dartpseudo	ir/00055_sub_60b304.json	asm/00055_sub_60b304.s
56	sub_60b484	pseudocode/00056_sub_60b484.dartpseudo	ir/00056_sub_60b484.json	asm/00056_sub_60b484.s
57	sub_60b490	pseudocode/00057_sub_60b490.dartpseudo	ir/00057_sub_60b490.json	asm/00057_sub_60b490.s
58	sub_60ba04	pseudocode/00058_sub_60ba04.dartpseudo	ir/00058_sub_60ba04.json	asm/00058_sub_60ba04.s
59	sub_60ba70	pseudocode/00059_sub_60ba70.dartpseudo	ir/00059_sub_60ba70.json	asm/00059_sub_60ba70.s
60	sub_60bac8	pseudocode/00060_sub_60bac8.dartpseudo	ir/00060_sub_60bac8.json	asm/00060_sub_60bac8.s
61	sub_60bbc8	pseudocode/00061_sub_60bbc8.dartpseudo	ir/00061_sub_60bbc8.json	asm/00061_sub_60bbc8.s
62	sub_60bed4	pseudocode/00062_sub_60bed4.dartpseudo	ir/00062_sub_60bed4.json	asm/00062_sub_60bed4.s
63	sub_60c1dc	pseudocode/00063_sub_60c1dc.dartpseudo	ir/00063_sub_60c1dc.json	asm/00063_sub_60c1dc.s
64	sub_60c274	pseudocode/00064_sub_60c274.dartpseudo	ir/00064_sub_60c274.json	asm/00064_sub_60c274.s
65	sub_60c3e4	pseudocode/00065_sub_60c3e4.dartpseudo	ir/00065_sub_60c3e4.json	asm/00065_sub_60c3e4.s
66	sub_60c4d8	pseudocode/00066_sub_60c4d8.dartpseudo	ir/00066_sub_60c4d8.json	asm/00066_sub_60c4d8.s
67	sub_60c60c	pseudocode/00067_sub_60c60c.dartpseudo	ir/00067_sub_60c60c.json	asm/00067_sub_60c60c.s
68	sub_60c618	pseudocode/00068_sub_60c618.dartpseudo	ir/00068_sub_60c618.json	asm/00068_sub_60c618.s
69	sub_60c8dc	pseudocode/00069_sub_60c8dc.dartpseudo	ir/00069_sub_60c8dc.json	asm/00069_sub_60c8dc.s
70	sub_60cbfc	pseudocode/00070_sub_60cbfc.dartpseudo	ir/00070_sub_60cbfc.json	asm/00070_sub_60cbfc.s
71	sub_60cc80	pseudocode/00071_sub_60cc80.dartpseudo	ir/00071_sub_60cc80.json	asm/00071_sub_60cc80.s
72	sub_60cd38	pseudocode/00072_sub_60cd38.dartpseudo	ir/00072_sub_60cd38.json	asm/00072_sub_60cd38.s
73	sub_60d43c	pseudocode/00073_sub_60d43c.dartpseudo	ir/00073_sub_60d43c.json	asm/00073_sub_60d43c.s
74	sub_60d5b4	pseudocode/00074_sub_60d5b4.dartpseudo	ir/00074_sub_60d5b4.json	asm/00074_sub_60d5b4.s
75	sub_60d744	pseudocode/00075_sub_60d744.dartpseudo	ir/00075_sub_60d744.json	asm/00075_sub_60d744.s
76	sub_60d8dc	pseudocode/00076_sub_60d8dc.dartpseudo	ir/00076_sub_60d8dc.json	asm/00076_sub_60d8dc.s
77	sub_60d950	pseudocode/00077_sub_60d950.dartpseudo	ir/00077_sub_60d950.json	asm/00077_sub_60d950.s
78	sub_60dbb8	pseudocode/00078_sub_60dbb8.dartpseudo	ir/00078_sub_60dbb8.json	asm/00078_sub_60dbb8.s
79	sub_60dd6c	pseudocode/00079_sub_60dd6c.dartpseudo	ir/00079_sub_60dd6c.json	asm/00079_sub_60dd6c.s
80	sub_60dd78	pseudocode/00080_sub_60dd78.dartpseudo	ir/00080_sub_60dd78.json	asm/00080_sub_60dd78.s
81	sub_60e0c0	pseudocode/00081_sub_60e0c0.dartpseudo	ir/00081_sub_60e0c0.json	asm/00081_sub_60e0c0.s
82	sub_60e0cc	pseudocode/00082_sub_60e0cc.dartpseudo	ir/00082_sub_60e0cc.json	asm/00082_sub_60e0cc.s
83	sub_60e158	pseudocode/00083_sub_60e158.dartpseudo	ir/00083_sub_60e158.json	asm/00083_sub_60e158.s
84	sub_60e628	pseudocode/00084_sub_60e628.dartpseudo	ir/00084_sub_60e628.json	asm/00084_sub_60e628.s
85	sub_60e648	pseudocode/00085_sub_60e648.dartpseudo	ir/00085_sub_60e648.json	asm/00085_sub_60e648.s
86	sub_60e84c	pseudocode/00086_sub_60e84c.dartpseudo	ir/00086_sub_60e84c.json	asm/00086_sub_60e84c.s
87	sub_60ea98	pseudocode/00087_sub_60ea98.dartpseudo	ir/00087_sub_60ea98.json	asm/00087_sub_60ea98.s
88	sub_60ee08	pseudocode/00088_sub_60ee08.dartpseudo	ir/00088_sub_60ee08.json	asm/00088_sub_60ee08.s
89	sub_60f018	pseudocode/00089_sub_60f018.dartpseudo	ir/00089_sub_60f018.json	asm/00089_sub_60f018.s
90	sub_60f1a4	pseudocode/00090_sub_60f1a4.dartpseudo	ir/00090_sub_60f1a4.json	asm/00090_sub_60f1a4.s
91	sub_60f338	pseudocode/00091_sub_60f338.dartpseudo	ir/00091_sub_60f338.json	asm/00091_sub_60f338.s
92	sub_60f3cc	pseudocode/00092_sub_60f3cc.dartpseudo	ir/00092_sub_60f3cc.json	asm/00092_sub_60f3cc.s
93	sub_60f430	pseudocode/00093_sub_60f430.dartpseudo	ir/00093_sub_60f430.json	asm/00093_sub_60f430.s
94	sub_60f4cc	pseudocode/00094_sub_60f4cc.dartpseudo	ir/00094_sub_60f4cc.json	asm/00094_sub_60f4cc.s
95	sub_60f524	pseudocode/00095_sub_60f524.dartpseudo	ir/00095_sub_60f524.json	asm/00095_sub_60f524.s
96	sub_60f780	pseudocode/00096_sub_60f780.dartpseudo	ir/00096_sub_60f780.json	asm/00096_sub_60f780.s
97	sub_60f8bc	pseudocode/00097_sub_60f8bc.dartpseudo	ir/00097_sub_60f8bc.json	asm/00097_sub_60f8bc.s
98	sub_60f8f4	pseudocode/00098_sub_60f8f4.dartpseudo	ir/00098_sub_60f8f4.json	asm/00098_sub_60f8f4.s
99	sub_61057c	pseudocode/00099_sub_61057c.dartpseudo	ir/00099_sub_61057c.json	asm/00099_sub_61057c.s
100	sub_61123c	pseudocode/00100_sub_61123c.dartpseudo	ir/00100_sub_61123c.json	asm/00100_sub_61123c.s
101	sub_6113c0	pseudocode/00101_sub_6113c0.dartpseudo	ir/00101_sub_6113c0.json	asm/00101_sub_6113c0.s
102	sub_6114d8	pseudocode/00102_sub_6114d8.dartpseudo	ir/00102_sub_6114d8.json	asm/00102_sub_6114d8.s
103	sub_611780	pseudocode/00103_sub_611780.dartpseudo	ir/00103_sub_611780.json	asm/00103_sub_611780.s
104	sub_611ea4	pseudocode/00104_sub_611ea4.dartpseudo	ir/00104_sub_611ea4.json	asm/00104_sub_611ea4.s
105	sub_612120	pseudocode/00105_sub_612120.dartpseudo	ir/00105_sub_612120.json	asm/00105_sub_612120.s
106	sub_61227c	pseudocode/00106_sub_61227c.dartpseudo	ir/00106_sub_61227c.json	asm/00106_sub_61227c.s
107	sub_6123d8	pseudocode/00107_sub_6123d8.dartpseudo	ir/00107_sub_6123d8.json	asm/00107_sub_6123d8.s
108	sub_612734	pseudocode/00108_sub_612734.dartpseudo	ir/00108_sub_612734.json	asm/00108_sub_612734.s
109	sub_612cf0	pseudocode/00109_sub_612cf0.dartpseudo	ir/00109_sub_612cf0.json	asm/00109_sub_612cf0.s
110	sub_612d8c	pseudocode/00110_sub_612d8c.dartpseudo	ir/00110_sub_612d8c.json	asm/00110_sub_612d8c.s
111	sub_6130f8	pseudocode/00111_sub_6130f8.dartpseudo	ir/00111_sub_6130f8.json	asm/00111_sub_6130f8.s
112	sub_6131d8	pseudocode/00112_sub_6131d8.dartpseudo	ir/00112_sub_6131d8.json	asm/00112_sub_6131d8.s
113	sub_61341c	pseudocode/00113_sub_61341c.dartpseudo	ir/00113_sub_61341c.json	asm/00113_sub_61341c.s
114	sub_613468	pseudocode/00114_sub_613468.dartpseudo	ir/00114_sub_613468.json	asm/00114_sub_613468.s
115	sub_613bb8	pseudocode/00115_sub_613bb8.dartpseudo	ir/00115_sub_613bb8.json	asm/00115_sub_613bb8.s
116	sub_613f88	pseudocode/00116_sub_613f88.dartpseudo	ir/00116_sub_613f88.json	asm/00116_sub_613f88.s
117	sub_61412c	pseudocode/00117_sub_61412c.dartpseudo	ir/00117_sub_61412c.json	asm/00117_sub_61412c.s
118	sub_6141f8	pseudocode/00118_sub_6141f8.dartpseudo	ir/00118_sub_6141f8.json	asm/00118_sub_6141f8.s
119	sub_614608	pseudocode/00119_sub_614608.dartpseudo	ir/00119_sub_614608.json	asm/00119_sub_614608.s
120	sub_614694	pseudocode/00120_sub_614694.dartpseudo	ir/00120_sub_614694.json	asm/00120_sub_614694.s
121	sub_6149b8	pseudocode/00121_sub_6149b8.dartpseudo	ir/00121_sub_6149b8.json	asm/00121_sub_6149b8.s
122	sub_614c04	pseudocode/00122_sub_614c04.dartpseudo	ir/00122_sub_614c04.json	asm/00122_sub_614c04.s
123	sub_615040	pseudocode/00123_sub_615040.dartpseudo	ir/00123_sub_615040.json	asm/00123_sub_615040.s
124	sub_61507c	pseudocode/00124_sub_61507c.dartpseudo	ir/00124_sub_61507c.json	asm/00124_sub_61507c.s
125	sub_61511c	pseudocode/00125_sub_61511c.dartpseudo	ir/00125_sub_61511c.json	asm/00125_sub_61511c.s
126	sub_615214	pseudocode/00126_sub_615214.dartpseudo	ir/00126_sub_615214.json	asm/00126_sub_615214.s
127	sub_615220	pseudocode/00127_sub_615220.dartpseudo	ir/00127_sub_615220.json	asm/00127_sub_615220.s
128	sub_6154c4	pseudocode/00128_sub_6154c4.dartpseudo	ir/00128_sub_6154c4.json	asm/00128_sub_6154c4.s
129	sub_6155d8	pseudocode/00129_sub_6155d8.dartpseudo	ir/00129_sub_6155d8.json	asm/00129_sub_6155d8.s
130	sub_615730	pseudocode/00130_sub_615730.dartpseudo	ir/00130_sub_615730.json	asm/00130_sub_615730.s
131	sub_6158d4	pseudocode/00131_sub_6158d4.dartpseudo	ir/00131_sub_6158d4.json	asm/00131_sub_6158d4.s
132	sub_615c68	pseudocode/00132_sub_615c68.dartpseudo	ir/00132_sub_615c68.json	asm/00132_sub_615c68.s
133	sub_615ec0	pseudocode/00133_sub_615ec0.dartpseudo	ir/00133_sub_615ec0.json	asm/00133_sub_615ec0.s
134	sub_6163d0	pseudocode/00134_sub_6163d0.dartpseudo	ir/00134_sub_6163d0.json	asm/00134_sub_6163d0.s
135	sub_61648c	pseudocode/00135_sub_61648c.dartpseudo	ir/00135_sub_61648c.json	asm/00135_sub_61648c.s
136	sub_6164e4	pseudocode/00136_sub_6164e4.dartpseudo	ir/00136_sub_6164e4.json	asm/00136_sub_6164e4.s
137	sub_616600	pseudocode/00137_sub_616600.dartpseudo	ir/00137_sub_616600.json	asm/00137_sub_616600.s
138	sub_61660c	pseudocode/00138_sub_61660c.dartpseudo	ir/00138_sub_61660c.json	asm/00138_sub_61660c.s
139	sub_6167a0	pseudocode/00139_sub_6167a0.dartpseudo	ir/00139_sub_6167a0.json	asm/00139_sub_6167a0.s
140	sub_6167e8	pseudocode/00140_sub_6167e8.dartpseudo	ir/00140_sub_6167e8.json	asm/00140_sub_6167e8.s
141	sub_616964	pseudocode/00141_sub_616964.dartpseudo	ir/00141_sub_616964.json	asm/00141_sub_616964.s
142	sub_616b00	pseudocode/00142_sub_616b00.dartpseudo	ir/00142_sub_616b00.json	asm/00142_sub_616b00.s
143	sub_616cd8	pseudocode/00143_sub_616cd8.dartpseudo	ir/00143_sub_616cd8.json	asm/00143_sub_616cd8.s
144	sub_617124	pseudocode/00144_sub_617124.dartpseudo	ir/00144_sub_617124.json	asm/00144_sub_617124.s
145	sub_6172d4	pseudocode/00145_sub_6172d4.dartpseudo	ir/00145_sub_6172d4.json	asm/00145_sub_6172d4.s
146	sub_6172e0	pseudocode/00146_sub_6172e0.dartpseudo	ir/00146_sub_6172e0.json	asm/00146_sub_6172e0.s
147	sub_61738c	pseudocode/00147_sub_61738c.dartpseudo	ir/00147_sub_61738c.json	asm/00147_sub_61738c.s
148	sub_617460	pseudocode/00148_sub_617460.dartpseudo	ir/00148_sub_617460.json	asm/00148_sub_617460.s
149	sub_617530	pseudocode/00149_sub_617530.dartpseudo	ir/00149_sub_617530.json	asm/00149_sub_617530.s
150	sub_617678	pseudocode/00150_sub_617678.dartpseudo	ir/00150_sub_617678.json	asm/00150_sub_617678.s
151	sub_617724	pseudocode/00151_sub_617724.dartpseudo	ir/00151_sub_617724.json	asm/00151_sub_617724.s
152	sub_617a10	pseudocode/00152_sub_617a10.dartpseudo	ir/00152_sub_617a10.json	asm/00152_sub_617a10.s
153	sub_617ffc	pseudocode/00153_sub_617ffc.dartpseudo	ir/00153_sub_617ffc.json	asm/00153_sub_617ffc.s
154	sub_618304	pseudocode/00154_sub_618304.dartpseudo	ir/00154_sub_618304.json	asm/00154_sub_618304.s
155	sub_6183b0	pseudocode/00155_sub_6183b0.dartpseudo	ir/00155_sub_6183b0.json	asm/00155_sub_6183b0.s
156	sub_618594	pseudocode/00156_sub_618594.dartpseudo	ir/00156_sub_618594.json	asm/00156_sub_618594.s
157	sub_618608	pseudocode/00157_sub_618608.dartpseudo	ir/00157_sub_618608.json	asm/00157_sub_618608.s
158	sub_6186ec	pseudocode/00158_sub_6186ec.dartpseudo	ir/00158_sub_6186ec.json	asm/00158_sub_6186ec.s
159	sub_618a1c	pseudocode/00159_sub_618a1c.dartpseudo	ir/00159_sub_618a1c.json	asm/00159_sub_618a1c.s
160	sub_618ab8	pseudocode/00160_sub_618ab8.dartpseudo	ir/00160_sub_618ab8.json	asm/00160_sub_618ab8.s
161	sub_618ac4	pseudocode/00161_sub_618ac4.dartpseudo	ir/00161_sub_618ac4.json	asm/00161_sub_618ac4.s
162	sub_6190d0	pseudocode/00162_sub_6190d0.dartpseudo	ir/00162_sub_6190d0.json	asm/00162_sub_6190d0.s
163	sub_6190dc	pseudocode/00163_sub_6190dc.dartpseudo	ir/00163_sub_6190dc.json	asm/00163_sub_6190dc.s
164	sub_619304	pseudocode/00164_sub_619304.dartpseudo	ir/00164_sub_619304.json	asm/00164_sub_619304.s
165	sub_619614	pseudocode/00165_sub_619614.dartpseudo	ir/00165_sub_619614.json	asm/00165_sub_619614.s
166	sub_6196c0	pseudocode/00166_sub_6196c0.dartpseudo	ir/00166_sub_6196c0.json	asm/00166_sub_6196c0.s
167	sub_619c9c	pseudocode/00167_sub_619c9c.dartpseudo	ir/00167_sub_619c9c.json	asm/00167_sub_619c9c.s
168	sub_619d8c	pseudocode/00168_sub_619d8c.dartpseudo	ir/00168_sub_619d8c.json	asm/00168_sub_619d8c.s
169	sub_619e18	pseudocode/00169_sub_619e18.dartpseudo	ir/00169_sub_619e18.json	asm/00169_sub_619e18.s
170	sub_61a1e4	pseudocode/00170_sub_61a1e4.dartpseudo	ir/00170_sub_61a1e4.json	asm/00170_sub_61a1e4.s
171	sub_61a3a4	pseudocode/00171_sub_61a3a4.dartpseudo	ir/00171_sub_61a3a4.json	asm/00171_sub_61a3a4.s
172	sub_61a3dc	pseudocode/00172_sub_61a3dc.dartpseudo	ir/00172_sub_61a3dc.json	asm/00172_sub_61a3dc.s
173	sub_61a548	pseudocode/00173_sub_61a548.dartpseudo	ir/00173_sub_61a548.json	asm/00173_sub_61a548.s
174	sub_61a790	pseudocode/00174_sub_61a790.dartpseudo	ir/00174_sub_61a790.json	asm/00174_sub_61a790.s
175	sub_61ac90	pseudocode/00175_sub_61ac90.dartpseudo	ir/00175_sub_61ac90.json	asm/00175_sub_61ac90.s
176	sub_61ada0	pseudocode/00176_sub_61ada0.dartpseudo	ir/00176_sub_61ada0.json	asm/00176_sub_61ada0.s
177	sub_61ae44	pseudocode/00177_sub_61ae44.dartpseudo	ir/00177_sub_61ae44.json	asm/00177_sub_61ae44.s
178	sub_61b018	pseudocode/00178_sub_61b018.dartpseudo	ir/00178_sub_61b018.json	asm/00178_sub_61b018.s
179	sub_61b024	pseudocode/00179_sub_61b024.dartpseudo	ir/00179_sub_61b024.json	asm/00179_sub_61b024.s
180	sub_624dac	pseudocode/00180_sub_624dac.dartpseudo	ir/00180_sub_624dac.json	asm/00180_sub_624dac.s
181	sub_624f18	pseudocode/00181_sub_624f18.dartpseudo	ir/00181_sub_624f18.json	asm/00181_sub_624f18.s
182	sub_624f40	pseudocode/00182_sub_624f40.dartpseudo	ir/00182_sub_624f40.json	asm/00182_sub_624f40.s
183	sub_625294	pseudocode/00183_sub_625294.dartpseudo	ir/00183_sub_625294.json	asm/00183_sub_625294.s
184	sub_6252d4	pseudocode/00184_sub_6252d4.dartpseudo	ir/00184_sub_6252d4.json	asm/00184_sub_6252d4.s
185	sub_625378	pseudocode/00185_sub_625378.dartpseudo	ir/00185_sub_625378.json	asm/00185_sub_625378.s
186	sub_625614	pseudocode/00186_sub_625614.dartpseudo	ir/00186_sub_625614.json	asm/00186_sub_625614.s
187	sub_625808	pseudocode/00187_sub_625808.dartpseudo	ir/00187_sub_625808.json	asm/00187_sub_625808.s
188	sub_625b84	pseudocode/00188_sub_625b84.dartpseudo	ir/00188_sub_625b84.json	asm/00188_sub_625b84.s
189	sub_625b90	pseudocode/00189_sub_625b90.dartpseudo	ir/00189_sub_625b90.json	asm/00189_sub_625b90.s
190	sub_625c7c	pseudocode/00190_sub_625c7c.dartpseudo	ir/00190_sub_625c7c.json	asm/00190_sub_625c7c.s
191	sub_625d48	pseudocode/00191_sub_625d48.dartpseudo	ir/00191_sub_625d48.json	asm/00191_sub_625d48.s
192	sub_625ed0	pseudocode/00192_sub_625ed0.dartpseudo	ir/00192_sub_625ed0.json	asm/00192_sub_625ed0.s
193	sub_625f28	pseudocode/00193_sub_625f28.dartpseudo	ir/00193_sub_625f28.json	asm/00193_sub_625f28.s
194	sub_6265a0	pseudocode/00194_sub_6265a0.dartpseudo	ir/00194_sub_6265a0.json	asm/00194_sub_6265a0.s
195	sub_6267f8	pseudocode/00195_sub_6267f8.dartpseudo	ir/00195_sub_6267f8.json	asm/00195_sub_6267f8.s
196	sub_626fe4	pseudocode/00196_sub_626fe4.dartpseudo	ir/00196_sub_626fe4.json	asm/00196_sub_626fe4.s
197	sub_627f10	pseudocode/00197_sub_627f10.dartpseudo	ir/00197_sub_627f10.json	asm/00197_sub_627f10.s
198	sub_62882c	pseudocode/00198_sub_62882c.dartpseudo	ir/00198_sub_62882c.json	asm/00198_sub_62882c.s
199	sub_628838	pseudocode/00199_sub_628838.dartpseudo	ir/00199_sub_628838.json	asm/00199_sub_628838.s
200	sub_628938	pseudocode/00200_sub_628938.dartpseudo	ir/00200_sub_628938.json	asm/00200_sub_628938.s
201	sub_62896c	pseudocode/00201_sub_62896c.dartpseudo	ir/00201_sub_62896c.json	asm/00201_sub_62896c.s
202	sub_628bd4	pseudocode/00202_sub_628bd4.dartpseudo	ir/00202_sub_628bd4.json	asm/00202_sub_628bd4.s
203	sub_628f1c	pseudocode/00203_sub_628f1c.dartpseudo	ir/00203_sub_628f1c.json	asm/00203_sub_628f1c.s
204	sub_629354	pseudocode/00204_sub_629354.dartpseudo	ir/00204_sub_629354.json	asm/00204_sub_629354.s
205	sub_629bbc	pseudocode/00205_sub_629bbc.dartpseudo	ir/00205_sub_629bbc.json	asm/00205_sub_629bbc.s
206	sub_629cd0	pseudocode/00206_sub_629cd0.dartpseudo	ir/00206_sub_629cd0.json	asm/00206_sub_629cd0.s
207	sub_629cdc	pseudocode/00207_sub_629cdc.dartpseudo	ir/00207_sub_629cdc.json	asm/00207_sub_629cdc.s
208	sub_629ef0	pseudocode/00208_sub_629ef0.dartpseudo	ir/00208_sub_629ef0.json	asm/00208_sub_629ef0.s
209	sub_62a39c	pseudocode/00209_sub_62a39c.dartpseudo	ir/00209_sub_62a39c.json	asm/00209_sub_62a39c.s
210	sub_62a41c	pseudocode/00210_sub_62a41c.dartpseudo	ir/00210_sub_62a41c.json	asm/00210_sub_62a41c.s
211	sub_62a6ac	pseudocode/00211_sub_62a6ac.dartpseudo	ir/00211_sub_62a6ac.json	asm/00211_sub_62a6ac.s
212	sub_62a76c	pseudocode/00212_sub_62a76c.dartpseudo	ir/00212_sub_62a76c.json	asm/00212_sub_62a76c.s
213	sub_62b234	pseudocode/00213_sub_62b234.dartpseudo	ir/00213_sub_62b234.json	asm/00213_sub_62b234.s
214	sub_62b940	pseudocode/00214_sub_62b940.dartpseudo	ir/00214_sub_62b940.json	asm/00214_sub_62b940.s
215	sub_62b94c	pseudocode/00215_sub_62b94c.dartpseudo	ir/00215_sub_62b94c.json	asm/00215_sub_62b94c.s
216	sub_62bc24	pseudocode/00216_sub_62bc24.dartpseudo	ir/00216_sub_62bc24.json	asm/00216_sub_62bc24.s
217	sub_62bc5c	pseudocode/00217_sub_62bc5c.dartpseudo	ir/00217_sub_62bc5c.json	asm/00217_sub_62bc5c.s
218	sub_62bcec	pseudocode/00218_sub_62bcec.dartpseudo	ir/00218_sub_62bcec.json	asm/00218_sub_62bcec.s
219	sub_62bdc8	pseudocode/00219_sub_62bdc8.dartpseudo	ir/00219_sub_62bdc8.json	asm/00219_sub_62bdc8.s
220	sub_62c208	pseudocode/00220_sub_62c208.dartpseudo	ir/00220_sub_62c208.json	asm/00220_sub_62c208.s
221	sub_62c2f8	pseudocode/00221_sub_62c2f8.dartpseudo	ir/00221_sub_62c2f8.json	asm/00221_sub_62c2f8.s
222	sub_62c5b4	pseudocode/00222_sub_62c5b4.dartpseudo	ir/00222_sub_62c5b4.json	asm/00222_sub_62c5b4.s
223	sub_62c630	pseudocode/00223_sub_62c630.dartpseudo	ir/00223_sub_62c630.json	asm/00223_sub_62c630.s
224	sub_62cbdc	pseudocode/00224_sub_62cbdc.dartpseudo	ir/00224_sub_62cbdc.json	asm/00224_sub_62cbdc.s
225	sub_62cc80	pseudocode/00225_sub_62cc80.dartpseudo	ir/00225_sub_62cc80.json	asm/00225_sub_62cc80.s
226	sub_62ccb0	pseudocode/00226_sub_62ccb0.dartpseudo	ir/00226_sub_62ccb0.json	asm/00226_sub_62ccb0.s
227	sub_62cd90	pseudocode/00227_sub_62cd90.dartpseudo	ir/00227_sub_62cd90.json	asm/00227_sub_62cd90.s
228	sub_62d4c4	pseudocode/00228_sub_62d4c4.dartpseudo	ir/00228_sub_62d4c4.json	asm/00228_sub_62d4c4.s
229	sub_62d658	pseudocode/00229_sub_62d658.dartpseudo	ir/00229_sub_62d658.json	asm/00229_sub_62d658.s
230	sub_62d71c	pseudocode/00230_sub_62d71c.dartpseudo	ir/00230_sub_62d71c.json	asm/00230_sub_62d71c.s
231	sub_62d974	pseudocode/00231_sub_62d974.dartpseudo	ir/00231_sub_62d974.json	asm/00231_sub_62d974.s
232	sub_62d9d4	pseudocode/00232_sub_62d9d4.dartpseudo	ir/00232_sub_62d9d4.json	asm/00232_sub_62d9d4.s
233	sub_62dce0	pseudocode/00233_sub_62dce0.dartpseudo	ir/00233_sub_62dce0.json	asm/00233_sub_62dce0.s
234	sub_62e18c	pseudocode/00234_sub_62e18c.dartpseudo	ir/00234_sub_62e18c.json	asm/00234_sub_62e18c.s
235	sub_62e4f0	pseudocode/00235_sub_62e4f0.dartpseudo	ir/00235_sub_62e4f0.json	asm/00235_sub_62e4f0.s
236	sub_62e578	pseudocode/00236_sub_62e578.dartpseudo	ir/00236_sub_62e578.json	asm/00236_sub_62e578.s
237	sub_62e928	pseudocode/00237_sub_62e928.dartpseudo	ir/00237_sub_62e928.json	asm/00237_sub_62e928.s
238	sub_62e964	pseudocode/00238_sub_62e964.dartpseudo	ir/00238_sub_62e964.json	asm/00238_sub_62e964.s
239	sub_62eb0c	pseudocode/00239_sub_62eb0c.dartpseudo	ir/00239_sub_62eb0c.json	asm/00239_sub_62eb0c.s
240	sub_62ebc8	pseudocode/00240_sub_62ebc8.dartpseudo	ir/00240_sub_62ebc8.json	asm/00240_sub_62ebc8.s
241	sub_62ecb4	pseudocode/00241_sub_62ecb4.dartpseudo	ir/00241_sub_62ecb4.json	asm/00241_sub_62ecb4.s
242	sub_62ee00	pseudocode/00242_sub_62ee00.dartpseudo	ir/00242_sub_62ee00.json	asm/00242_sub_62ee00.s
243	sub_62eef8	pseudocode/00243_sub_62eef8.dartpseudo	ir/00243_sub_62eef8.json	asm/00243_sub_62eef8.s
244	sub_62f094	pseudocode/00244_sub_62f094.dartpseudo	ir/00244_sub_62f094.json	asm/00244_sub_62f094.s
245	sub_62f0d4	pseudocode/00245_sub_62f0d4.dartpseudo	ir/00245_sub_62f0d4.json	asm/00245_sub_62f0d4.s
246	sub_62f0e0	pseudocode/00246_sub_62f0e0.dartpseudo	ir/00246_sub_62f0e0.json	asm/00246_sub_62f0e0.s
247	sub_62f450	pseudocode/00247_sub_62f450.dartpseudo	ir/00247_sub_62f450.json	asm/00247_sub_62f450.s
248	sub_62f4cc	pseudocode/00248_sub_62f4cc.dartpseudo	ir/00248_sub_62f4cc.json	asm/00248_sub_62f4cc.s
249	sub_62f4d8	pseudocode/00249_sub_62f4d8.dartpseudo	ir/00249_sub_62f4d8.json	asm/00249_sub_62f4d8.s
250	sub_62f6b4	pseudocode/00250_sub_62f6b4.dartpseudo	ir/00250_sub_62f6b4.json	asm/00250_sub_62f6b4.s
251	sub_62f720	pseudocode/00251_sub_62f720.dartpseudo	ir/00251_sub_62f720.json	asm/00251_sub_62f720.s
252	sub_62f7a8	pseudocode/00252_sub_62f7a8.dartpseudo	ir/00252_sub_62f7a8.json	asm/00252_sub_62f7a8.s
253	sub_62fb28	pseudocode/00253_sub_62fb28.dartpseudo	ir/00253_sub_62fb28.json	asm/00253_sub_62fb28.s
254	sub_62ffd8	pseudocode/00254_sub_62ffd8.dartpseudo	ir/00254_sub_62ffd8.json	asm/00254_sub_62ffd8.s
255	sub_6301b4	pseudocode/00255_sub_6301b4.dartpseudo	ir/00255_sub_6301b4.json	asm/00255_sub_6301b4.s
256	sub_6301f4	pseudocode/00256_sub_6301f4.dartpseudo	ir/00256_sub_6301f4.json	asm/00256_sub_6301f4.s
257	sub_6302c0	pseudocode/00257_sub_6302c0.dartpseudo	ir/00257_sub_6302c0.json	asm/00257_sub_6302c0.s
258	sub_6304ec	pseudocode/00258_sub_6304ec.dartpseudo	ir/00258_sub_6304ec.json	asm/00258_sub_6304ec.s
259	sub_6304f8	pseudocode/00259_sub_6304f8.dartpseudo	ir/00259_sub_6304f8.json	asm/00259_sub_6304f8.s
260	sub_6306a8	pseudocode/00260_sub_6306a8.dartpseudo	ir/00260_sub_6306a8.json	asm/00260_sub_6306a8.s
261	sub_630cd0	pseudocode/00261_sub_630cd0.dartpseudo	ir/00261_sub_630cd0.json	asm/00261_sub_630cd0.s
262	sub_630ea4	pseudocode/00262_sub_630ea4.dartpseudo	ir/00262_sub_630ea4.json	asm/00262_sub_630ea4.s
263	sub_630ed4	pseudocode/00263_sub_630ed4.dartpseudo	ir/00263_sub_630ed4.json	asm/00263_sub_630ed4.s
264	sub_630ee0	pseudocode/00264_sub_630ee0.dartpseudo	ir/00264_sub_630ee0.json	asm/00264_sub_630ee0.s
265	sub_630f84	pseudocode/00265_sub_630f84.dartpseudo	ir/00265_sub_630f84.json	asm/00265_sub_630f84.s
266	sub_631108	pseudocode/00266_sub_631108.dartpseudo	ir/00266_sub_631108.json	asm/00266_sub_631108.s
267	sub_6312f8	pseudocode/00267_sub_6312f8.dartpseudo	ir/00267_sub_6312f8.json	asm/00267_sub_6312f8.s
268	sub_631470	pseudocode/00268_sub_631470.dartpseudo	ir/00268_sub_631470.json	asm/00268_sub_631470.s
269	sub_631700	pseudocode/00269_sub_631700.dartpseudo	ir/00269_sub_631700.json	asm/00269_sub_631700.s
270	sub_6317e8	pseudocode/00270_sub_6317e8.dartpseudo	ir/00270_sub_6317e8.json	asm/00270_sub_6317e8.s
271	sub_6319a8	pseudocode/00271_sub_6319a8.dartpseudo	ir/00271_sub_6319a8.json	asm/00271_sub_6319a8.s
272	sub_631a14	pseudocode/00272_sub_631a14.dartpseudo	ir/00272_sub_631a14.json	asm/00272_sub_631a14.s
273	sub_631b94	pseudocode/00273_sub_631b94.dartpseudo	ir/00273_sub_631b94.json	asm/00273_sub_631b94.s
274	sub_631c64	pseudocode/00274_sub_631c64.dartpseudo	ir/00274_sub_631c64.json	asm/00274_sub_631c64.s
275	sub_631e40	pseudocode/00275_sub_631e40.dartpseudo	ir/00275_sub_631e40.json	asm/00275_sub_631e40.s
276	sub_632570	pseudocode/00276_sub_632570.dartpseudo	ir/00276_sub_632570.json	asm/00276_sub_632570.s
277	sub_63257c	pseudocode/00277_sub_63257c.dartpseudo	ir/00277_sub_63257c.json	asm/00277_sub_63257c.s
278	sub_632588	pseudocode/00278_sub_632588.dartpseudo	ir/00278_sub_632588.json	asm/00278_sub_632588.s
279	sub_632594	pseudocode/00279_sub_632594.dartpseudo	ir/00279_sub_632594.json	asm/00279_sub_632594.s
280	sub_6325a0	pseudocode/00280_sub_6325a0.dartpseudo	ir/00280_sub_6325a0.json	asm/00280_sub_6325a0.s
281	sub_6325dc	pseudocode/00281_sub_6325dc.dartpseudo	ir/00281_sub_6325dc.json	asm/00281_sub_6325dc.s
282	sub_632664	pseudocode/00282_sub_632664.dartpseudo	ir/00282_sub_632664.json	asm/00282_sub_632664.s
283	sub_632670	pseudocode/00283_sub_632670.dartpseudo	ir/00283_sub_632670.json	asm/00283_sub_632670.s
284	sub_63277c	pseudocode/00284_sub_63277c.dartpseudo	ir/00284_sub_63277c.json	asm/00284_sub_63277c.s
285	sub_632788	pseudocode/00285_sub_632788.dartpseudo	ir/00285_sub_632788.json	asm/00285_sub_632788.s
286	sub_632794	pseudocode/00286_sub_632794.dartpseudo	ir/00286_sub_632794.json	asm/00286_sub_632794.s
287	sub_6327a0	pseudocode/00287_sub_6327a0.dartpseudo	ir/00287_sub_6327a0.json	asm/00287_sub_6327a0.s
288	sub_632968	pseudocode/00288_sub_632968.dartpseudo	ir/00288_sub_632968.json	asm/00288_sub_632968.s
289	sub_6329c4	pseudocode/00289_sub_6329c4.dartpseudo	ir/00289_sub_6329c4.json	asm/00289_sub_6329c4.s
290	sub_6329d0	pseudocode/00290_sub_6329d0.dartpseudo	ir/00290_sub_6329d0.json	asm/00290_sub_6329d0.s
291	sub_6329dc	pseudocode/00291_sub_6329dc.dartpseudo	ir/00291_sub_6329dc.json	asm/00291_sub_6329dc.s
292	sub_632a14	pseudocode/00292_sub_632a14.dartpseudo	ir/00292_sub_632a14.json	asm/00292_sub_632a14.s
293	sub_632c78	pseudocode/00293_sub_632c78.dartpseudo	ir/00293_sub_632c78.json	asm/00293_sub_632c78.s
294	sub_632d90	pseudocode/00294_sub_632d90.dartpseudo	ir/00294_sub_632d90.json	asm/00294_sub_632d90.s
295	sub_6331d0	pseudocode/00295_sub_6331d0.dartpseudo	ir/00295_sub_6331d0.json	asm/00295_sub_6331d0.s
296	sub_633310	pseudocode/00296_sub_633310.dartpseudo	ir/00296_sub_633310.json	asm/00296_sub_633310.s
297	sub_633334	pseudocode/00297_sub_633334.dartpseudo	ir/00297_sub_633334.json	asm/00297_sub_633334.s
298	sub_633340	pseudocode/00298_sub_633340.dartpseudo	ir/00298_sub_633340.json	asm/00298_sub_633340.s
299	sub_6333bc	pseudocode/00299_sub_6333bc.dartpseudo	ir/00299_sub_6333bc.json	asm/00299_sub_6333bc.s
300	sub_633404	pseudocode/00300_sub_633404.dartpseudo	ir/00300_sub_633404.json	asm/00300_sub_633404.s
301	sub_633410	pseudocode/00301_sub_633410.dartpseudo	ir/00301_sub_633410.json	asm/00301_sub_633410.s
302	sub_63383c	pseudocode/00302_sub_63383c.dartpseudo	ir/00302_sub_63383c.json	asm/00302_sub_63383c.s
303	sub_6339e8	pseudocode/00303_sub_6339e8.dartpseudo	ir/00303_sub_6339e8.json	asm/00303_sub_6339e8.s
304	sub_633a5c	pseudocode/00304_sub_633a5c.dartpseudo	ir/00304_sub_633a5c.json	asm/00304_sub_633a5c.s
305	sub_633f28	pseudocode/00305_sub_633f28.dartpseudo	ir/00305_sub_633f28.json	asm/00305_sub_633f28.s
306	sub_633f34	pseudocode/00306_sub_633f34.dartpseudo	ir/00306_sub_633f34.json	asm/00306_sub_633f34.s
307	sub_634188	pseudocode/00307_sub_634188.dartpseudo	ir/00307_sub_634188.json	asm/00307_sub_634188.s
308	sub_6342f8	pseudocode/00308_sub_6342f8.dartpseudo	ir/00308_sub_6342f8.json	asm/00308_sub_6342f8.s
309	sub_634938	pseudocode/00309_sub_634938.dartpseudo	ir/00309_sub_634938.json	asm/00309_sub_634938.s
310	sub_6349ac	pseudocode/00310_sub_6349ac.dartpseudo	ir/00310_sub_6349ac.json	asm/00310_sub_6349ac.s
311	sub_634bc0	pseudocode/00311_sub_634bc0.dartpseudo	ir/00311_sub_634bc0.json	asm/00311_sub_634bc0.s
312	sub_634df4	pseudocode/00312_sub_634df4.dartpseudo	ir/00312_sub_634df4.json	asm/00312_sub_634df4.s
313	sub_634e44	pseudocode/00313_sub_634e44.dartpseudo	ir/00313_sub_634e44.json	asm/00313_sub_634e44.s
314	sub_634e90	pseudocode/00314_sub_634e90.dartpseudo	ir/00314_sub_634e90.json	asm/00314_sub_634e90.s
315	sub_634f8c	pseudocode/00315_sub_634f8c.dartpseudo	ir/00315_sub_634f8c.json	asm/00315_sub_634f8c.s
316	sub_635470	pseudocode/00316_sub_635470.dartpseudo	ir/00316_sub_635470.json	asm/00316_sub_635470.s
317	sub_635480	pseudocode/00317_sub_635480.dartpseudo	ir/00317_sub_635480.json	asm/00317_sub_635480.s
318	sub_6354d0	pseudocode/00318_sub_6354d0.dartpseudo	ir/00318_sub_6354d0.json	asm/00318_sub_6354d0.s
319	sub_63563c	pseudocode/00319_sub_63563c.dartpseudo	ir/00319_sub_63563c.json	asm/00319_sub_63563c.s
320	sub_6356b0	pseudocode/00320_sub_6356b0.dartpseudo	ir/00320_sub_6356b0.json	asm/00320_sub_6356b0.s
321	sub_635914	pseudocode/00321_sub_635914.dartpseudo	ir/00321_sub_635914.json	asm/00321_sub_635914.s
322	sub_63599c	pseudocode/00322_sub_63599c.dartpseudo	ir/00322_sub_63599c.json	asm/00322_sub_63599c.s
323	sub_6359b4	pseudocode/00323_sub_6359b4.dartpseudo	ir/00323_sub_6359b4.json	asm/00323_sub_6359b4.s
324	sub_6359c0	pseudocode/00324_sub_6359c0.dartpseudo	ir/00324_sub_6359c0.json	asm/00324_sub_6359c0.s
325	sub_635ab8	pseudocode/00325_sub_635ab8.dartpseudo	ir/00325_sub_635ab8.json	asm/00325_sub_635ab8.s
326	sub_635c58	pseudocode/00326_sub_635c58.dartpseudo	ir/00326_sub_635c58.json	asm/00326_sub_635c58.s
327	sub_635cc8	pseudocode/00327_sub_635cc8.dartpseudo	ir/00327_sub_635cc8.json	asm/00327_sub_635cc8.s
328	sub_635cd4	pseudocode/00328_sub_635cd4.dartpseudo	ir/00328_sub_635cd4.json	asm/00328_sub_635cd4.s
329	sub_635d58	pseudocode/00329_sub_635d58.dartpseudo	ir/00329_sub_635d58.json	asm/00329_sub_635d58.s
330	sub_635f14	pseudocode/00330_sub_635f14.dartpseudo	ir/00330_sub_635f14.json	asm/00330_sub_635f14.s
331	sub_6360f0	pseudocode/00331_sub_6360f0.dartpseudo	ir/00331_sub_6360f0.json	asm/00331_sub_6360f0.s
332	sub_6361c0	pseudocode/00332_sub_6361c0.dartpseudo	ir/00332_sub_6361c0.json	asm/00332_sub_6361c0.s
333	sub_63628c	pseudocode/00333_sub_63628c.dartpseudo	ir/00333_sub_63628c.json	asm/00333_sub_63628c.s
334	sub_636344	pseudocode/00334_sub_636344.dartpseudo	ir/00334_sub_636344.json	asm/00334_sub_636344.s
335	sub_636654	pseudocode/00335_sub_636654.dartpseudo	ir/00335_sub_636654.json	asm/00335_sub_636654.s
336	sub_636a14	pseudocode/00336_sub_636a14.dartpseudo	ir/00336_sub_636a14.json	asm/00336_sub_636a14.s
337	sub_636a74	pseudocode/00337_sub_636a74.dartpseudo	ir/00337_sub_636a74.json	asm/00337_sub_636a74.s
338	sub_636cb0	pseudocode/00338_sub_636cb0.dartpseudo	ir/00338_sub_636cb0.json	asm/00338_sub_636cb0.s
339	sub_6375a4	pseudocode/00339_sub_6375a4.dartpseudo	ir/00339_sub_6375a4.json	asm/00339_sub_6375a4.s
340	sub_63762c	pseudocode/00340_sub_63762c.dartpseudo	ir/00340_sub_63762c.json	asm/00340_sub_63762c.s
341	sub_637748	pseudocode/00341_sub_637748.dartpseudo	ir/00341_sub_637748.json	asm/00341_sub_637748.s
342	sub_637db0	pseudocode/00342_sub_637db0.dartpseudo	ir/00342_sub_637db0.json	asm/00342_sub_637db0.s
343	sub_637dbc	pseudocode/00343_sub_637dbc.dartpseudo	ir/00343_sub_637dbc.json	asm/00343_sub_637dbc.s
344	sub_637dc8	pseudocode/00344_sub_637dc8.dartpseudo	ir/00344_sub_637dc8.json	asm/00344_sub_637dc8.s
345	sub_637e78	pseudocode/00345_sub_637e78.dartpseudo	ir/00345_sub_637e78.json	asm/00345_sub_637e78.s
346	sub_6381c8	pseudocode/00346_sub_6381c8.dartpseudo	ir/00346_sub_6381c8.json	asm/00346_sub_6381c8.s
347	sub_6382a0	pseudocode/00347_sub_6382a0.dartpseudo	ir/00347_sub_6382a0.json	asm/00347_sub_6382a0.s
348	sub_638584	pseudocode/00348_sub_638584.dartpseudo	ir/00348_sub_638584.json	asm/00348_sub_638584.s
349	sub_638590	pseudocode/00349_sub_638590.dartpseudo	ir/00349_sub_638590.json	asm/00349_sub_638590.s
350	sub_638718	pseudocode/00350_sub_638718.dartpseudo	ir/00350_sub_638718.json	asm/00350_sub_638718.s
351	sub_638c40	pseudocode/00351_sub_638c40.dartpseudo	ir/00351_sub_638c40.json	asm/00351_sub_638c40.s
352	sub_639438	pseudocode/00352_sub_639438.dartpseudo	ir/00352_sub_639438.json	asm/00352_sub_639438.s
353	sub_639654	pseudocode/00353_sub_639654.dartpseudo	ir/00353_sub_639654.json	asm/00353_sub_639654.s
354	sub_639f0c	pseudocode/00354_sub_639f0c.dartpseudo	ir/00354_sub_639f0c.json	asm/00354_sub_639f0c.s
355	sub_639fec	pseudocode/00355_sub_639fec.dartpseudo	ir/00355_sub_639fec.json	asm/00355_sub_639fec.s
356	sub_63a0bc	pseudocode/00356_sub_63a0bc.dartpseudo	ir/00356_sub_63a0bc.json	asm/00356_sub_63a0bc.s
357	sub_63a2b0	pseudocode/00357_sub_63a2b0.dartpseudo	ir/00357_sub_63a2b0.json	asm/00357_sub_63a2b0.s
358	sub_63a2bc	pseudocode/00358_sub_63a2bc.dartpseudo	ir/00358_sub_63a2bc.json	asm/00358_sub_63a2bc.s
359	sub_63a428	pseudocode/00359_sub_63a428.dartpseudo	ir/00359_sub_63a428.json	asm/00359_sub_63a428.s
360	sub_63a860	pseudocode/00360_sub_63a860.dartpseudo	ir/00360_sub_63a860.json	asm/00360_sub_63a860.s
361	sub_63a948	pseudocode/00361_sub_63a948.dartpseudo	ir/00361_sub_63a948.json	asm/00361_sub_63a948.s
362	sub_63ab64	pseudocode/00362_sub_63ab64.dartpseudo	ir/00362_sub_63ab64.json	asm/00362_sub_63ab64.s
363	sub_63acfc	pseudocode/00363_sub_63acfc.dartpseudo	ir/00363_sub_63acfc.json	asm/00363_sub_63acfc.s
364	sub_63af40	pseudocode/00364_sub_63af40.dartpseudo	ir/00364_sub_63af40.json	asm/00364_sub_63af40.s
365	sub_63afac	pseudocode/00365_sub_63afac.dartpseudo	ir/00365_sub_63afac.json	asm/00365_sub_63afac.s
366	sub_63b010	pseudocode/00366_sub_63b010.dartpseudo	ir/00366_sub_63b010.json	asm/00366_sub_63b010.s
367	sub_63b210	pseudocode/00367_sub_63b210.dartpseudo	ir/00367_sub_63b210.json	asm/00367_sub_63b210.s
368	sub_63b330	pseudocode/00368_sub_63b330.dartpseudo	ir/00368_sub_63b330.json	asm/00368_sub_63b330.s
369	sub_63b508	pseudocode/00369_sub_63b508.dartpseudo	ir/00369_sub_63b508.json	asm/00369_sub_63b508.s
370	sub_63b7f8	pseudocode/00370_sub_63b7f8.dartpseudo	ir/00370_sub_63b7f8.json	asm/00370_sub_63b7f8.s
371	sub_63b908	pseudocode/00371_sub_63b908.dartpseudo	ir/00371_sub_63b908.json	asm/00371_sub_63b908.s
372	sub_63c3a0	pseudocode/00372_sub_63c3a0.dartpseudo	ir/00372_sub_63c3a0.json	asm/00372_sub_63c3a0.s
373	sub_63c558	pseudocode/00373_sub_63c558.dartpseudo	ir/00373_sub_63c558.json	asm/00373_sub_63c558.s
374	sub_63c79c	pseudocode/00374_sub_63c79c.dartpseudo	ir/00374_sub_63c79c.json	asm/00374_sub_63c79c.s
375	sub_63c910	pseudocode/00375_sub_63c910.dartpseudo	ir/00375_sub_63c910.json	asm/00375_sub_63c910.s
376	sub_63c9e8	pseudocode/00376_sub_63c9e8.dartpseudo	ir/00376_sub_63c9e8.json	asm/00376_sub_63c9e8.s
377	sub_63cf50	pseudocode/00377_sub_63cf50.dartpseudo	ir/00377_sub_63cf50.json	asm/00377_sub_63cf50.s
378	sub_63e3c4	pseudocode/00378_sub_63e3c4.dartpseudo	ir/00378_sub_63e3c4.json	asm/00378_sub_63e3c4.s
379	sub_63ed20	pseudocode/00379_sub_63ed20.dartpseudo	ir/00379_sub_63ed20.json	asm/00379_sub_63ed20.s
380	sub_63ed2c	pseudocode/00380_sub_63ed2c.dartpseudo	ir/00380_sub_63ed2c.json	asm/00380_sub_63ed2c.s
381	sub_63ee98	pseudocode/00381_sub_63ee98.dartpseudo	ir/00381_sub_63ee98.json	asm/00381_sub_63ee98.s
382	sub_63ef94	pseudocode/00382_sub_63ef94.dartpseudo	ir/00382_sub_63ef94.json	asm/00382_sub_63ef94.s
383	sub_640340	pseudocode/00383_sub_640340.dartpseudo	ir/00383_sub_640340.json	asm/00383_sub_640340.s
384	sub_64072c	pseudocode/00384_sub_64072c.dartpseudo	ir/00384_sub_64072c.json	asm/00384_sub_64072c.s
385	sub_6407fc	pseudocode/00385_sub_6407fc.dartpseudo	ir/00385_sub_6407fc.json	asm/00385_sub_6407fc.s
386	sub_640808	pseudocode/00386_sub_640808.dartpseudo	ir/00386_sub_640808.json	asm/00386_sub_640808.s
387	sub_6456a0	pseudocode/00387_sub_6456a0.dartpseudo	ir/00387_sub_6456a0.json	asm/00387_sub_6456a0.s
388	sub_645920	pseudocode/00388_sub_645920.dartpseudo	ir/00388_sub_645920.json	asm/00388_sub_645920.s
389	sub_646668	pseudocode/00389_sub_646668.dartpseudo	ir/00389_sub_646668.json	asm/00389_sub_646668.s
390	sub_647004	pseudocode/00390_sub_647004.dartpseudo	ir/00390_sub_647004.json	asm/00390_sub_647004.s
391	sub_647084	pseudocode/00391_sub_647084.dartpseudo	ir/00391_sub_647084.json	asm/00391_sub_647084.s
392	sub_64711c	pseudocode/00392_sub_64711c.dartpseudo	ir/00392_sub_64711c.json	asm/00392_sub_64711c.s
393	sub_647158	pseudocode/00393_sub_647158.dartpseudo	ir/00393_sub_647158.json	asm/00393_sub_647158.s
394	sub_64717c	pseudocode/00394_sub_64717c.dartpseudo	ir/00394_sub_64717c.json	asm/00394_sub_64717c.s
395	sub_6471e4	pseudocode/00395_sub_6471e4.dartpseudo	ir/00395_sub_6471e4.json	asm/00395_sub_6471e4.s
396	sub_64756c	pseudocode/00396_sub_64756c.dartpseudo	ir/00396_sub_64756c.json	asm/00396_sub_64756c.s
397	sub_647624	pseudocode/00397_sub_647624.dartpseudo	ir/00397_sub_647624.json	asm/00397_sub_647624.s
398	sub_647630	pseudocode/00398_sub_647630.dartpseudo	ir/00398_sub_647630.json	asm/00398_sub_647630.s
399	sub_64763c	pseudocode/00399_sub_64763c.dartpseudo	ir/00399_sub_64763c.json	asm/00399_sub_64763c.s
400	sub_647688	pseudocode/00400_sub_647688.dartpseudo	ir/00400_sub_647688.json	asm/00400_sub_647688.s
401	sub_647a6c	pseudocode/00401_sub_647a6c.dartpseudo	ir/00401_sub_647a6c.json	asm/00401_sub_647a6c.s
402	sub_647a78	pseudocode/00402_sub_647a78.dartpseudo	ir/00402_sub_647a78.json	asm/00402_sub_647a78.s
403	sub_647b88	pseudocode/00403_sub_647b88.dartpseudo	ir/00403_sub_647b88.json	asm/00403_sub_647b88.s
404	sub_647e6c	pseudocode/00404_sub_647e6c.dartpseudo	ir/00404_sub_647e6c.json	asm/00404_sub_647e6c.s
405	sub_6480f0	pseudocode/00405_sub_6480f0.dartpseudo	ir/00405_sub_6480f0.json	asm/00405_sub_6480f0.s
406	sub_64819c	pseudocode/00406_sub_64819c.dartpseudo	ir/00406_sub_64819c.json	asm/00406_sub_64819c.s
407	sub_6484c8	pseudocode/00407_sub_6484c8.dartpseudo	ir/00407_sub_6484c8.json	asm/00407_sub_6484c8.s
408	sub_648590	pseudocode/00408_sub_648590.dartpseudo	ir/00408_sub_648590.json	asm/00408_sub_648590.s
409	sub_648a6c	pseudocode/00409_sub_648a6c.dartpseudo	ir/00409_sub_648a6c.json	asm/00409_sub_648a6c.s
410	sub_648b94	pseudocode/00410_sub_648b94.dartpseudo	ir/00410_sub_648b94.json	asm/00410_sub_648b94.s
411	sub_648e50	pseudocode/00411_sub_648e50.dartpseudo	ir/00411_sub_648e50.json	asm/00411_sub_648e50.s
412	sub_648f30	pseudocode/00412_sub_648f30.dartpseudo	ir/00412_sub_648f30.json	asm/00412_sub_648f30.s
413	sub_6492b8	pseudocode/00413_sub_6492b8.dartpseudo	ir/00413_sub_6492b8.json	asm/00413_sub_6492b8.s
414	sub_6492d0	pseudocode/00414_sub_6492d0.dartpseudo	ir/00414_sub_6492d0.json	asm/00414_sub_6492d0.s
415	sub_649424	pseudocode/00415_sub_649424.dartpseudo	ir/00415_sub_649424.json	asm/00415_sub_649424.s
416	sub_64949c	pseudocode/00416_sub_64949c.dartpseudo	ir/00416_sub_64949c.json	asm/00416_sub_64949c.s
417	sub_649874	pseudocode/00417_sub_649874.dartpseudo	ir/00417_sub_649874.json	asm/00417_sub_649874.s
418	sub_649f08	pseudocode/00418_sub_649f08.dartpseudo	ir/00418_sub_649f08.json	asm/00418_sub_649f08.s
419	sub_649f80	pseudocode/00419_sub_649f80.dartpseudo	ir/00419_sub_649f80.json	asm/00419_sub_649f80.s
420	sub_649f8c	pseudocode/00420_sub_649f8c.dartpseudo	ir/00420_sub_649f8c.json	asm/00420_sub_649f8c.s
421	sub_64a014	pseudocode/00421_sub_64a014.dartpseudo	ir/00421_sub_64a014.json	asm/00421_sub_64a014.s
422	sub_64a1cc	pseudocode/00422_sub_64a1cc.dartpseudo	ir/00422_sub_64a1cc.json	asm/00422_sub_64a1cc.s
423	sub_64a270	pseudocode/00423_sub_64a270.dartpseudo	ir/00423_sub_64a270.json	asm/00423_sub_64a270.s
424	sub_64a32c	pseudocode/00424_sub_64a32c.dartpseudo	ir/00424_sub_64a32c.json	asm/00424_sub_64a32c.s
425	sub_64a368	pseudocode/00425_sub_64a368.dartpseudo	ir/00425_sub_64a368.json	asm/00425_sub_64a368.s
426	sub_64a3d0	pseudocode/00426_sub_64a3d0.dartpseudo	ir/00426_sub_64a3d0.json	asm/00426_sub_64a3d0.s
427	sub_64a4bc	pseudocode/00427_sub_64a4bc.dartpseudo	ir/00427_sub_64a4bc.json	asm/00427_sub_64a4bc.s
428	sub_64a4fc	pseudocode/00428_sub_64a4fc.dartpseudo	ir/00428_sub_64a4fc.json	asm/00428_sub_64a4fc.s
429	sub_64a640	pseudocode/00429_sub_64a640.dartpseudo	ir/00429_sub_64a640.json	asm/00429_sub_64a640.s
430	sub_64a6f8	pseudocode/00430_sub_64a6f8.dartpseudo	ir/00430_sub_64a6f8.json	asm/00430_sub_64a6f8.s
431	sub_64a720	pseudocode/00431_sub_64a720.dartpseudo	ir/00431_sub_64a720.json	asm/00431_sub_64a720.s
432	sub_64a7c0	pseudocode/00432_sub_64a7c0.dartpseudo	ir/00432_sub_64a7c0.json	asm/00432_sub_64a7c0.s
433	sub_64a9b8	pseudocode/00433_sub_64a9b8.dartpseudo	ir/00433_sub_64a9b8.json	asm/00433_sub_64a9b8.s
434	sub_64ab44	pseudocode/00434_sub_64ab44.dartpseudo	ir/00434_sub_64ab44.json	asm/00434_sub_64ab44.s
435	sub_64ac10	pseudocode/00435_sub_64ac10.dartpseudo	ir/00435_sub_64ac10.json	asm/00435_sub_64ac10.s
436	sub_64b190	pseudocode/00436_sub_64b190.dartpseudo	ir/00436_sub_64b190.json	asm/00436_sub_64b190.s
437	sub_64b91c	pseudocode/00437_sub_64b91c.dartpseudo	ir/00437_sub_64b91c.json	asm/00437_sub_64b91c.s
438	sub_64ba54	pseudocode/00438_sub_64ba54.dartpseudo	ir/00438_sub_64ba54.json	asm/00438_sub_64ba54.s
439	sub_64bb2c	pseudocode/00439_sub_64bb2c.dartpseudo	ir/00439_sub_64bb2c.json	asm/00439_sub_64bb2c.s
440	sub_64bc18	pseudocode/00440_sub_64bc18.dartpseudo	ir/00440_sub_64bc18.json	asm/00440_sub_64bc18.s
441	sub_64bd1c	pseudocode/00441_sub_64bd1c.dartpseudo	ir/00441_sub_64bd1c.json	asm/00441_sub_64bd1c.s
442	sub_64bf7c	pseudocode/00442_sub_64bf7c.dartpseudo	ir/00442_sub_64bf7c.json	asm/00442_sub_64bf7c.s
443	sub_64c054	pseudocode/00443_sub_64c054.dartpseudo	ir/00443_sub_64c054.json	asm/00443_sub_64c054.s
444	sub_64c060	pseudocode/00444_sub_64c060.dartpseudo	ir/00444_sub_64c060.json	asm/00444_sub_64c060.s
445	sub_64c88c	pseudocode/00445_sub_64c88c.dartpseudo	ir/00445_sub_64c88c.json	asm/00445_sub_64c88c.s
446	sub_64ce1c	pseudocode/00446_sub_64ce1c.dartpseudo	ir/00446_sub_64ce1c.json	asm/00446_sub_64ce1c.s
447	sub_64e230	pseudocode/00447_sub_64e230.dartpseudo	ir/00447_sub_64e230.json	asm/00447_sub_64e230.s
448	sub_64e8e8	pseudocode/00448_sub_64e8e8.dartpseudo	ir/00448_sub_64e8e8.json	asm/00448_sub_64e8e8.s
449	sub_64eb98	pseudocode/00449_sub_64eb98.dartpseudo	ir/00449_sub_64eb98.json	asm/00449_sub_64eb98.s
450	sub_64edc8	pseudocode/00450_sub_64edc8.dartpseudo	ir/00450_sub_64edc8.json	asm/00450_sub_64edc8.s
451	sub_64f1ac	pseudocode/00451_sub_64f1ac.dartpseudo	ir/00451_sub_64f1ac.json	asm/00451_sub_64f1ac.s
452	sub_64f464	pseudocode/00452_sub_64f464.dartpseudo	ir/00452_sub_64f464.json	asm/00452_sub_64f464.s
453	sub_64f72c	pseudocode/00453_sub_64f72c.dartpseudo	ir/00453_sub_64f72c.json	asm/00453_sub_64f72c.s
454	sub_64ffe0	pseudocode/00454_sub_64ffe0.dartpseudo	ir/00454_sub_64ffe0.json	asm/00454_sub_64ffe0.s
455	sub_65001c	pseudocode/00455_sub_65001c.dartpseudo	ir/00455_sub_65001c.json	asm/00455_sub_65001c.s
456	sub_650028	pseudocode/00456_sub_650028.dartpseudo	ir/00456_sub_650028.json	asm/00456_sub_650028.s
457	sub_6500c0	pseudocode/00457_sub_6500c0.dartpseudo	ir/00457_sub_6500c0.json	asm/00457_sub_6500c0.s
458	sub_650198	pseudocode/00458_sub_650198.dartpseudo	ir/00458_sub_650198.json	asm/00458_sub_650198.s
459	sub_65022c	pseudocode/00459_sub_65022c.dartpseudo	ir/00459_sub_65022c.json	asm/00459_sub_65022c.s
460	sub_6502c8	pseudocode/00460_sub_6502c8.dartpseudo	ir/00460_sub_6502c8.json	asm/00460_sub_6502c8.s
461	sub_650394	pseudocode/00461_sub_650394.dartpseudo	ir/00461_sub_650394.json	asm/00461_sub_650394.s
462	sub_6503e0	pseudocode/00462_sub_6503e0.dartpseudo	ir/00462_sub_6503e0.json	asm/00462_sub_6503e0.s
463	sub_650454	pseudocode/00463_sub_650454.dartpseudo	ir/00463_sub_650454.json	asm/00463_sub_650454.s
464	sub_650520	pseudocode/00464_sub_650520.dartpseudo	ir/00464_sub_650520.json	asm/00464_sub_650520.s
465	sub_6516f8	pseudocode/00465_sub_6516f8.dartpseudo	ir/00465_sub_6516f8.json	asm/00465_sub_6516f8.s
466	sub_65228c	pseudocode/00466_sub_65228c.dartpseudo	ir/00466_sub_65228c.json	asm/00466_sub_65228c.s
467	sub_65231c	pseudocode/00467_sub_65231c.dartpseudo	ir/00467_sub_65231c.json	asm/00467_sub_65231c.s
468	sub_65358c	pseudocode/00468_sub_65358c.dartpseudo	ir/00468_sub_65358c.json	asm/00468_sub_65358c.s
469	sub_6535a0	pseudocode/00469_sub_6535a0.dartpseudo	ir/00469_sub_6535a0.json	asm/00469_sub_6535a0.s
470	sub_653ce0	pseudocode/00470_sub_653ce0.dartpseudo	ir/00470_sub_653ce0.json	asm/00470_sub_653ce0.s
471	sub_653d24	pseudocode/00471_sub_653d24.dartpseudo	ir/00471_sub_653d24.json	asm/00471_sub_653d24.s
472	sub_653d68	pseudocode/00472_sub_653d68.dartpseudo	ir/00472_sub_653d68.json	asm/00472_sub_653d68.s
473	sub_653dac	pseudocode/00473_sub_653dac.dartpseudo	ir/00473_sub_653dac.json	asm/00473_sub_653dac.s
474	sub_653df0	pseudocode/00474_sub_653df0.dartpseudo	ir/00474_sub_653df0.json	asm/00474_sub_653df0.s
475	sub_653e34	pseudocode/00475_sub_653e34.dartpseudo	ir/00475_sub_653e34.json	asm/00475_sub_653e34.s
476	sub_653e9c	pseudocode/00476_sub_653e9c.dartpseudo	ir/00476_sub_653e9c.json	asm/00476_sub_653e9c.s
477	sub_653ea8	pseudocode/00477_sub_653ea8.dartpseudo	ir/00477_sub_653ea8.json	asm/00477_sub_653ea8.s
478	sub_653eb4	pseudocode/00478_sub_653eb4.dartpseudo	ir/00478_sub_653eb4.json	asm/00478_sub_653eb4.s
479	sub_653f00	pseudocode/00479_sub_653f00.dartpseudo	ir/00479_sub_653f00.json	asm/00479_sub_653f00.s
480	sub_653f40	pseudocode/00480_sub_653f40.dartpseudo	ir/00480_sub_653f40.json	asm/00480_sub_653f40.s
481	sub_653f4c	pseudocode/00481_sub_653f4c.dartpseudo	ir/00481_sub_653f4c.json	asm/00481_sub_653f4c.s
482	sub_653f58	pseudocode/00482_sub_653f58.dartpseudo	ir/00482_sub_653f58.json	asm/00482_sub_653f58.s
483	sub_653f64	pseudocode/00483_sub_653f64.dartpseudo	ir/00483_sub_653f64.json	asm/00483_sub_653f64.s
484	sub_653f70	pseudocode/00484_sub_653f70.dartpseudo	ir/00484_sub_653f70.json	asm/00484_sub_653f70.s
485	sub_653f7c	pseudocode/00485_sub_653f7c.dartpseudo	ir/00485_sub_653f7c.json	asm/00485_sub_653f7c.s
486	sub_654030	pseudocode/00486_sub_654030.dartpseudo	ir/00486_sub_654030.json	asm/00486_sub_654030.s
487	sub_654144	pseudocode/00487_sub_654144.dartpseudo	ir/00487_sub_654144.json	asm/00487_sub_654144.s
488	sub_656418	pseudocode/00488_sub_656418.dartpseudo	ir/00488_sub_656418.json	asm/00488_sub_656418.s
489	sub_656470	pseudocode/00489_sub_656470.dartpseudo	ir/00489_sub_656470.json	asm/00489_sub_656470.s
490	sub_6568e4	pseudocode/00490_sub_6568e4.dartpseudo	ir/00490_sub_6568e4.json	asm/00490_sub_6568e4.s
491	sub_656918	pseudocode/00491_sub_656918.dartpseudo	ir/00491_sub_656918.json	asm/00491_sub_656918.s
492	sub_6570d0	pseudocode/00492_sub_6570d0.dartpseudo	ir/00492_sub_6570d0.json	asm/00492_sub_6570d0.s
493	sub_6570dc	pseudocode/00493_sub_6570dc.dartpseudo	ir/00493_sub_6570dc.json	asm/00493_sub_6570dc.s
494	sub_6572c8	pseudocode/00494_sub_6572c8.dartpseudo	ir/00494_sub_6572c8.json	asm/00494_sub_6572c8.s
495	sub_657d00	pseudocode/00495_sub_657d00.dartpseudo	ir/00495_sub_657d00.json	asm/00495_sub_657d00.s
496	sub_657d0c	pseudocode/00496_sub_657d0c.dartpseudo	ir/00496_sub_657d0c.json	asm/00496_sub_657d0c.s
497	sub_657dcc	pseudocode/00497_sub_657dcc.dartpseudo	ir/00497_sub_657dcc.json	asm/00497_sub_657dcc.s
498	sub_6583c0	pseudocode/00498_sub_6583c0.dartpseudo	ir/00498_sub_6583c0.json	asm/00498_sub_6583c0.s
499	sub_6589fc	pseudocode/00499_sub_6589fc.dartpseudo	ir/00499_sub_6589fc.json	asm/00499_sub_6589fc.s
500	sub_658a54	pseudocode/00500_sub_658a54.dartpseudo	ir/00500_sub_658a54.json	asm/00500_sub_658a54.s
501	sub_658dc4	pseudocode/00501_sub_658dc4.dartpseudo	ir/00501_sub_658dc4.json	asm/00501_sub_658dc4.s
502	sub_658e80	pseudocode/00502_sub_658e80.dartpseudo	ir/00502_sub_658e80.json	asm/00502_sub_658e80.s
503	sub_6595b4	pseudocode/00503_sub_6595b4.dartpseudo	ir/00503_sub_6595b4.json	asm/00503_sub_6595b4.s
504	sub_65969c	pseudocode/00504_sub_65969c.dartpseudo	ir/00504_sub_65969c.json	asm/00504_sub_65969c.s
505	sub_659704	pseudocode/00505_sub_659704.dartpseudo	ir/00505_sub_659704.json	asm/00505_sub_659704.s
506	sub_6597f0	pseudocode/00506_sub_6597f0.dartpseudo	ir/00506_sub_6597f0.json	asm/00506_sub_6597f0.s
507	sub_65a0c4	pseudocode/00507_sub_65a0c4.dartpseudo	ir/00507_sub_65a0c4.json	asm/00507_sub_65a0c4.s
508	sub_65a240	pseudocode/00508_sub_65a240.dartpseudo	ir/00508_sub_65a240.json	asm/00508_sub_65a240.s
509	sub_65a340	pseudocode/00509_sub_65a340.dartpseudo	ir/00509_sub_65a340.json	asm/00509_sub_65a340.s
510	sub_65a3e0	pseudocode/00510_sub_65a3e0.dartpseudo	ir/00510_sub_65a3e0.json	asm/00510_sub_65a3e0.s
511	sub_65a648	pseudocode/00511_sub_65a648.dartpseudo	ir/00511_sub_65a648.json	asm/00511_sub_65a648.s
512	sub_65a758	pseudocode/00512_sub_65a758.dartpseudo	ir/00512_sub_65a758.json	asm/00512_sub_65a758.s
513	sub_65ac1c	pseudocode/00513_sub_65ac1c.dartpseudo	ir/00513_sub_65ac1c.json	asm/00513_sub_65ac1c.s
514	sub_65adb0	pseudocode/00514_sub_65adb0.dartpseudo	ir/00514_sub_65adb0.json	asm/00514_sub_65adb0.s
515	sub_65b008	pseudocode/00515_sub_65b008.dartpseudo	ir/00515_sub_65b008.json	asm/00515_sub_65b008.s
516	sub_65b060	pseudocode/00516_sub_65b060.dartpseudo	ir/00516_sub_65b060.json	asm/00516_sub_65b060.s
517	sub_65b0d8	pseudocode/00517_sub_65b0d8.dartpseudo	ir/00517_sub_65b0d8.json	asm/00517_sub_65b0d8.s
518	sub_65b1bc	pseudocode/00518_sub_65b1bc.dartpseudo	ir/00518_sub_65b1bc.json	asm/00518_sub_65b1bc.s
519	sub_65b260	pseudocode/00519_sub_65b260.dartpseudo	ir/00519_sub_65b260.json	asm/00519_sub_65b260.s
520	sub_65b448	pseudocode/00520_sub_65b448.dartpseudo	ir/00520_sub_65b448.json	asm/00520_sub_65b448.s
521	sub_65b558	pseudocode/00521_sub_65b558.dartpseudo	ir/00521_sub_65b558.json	asm/00521_sub_65b558.s
522	sub_65c29c	pseudocode/00522_sub_65c29c.dartpseudo	ir/00522_sub_65c29c.json	asm/00522_sub_65c29c.s
523	sub_65d27c	pseudocode/00523_sub_65d27c.dartpseudo	ir/00523_sub_65d27c.json	asm/00523_sub_65d27c.s
524	sub_65d288	pseudocode/00524_sub_65d288.dartpseudo	ir/00524_sub_65d288.json	asm/00524_sub_65d288.s
525	sub_65d2b8	pseudocode/00525_sub_65d2b8.dartpseudo	ir/00525_sub_65d2b8.json	asm/00525_sub_65d2b8.s
526	sub_65d2c4	pseudocode/00526_sub_65d2c4.dartpseudo	ir/00526_sub_65d2c4.json	asm/00526_sub_65d2c4.s
527	sub_65d2d0	pseudocode/00527_sub_65d2d0.dartpseudo	ir/00527_sub_65d2d0.json	asm/00527_sub_65d2d0.s
528	sub_65d2dc	pseudocode/00528_sub_65d2dc.dartpseudo	ir/00528_sub_65d2dc.json	asm/00528_sub_65d2dc.s
529	sub_65d2e8	pseudocode/00529_sub_65d2e8.dartpseudo	ir/00529_sub_65d2e8.json	asm/00529_sub_65d2e8.s
530	sub_65d2f4	pseudocode/00530_sub_65d2f4.dartpseudo	ir/00530_sub_65d2f4.json	asm/00530_sub_65d2f4.s
531	sub_65d300	pseudocode/00531_sub_65d300.dartpseudo	ir/00531_sub_65d300.json	asm/00531_sub_65d300.s
532	sub_65d30c	pseudocode/00532_sub_65d30c.dartpseudo	ir/00532_sub_65d30c.json	asm/00532_sub_65d30c.s
533	sub_65d318	pseudocode/00533_sub_65d318.dartpseudo	ir/00533_sub_65d318.json	asm/00533_sub_65d318.s
534	sub_65d394	pseudocode/00534_sub_65d394.dartpseudo	ir/00534_sub_65d394.json	asm/00534_sub_65d394.s
535	sub_65d3a0	pseudocode/00535_sub_65d3a0.dartpseudo	ir/00535_sub_65d3a0.json	asm/00535_sub_65d3a0.s
536	sub_65d3ac	pseudocode/00536_sub_65d3ac.dartpseudo	ir/00536_sub_65d3ac.json	asm/00536_sub_65d3ac.s
537	sub_65d3e4	pseudocode/00537_sub_65d3e4.dartpseudo	ir/00537_sub_65d3e4.json	asm/00537_sub_65d3e4.s
538	sub_65da94	pseudocode/00538_sub_65da94.dartpseudo	ir/00538_sub_65da94.json	asm/00538_sub_65da94.s
539	sub_65f614	pseudocode/00539_sub_65f614.dartpseudo	ir/00539_sub_65f614.json	asm/00539_sub_65f614.s
540	sub_65f790	pseudocode/00540_sub_65f790.dartpseudo	ir/00540_sub_65f790.json	asm/00540_sub_65f790.s
541	sub_65f8a0	pseudocode/00541_sub_65f8a0.dartpseudo	ir/00541_sub_65f8a0.json	asm/00541_sub_65f8a0.s
542	sub_65f8ec	pseudocode/00542_sub_65f8ec.dartpseudo	ir/00542_sub_65f8ec.json	asm/00542_sub_65f8ec.s
543	sub_65fb30	pseudocode/00543_sub_65fb30.dartpseudo	ir/00543_sub_65fb30.json	asm/00543_sub_65fb30.s
544	sub_65fc60	pseudocode/00544_sub_65fc60.dartpseudo	ir/00544_sub_65fc60.json	asm/00544_sub_65fc60.s
545	sub_65fe34	pseudocode/00545_sub_65fe34.dartpseudo	ir/00545_sub_65fe34.json	asm/00545_sub_65fe34.s
546	sub_660470	pseudocode/00546_sub_660470.dartpseudo	ir/00546_sub_660470.json	asm/00546_sub_660470.s
547	sub_662180	pseudocode/00547_sub_662180.dartpseudo	ir/00547_sub_662180.json	asm/00547_sub_662180.s
548	sub_662244	pseudocode/00548_sub_662244.dartpseudo	ir/00548_sub_662244.json	asm/00548_sub_662244.s
549	sub_662250	pseudocode/00549_sub_662250.dartpseudo	ir/00549_sub_662250.json	asm/00549_sub_662250.s
550	sub_662334	pseudocode/00550_sub_662334.dartpseudo	ir/00550_sub_662334.json	asm/00550_sub_662334.s
551	sub_662460	pseudocode/00551_sub_662460.dartpseudo	ir/00551_sub_662460.json	asm/00551_sub_662460.s
552	sub_6634e0	pseudocode/00552_sub_6634e0.dartpseudo	ir/00552_sub_6634e0.json	asm/00552_sub_6634e0.s
553	sub_663848	pseudocode/00553_sub_663848.dartpseudo	ir/00553_sub_663848.json	asm/00553_sub_663848.s
554	sub_6639dc	pseudocode/00554_sub_6639dc.dartpseudo	ir/00554_sub_6639dc.json	asm/00554_sub_6639dc.s
555	sub_666cfc	pseudocode/00555_sub_666cfc.dartpseudo	ir/00555_sub_666cfc.json	asm/00555_sub_666cfc.s
556	sub_666dd0	pseudocode/00556_sub_666dd0.dartpseudo	ir/00556_sub_666dd0.json	asm/00556_sub_666dd0.s
557	sub_666e1c	pseudocode/00557_sub_666e1c.dartpseudo	ir/00557_sub_666e1c.json	asm/00557_sub_666e1c.s
558	sub_6681a0	pseudocode/00558_sub_6681a0.dartpseudo	ir/00558_sub_6681a0.json	asm/00558_sub_6681a0.s
559	sub_668244	pseudocode/00559_sub_668244.dartpseudo	ir/00559_sub_668244.json	asm/00559_sub_668244.s
560	sub_668390	pseudocode/00560_sub_668390.dartpseudo	ir/00560_sub_668390.json	asm/00560_sub_668390.s
561	sub_6683e0	pseudocode/00561_sub_6683e0.dartpseudo	ir/00561_sub_6683e0.json	asm/00561_sub_6683e0.s
562	sub_66852c	pseudocode/00562_sub_66852c.dartpseudo	ir/00562_sub_66852c.json	asm/00562_sub_66852c.s
563	sub_668704	pseudocode/00563_sub_668704.dartpseudo	ir/00563_sub_668704.json	asm/00563_sub_668704.s
564	sub_668b40	pseudocode/00564_sub_668b40.dartpseudo	ir/00564_sub_668b40.json	asm/00564_sub_668b40.s
565	sub_668c1c	pseudocode/00565_sub_668c1c.dartpseudo	ir/00565_sub_668c1c.json	asm/00565_sub_668c1c.s
566	sub_668fec	pseudocode/00566_sub_668fec.dartpseudo	ir/00566_sub_668fec.json	asm/00566_sub_668fec.s
567	sub_66c314	pseudocode/00567_sub_66c314.dartpseudo	ir/00567_sub_66c314.json	asm/00567_sub_66c314.s
568	sub_66c640	pseudocode/00568_sub_66c640.dartpseudo	ir/00568_sub_66c640.json	asm/00568_sub_66c640.s
569	sub_66c82c	pseudocode/00569_sub_66c82c.dartpseudo	ir/00569_sub_66c82c.json	asm/00569_sub_66c82c.s
570	sub_66c8f0	pseudocode/00570_sub_66c8f0.dartpseudo	ir/00570_sub_66c8f0.json	asm/00570_sub_66c8f0.s
571	sub_66cc4c	pseudocode/00571_sub_66cc4c.dartpseudo	ir/00571_sub_66cc4c.json	asm/00571_sub_66cc4c.s
572	sub_66cd78	pseudocode/00572_sub_66cd78.dartpseudo	ir/00572_sub_66cd78.json	asm/00572_sub_66cd78.s
573	sub_66cd98	pseudocode/00573_sub_66cd98.dartpseudo	ir/00573_sub_66cd98.json	asm/00573_sub_66cd98.s
574	sub_66ce50	pseudocode/00574_sub_66ce50.dartpseudo	ir/00574_sub_66ce50.json	asm/00574_sub_66ce50.s
575	sub_66cef4	pseudocode/00575_sub_66cef4.dartpseudo	ir/00575_sub_66cef4.json	asm/00575_sub_66cef4.s
576	sub_66cfe8	pseudocode/00576_sub_66cfe8.dartpseudo	ir/00576_sub_66cfe8.json	asm/00576_sub_66cfe8.s
577	sub_66d040	pseudocode/00577_sub_66d040.dartpseudo	ir/00577_sub_66d040.json	asm/00577_sub_66d040.s
578	sub_66d1b8	pseudocode/00578_sub_66d1b8.dartpseudo	ir/00578_sub_66d1b8.json	asm/00578_sub_66d1b8.s
579	sub_66d2cc	pseudocode/00579_sub_66d2cc.dartpseudo	ir/00579_sub_66d2cc.json	asm/00579_sub_66d2cc.s
580	sub_66d34c	pseudocode/00580_sub_66d34c.dartpseudo	ir/00580_sub_66d34c.json	asm/00580_sub_66d34c.s
581	sub_66d4a0	pseudocode/00581_sub_66d4a0.dartpseudo	ir/00581_sub_66d4a0.json	asm/00581_sub_66d4a0.s
582	sub_66d680	pseudocode/00582_sub_66d680.dartpseudo	ir/00582_sub_66d680.json	asm/00582_sub_66d680.s
583	sub_66d74c	pseudocode/00583_sub_66d74c.dartpseudo	ir/00583_sub_66d74c.json	asm/00583_sub_66d74c.s
584	sub_66d838	pseudocode/00584_sub_66d838.dartpseudo	ir/00584_sub_66d838.json	asm/00584_sub_66d838.s
585	sub_66d94c	pseudocode/00585_sub_66d94c.dartpseudo	ir/00585_sub_66d94c.json	asm/00585_sub_66d94c.s
586	sub_66d9c8	pseudocode/00586_sub_66d9c8.dartpseudo	ir/00586_sub_66d9c8.json	asm/00586_sub_66d9c8.s
587	sub_66da50	pseudocode/00587_sub_66da50.dartpseudo	ir/00587_sub_66da50.json	asm/00587_sub_66da50.s
588	sub_66dae0	pseudocode/00588_sub_66dae0.dartpseudo	ir/00588_sub_66dae0.json	asm/00588_sub_66dae0.s
589	sub_66db24	pseudocode/00589_sub_66db24.dartpseudo	ir/00589_sub_66db24.json	asm/00589_sub_66db24.s
590	sub_66dba8	pseudocode/00590_sub_66dba8.dartpseudo	ir/00590_sub_66dba8.json	asm/00590_sub_66dba8.s
591	sub_66dd20	pseudocode/00591_sub_66dd20.dartpseudo	ir/00591_sub_66dd20.json	asm/00591_sub_66dd20.s
592	sub_66de4c	pseudocode/00592_sub_66de4c.dartpseudo	ir/00592_sub_66de4c.json	asm/00592_sub_66de4c.s
593	sub_66de58	pseudocode/00593_sub_66de58.dartpseudo	ir/00593_sub_66de58.json	asm/00593_sub_66de58.s
594	sub_66dfc4	pseudocode/00594_sub_66dfc4.dartpseudo	ir/00594_sub_66dfc4.json	asm/00594_sub_66dfc4.s
595	sub_66dfd0	pseudocode/00595_sub_66dfd0.dartpseudo	ir/00595_sub_66dfd0.json	asm/00595_sub_66dfd0.s
596	sub_66e194	pseudocode/00596_sub_66e194.dartpseudo	ir/00596_sub_66e194.json	asm/00596_sub_66e194.s
597	sub_66e1dc	pseudocode/00597_sub_66e1dc.dartpseudo	ir/00597_sub_66e1dc.json	asm/00597_sub_66e1dc.s
598	sub_66e784	pseudocode/00598_sub_66e784.dartpseudo	ir/00598_sub_66e784.json	asm/00598_sub_66e784.s
599	sub_66eb74	pseudocode/00599_sub_66eb74.dartpseudo	ir/00599_sub_66eb74.json	asm/00599_sub_66eb74.s
600	sub_66eb9c	pseudocode/00600_sub_66eb9c.dartpseudo	ir/00600_sub_66eb9c.json	asm/00600_sub_66eb9c.s
601	sub_66ebc4	pseudocode/00601_sub_66ebc4.dartpseudo	ir/00601_sub_66ebc4.json	asm/00601_sub_66ebc4.s
602	sub_66ef70	pseudocode/00602_sub_66ef70.dartpseudo	ir/00602_sub_66ef70.json	asm/00602_sub_66ef70.s
603	sub_66f018	pseudocode/00603_sub_66f018.dartpseudo	ir/00603_sub_66f018.json	asm/00603_sub_66f018.s
604	sub_66f088	pseudocode/00604_sub_66f088.dartpseudo	ir/00604_sub_66f088.json	asm/00604_sub_66f088.s
605	sub_66f120	pseudocode/00605_sub_66f120.dartpseudo	ir/00605_sub_66f120.json	asm/00605_sub_66f120.s
606	sub_66f1c0	pseudocode/00606_sub_66f1c0.dartpseudo	ir/00606_sub_66f1c0.json	asm/00606_sub_66f1c0.s
607	sub_66f50c	pseudocode/00607_sub_66f50c.dartpseudo	ir/00607_sub_66f50c.json	asm/00607_sub_66f50c.s
608	sub_66f8a0	pseudocode/00608_sub_66f8a0.dartpseudo	ir/00608_sub_66f8a0.json	asm/00608_sub_66f8a0.s
609	sub_66fa20	pseudocode/00609_sub_66fa20.dartpseudo	ir/00609_sub_66fa20.json	asm/00609_sub_66fa20.s
610	sub_66fbac	pseudocode/00610_sub_66fbac.dartpseudo	ir/00610_sub_66fbac.json	asm/00610_sub_66fbac.s
611	sub_66fe14	pseudocode/00611_sub_66fe14.dartpseudo	ir/00611_sub_66fe14.json	asm/00611_sub_66fe14.s
612	sub_670014	pseudocode/00612_sub_670014.dartpseudo	ir/00612_sub_670014.json	asm/00612_sub_670014.s
613	sub_6700a8	pseudocode/00613_sub_6700a8.dartpseudo	ir/00613_sub_6700a8.json	asm/00613_sub_6700a8.s
614	sub_67034c	pseudocode/00614_sub_67034c.dartpseudo	ir/00614_sub_67034c.json	asm/00614_sub_67034c.s
615	sub_6703c8	pseudocode/00615_sub_6703c8.dartpseudo	ir/00615_sub_6703c8.json	asm/00615_sub_6703c8.s
616	sub_6703d4	pseudocode/00616_sub_6703d4.dartpseudo	ir/00616_sub_6703d4.json	asm/00616_sub_6703d4.s
617	sub_670484	pseudocode/00617_sub_670484.dartpseudo	ir/00617_sub_670484.json	asm/00617_sub_670484.s
618	sub_6704c8	pseudocode/00618_sub_6704c8.dartpseudo	ir/00618_sub_6704c8.json	asm/00618_sub_6704c8.s
619	sub_670650	pseudocode/00619_sub_670650.dartpseudo	ir/00619_sub_670650.json	asm/00619_sub_670650.s
620	sub_670878	pseudocode/00620_sub_670878.dartpseudo	ir/00620_sub_670878.json	asm/00620_sub_670878.s
621	sub_6709c4	pseudocode/00621_sub_6709c4.dartpseudo	ir/00621_sub_6709c4.json	asm/00621_sub_6709c4.s
622	sub_670a78	pseudocode/00622_sub_670a78.dartpseudo	ir/00622_sub_670a78.json	asm/00622_sub_670a78.s
623	sub_670b00	pseudocode/00623_sub_670b00.dartpseudo	ir/00623_sub_670b00.json	asm/00623_sub_670b00.s
624	sub_670bc8	pseudocode/00624_sub_670bc8.dartpseudo	ir/00624_sub_670bc8.json	asm/00624_sub_670bc8.s
625	sub_670c34	pseudocode/00625_sub_670c34.dartpseudo	ir/00625_sub_670c34.json	asm/00625_sub_670c34.s
626	sub_670ca4	pseudocode/00626_sub_670ca4.dartpseudo	ir/00626_sub_670ca4.json	asm/00626_sub_670ca4.s
627	sub_670e24	pseudocode/00627_sub_670e24.dartpseudo	ir/00627_sub_670e24.json	asm/00627_sub_670e24.s
628	sub_670eb8	pseudocode/00628_sub_670eb8.dartpseudo	ir/00628_sub_670eb8.json	asm/00628_sub_670eb8.s
629	sub_670f24	pseudocode/00629_sub_670f24.dartpseudo	ir/00629_sub_670f24.json	asm/00629_sub_670f24.s
630	sub_671138	pseudocode/00630_sub_671138.dartpseudo	ir/00630_sub_671138.json	asm/00630_sub_671138.s
631	sub_6711cc	pseudocode/00631_sub_6711cc.dartpseudo	ir/00631_sub_6711cc.json	asm/00631_sub_6711cc.s
632	sub_671adc	pseudocode/00632_sub_671adc.dartpseudo	ir/00632_sub_671adc.json	asm/00632_sub_671adc.s
633	sub_671c80	pseudocode/00633_sub_671c80.dartpseudo	ir/00633_sub_671c80.json	asm/00633_sub_671c80.s
634	sub_671e78	pseudocode/00634_sub_671e78.dartpseudo	ir/00634_sub_671e78.json	asm/00634_sub_671e78.s
635	sub_671ef8	pseudocode/00635_sub_671ef8.dartpseudo	ir/00635_sub_671ef8.json	asm/00635_sub_671ef8.s
636	sub_671f44	pseudocode/00636_sub_671f44.dartpseudo	ir/00636_sub_671f44.json	asm/00636_sub_671f44.s
637	sub_671fac	pseudocode/00637_sub_671fac.dartpseudo	ir/00637_sub_671fac.json	asm/00637_sub_671fac.s
638	sub_67201c	pseudocode/00638_sub_67201c.dartpseudo	ir/00638_sub_67201c.json	asm/00638_sub_67201c.s
639	sub_672308	pseudocode/00639_sub_672308.dartpseudo	ir/00639_sub_672308.json	asm/00639_sub_672308.s
640	sub_672570	pseudocode/00640_sub_672570.dartpseudo	ir/00640_sub_672570.json	asm/00640_sub_672570.s
641	sub_672630	pseudocode/00641_sub_672630.dartpseudo	ir/00641_sub_672630.json	asm/00641_sub_672630.s
642	sub_672700	pseudocode/00642_sub_672700.dartpseudo	ir/00642_sub_672700.json	asm/00642_sub_672700.s
643	sub_672e18	pseudocode/00643_sub_672e18.dartpseudo	ir/00643_sub_672e18.json	asm/00643_sub_672e18.s
644	sub_672ea4	pseudocode/00644_sub_672ea4.dartpseudo	ir/00644_sub_672ea4.json	asm/00644_sub_672ea4.s
645	sub_672f28	pseudocode/00645_sub_672f28.dartpseudo	ir/00645_sub_672f28.json	asm/00645_sub_672f28.s
646	sub_67307c	pseudocode/00646_sub_67307c.dartpseudo	ir/00646_sub_67307c.json	asm/00646_sub_67307c.s
647	sub_673198	pseudocode/00647_sub_673198.dartpseudo	ir/00647_sub_673198.json	asm/00647_sub_673198.s
648	sub_673298	pseudocode/00648_sub_673298.dartpseudo	ir/00648_sub_673298.json	asm/00648_sub_673298.s
649	sub_673414	pseudocode/00649_sub_673414.dartpseudo	ir/00649_sub_673414.json	asm/00649_sub_673414.s
650	sub_673518	pseudocode/00650_sub_673518.dartpseudo	ir/00650_sub_673518.json	asm/00650_sub_673518.s
651	sub_673a34	pseudocode/00651_sub_673a34.dartpseudo	ir/00651_sub_673a34.json	asm/00651_sub_673a34.s
652	sub_673cd4	pseudocode/00652_sub_673cd4.dartpseudo	ir/00652_sub_673cd4.json	asm/00652_sub_673cd4.s
653	sub_673fec	pseudocode/00653_sub_673fec.dartpseudo	ir/00653_sub_673fec.json	asm/00653_sub_673fec.s
654	sub_674634	pseudocode/00654_sub_674634.dartpseudo	ir/00654_sub_674634.json	asm/00654_sub_674634.s
655	sub_6748c4	pseudocode/00655_sub_6748c4.dartpseudo	ir/00655_sub_6748c4.json	asm/00655_sub_6748c4.s
656	sub_674bb4	pseudocode/00656_sub_674bb4.dartpseudo	ir/00656_sub_674bb4.json	asm/00656_sub_674bb4.s
657	sub_674c34	pseudocode/00657_sub_674c34.dartpseudo	ir/00657_sub_674c34.json	asm/00657_sub_674c34.s
658	sub_674c9c	pseudocode/00658_sub_674c9c.dartpseudo	ir/00658_sub_674c9c.json	asm/00658_sub_674c9c.s
659	sub_674d2c	pseudocode/00659_sub_674d2c.dartpseudo	ir/00659_sub_674d2c.json	asm/00659_sub_674d2c.s
660	sub_674d98	pseudocode/00660_sub_674d98.dartpseudo	ir/00660_sub_674d98.json	asm/00660_sub_674d98.s
661	sub_674f40	pseudocode/00661_sub_674f40.dartpseudo	ir/00661_sub_674f40.json	asm/00661_sub_674f40.s
662	sub_675090	pseudocode/00662_sub_675090.dartpseudo	ir/00662_sub_675090.json	asm/00662_sub_675090.s
663	sub_6750bc	pseudocode/00663_sub_6750bc.dartpseudo	ir/00663_sub_6750bc.json	asm/00663_sub_6750bc.s
664	sub_67524c	pseudocode/00664_sub_67524c.dartpseudo	ir/00664_sub_67524c.json	asm/00664_sub_67524c.s
665	sub_6753f8	pseudocode/00665_sub_6753f8.dartpseudo	ir/00665_sub_6753f8.json	asm/00665_sub_6753f8.s
666	sub_67567c	pseudocode/00666_sub_67567c.dartpseudo	ir/00666_sub_67567c.json	asm/00666_sub_67567c.s
667	sub_675760	pseudocode/00667_sub_675760.dartpseudo	ir/00667_sub_675760.json	asm/00667_sub_675760.s
668	sub_6757dc	pseudocode/00668_sub_6757dc.dartpseudo	ir/00668_sub_6757dc.json	asm/00668_sub_6757dc.s
669	sub_675804	pseudocode/00669_sub_675804.dartpseudo	ir/00669_sub_675804.json	asm/00669_sub_675804.s
670	sub_675950	pseudocode/00670_sub_675950.dartpseudo	ir/00670_sub_675950.json	asm/00670_sub_675950.s
671	sub_67595c	pseudocode/00671_sub_67595c.dartpseudo	ir/00671_sub_67595c.json	asm/00671_sub_67595c.s
672	sub_675c14	pseudocode/00672_sub_675c14.dartpseudo	ir/00672_sub_675c14.json	asm/00672_sub_675c14.s
673	sub_675cd4	pseudocode/00673_sub_675cd4.dartpseudo	ir/00673_sub_675cd4.json	asm/00673_sub_675cd4.s
674	sub_6764d0	pseudocode/00674_sub_6764d0.dartpseudo	ir/00674_sub_6764d0.json	asm/00674_sub_6764d0.s
675	sub_677ba0	pseudocode/00675_sub_677ba0.dartpseudo	ir/00675_sub_677ba0.json	asm/00675_sub_677ba0.s
676	sub_677e54	pseudocode/00676_sub_677e54.dartpseudo	ir/00676_sub_677e54.json	asm/00676_sub_677e54.s
677	sub_677ea8	pseudocode/00677_sub_677ea8.dartpseudo	ir/00677_sub_677ea8.json	asm/00677_sub_677ea8.s
678	sub_677f40	pseudocode/00678_sub_677f40.dartpseudo	ir/00678_sub_677f40.json	asm/00678_sub_677f40.s
679	sub_677fd4	pseudocode/00679_sub_677fd4.dartpseudo	ir/00679_sub_677fd4.json	asm/00679_sub_677fd4.s
680	sub_678174	pseudocode/00680_sub_678174.dartpseudo	ir/00680_sub_678174.json	asm/00680_sub_678174.s
681	sub_678288	pseudocode/00681_sub_678288.dartpseudo	ir/00681_sub_678288.json	asm/00681_sub_678288.s
682	sub_678430	pseudocode/00682_sub_678430.dartpseudo	ir/00682_sub_678430.json	asm/00682_sub_678430.s
683	sub_678744	pseudocode/00683_sub_678744.dartpseudo	ir/00683_sub_678744.json	asm/00683_sub_678744.s
684	sub_678bb0	pseudocode/00684_sub_678bb0.dartpseudo	ir/00684_sub_678bb0.json	asm/00684_sub_678bb0.s
685	sub_678f98	pseudocode/00685_sub_678f98.dartpseudo	ir/00685_sub_678f98.json	asm/00685_sub_678f98.s
686	sub_679ad0	pseudocode/00686_sub_679ad0.dartpseudo	ir/00686_sub_679ad0.json	asm/00686_sub_679ad0.s
687	sub_679b00	pseudocode/00687_sub_679b00.dartpseudo	ir/00687_sub_679b00.json	asm/00687_sub_679b00.s
688	sub_679bc8	pseudocode/00688_sub_679bc8.dartpseudo	ir/00688_sub_679bc8.json	asm/00688_sub_679bc8.s
689	sub_679bd4	pseudocode/00689_sub_679bd4.dartpseudo	ir/00689_sub_679bd4.json	asm/00689_sub_679bd4.s
690	sub_679c08	pseudocode/00690_sub_679c08.dartpseudo	ir/00690_sub_679c08.json	asm/00690_sub_679c08.s
691	sub_67b068	pseudocode/00691_sub_67b068.dartpseudo	ir/00691_sub_67b068.json	asm/00691_sub_67b068.s
692	sub_67b344	pseudocode/00692_sub_67b344.dartpseudo	ir/00692_sub_67b344.json	asm/00692_sub_67b344.s
693	sub_67b3ac	pseudocode/00693_sub_67b3ac.dartpseudo	ir/00693_sub_67b3ac.json	asm/00693_sub_67b3ac.s
694	sub_67b518	pseudocode/00694_sub_67b518.dartpseudo	ir/00694_sub_67b518.json	asm/00694_sub_67b518.s
695	sub_67b5f4	pseudocode/00695_sub_67b5f4.dartpseudo	ir/00695_sub_67b5f4.json	asm/00695_sub_67b5f4.s
696	sub_67b6ec	pseudocode/00696_sub_67b6ec.dartpseudo	ir/00696_sub_67b6ec.json	asm/00696_sub_67b6ec.s
697	sub_67b7cc	pseudocode/00697_sub_67b7cc.dartpseudo	ir/00697_sub_67b7cc.json	asm/00697_sub_67b7cc.s
698	sub_67ba48	pseudocode/00698_sub_67ba48.dartpseudo	ir/00698_sub_67ba48.json	asm/00698_sub_67ba48.s
699	sub_67ba54	pseudocode/00699_sub_67ba54.dartpseudo	ir/00699_sub_67ba54.json	asm/00699_sub_67ba54.s
700	sub_67bddc	pseudocode/00700_sub_67bddc.dartpseudo	ir/00700_sub_67bddc.json	asm/00700_sub_67bddc.s
701	sub_67bf20	pseudocode/00701_sub_67bf20.dartpseudo	ir/00701_sub_67bf20.json	asm/00701_sub_67bf20.s
702	sub_67bfc8	pseudocode/00702_sub_67bfc8.dartpseudo	ir/00702_sub_67bfc8.json	asm/00702_sub_67bfc8.s
703	sub_67c108	pseudocode/00703_sub_67c108.dartpseudo	ir/00703_sub_67c108.json	asm/00703_sub_67c108.s
704	sub_67c140	pseudocode/00704_sub_67c140.dartpseudo	ir/00704_sub_67c140.json	asm/00704_sub_67c140.s
705	sub_67c1bc	pseudocode/00705_sub_67c1bc.dartpseudo	ir/00705_sub_67c1bc.json	asm/00705_sub_67c1bc.s
706	sub_67c244	pseudocode/00706_sub_67c244.dartpseudo	ir/00706_sub_67c244.json	asm/00706_sub_67c244.s
707	sub_67c37c	pseudocode/00707_sub_67c37c.dartpseudo	ir/00707_sub_67c37c.json	asm/00707_sub_67c37c.s
708	sub_67ca30	pseudocode/00708_sub_67ca30.dartpseudo	ir/00708_sub_67ca30.json	asm/00708_sub_67ca30.s
709	sub_67cb2c	pseudocode/00709_sub_67cb2c.dartpseudo	ir/00709_sub_67cb2c.json	asm/00709_sub_67cb2c.s
710	sub_67ccc0	pseudocode/00710_sub_67ccc0.dartpseudo	ir/00710_sub_67ccc0.json	asm/00710_sub_67ccc0.s
711	sub_67cdf8	pseudocode/00711_sub_67cdf8.dartpseudo	ir/00711_sub_67cdf8.json	asm/00711_sub_67cdf8.s
712	sub_67ce04	pseudocode/00712_sub_67ce04.dartpseudo	ir/00712_sub_67ce04.json	asm/00712_sub_67ce04.s
713	sub_67ce54	pseudocode/00713_sub_67ce54.dartpseudo	ir/00713_sub_67ce54.json	asm/00713_sub_67ce54.s
714	sub_67d4dc	pseudocode/00714_sub_67d4dc.dartpseudo	ir/00714_sub_67d4dc.json	asm/00714_sub_67d4dc.s
715	sub_67d5a8	pseudocode/00715_sub_67d5a8.dartpseudo	ir/00715_sub_67d5a8.json	asm/00715_sub_67d5a8.s
716	sub_67d74c	pseudocode/00716_sub_67d74c.dartpseudo	ir/00716_sub_67d74c.json	asm/00716_sub_67d74c.s
717	sub_67d7f4	pseudocode/00717_sub_67d7f4.dartpseudo	ir/00717_sub_67d7f4.json	asm/00717_sub_67d7f4.s
718	sub_67db34	pseudocode/00718_sub_67db34.dartpseudo	ir/00718_sub_67db34.json	asm/00718_sub_67db34.s
719	sub_67db8c	pseudocode/00719_sub_67db8c.dartpseudo	ir/00719_sub_67db8c.json	asm/00719_sub_67db8c.s
720	sub_67dda0	pseudocode/00720_sub_67dda0.dartpseudo	ir/00720_sub_67dda0.json	asm/00720_sub_67dda0.s
721	sub_67df10	pseudocode/00721_sub_67df10.dartpseudo	ir/00721_sub_67df10.json	asm/00721_sub_67df10.s
722	sub_67df9c	pseudocode/00722_sub_67df9c.dartpseudo	ir/00722_sub_67df9c.json	asm/00722_sub_67df9c.s
723	sub_67e504	pseudocode/00723_sub_67e504.dartpseudo	ir/00723_sub_67e504.json	asm/00723_sub_67e504.s
724	sub_67e90c	pseudocode/00724_sub_67e90c.dartpseudo	ir/00724_sub_67e90c.json	asm/00724_sub_67e90c.s
725	sub_67f00c	pseudocode/00725_sub_67f00c.dartpseudo	ir/00725_sub_67f00c.json	asm/00725_sub_67f00c.s
726	sub_67f1a8	pseudocode/00726_sub_67f1a8.dartpseudo	ir/00726_sub_67f1a8.json	asm/00726_sub_67f1a8.s
727	sub_67f1b4	pseudocode/00727_sub_67f1b4.dartpseudo	ir/00727_sub_67f1b4.json	asm/00727_sub_67f1b4.s
728	sub_67f4e0	pseudocode/00728_sub_67f4e0.dartpseudo	ir/00728_sub_67f4e0.json	asm/00728_sub_67f4e0.s
729	sub_67f4ec	pseudocode/00729_sub_67f4ec.dartpseudo	ir/00729_sub_67f4ec.json	asm/00729_sub_67f4ec.s
730	sub_67f504	pseudocode/00730_sub_67f504.dartpseudo	ir/00730_sub_67f504.json	asm/00730_sub_67f504.s
731	sub_67f510	pseudocode/00731_sub_67f510.dartpseudo	ir/00731_sub_67f510.json	asm/00731_sub_67f510.s
732	sub_67fcdc	pseudocode/00732_sub_67fcdc.dartpseudo	ir/00732_sub_67fcdc.json	asm/00732_sub_67fcdc.s
733	sub_67ff58	pseudocode/00733_sub_67ff58.dartpseudo	ir/00733_sub_67ff58.json	asm/00733_sub_67ff58.s
734	sub_6801bc	pseudocode/00734_sub_6801bc.dartpseudo	ir/00734_sub_6801bc.json	asm/00734_sub_6801bc.s
735	sub_6803a0	pseudocode/00735_sub_6803a0.dartpseudo	ir/00735_sub_6803a0.json	asm/00735_sub_6803a0.s
736	sub_680478	pseudocode/00736_sub_680478.dartpseudo	ir/00736_sub_680478.json	asm/00736_sub_680478.s
737	sub_6806e4	pseudocode/00737_sub_6806e4.dartpseudo	ir/00737_sub_6806e4.json	asm/00737_sub_6806e4.s
738	sub_680830	pseudocode/00738_sub_680830.dartpseudo	ir/00738_sub_680830.json	asm/00738_sub_680830.s
739	sub_680b04	pseudocode/00739_sub_680b04.dartpseudo	ir/00739_sub_680b04.json	asm/00739_sub_680b04.s
740	sub_680f58	pseudocode/00740_sub_680f58.dartpseudo	ir/00740_sub_680f58.json	asm/00740_sub_680f58.s
741	sub_681038	pseudocode/00741_sub_681038.dartpseudo	ir/00741_sub_681038.json	asm/00741_sub_681038.s
742	sub_681074	pseudocode/00742_sub_681074.dartpseudo	ir/00742_sub_681074.json	asm/00742_sub_681074.s
743	sub_6810e4	pseudocode/00743_sub_6810e4.dartpseudo	ir/00743_sub_6810e4.json	asm/00743_sub_6810e4.s
744	sub_681750	pseudocode/00744_sub_681750.dartpseudo	ir/00744_sub_681750.json	asm/00744_sub_681750.s
745	sub_681904	pseudocode/00745_sub_681904.dartpseudo	ir/00745_sub_681904.json	asm/00745_sub_681904.s
746	sub_681c6c	pseudocode/00746_sub_681c6c.dartpseudo	ir/00746_sub_681c6c.json	asm/00746_sub_681c6c.s
747	sub_681d94	pseudocode/00747_sub_681d94.dartpseudo	ir/00747_sub_681d94.json	asm/00747_sub_681d94.s
748	sub_681ecc	pseudocode/00748_sub_681ecc.dartpseudo	ir/00748_sub_681ecc.json	asm/00748_sub_681ecc.s
749	sub_6831c8	pseudocode/00749_sub_6831c8.dartpseudo	ir/00749_sub_6831c8.json	asm/00749_sub_6831c8.s
750	sub_6832bc	pseudocode/00750_sub_6832bc.dartpseudo	ir/00750_sub_6832bc.json	asm/00750_sub_6832bc.s
751	sub_6833ac	pseudocode/00751_sub_6833ac.dartpseudo	ir/00751_sub_6833ac.json	asm/00751_sub_6833ac.s
752	sub_683e34	pseudocode/00752_sub_683e34.dartpseudo	ir/00752_sub_683e34.json	asm/00752_sub_683e34.s
753	sub_683f04	pseudocode/00753_sub_683f04.dartpseudo	ir/00753_sub_683f04.json	asm/00753_sub_683f04.s
754	sub_683f3c	pseudocode/00754_sub_683f3c.dartpseudo	ir/00754_sub_683f3c.json	asm/00754_sub_683f3c.s
755	sub_68400c	pseudocode/00755_sub_68400c.dartpseudo	ir/00755_sub_68400c.json	asm/00755_sub_68400c.s
756	sub_684708	pseudocode/00756_sub_684708.dartpseudo	ir/00756_sub_684708.json	asm/00756_sub_684708.s
757	sub_684904	pseudocode/00757_sub_684904.dartpseudo	ir/00757_sub_684904.json	asm/00757_sub_684904.s
758	sub_684be4	pseudocode/00758_sub_684be4.dartpseudo	ir/00758_sub_684be4.json	asm/00758_sub_684be4.s
759	sub_684d58	pseudocode/00759_sub_684d58.dartpseudo	ir/00759_sub_684d58.json	asm/00759_sub_684d58.s
760	sub_684e8c	pseudocode/00760_sub_684e8c.dartpseudo	ir/00760_sub_684e8c.json	asm/00760_sub_684e8c.s
761	sub_684fc4	pseudocode/00761_sub_684fc4.dartpseudo	ir/00761_sub_684fc4.json	asm/00761_sub_684fc4.s
762	sub_685094	pseudocode/00762_sub_685094.dartpseudo	ir/00762_sub_685094.json	asm/00762_sub_685094.s
763	sub_685764	pseudocode/00763_sub_685764.dartpseudo	ir/00763_sub_685764.json	asm/00763_sub_685764.s
764	sub_685798	pseudocode/00764_sub_685798.dartpseudo	ir/00764_sub_685798.json	asm/00764_sub_685798.s
765	sub_6864a8	pseudocode/00765_sub_6864a8.dartpseudo	ir/00765_sub_6864a8.json	asm/00765_sub_6864a8.s
766	sub_6864b4	pseudocode/00766_sub_6864b4.dartpseudo	ir/00766_sub_6864b4.json	asm/00766_sub_6864b4.s
767	sub_686630	pseudocode/00767_sub_686630.dartpseudo	ir/00767_sub_686630.json	asm/00767_sub_686630.s
768	sub_686c6c	pseudocode/00768_sub_686c6c.dartpseudo	ir/00768_sub_686c6c.json	asm/00768_sub_686c6c.s
769	sub_68801c	pseudocode/00769_sub_68801c.dartpseudo	ir/00769_sub_68801c.json	asm/00769_sub_68801c.s
770	sub_688358	pseudocode/00770_sub_688358.dartpseudo	ir/00770_sub_688358.json	asm/00770_sub_688358.s
771	sub_688bac	pseudocode/00771_sub_688bac.dartpseudo	ir/00771_sub_688bac.json	asm/00771_sub_688bac.s
772	sub_688e08	pseudocode/00772_sub_688e08.dartpseudo	ir/00772_sub_688e08.json	asm/00772_sub_688e08.s
773	sub_688f34	pseudocode/00773_sub_688f34.dartpseudo	ir/00773_sub_688f34.json	asm/00773_sub_688f34.s
774	sub_688f94	pseudocode/00774_sub_688f94.dartpseudo	ir/00774_sub_688f94.json	asm/00774_sub_688f94.s
775	sub_689110	pseudocode/00775_sub_689110.dartpseudo	ir/00775_sub_689110.json	asm/00775_sub_689110.s
776	sub_6893ac	pseudocode/00776_sub_6893ac.dartpseudo	ir/00776_sub_6893ac.json	asm/00776_sub_6893ac.s
777	sub_68997c	pseudocode/00777_sub_68997c.dartpseudo	ir/00777_sub_68997c.json	asm/00777_sub_68997c.s
778	sub_6899f8	pseudocode/00778_sub_6899f8.dartpseudo	ir/00778_sub_6899f8.json	asm/00778_sub_6899f8.s
779	sub_689ca4	pseudocode/00779_sub_689ca4.dartpseudo	ir/00779_sub_689ca4.json	asm/00779_sub_689ca4.s
780	sub_689e78	pseudocode/00780_sub_689e78.dartpseudo	ir/00780_sub_689e78.json	asm/00780_sub_689e78.s
781	sub_68a0a8	pseudocode/00781_sub_68a0a8.dartpseudo	ir/00781_sub_68a0a8.json	asm/00781_sub_68a0a8.s
782	sub_68a0ec	pseudocode/00782_sub_68a0ec.dartpseudo	ir/00782_sub_68a0ec.json	asm/00782_sub_68a0ec.s
783	sub_68a1f0	pseudocode/00783_sub_68a1f0.dartpseudo	ir/00783_sub_68a1f0.json	asm/00783_sub_68a1f0.s
784	sub_68a388	pseudocode/00784_sub_68a388.dartpseudo	ir/00784_sub_68a388.json	asm/00784_sub_68a388.s
785	sub_68a41c	pseudocode/00785_sub_68a41c.dartpseudo	ir/00785_sub_68a41c.json	asm/00785_sub_68a41c.s
786	sub_68a460	pseudocode/00786_sub_68a460.dartpseudo	ir/00786_sub_68a460.json	asm/00786_sub_68a460.s
787	sub_68a50c	pseudocode/00787_sub_68a50c.dartpseudo	ir/00787_sub_68a50c.json	asm/00787_sub_68a50c.s
788	sub_68a67c	pseudocode/00788_sub_68a67c.dartpseudo	ir/00788_sub_68a67c.json	asm/00788_sub_68a67c.s
789	sub_68a6f8	pseudocode/00789_sub_68a6f8.dartpseudo	ir/00789_sub_68a6f8.json	asm/00789_sub_68a6f8.s
790	sub_68a9e8	pseudocode/00790_sub_68a9e8.dartpseudo	ir/00790_sub_68a9e8.json	asm/00790_sub_68a9e8.s
791	sub_68ac60	pseudocode/00791_sub_68ac60.dartpseudo	ir/00791_sub_68ac60.json	asm/00791_sub_68ac60.s
792	sub_68ada4	pseudocode/00792_sub_68ada4.dartpseudo	ir/00792_sub_68ada4.json	asm/00792_sub_68ada4.s
793	sub_68af84	pseudocode/00793_sub_68af84.dartpseudo	ir/00793_sub_68af84.json	asm/00793_sub_68af84.s
794	sub_68b064	pseudocode/00794_sub_68b064.dartpseudo	ir/00794_sub_68b064.json	asm/00794_sub_68b064.s
795	sub_68b144	pseudocode/00795_sub_68b144.dartpseudo	ir/00795_sub_68b144.json	asm/00795_sub_68b144.s
796	sub_68b340	pseudocode/00796_sub_68b340.dartpseudo	ir/00796_sub_68b340.json	asm/00796_sub_68b340.s
797	sub_68b34c	pseudocode/00797_sub_68b34c.dartpseudo	ir/00797_sub_68b34c.json	asm/00797_sub_68b34c.s
798	sub_68b444	pseudocode/00798_sub_68b444.dartpseudo	ir/00798_sub_68b444.json	asm/00798_sub_68b444.s
799	sub_68b63c	pseudocode/00799_sub_68b63c.dartpseudo	ir/00799_sub_68b63c.json	asm/00799_sub_68b63c.s
800	sub_68b648	pseudocode/00800_sub_68b648.dartpseudo	ir/00800_sub_68b648.json	asm/00800_sub_68b648.s
801	sub_68b894	pseudocode/00801_sub_68b894.dartpseudo	ir/00801_sub_68b894.json	asm/00801_sub_68b894.s
802	sub_68b8a0	pseudocode/00802_sub_68b8a0.dartpseudo	ir/00802_sub_68b8a0.json	asm/00802_sub_68b8a0.s
803	sub_68bb54	pseudocode/00803_sub_68bb54.dartpseudo	ir/00803_sub_68bb54.json	asm/00803_sub_68bb54.s
804	sub_68bb60	pseudocode/00804_sub_68bb60.dartpseudo	ir/00804_sub_68bb60.json	asm/00804_sub_68bb60.s
805	sub_68bb80	pseudocode/00805_sub_68bb80.dartpseudo	ir/00805_sub_68bb80.json	asm/00805_sub_68bb80.s
806	sub_68c1f0	pseudocode/00806_sub_68c1f0.dartpseudo	ir/00806_sub_68c1f0.json	asm/00806_sub_68c1f0.s
807	sub_68c2f8	pseudocode/00807_sub_68c2f8.dartpseudo	ir/00807_sub_68c2f8.json	asm/00807_sub_68c2f8.s
808	sub_68c408	pseudocode/00808_sub_68c408.dartpseudo	ir/00808_sub_68c408.json	asm/00808_sub_68c408.s
809	sub_68c498	pseudocode/00809_sub_68c498.dartpseudo	ir/00809_sub_68c498.json	asm/00809_sub_68c498.s
810	sub_68c6f0	pseudocode/00810_sub_68c6f0.dartpseudo	ir/00810_sub_68c6f0.json	asm/00810_sub_68c6f0.s
811	sub_68c6fc	pseudocode/00811_sub_68c6fc.dartpseudo	ir/00811_sub_68c6fc.json	asm/00811_sub_68c6fc.s
812	sub_68c8c8	pseudocode/00812_sub_68c8c8.dartpseudo	ir/00812_sub_68c8c8.json	asm/00812_sub_68c8c8.s
813	sub_68d49c	pseudocode/00813_sub_68d49c.dartpseudo	ir/00813_sub_68d49c.json	asm/00813_sub_68d49c.s
814	sub_68d640	pseudocode/00814_sub_68d640.dartpseudo	ir/00814_sub_68d640.json	asm/00814_sub_68d640.s
815	sub_68d928	pseudocode/00815_sub_68d928.dartpseudo	ir/00815_sub_68d928.json	asm/00815_sub_68d928.s
816	sub_68dab8	pseudocode/00816_sub_68dab8.dartpseudo	ir/00816_sub_68dab8.json	asm/00816_sub_68dab8.s
817	sub_68e17c	pseudocode/00817_sub_68e17c.dartpseudo	ir/00817_sub_68e17c.json	asm/00817_sub_68e17c.s
818	sub_68e1d0	pseudocode/00818_sub_68e1d0.dartpseudo	ir/00818_sub_68e1d0.json	asm/00818_sub_68e1d0.s
819	sub_68e260	pseudocode/00819_sub_68e260.dartpseudo	ir/00819_sub_68e260.json	asm/00819_sub_68e260.s
820	sub_68e33c	pseudocode/00820_sub_68e33c.dartpseudo	ir/00820_sub_68e33c.json	asm/00820_sub_68e33c.s
821	sub_68e5f4	pseudocode/00821_sub_68e5f4.dartpseudo	ir/00821_sub_68e5f4.json	asm/00821_sub_68e5f4.s
822	sub_68e600	pseudocode/00822_sub_68e600.dartpseudo	ir/00822_sub_68e600.json	asm/00822_sub_68e600.s
823	sub_68ef58	pseudocode/00823_sub_68ef58.dartpseudo	ir/00823_sub_68ef58.json	asm/00823_sub_68ef58.s
824	sub_68f38c	pseudocode/00824_sub_68f38c.dartpseudo	ir/00824_sub_68f38c.json	asm/00824_sub_68f38c.s
825	sub_690030	pseudocode/00825_sub_690030.dartpseudo	ir/00825_sub_690030.json	asm/00825_sub_690030.s
826	sub_6902c0	pseudocode/00826_sub_6902c0.dartpseudo	ir/00826_sub_6902c0.json	asm/00826_sub_6902c0.s
827	sub_6907c0	pseudocode/00827_sub_6907c0.dartpseudo	ir/00827_sub_6907c0.json	asm/00827_sub_6907c0.s
828	sub_690894	pseudocode/00828_sub_690894.dartpseudo	ir/00828_sub_690894.json	asm/00828_sub_690894.s
829	sub_691188	pseudocode/00829_sub_691188.dartpseudo	ir/00829_sub_691188.json	asm/00829_sub_691188.s
830	sub_6912a4	pseudocode/00830_sub_6912a4.dartpseudo	ir/00830_sub_6912a4.json	asm/00830_sub_6912a4.s
831	sub_6914a0	pseudocode/00831_sub_6914a0.dartpseudo	ir/00831_sub_6914a0.json	asm/00831_sub_6914a0.s
832	sub_69188c	pseudocode/00832_sub_69188c.dartpseudo	ir/00832_sub_69188c.json	asm/00832_sub_69188c.s
833	sub_691904	pseudocode/00833_sub_691904.dartpseudo	ir/00833_sub_691904.json	asm/00833_sub_691904.s
834	sub_6919b8	pseudocode/00834_sub_6919b8.dartpseudo	ir/00834_sub_6919b8.json	asm/00834_sub_6919b8.s
835	sub_6923cc	pseudocode/00835_sub_6923cc.dartpseudo	ir/00835_sub_6923cc.json	asm/00835_sub_6923cc.s
836	sub_6923d8	pseudocode/00836_sub_6923d8.dartpseudo	ir/00836_sub_6923d8.json	asm/00836_sub_6923d8.s
837	sub_6924e8	pseudocode/00837_sub_6924e8.dartpseudo	ir/00837_sub_6924e8.json	asm/00837_sub_6924e8.s
838	sub_692b40	pseudocode/00838_sub_692b40.dartpseudo	ir/00838_sub_692b40.json	asm/00838_sub_692b40.s
839	sub_692bfc	pseudocode/00839_sub_692bfc.dartpseudo	ir/00839_sub_692bfc.json	asm/00839_sub_692bfc.s
840	sub_692e04	pseudocode/00840_sub_692e04.dartpseudo	ir/00840_sub_692e04.json	asm/00840_sub_692e04.s
841	sub_692ef4	pseudocode/00841_sub_692ef4.dartpseudo	ir/00841_sub_692ef4.json	asm/00841_sub_692ef4.s
842	sub_693758	pseudocode/00842_sub_693758.dartpseudo	ir/00842_sub_693758.json	asm/00842_sub_693758.s
843	sub_693e04	pseudocode/00843_sub_693e04.dartpseudo	ir/00843_sub_693e04.json	asm/00843_sub_693e04.s
844	sub_6942d0	pseudocode/00844_sub_6942d0.dartpseudo	ir/00844_sub_6942d0.json	asm/00844_sub_6942d0.s
845	sub_694774	pseudocode/00845_sub_694774.dartpseudo	ir/00845_sub_694774.json	asm/00845_sub_694774.s
846	sub_695590	pseudocode/00846_sub_695590.dartpseudo	ir/00846_sub_695590.json	asm/00846_sub_695590.s
847	sub_6955f8	pseudocode/00847_sub_6955f8.dartpseudo	ir/00847_sub_6955f8.json	asm/00847_sub_6955f8.s
848	sub_695904	pseudocode/00848_sub_695904.dartpseudo	ir/00848_sub_695904.json	asm/00848_sub_695904.s
849	sub_695a1c	pseudocode/00849_sub_695a1c.dartpseudo	ir/00849_sub_695a1c.json	asm/00849_sub_695a1c.s
850	sub_695d58	pseudocode/00850_sub_695d58.dartpseudo	ir/00850_sub_695d58.json	asm/00850_sub_695d58.s
851	sub_695e54	pseudocode/00851_sub_695e54.dartpseudo	ir/00851_sub_695e54.json	asm/00851_sub_695e54.s
852	sub_695e7c	pseudocode/00852_sub_695e7c.dartpseudo	ir/00852_sub_695e7c.json	asm/00852_sub_695e7c.s
853	sub_695eac	pseudocode/00853_sub_695eac.dartpseudo	ir/00853_sub_695eac.json	asm/00853_sub_695eac.s
854	sub_695ff8	pseudocode/00854_sub_695ff8.dartpseudo	ir/00854_sub_695ff8.json	asm/00854_sub_695ff8.s
855	sub_6961cc	pseudocode/00855_sub_6961cc.dartpseudo	ir/00855_sub_6961cc.json	asm/00855_sub_6961cc.s
856	sub_6961f4	pseudocode/00856_sub_6961f4.dartpseudo	ir/00856_sub_6961f4.json	asm/00856_sub_6961f4.s
857	sub_696200	pseudocode/00857_sub_696200.dartpseudo	ir/00857_sub_696200.json	asm/00857_sub_696200.s
858	sub_696408	pseudocode/00858_sub_696408.dartpseudo	ir/00858_sub_696408.json	asm/00858_sub_696408.s
859	sub_69646c	pseudocode/00859_sub_69646c.dartpseudo	ir/00859_sub_69646c.json	asm/00859_sub_69646c.s
860	sub_696734	pseudocode/00860_sub_696734.dartpseudo	ir/00860_sub_696734.json	asm/00860_sub_696734.s
861	sub_697700	pseudocode/00861_sub_697700.dartpseudo	ir/00861_sub_697700.json	asm/00861_sub_697700.s
862	sub_697e38	pseudocode/00862_sub_697e38.dartpseudo	ir/00862_sub_697e38.json	asm/00862_sub_697e38.s
863	sub_697eac	pseudocode/00863_sub_697eac.dartpseudo	ir/00863_sub_697eac.json	asm/00863_sub_697eac.s
864	sub_697f64	pseudocode/00864_sub_697f64.dartpseudo	ir/00864_sub_697f64.json	asm/00864_sub_697f64.s
865	sub_69814c	pseudocode/00865_sub_69814c.dartpseudo	ir/00865_sub_69814c.json	asm/00865_sub_69814c.s
866	sub_6981fc	pseudocode/00866_sub_6981fc.dartpseudo	ir/00866_sub_6981fc.json	asm/00866_sub_6981fc.s
867	sub_6984cc	pseudocode/00867_sub_6984cc.dartpseudo	ir/00867_sub_6984cc.json	asm/00867_sub_6984cc.s
868	sub_6985c0	pseudocode/00868_sub_6985c0.dartpseudo	ir/00868_sub_6985c0.json	asm/00868_sub_6985c0.s
869	sub_698a34	pseudocode/00869_sub_698a34.dartpseudo	ir/00869_sub_698a34.json	asm/00869_sub_698a34.s
870	sub_698c78	pseudocode/00870_sub_698c78.dartpseudo	ir/00870_sub_698c78.json	asm/00870_sub_698c78.s
871	sub_698e24	pseudocode/00871_sub_698e24.dartpseudo	ir/00871_sub_698e24.json	asm/00871_sub_698e24.s
872	sub_698fbc	pseudocode/00872_sub_698fbc.dartpseudo	ir/00872_sub_698fbc.json	asm/00872_sub_698fbc.s
873	sub_69986c	pseudocode/00873_sub_69986c.dartpseudo	ir/00873_sub_69986c.json	asm/00873_sub_69986c.s
874	sub_6999b0	pseudocode/00874_sub_6999b0.dartpseudo	ir/00874_sub_6999b0.json	asm/00874_sub_6999b0.s
875	sub_699f60	pseudocode/00875_sub_699f60.dartpseudo	ir/00875_sub_699f60.json	asm/00875_sub_699f60.s
876	sub_69a1c4	pseudocode/00876_sub_69a1c4.dartpseudo	ir/00876_sub_69a1c4.json	asm/00876_sub_69a1c4.s
877	sub_69a1d0	pseudocode/00877_sub_69a1d0.dartpseudo	ir/00877_sub_69a1d0.json	asm/00877_sub_69a1d0.s
878	sub_69a380	pseudocode/00878_sub_69a380.dartpseudo	ir/00878_sub_69a380.json	asm/00878_sub_69a380.s
879	sub_69a414	pseudocode/00879_sub_69a414.dartpseudo	ir/00879_sub_69a414.json	asm/00879_sub_69a414.s
880	sub_69a654	pseudocode/00880_sub_69a654.dartpseudo	ir/00880_sub_69a654.json	asm/00880_sub_69a654.s
881	sub_69a7ac	pseudocode/00881_sub_69a7ac.dartpseudo	ir/00881_sub_69a7ac.json	asm/00881_sub_69a7ac.s
882	sub_69a908	pseudocode/00882_sub_69a908.dartpseudo	ir/00882_sub_69a908.json	asm/00882_sub_69a908.s
883	sub_69a95c	pseudocode/00883_sub_69a95c.dartpseudo	ir/00883_sub_69a95c.json	asm/00883_sub_69a95c.s
884	sub_69a9f8	pseudocode/00884_sub_69a9f8.dartpseudo	ir/00884_sub_69a9f8.json	asm/00884_sub_69a9f8.s
885	sub_69aa1c	pseudocode/00885_sub_69aa1c.dartpseudo	ir/00885_sub_69aa1c.json	asm/00885_sub_69aa1c.s
886	sub_69ac74	pseudocode/00886_sub_69ac74.dartpseudo	ir/00886_sub_69ac74.json	asm/00886_sub_69ac74.s
887	sub_69ad40	pseudocode/00887_sub_69ad40.dartpseudo	ir/00887_sub_69ad40.json	asm/00887_sub_69ad40.s
888	sub_69b070	pseudocode/00888_sub_69b070.dartpseudo	ir/00888_sub_69b070.json	asm/00888_sub_69b070.s
889	sub_69b1c4	pseudocode/00889_sub_69b1c4.dartpseudo	ir/00889_sub_69b1c4.json	asm/00889_sub_69b1c4.s
890	sub_69b264	pseudocode/00890_sub_69b264.dartpseudo	ir/00890_sub_69b264.json	asm/00890_sub_69b264.s
891	sub_69b2d0	pseudocode/00891_sub_69b2d0.dartpseudo	ir/00891_sub_69b2d0.json	asm/00891_sub_69b2d0.s
892	sub_69b708	pseudocode/00892_sub_69b708.dartpseudo	ir/00892_sub_69b708.json	asm/00892_sub_69b708.s
893	sub_69b73c	pseudocode/00893_sub_69b73c.dartpseudo	ir/00893_sub_69b73c.json	asm/00893_sub_69b73c.s
894	sub_69b9dc	pseudocode/00894_sub_69b9dc.dartpseudo	ir/00894_sub_69b9dc.json	asm/00894_sub_69b9dc.s
895	sub_69baa4	pseudocode/00895_sub_69baa4.dartpseudo	ir/00895_sub_69baa4.json	asm/00895_sub_69baa4.s
896	sub_69bb1c	pseudocode/00896_sub_69bb1c.dartpseudo	ir/00896_sub_69bb1c.json	asm/00896_sub_69bb1c.s
897	sub_69bc08	pseudocode/00897_sub_69bc08.dartpseudo	ir/00897_sub_69bc08.json	asm/00897_sub_69bc08.s
898	sub_69bf54	pseudocode/00898_sub_69bf54.dartpseudo	ir/00898_sub_69bf54.json	asm/00898_sub_69bf54.s
899	sub_69c134	pseudocode/00899_sub_69c134.dartpseudo	ir/00899_sub_69c134.json	asm/00899_sub_69c134.s
900	sub_69c328	pseudocode/00900_sub_69c328.dartpseudo	ir/00900_sub_69c328.json	asm/00900_sub_69c328.s
901	sub_69c4a8	pseudocode/00901_sub_69c4a8.dartpseudo	ir/00901_sub_69c4a8.json	asm/00901_sub_69c4a8.s
902	sub_69c5c0	pseudocode/00902_sub_69c5c0.dartpseudo	ir/00902_sub_69c5c0.json	asm/00902_sub_69c5c0.s
903	sub_69c69c	pseudocode/00903_sub_69c69c.dartpseudo	ir/00903_sub_69c69c.json	asm/00903_sub_69c69c.s
904	sub_69ca94	pseudocode/00904_sub_69ca94.dartpseudo	ir/00904_sub_69ca94.json	asm/00904_sub_69ca94.s
905	sub_69cda8	pseudocode/00905_sub_69cda8.dartpseudo	ir/00905_sub_69cda8.json	asm/00905_sub_69cda8.s
906	sub_69cfbc	pseudocode/00906_sub_69cfbc.dartpseudo	ir/00906_sub_69cfbc.json	asm/00906_sub_69cfbc.s
907	sub_69d2f8	pseudocode/00907_sub_69d2f8.dartpseudo	ir/00907_sub_69d2f8.json	asm/00907_sub_69d2f8.s
908	sub_69d6c8	pseudocode/00908_sub_69d6c8.dartpseudo	ir/00908_sub_69d6c8.json	asm/00908_sub_69d6c8.s
909	sub_69d6d4	pseudocode/00909_sub_69d6d4.dartpseudo	ir/00909_sub_69d6d4.json	asm/00909_sub_69d6d4.s
910	sub_69d78c	pseudocode/00910_sub_69d78c.dartpseudo	ir/00910_sub_69d78c.json	asm/00910_sub_69d78c.s
911	sub_69d798	pseudocode/00911_sub_69d798.dartpseudo	ir/00911_sub_69d798.json	asm/00911_sub_69d798.s
912	sub_69d854	pseudocode/00912_sub_69d854.dartpseudo	ir/00912_sub_69d854.json	asm/00912_sub_69d854.s
913	sub_69daac	pseudocode/00913_sub_69daac.dartpseudo	ir/00913_sub_69daac.json	asm/00913_sub_69daac.s
914	sub_69dd84	pseudocode/00914_sub_69dd84.dartpseudo	ir/00914_sub_69dd84.json	asm/00914_sub_69dd84.s
915	sub_69e10c	pseudocode/00915_sub_69e10c.dartpseudo	ir/00915_sub_69e10c.json	asm/00915_sub_69e10c.s
916	sub_69e240	pseudocode/00916_sub_69e240.dartpseudo	ir/00916_sub_69e240.json	asm/00916_sub_69e240.s
917	sub_69e27c	pseudocode/00917_sub_69e27c.dartpseudo	ir/00917_sub_69e27c.json	asm/00917_sub_69e27c.s
918	sub_69e394	pseudocode/00918_sub_69e394.dartpseudo	ir/00918_sub_69e394.json	asm/00918_sub_69e394.s
919	sub_69e3a0	pseudocode/00919_sub_69e3a0.dartpseudo	ir/00919_sub_69e3a0.json	asm/00919_sub_69e3a0.s
920	sub_69e620	pseudocode/00920_sub_69e620.dartpseudo	ir/00920_sub_69e620.json	asm/00920_sub_69e620.s
921	sub_69e7a0	pseudocode/00921_sub_69e7a0.dartpseudo	ir/00921_sub_69e7a0.json	asm/00921_sub_69e7a0.s
922	sub_69ec4c	pseudocode/00922_sub_69ec4c.dartpseudo	ir/00922_sub_69ec4c.json	asm/00922_sub_69ec4c.s
923	sub_69ee74	pseudocode/00923_sub_69ee74.dartpseudo	ir/00923_sub_69ee74.json	asm/00923_sub_69ee74.s
924	sub_69ef98	pseudocode/00924_sub_69ef98.dartpseudo	ir/00924_sub_69ef98.json	asm/00924_sub_69ef98.s
925	sub_69f41c	pseudocode/00925_sub_69f41c.dartpseudo	ir/00925_sub_69f41c.json	asm/00925_sub_69f41c.s
926	sub_69f598	pseudocode/00926_sub_69f598.dartpseudo	ir/00926_sub_69f598.json	asm/00926_sub_69f598.s
927	sub_69f698	pseudocode/00927_sub_69f698.dartpseudo	ir/00927_sub_69f698.json	asm/00927_sub_69f698.s
928	sub_69f73c	pseudocode/00928_sub_69f73c.dartpseudo	ir/00928_sub_69f73c.json	asm/00928_sub_69f73c.s
929	sub_69f904	pseudocode/00929_sub_69f904.dartpseudo	ir/00929_sub_69f904.json	asm/00929_sub_69f904.s
930	sub_69fa54	pseudocode/00930_sub_69fa54.dartpseudo	ir/00930_sub_69fa54.json	asm/00930_sub_69fa54.s
931	sub_69fb08	pseudocode/00931_sub_69fb08.dartpseudo	ir/00931_sub_69fb08.json	asm/00931_sub_69fb08.s
932	sub_69fb14	pseudocode/00932_sub_69fb14.dartpseudo	ir/00932_sub_69fb14.json	asm/00932_sub_69fb14.s
933	sub_69fe74	pseudocode/00933_sub_69fe74.dartpseudo	ir/00933_sub_69fe74.json	asm/00933_sub_69fe74.s
934	sub_69fed8	pseudocode/00934_sub_69fed8.dartpseudo	ir/00934_sub_69fed8.json	asm/00934_sub_69fed8.s
935	sub_6a02d8	pseudocode/00935_sub_6a02d8.dartpseudo	ir/00935_sub_6a02d8.json	asm/00935_sub_6a02d8.s
936	sub_6a05dc	pseudocode/00936_sub_6a05dc.dartpseudo	ir/00936_sub_6a05dc.json	asm/00936_sub_6a05dc.s
937	sub_6a07a8	pseudocode/00937_sub_6a07a8.dartpseudo	ir/00937_sub_6a07a8.json	asm/00937_sub_6a07a8.s
938	sub_6a097c	pseudocode/00938_sub_6a097c.dartpseudo	ir/00938_sub_6a097c.json	asm/00938_sub_6a097c.s
939	sub_6a0b14	pseudocode/00939_sub_6a0b14.dartpseudo	ir/00939_sub_6a0b14.json	asm/00939_sub_6a0b14.s
940	sub_6a0db8	pseudocode/00940_sub_6a0db8.dartpseudo	ir/00940_sub_6a0db8.json	asm/00940_sub_6a0db8.s
941	sub_6a0dc4	pseudocode/00941_sub_6a0dc4.dartpseudo	ir/00941_sub_6a0dc4.json	asm/00941_sub_6a0dc4.s
942	sub_6a0ea8	pseudocode/00942_sub_6a0ea8.dartpseudo	ir/00942_sub_6a0ea8.json	asm/00942_sub_6a0ea8.s
943	sub_6a0ffc	pseudocode/00943_sub_6a0ffc.dartpseudo	ir/00943_sub_6a0ffc.json	asm/00943_sub_6a0ffc.s
944	sub_6a10ac	pseudocode/00944_sub_6a10ac.dartpseudo	ir/00944_sub_6a10ac.json	asm/00944_sub_6a10ac.s
945	sub_6a1280	pseudocode/00945_sub_6a1280.dartpseudo	ir/00945_sub_6a1280.json	asm/00945_sub_6a1280.s
946	sub_6a1494	pseudocode/00946_sub_6a1494.dartpseudo	ir/00946_sub_6a1494.json	asm/00946_sub_6a1494.s
947	sub_6a1698	pseudocode/00947_sub_6a1698.dartpseudo	ir/00947_sub_6a1698.json	asm/00947_sub_6a1698.s
948	sub_6a16d4	pseudocode/00948_sub_6a16d4.dartpseudo	ir/00948_sub_6a16d4.json	asm/00948_sub_6a16d4.s
949	sub_6a191c	pseudocode/00949_sub_6a191c.dartpseudo	ir/00949_sub_6a191c.json	asm/00949_sub_6a191c.s
950	sub_6a1928	pseudocode/00950_sub_6a1928.dartpseudo	ir/00950_sub_6a1928.json	asm/00950_sub_6a1928.s
951	sub_6a1c70	pseudocode/00951_sub_6a1c70.dartpseudo	ir/00951_sub_6a1c70.json	asm/00951_sub_6a1c70.s
952	sub_6a1d94	pseudocode/00952_sub_6a1d94.dartpseudo	ir/00952_sub_6a1d94.json	asm/00952_sub_6a1d94.s
953	sub_6a1df8	pseudocode/00953_sub_6a1df8.dartpseudo	ir/00953_sub_6a1df8.json	asm/00953_sub_6a1df8.s
954	sub_6a1ec4	pseudocode/00954_sub_6a1ec4.dartpseudo	ir/00954_sub_6a1ec4.json	asm/00954_sub_6a1ec4.s
955	sub_6a201c	pseudocode/00955_sub_6a201c.dartpseudo	ir/00955_sub_6a201c.json	asm/00955_sub_6a201c.s
956	sub_6a20f4	pseudocode/00956_sub_6a20f4.dartpseudo	ir/00956_sub_6a20f4.json	asm/00956_sub_6a20f4.s
957	sub_6a2224	pseudocode/00957_sub_6a2224.dartpseudo	ir/00957_sub_6a2224.json	asm/00957_sub_6a2224.s
958	sub_6a2230	pseudocode/00958_sub_6a2230.dartpseudo	ir/00958_sub_6a2230.json	asm/00958_sub_6a2230.s
959	sub_6a2434	pseudocode/00959_sub_6a2434.dartpseudo	ir/00959_sub_6a2434.json	asm/00959_sub_6a2434.s
960	sub_6a266c	pseudocode/00960_sub_6a266c.dartpseudo	ir/00960_sub_6a266c.json	asm/00960_sub_6a266c.s
961	sub_6a29ec	pseudocode/00961_sub_6a29ec.dartpseudo	ir/00961_sub_6a29ec.json	asm/00961_sub_6a29ec.s
962	sub_6a2c00	pseudocode/00962_sub_6a2c00.dartpseudo	ir/00962_sub_6a2c00.json	asm/00962_sub_6a2c00.s
963	sub_6a2d08	pseudocode/00963_sub_6a2d08.dartpseudo	ir/00963_sub_6a2d08.json	asm/00963_sub_6a2d08.s
964	sub_6a2d4c	pseudocode/00964_sub_6a2d4c.dartpseudo	ir/00964_sub_6a2d4c.json	asm/00964_sub_6a2d4c.s
965	sub_6a2ea8	pseudocode/00965_sub_6a2ea8.dartpseudo	ir/00965_sub_6a2ea8.json	asm/00965_sub_6a2ea8.s
966	sub_6a3578	pseudocode/00966_sub_6a3578.dartpseudo	ir/00966_sub_6a3578.json	asm/00966_sub_6a3578.s
967	sub_6a3584	pseudocode/00967_sub_6a3584.dartpseudo	ir/00967_sub_6a3584.json	asm/00967_sub_6a3584.s
968	sub_6a363c	pseudocode/00968_sub_6a363c.dartpseudo	ir/00968_sub_6a363c.json	asm/00968_sub_6a363c.s
969	sub_6a36c4	pseudocode/00969_sub_6a36c4.dartpseudo	ir/00969_sub_6a36c4.json	asm/00969_sub_6a36c4.s
970	sub_6a3708	pseudocode/00970_sub_6a3708.dartpseudo	ir/00970_sub_6a3708.json	asm/00970_sub_6a3708.s
971	sub_6a3840	pseudocode/00971_sub_6a3840.dartpseudo	ir/00971_sub_6a3840.json	asm/00971_sub_6a3840.s
972	sub_6a394c	pseudocode/00972_sub_6a394c.dartpseudo	ir/00972_sub_6a394c.json	asm/00972_sub_6a394c.s
973	sub_6a4c70	pseudocode/00973_sub_6a4c70.dartpseudo	ir/00973_sub_6a4c70.json	asm/00973_sub_6a4c70.s
974	sub_6a4de4	pseudocode/00974_sub_6a4de4.dartpseudo	ir/00974_sub_6a4de4.json	asm/00974_sub_6a4de4.s
975	sub_6a5014	pseudocode/00975_sub_6a5014.dartpseudo	ir/00975_sub_6a5014.json	asm/00975_sub_6a5014.s
976	sub_6a5248	pseudocode/00976_sub_6a5248.dartpseudo	ir/00976_sub_6a5248.json	asm/00976_sub_6a5248.s
977	sub_6a536c	pseudocode/00977_sub_6a536c.dartpseudo	ir/00977_sub_6a536c.json	asm/00977_sub_6a536c.s
978	sub_6a5838	pseudocode/00978_sub_6a5838.dartpseudo	ir/00978_sub_6a5838.json	asm/00978_sub_6a5838.s
979	sub_6a5950	pseudocode/00979_sub_6a5950.dartpseudo	ir/00979_sub_6a5950.json	asm/00979_sub_6a5950.s
980	sub_6a5b54	pseudocode/00980_sub_6a5b54.dartpseudo	ir/00980_sub_6a5b54.json	asm/00980_sub_6a5b54.s
981	sub_6a5bcc	pseudocode/00981_sub_6a5bcc.dartpseudo	ir/00981_sub_6a5bcc.json	asm/00981_sub_6a5bcc.s
982	sub_6a60e4	pseudocode/00982_sub_6a60e4.dartpseudo	ir/00982_sub_6a60e4.json	asm/00982_sub_6a60e4.s
983	sub_6a6120	pseudocode/00983_sub_6a6120.dartpseudo	ir/00983_sub_6a6120.json	asm/00983_sub_6a6120.s
984	sub_6a628c	pseudocode/00984_sub_6a628c.dartpseudo	ir/00984_sub_6a628c.json	asm/00984_sub_6a628c.s
985	sub_6a64c0	pseudocode/00985_sub_6a64c0.dartpseudo	ir/00985_sub_6a64c0.json	asm/00985_sub_6a64c0.s
986	sub_6a6524	pseudocode/00986_sub_6a6524.dartpseudo	ir/00986_sub_6a6524.json	asm/00986_sub_6a6524.s
987	sub_6a65a4	pseudocode/00987_sub_6a65a4.dartpseudo	ir/00987_sub_6a65a4.json	asm/00987_sub_6a65a4.s
988	sub_6a740c	pseudocode/00988_sub_6a740c.dartpseudo	ir/00988_sub_6a740c.json	asm/00988_sub_6a740c.s
989	sub_6a76dc	pseudocode/00989_sub_6a76dc.dartpseudo	ir/00989_sub_6a76dc.json	asm/00989_sub_6a76dc.s
990	sub_6a7718	pseudocode/00990_sub_6a7718.dartpseudo	ir/00990_sub_6a7718.json	asm/00990_sub_6a7718.s
991	sub_6a7748	pseudocode/00991_sub_6a7748.dartpseudo	ir/00991_sub_6a7748.json	asm/00991_sub_6a7748.s
992	sub_6a7d30	pseudocode/00992_sub_6a7d30.dartpseudo	ir/00992_sub_6a7d30.json	asm/00992_sub_6a7d30.s
993	sub_6a7e10	pseudocode/00993_sub_6a7e10.dartpseudo	ir/00993_sub_6a7e10.json	asm/00993_sub_6a7e10.s
994	sub_6a7ef4	pseudocode/00994_sub_6a7ef4.dartpseudo	ir/00994_sub_6a7ef4.json	asm/00994_sub_6a7ef4.s
995	sub_6a82c0	pseudocode/00995_sub_6a82c0.dartpseudo	ir/00995_sub_6a82c0.json	asm/00995_sub_6a82c0.s
996	sub_6a83f0	pseudocode/00996_sub_6a83f0.dartpseudo	ir/00996_sub_6a83f0.json	asm/00996_sub_6a83f0.s
997	sub_6a8504	pseudocode/00997_sub_6a8504.dartpseudo	ir/00997_sub_6a8504.json	asm/00997_sub_6a8504.s
998	sub_6a86c8	pseudocode/00998_sub_6a86c8.dartpseudo	ir/00998_sub_6a86c8.json	asm/00998_sub_6a86c8.s
999	sub_6a885c	pseudocode/00999_sub_6a885c.dartpseudo	ir/00999_sub_6a885c.json	asm/00999_sub_6a885c.s
1000	sub_6a8868	pseudocode/01000_sub_6a8868.dartpseudo	ir/01000_sub_6a8868.json	asm/01000_sub_6a8868.s
1001	sub_6a88e4	pseudocode/01001_sub_6a88e4.dartpseudo	ir/01001_sub_6a88e4.json	asm/01001_sub_6a88e4.s
1002	sub_6a893c	pseudocode/01002_sub_6a893c.dartpseudo	ir/01002_sub_6a893c.json	asm/01002_sub_6a893c.s
1003	sub_6a89a0	pseudocode/01003_sub_6a89a0.dartpseudo	ir/01003_sub_6a89a0.json	asm/01003_sub_6a89a0.s
1004	sub_6a8b48	pseudocode/01004_sub_6a8b48.dartpseudo	ir/01004_sub_6a8b48.json	asm/01004_sub_6a8b48.s
1005	sub_6a8bfc	pseudocode/01005_sub_6a8bfc.dartpseudo	ir/01005_sub_6a8bfc.json	asm/01005_sub_6a8bfc.s
1006	sub_6a8f14	pseudocode/01006_sub_6a8f14.dartpseudo	ir/01006_sub_6a8f14.json	asm/01006_sub_6a8f14.s
1007	sub_6a93bc	pseudocode/01007_sub_6a93bc.dartpseudo	ir/01007_sub_6a93bc.json	asm/01007_sub_6a93bc.s
1008	sub_6a9428	pseudocode/01008_sub_6a9428.dartpseudo	ir/01008_sub_6a9428.json	asm/01008_sub_6a9428.s
1009	sub_6a94c0	pseudocode/01009_sub_6a94c0.dartpseudo	ir/01009_sub_6a94c0.json	asm/01009_sub_6a94c0.s
1010	sub_6a966c	pseudocode/01010_sub_6a966c.dartpseudo	ir/01010_sub_6a966c.json	asm/01010_sub_6a966c.s
1011	sub_6aa224	pseudocode/01011_sub_6aa224.dartpseudo	ir/01011_sub_6aa224.json	asm/01011_sub_6aa224.s
1012	sub_6aa3cc	pseudocode/01012_sub_6aa3cc.dartpseudo	ir/01012_sub_6aa3cc.json	asm/01012_sub_6aa3cc.s
1013	sub_6ab180	pseudocode/01013_sub_6ab180.dartpseudo	ir/01013_sub_6ab180.json	asm/01013_sub_6ab180.s
1014	sub_6ab750	pseudocode/01014_sub_6ab750.dartpseudo	ir/01014_sub_6ab750.json	asm/01014_sub_6ab750.s
1015	sub_6ab85c	pseudocode/01015_sub_6ab85c.dartpseudo	ir/01015_sub_6ab85c.json	asm/01015_sub_6ab85c.s
1016	sub_6aba5c	pseudocode/01016_sub_6aba5c.dartpseudo	ir/01016_sub_6aba5c.json	asm/01016_sub_6aba5c.s
1017	sub_6aba98	pseudocode/01017_sub_6aba98.dartpseudo	ir/01017_sub_6aba98.json	asm/01017_sub_6aba98.s
1018	sub_6abc20	pseudocode/01018_sub_6abc20.dartpseudo	ir/01018_sub_6abc20.json	asm/01018_sub_6abc20.s
1019	sub_6abda4	pseudocode/01019_sub_6abda4.dartpseudo	ir/01019_sub_6abda4.json	asm/01019_sub_6abda4.s
1020	sub_6abe28	pseudocode/01020_sub_6abe28.dartpseudo	ir/01020_sub_6abe28.json	asm/01020_sub_6abe28.s
1021	sub_6ac070	pseudocode/01021_sub_6ac070.dartpseudo	ir/01021_sub_6ac070.json	asm/01021_sub_6ac070.s
1022	sub_6ac944	pseudocode/01022_sub_6ac944.dartpseudo	ir/01022_sub_6ac944.json	asm/01022_sub_6ac944.s
1023	sub_6aca50	pseudocode/01023_sub_6aca50.dartpseudo	ir/01023_sub_6aca50.json	asm/01023_sub_6aca50.s
1024	sub_6adcc4	pseudocode/01024_sub_6adcc4.dartpseudo	ir/01024_sub_6adcc4.json	asm/01024_sub_6adcc4.s
1025	sub_6ae1a0	pseudocode/01025_sub_6ae1a0.dartpseudo	ir/01025_sub_6ae1a0.json	asm/01025_sub_6ae1a0.s
1026	sub_6ae414	pseudocode/01026_sub_6ae414.dartpseudo	ir/01026_sub_6ae414.json	asm/01026_sub_6ae414.s
1027	sub_6ae5b4	pseudocode/01027_sub_6ae5b4.dartpseudo	ir/01027_sub_6ae5b4.json	asm/01027_sub_6ae5b4.s
1028	sub_6ae8b8	pseudocode/01028_sub_6ae8b8.dartpseudo	ir/01028_sub_6ae8b8.json	asm/01028_sub_6ae8b8.s
1029	sub_6ae994	pseudocode/01029_sub_6ae994.dartpseudo	ir/01029_sub_6ae994.json	asm/01029_sub_6ae994.s
1030	sub_6aea70	pseudocode/01030_sub_6aea70.dartpseudo	ir/01030_sub_6aea70.json	asm/01030_sub_6aea70.s
1031	sub_6aee04	pseudocode/01031_sub_6aee04.dartpseudo	ir/01031_sub_6aee04.json	asm/01031_sub_6aee04.s
1032	sub_6aeef4	pseudocode/01032_sub_6aeef4.dartpseudo	ir/01032_sub_6aeef4.json	asm/01032_sub_6aeef4.s
1033	sub_6aef18	pseudocode/01033_sub_6aef18.dartpseudo	ir/01033_sub_6aef18.json	asm/01033_sub_6aef18.s
1034	sub_6aef24	pseudocode/01034_sub_6aef24.dartpseudo	ir/01034_sub_6aef24.json	asm/01034_sub_6aef24.s
1035	sub_6af078	pseudocode/01035_sub_6af078.dartpseudo	ir/01035_sub_6af078.json	asm/01035_sub_6af078.s
1036	sub_6af1b8	pseudocode/01036_sub_6af1b8.dartpseudo	ir/01036_sub_6af1b8.json	asm/01036_sub_6af1b8.s
1037	sub_6af3fc	pseudocode/01037_sub_6af3fc.dartpseudo	ir/01037_sub_6af3fc.json	asm/01037_sub_6af3fc.s
1038	sub_6af9b8	pseudocode/01038_sub_6af9b8.dartpseudo	ir/01038_sub_6af9b8.json	asm/01038_sub_6af9b8.s
1039	sub_6afab8	pseudocode/01039_sub_6afab8.dartpseudo	ir/01039_sub_6afab8.json	asm/01039_sub_6afab8.s
1040	sub_6afac4	pseudocode/01040_sub_6afac4.dartpseudo	ir/01040_sub_6afac4.json	asm/01040_sub_6afac4.s
1041	sub_6afb0c	pseudocode/01041_sub_6afb0c.dartpseudo	ir/01041_sub_6afb0c.json	asm/01041_sub_6afb0c.s
1042	sub_6afba0	pseudocode/01042_sub_6afba0.dartpseudo	ir/01042_sub_6afba0.json	asm/01042_sub_6afba0.s
1043	sub_6afc1c	pseudocode/01043_sub_6afc1c.dartpseudo	ir/01043_sub_6afc1c.json	asm/01043_sub_6afc1c.s
1044	sub_6afd7c	pseudocode/01044_sub_6afd7c.dartpseudo	ir/01044_sub_6afd7c.json	asm/01044_sub_6afd7c.s
1045	sub_6afdac	pseudocode/01045_sub_6afdac.dartpseudo	ir/01045_sub_6afdac.json	asm/01045_sub_6afdac.s
1046	sub_6aff14	pseudocode/01046_sub_6aff14.dartpseudo	ir/01046_sub_6aff14.json	asm/01046_sub_6aff14.s
1047	sub_6b0194	pseudocode/01047_sub_6b0194.dartpseudo	ir/01047_sub_6b0194.json	asm/01047_sub_6b0194.s
1048	sub_6b0204	pseudocode/01048_sub_6b0204.dartpseudo	ir/01048_sub_6b0204.json	asm/01048_sub_6b0204.s
1049	sub_6b02bc	pseudocode/01049_sub_6b02bc.dartpseudo	ir/01049_sub_6b02bc.json	asm/01049_sub_6b02bc.s
1050	sub_6b02c8	pseudocode/01050_sub_6b02c8.dartpseudo	ir/01050_sub_6b02c8.json	asm/01050_sub_6b02c8.s
1051	sub_6b02d4	pseudocode/01051_sub_6b02d4.dartpseudo	ir/01051_sub_6b02d4.json	asm/01051_sub_6b02d4.s
1052	sub_6b02e0	pseudocode/01052_sub_6b02e0.dartpseudo	ir/01052_sub_6b02e0.json	asm/01052_sub_6b02e0.s
1053	sub_6b0b50	pseudocode/01053_sub_6b0b50.dartpseudo	ir/01053_sub_6b0b50.json	asm/01053_sub_6b0b50.s
1054	sub_6b0b84	pseudocode/01054_sub_6b0b84.dartpseudo	ir/01054_sub_6b0b84.json	asm/01054_sub_6b0b84.s
1055	sub_6b0c48	pseudocode/01055_sub_6b0c48.dartpseudo	ir/01055_sub_6b0c48.json	asm/01055_sub_6b0c48.s
1056	sub_6b1228	pseudocode/01056_sub_6b1228.dartpseudo	ir/01056_sub_6b1228.json	asm/01056_sub_6b1228.s
1057	sub_6b1594	pseudocode/01057_sub_6b1594.dartpseudo	ir/01057_sub_6b1594.json	asm/01057_sub_6b1594.s
1058	sub_6b17b4	pseudocode/01058_sub_6b17b4.dartpseudo	ir/01058_sub_6b17b4.json	asm/01058_sub_6b17b4.s
1059	sub_6b1950	pseudocode/01059_sub_6b1950.dartpseudo	ir/01059_sub_6b1950.json	asm/01059_sub_6b1950.s
1060	sub_6b1a84	pseudocode/01060_sub_6b1a84.dartpseudo	ir/01060_sub_6b1a84.json	asm/01060_sub_6b1a84.s
1061	sub_6b1a90	pseudocode/01061_sub_6b1a90.dartpseudo	ir/01061_sub_6b1a90.json	asm/01061_sub_6b1a90.s
1062	sub_6b1d1c	pseudocode/01062_sub_6b1d1c.dartpseudo	ir/01062_sub_6b1d1c.json	asm/01062_sub_6b1d1c.s
1063	sub_6b2110	pseudocode/01063_sub_6b2110.dartpseudo	ir/01063_sub_6b2110.json	asm/01063_sub_6b2110.s
1064	sub_6b23bc	pseudocode/01064_sub_6b23bc.dartpseudo	ir/01064_sub_6b23bc.json	asm/01064_sub_6b23bc.s
1065	sub_6b309c	pseudocode/01065_sub_6b309c.dartpseudo	ir/01065_sub_6b309c.json	asm/01065_sub_6b309c.s
1066	sub_6b30a8	pseudocode/01066_sub_6b30a8.dartpseudo	ir/01066_sub_6b30a8.json	asm/01066_sub_6b30a8.s
1067	sub_6b30b4	pseudocode/01067_sub_6b30b4.dartpseudo	ir/01067_sub_6b30b4.json	asm/01067_sub_6b30b4.s
1068	sub_6b3120	pseudocode/01068_sub_6b3120.dartpseudo	ir/01068_sub_6b3120.json	asm/01068_sub_6b3120.s
1069	sub_6b31b4	pseudocode/01069_sub_6b31b4.dartpseudo	ir/01069_sub_6b31b4.json	asm/01069_sub_6b31b4.s
1070	sub_6b3438	pseudocode/01070_sub_6b3438.dartpseudo	ir/01070_sub_6b3438.json	asm/01070_sub_6b3438.s
1071	sub_6b3730	pseudocode/01071_sub_6b3730.dartpseudo	ir/01071_sub_6b3730.json	asm/01071_sub_6b3730.s
1072	sub_6b373c	pseudocode/01072_sub_6b373c.dartpseudo	ir/01072_sub_6b373c.json	asm/01072_sub_6b373c.s
1073	sub_6b3778	pseudocode/01073_sub_6b3778.dartpseudo	ir/01073_sub_6b3778.json	asm/01073_sub_6b3778.s
1074	sub_6b3a0c	pseudocode/01074_sub_6b3a0c.dartpseudo	ir/01074_sub_6b3a0c.json	asm/01074_sub_6b3a0c.s
1075	sub_6b3ac4	pseudocode/01075_sub_6b3ac4.dartpseudo	ir/01075_sub_6b3ac4.json	asm/01075_sub_6b3ac4.s
1076	sub_6b3ec8	pseudocode/01076_sub_6b3ec8.dartpseudo	ir/01076_sub_6b3ec8.json	asm/01076_sub_6b3ec8.s
1077	sub_6b3f24	pseudocode/01077_sub_6b3f24.dartpseudo	ir/01077_sub_6b3f24.json	asm/01077_sub_6b3f24.s
1078	sub_6b424c	pseudocode/01078_sub_6b424c.dartpseudo	ir/01078_sub_6b424c.json	asm/01078_sub_6b424c.s
1079	sub_6b42d0	pseudocode/01079_sub_6b42d0.dartpseudo	ir/01079_sub_6b42d0.json	asm/01079_sub_6b42d0.s
1080	sub_6b437c	pseudocode/01080_sub_6b437c.dartpseudo	ir/01080_sub_6b437c.json	asm/01080_sub_6b437c.s
1081	sub_6b4388	pseudocode/01081_sub_6b4388.dartpseudo	ir/01081_sub_6b4388.json	asm/01081_sub_6b4388.s
1082	sub_6b43f8	pseudocode/01082_sub_6b43f8.dartpseudo	ir/01082_sub_6b43f8.json	asm/01082_sub_6b43f8.s
1083	sub_6b4404	pseudocode/01083_sub_6b4404.dartpseudo	ir/01083_sub_6b4404.json	asm/01083_sub_6b4404.s
1084	sub_6b4634	pseudocode/01084_sub_6b4634.dartpseudo	ir/01084_sub_6b4634.json	asm/01084_sub_6b4634.s
1085	sub_6b469c	pseudocode/01085_sub_6b469c.dartpseudo	ir/01085_sub_6b469c.json	asm/01085_sub_6b469c.s
1086	sub_6b4700	pseudocode/01086_sub_6b4700.dartpseudo	ir/01086_sub_6b4700.json	asm/01086_sub_6b4700.s
1087	sub_6b4838	pseudocode/01087_sub_6b4838.dartpseudo	ir/01087_sub_6b4838.json	asm/01087_sub_6b4838.s
1088	sub_6b4b2c	pseudocode/01088_sub_6b4b2c.dartpseudo	ir/01088_sub_6b4b2c.json	asm/01088_sub_6b4b2c.s
1089	sub_6b4ca4	pseudocode/01089_sub_6b4ca4.dartpseudo	ir/01089_sub_6b4ca4.json	asm/01089_sub_6b4ca4.s
1090	sub_6b4d5c	pseudocode/01090_sub_6b4d5c.dartpseudo	ir/01090_sub_6b4d5c.json	asm/01090_sub_6b4d5c.s
1091	sub_6b4d9c	pseudocode/01091_sub_6b4d9c.dartpseudo	ir/01091_sub_6b4d9c.json	asm/01091_sub_6b4d9c.s
1092	sub_6b4da8	pseudocode/01092_sub_6b4da8.dartpseudo	ir/01092_sub_6b4da8.json	asm/01092_sub_6b4da8.s
1093	sub_6b4f2c	pseudocode/01093_sub_6b4f2c.dartpseudo	ir/01093_sub_6b4f2c.json	asm/01093_sub_6b4f2c.s
1094	sub_6b5314	pseudocode/01094_sub_6b5314.dartpseudo	ir/01094_sub_6b5314.json	asm/01094_sub_6b5314.s
1095	sub_6b5674	pseudocode/01095_sub_6b5674.dartpseudo	ir/01095_sub_6b5674.json	asm/01095_sub_6b5674.s
1096	sub_6b6398	pseudocode/01096_sub_6b6398.dartpseudo	ir/01096_sub_6b6398.json	asm/01096_sub_6b6398.s
1097	sub_6b644c	pseudocode/01097_sub_6b644c.dartpseudo	ir/01097_sub_6b644c.json	asm/01097_sub_6b644c.s
1098	sub_6b64f0	pseudocode/01098_sub_6b64f0.dartpseudo	ir/01098_sub_6b64f0.json	asm/01098_sub_6b64f0.s
1099	sub_6b653c	pseudocode/01099_sub_6b653c.dartpseudo	ir/01099_sub_6b653c.json	asm/01099_sub_6b653c.s
1100	sub_6b68b8	pseudocode/01100_sub_6b68b8.dartpseudo	ir/01100_sub_6b68b8.json	asm/01100_sub_6b68b8.s
1101	sub_6b68c4	pseudocode/01101_sub_6b68c4.dartpseudo	ir/01101_sub_6b68c4.json	asm/01101_sub_6b68c4.s
1102	sub_6b69e0	pseudocode/01102_sub_6b69e0.dartpseudo	ir/01102_sub_6b69e0.json	asm/01102_sub_6b69e0.s
1103	sub_6b6af0	pseudocode/01103_sub_6b6af0.dartpseudo	ir/01103_sub_6b6af0.json	asm/01103_sub_6b6af0.s
1104	sub_6b6f84	pseudocode/01104_sub_6b6f84.dartpseudo	ir/01104_sub_6b6f84.json	asm/01104_sub_6b6f84.s
1105	sub_6b8b68	pseudocode/01105_sub_6b8b68.dartpseudo	ir/01105_sub_6b8b68.json	asm/01105_sub_6b8b68.s
1106	sub_6b8be0	pseudocode/01106_sub_6b8be0.dartpseudo	ir/01106_sub_6b8be0.json	asm/01106_sub_6b8be0.s
1107	sub_6b8c3c	pseudocode/01107_sub_6b8c3c.dartpseudo	ir/01107_sub_6b8c3c.json	asm/01107_sub_6b8c3c.s
1108	sub_6b8eac	pseudocode/01108_sub_6b8eac.dartpseudo	ir/01108_sub_6b8eac.json	asm/01108_sub_6b8eac.s
1109	sub_6b9020	pseudocode/01109_sub_6b9020.dartpseudo	ir/01109_sub_6b9020.json	asm/01109_sub_6b9020.s
1110	sub_6b90f4	pseudocode/01110_sub_6b90f4.dartpseudo	ir/01110_sub_6b90f4.json	asm/01110_sub_6b90f4.s
1111	sub_6b9240	pseudocode/01111_sub_6b9240.dartpseudo	ir/01111_sub_6b9240.json	asm/01111_sub_6b9240.s
1112	sub_6b94bc	pseudocode/01112_sub_6b94bc.dartpseudo	ir/01112_sub_6b94bc.json	asm/01112_sub_6b94bc.s
1113	sub_6b967c	pseudocode/01113_sub_6b967c.dartpseudo	ir/01113_sub_6b967c.json	asm/01113_sub_6b967c.s
1114	sub_6b9a7c	pseudocode/01114_sub_6b9a7c.dartpseudo	ir/01114_sub_6b9a7c.json	asm/01114_sub_6b9a7c.s
1115	sub_6b9a88	pseudocode/01115_sub_6b9a88.dartpseudo	ir/01115_sub_6b9a88.json	asm/01115_sub_6b9a88.s
1116	sub_6b9c2c	pseudocode/01116_sub_6b9c2c.dartpseudo	ir/01116_sub_6b9c2c.json	asm/01116_sub_6b9c2c.s
1117	sub_6b9cd4	pseudocode/01117_sub_6b9cd4.dartpseudo	ir/01117_sub_6b9cd4.json	asm/01117_sub_6b9cd4.s
1118	sub_6b9dd4	pseudocode/01118_sub_6b9dd4.dartpseudo	ir/01118_sub_6b9dd4.json	asm/01118_sub_6b9dd4.s
1119	sub_6b9e9c	pseudocode/01119_sub_6b9e9c.dartpseudo	ir/01119_sub_6b9e9c.json	asm/01119_sub_6b9e9c.s
1120	sub_6ba700	pseudocode/01120_sub_6ba700.dartpseudo	ir/01120_sub_6ba700.json	asm/01120_sub_6ba700.s
1121	sub_6bb12c	pseudocode/01121_sub_6bb12c.dartpseudo	ir/01121_sub_6bb12c.json	asm/01121_sub_6bb12c.s
1122	sub_6bb300	pseudocode/01122_sub_6bb300.dartpseudo	ir/01122_sub_6bb300.json	asm/01122_sub_6bb300.s
1123	sub_6bb30c	pseudocode/01123_sub_6bb30c.dartpseudo	ir/01123_sub_6bb30c.json	asm/01123_sub_6bb30c.s
1124	sub_6bb424	pseudocode/01124_sub_6bb424.dartpseudo	ir/01124_sub_6bb424.json	asm/01124_sub_6bb424.s
1125	sub_6bb5c4	pseudocode/01125_sub_6bb5c4.dartpseudo	ir/01125_sub_6bb5c4.json	asm/01125_sub_6bb5c4.s
1126	sub_6bb5d0	pseudocode/01126_sub_6bb5d0.dartpseudo	ir/01126_sub_6bb5d0.json	asm/01126_sub_6bb5d0.s
1127	sub_6bc0b4	pseudocode/01127_sub_6bc0b4.dartpseudo	ir/01127_sub_6bc0b4.json	asm/01127_sub_6bc0b4.s
1128	sub_6bc51c	pseudocode/01128_sub_6bc51c.dartpseudo	ir/01128_sub_6bc51c.json	asm/01128_sub_6bc51c.s
1129	sub_6bc85c	pseudocode/01129_sub_6bc85c.dartpseudo	ir/01129_sub_6bc85c.json	asm/01129_sub_6bc85c.s
1130	sub_6bcc3c	pseudocode/01130_sub_6bcc3c.dartpseudo	ir/01130_sub_6bcc3c.json	asm/01130_sub_6bcc3c.s
1131	sub_6bccec	pseudocode/01131_sub_6bccec.dartpseudo	ir/01131_sub_6bccec.json	asm/01131_sub_6bccec.s
1132	sub_6bd3bc	pseudocode/01132_sub_6bd3bc.dartpseudo	ir/01132_sub_6bd3bc.json	asm/01132_sub_6bd3bc.s
1133	sub_6bd510	pseudocode/01133_sub_6bd510.dartpseudo	ir/01133_sub_6bd510.json	asm/01133_sub_6bd510.s
1134	sub_6bd680	pseudocode/01134_sub_6bd680.dartpseudo	ir/01134_sub_6bd680.json	asm/01134_sub_6bd680.s
1135	sub_6bdb2c	pseudocode/01135_sub_6bdb2c.dartpseudo	ir/01135_sub_6bdb2c.json	asm/01135_sub_6bdb2c.s
1136	sub_6bdba0	pseudocode/01136_sub_6bdba0.dartpseudo	ir/01136_sub_6bdba0.json	asm/01136_sub_6bdba0.s
1137	sub_6bdc9c	pseudocode/01137_sub_6bdc9c.dartpseudo	ir/01137_sub_6bdc9c.json	asm/01137_sub_6bdc9c.s
1138	sub_6bde74	pseudocode/01138_sub_6bde74.dartpseudo	ir/01138_sub_6bde74.json	asm/01138_sub_6bde74.s
1139	sub_6bdf0c	pseudocode/01139_sub_6bdf0c.dartpseudo	ir/01139_sub_6bdf0c.json	asm/01139_sub_6bdf0c.s
1140	sub_6be748	pseudocode/01140_sub_6be748.dartpseudo	ir/01140_sub_6be748.json	asm/01140_sub_6be748.s
1141	sub_6becf8	pseudocode/01141_sub_6becf8.dartpseudo	ir/01141_sub_6becf8.json	asm/01141_sub_6becf8.s
1142	sub_6bf2b0	pseudocode/01142_sub_6bf2b0.dartpseudo	ir/01142_sub_6bf2b0.json	asm/01142_sub_6bf2b0.s
1143	sub_6bf328	pseudocode/01143_sub_6bf328.dartpseudo	ir/01143_sub_6bf328.json	asm/01143_sub_6bf328.s
1144	sub_6bf7e8	pseudocode/01144_sub_6bf7e8.dartpseudo	ir/01144_sub_6bf7e8.json	asm/01144_sub_6bf7e8.s
1145	sub_6bf7f4	pseudocode/01145_sub_6bf7f4.dartpseudo	ir/01145_sub_6bf7f4.json	asm/01145_sub_6bf7f4.s
1146	sub_6bf8b4	pseudocode/01146_sub_6bf8b4.dartpseudo	ir/01146_sub_6bf8b4.json	asm/01146_sub_6bf8b4.s
1147	sub_6bf9a4	pseudocode/01147_sub_6bf9a4.dartpseudo	ir/01147_sub_6bf9a4.json	asm/01147_sub_6bf9a4.s
1148	sub_6bfd48	pseudocode/01148_sub_6bfd48.dartpseudo	ir/01148_sub_6bfd48.json	asm/01148_sub_6bfd48.s
1149	sub_6c00b4	pseudocode/01149_sub_6c00b4.dartpseudo	ir/01149_sub_6c00b4.json	asm/01149_sub_6c00b4.s
1150	sub_6c0168	pseudocode/01150_sub_6c0168.dartpseudo	ir/01150_sub_6c0168.json	asm/01150_sub_6c0168.s
1151	sub_6c0248	pseudocode/01151_sub_6c0248.dartpseudo	ir/01151_sub_6c0248.json	asm/01151_sub_6c0248.s
1152	sub_6c040c	pseudocode/01152_sub_6c040c.dartpseudo	ir/01152_sub_6c040c.json	asm/01152_sub_6c040c.s
1153	sub_6c0418	pseudocode/01153_sub_6c0418.dartpseudo	ir/01153_sub_6c0418.json	asm/01153_sub_6c0418.s
1154	sub_6c0488	pseudocode/01154_sub_6c0488.dartpseudo	ir/01154_sub_6c0488.json	asm/01154_sub_6c0488.s
1155	sub_6c0a20	pseudocode/01155_sub_6c0a20.dartpseudo	ir/01155_sub_6c0a20.json	asm/01155_sub_6c0a20.s
1156	sub_6c0ad4	pseudocode/01156_sub_6c0ad4.dartpseudo	ir/01156_sub_6c0ad4.json	asm/01156_sub_6c0ad4.s
1157	sub_6c0bdc	pseudocode/01157_sub_6c0bdc.dartpseudo	ir/01157_sub_6c0bdc.json	asm/01157_sub_6c0bdc.s
1158	sub_6c0be8	pseudocode/01158_sub_6c0be8.dartpseudo	ir/01158_sub_6c0be8.json	asm/01158_sub_6c0be8.s
1159	sub_6c0c60	pseudocode/01159_sub_6c0c60.dartpseudo	ir/01159_sub_6c0c60.json	asm/01159_sub_6c0c60.s
1160	sub_6c0d18	pseudocode/01160_sub_6c0d18.dartpseudo	ir/01160_sub_6c0d18.json	asm/01160_sub_6c0d18.s
1161	sub_6c0ea4	pseudocode/01161_sub_6c0ea4.dartpseudo	ir/01161_sub_6c0ea4.json	asm/01161_sub_6c0ea4.s
1162	sub_6c0f80	pseudocode/01162_sub_6c0f80.dartpseudo	ir/01162_sub_6c0f80.json	asm/01162_sub_6c0f80.s
1163	sub_6c12d4	pseudocode/01163_sub_6c12d4.dartpseudo	ir/01163_sub_6c12d4.json	asm/01163_sub_6c12d4.s
1164	sub_6c16a4	pseudocode/01164_sub_6c16a4.dartpseudo	ir/01164_sub_6c16a4.json	asm/01164_sub_6c16a4.s
1165	sub_6c1858	pseudocode/01165_sub_6c1858.dartpseudo	ir/01165_sub_6c1858.json	asm/01165_sub_6c1858.s
1166	sub_6c1a14	pseudocode/01166_sub_6c1a14.dartpseudo	ir/01166_sub_6c1a14.json	asm/01166_sub_6c1a14.s
1167	sub_6c1a64	pseudocode/01167_sub_6c1a64.dartpseudo	ir/01167_sub_6c1a64.json	asm/01167_sub_6c1a64.s
1168	sub_6c1b28	pseudocode/01168_sub_6c1b28.dartpseudo	ir/01168_sub_6c1b28.json	asm/01168_sub_6c1b28.s
1169	sub_6c2008	pseudocode/01169_sub_6c2008.dartpseudo	ir/01169_sub_6c2008.json	asm/01169_sub_6c2008.s
1170	sub_6c20c4	pseudocode/01170_sub_6c20c4.dartpseudo	ir/01170_sub_6c20c4.json	asm/01170_sub_6c20c4.s
1171	sub_6c23d8	pseudocode/01171_sub_6c23d8.dartpseudo	ir/01171_sub_6c23d8.json	asm/01171_sub_6c23d8.s
1172	sub_6c2494	pseudocode/01172_sub_6c2494.dartpseudo	ir/01172_sub_6c2494.json	asm/01172_sub_6c2494.s
1173	sub_6c2838	pseudocode/01173_sub_6c2838.dartpseudo	ir/01173_sub_6c2838.json	asm/01173_sub_6c2838.s
1174	sub_6c28f4	pseudocode/01174_sub_6c28f4.dartpseudo	ir/01174_sub_6c28f4.json	asm/01174_sub_6c28f4.s
1175	sub_6c2ae8	pseudocode/01175_sub_6c2ae8.dartpseudo	ir/01175_sub_6c2ae8.json	asm/01175_sub_6c2ae8.s
1176	sub_6c2bdc	pseudocode/01176_sub_6c2bdc.dartpseudo	ir/01176_sub_6c2bdc.json	asm/01176_sub_6c2bdc.s
1177	sub_6c2e98	pseudocode/01177_sub_6c2e98.dartpseudo	ir/01177_sub_6c2e98.json	asm/01177_sub_6c2e98.s
1178	sub_6c2f10	pseudocode/01178_sub_6c2f10.dartpseudo	ir/01178_sub_6c2f10.json	asm/01178_sub_6c2f10.s
1179	sub_6c2f8c	pseudocode/01179_sub_6c2f8c.dartpseudo	ir/01179_sub_6c2f8c.json	asm/01179_sub_6c2f8c.s
1180	sub_6c30e4	pseudocode/01180_sub_6c30e4.dartpseudo	ir/01180_sub_6c30e4.json	asm/01180_sub_6c30e4.s
1181	sub_6c336c	pseudocode/01181_sub_6c336c.dartpseudo	ir/01181_sub_6c336c.json	asm/01181_sub_6c336c.s
1182	sub_6c3af8	pseudocode/01182_sub_6c3af8.dartpseudo	ir/01182_sub_6c3af8.json	asm/01182_sub_6c3af8.s
1183	sub_6c3c24	pseudocode/01183_sub_6c3c24.dartpseudo	ir/01183_sub_6c3c24.json	asm/01183_sub_6c3c24.s
1184	sub_6c3e8c	pseudocode/01184_sub_6c3e8c.dartpseudo	ir/01184_sub_6c3e8c.json	asm/01184_sub_6c3e8c.s
1185	sub_6c3fd8	pseudocode/01185_sub_6c3fd8.dartpseudo	ir/01185_sub_6c3fd8.json	asm/01185_sub_6c3fd8.s
1186	sub_6c4288	pseudocode/01186_sub_6c4288.dartpseudo	ir/01186_sub_6c4288.json	asm/01186_sub_6c4288.s
1187	sub_6c43e0	pseudocode/01187_sub_6c43e0.dartpseudo	ir/01187_sub_6c43e0.json	asm/01187_sub_6c43e0.s
1188	sub_6c487c	pseudocode/01188_sub_6c487c.dartpseudo	ir/01188_sub_6c487c.json	asm/01188_sub_6c487c.s
1189	sub_6c4ea8	pseudocode/01189_sub_6c4ea8.dartpseudo	ir/01189_sub_6c4ea8.json	asm/01189_sub_6c4ea8.s
1190	sub_6c6374	pseudocode/01190_sub_6c6374.dartpseudo	ir/01190_sub_6c6374.json	asm/01190_sub_6c6374.s
1191	sub_6c6c7c	pseudocode/01191_sub_6c6c7c.dartpseudo	ir/01191_sub_6c6c7c.json	asm/01191_sub_6c6c7c.s
1192	sub_6c6d6c	pseudocode/01192_sub_6c6d6c.dartpseudo	ir/01192_sub_6c6d6c.json	asm/01192_sub_6c6d6c.s
1193	sub_6c70ac	pseudocode/01193_sub_6c70ac.dartpseudo	ir/01193_sub_6c70ac.json	asm/01193_sub_6c70ac.s
1194	sub_6c73e4	pseudocode/01194_sub_6c73e4.dartpseudo	ir/01194_sub_6c73e4.json	asm/01194_sub_6c73e4.s
1195	sub_6c74e0	pseudocode/01195_sub_6c74e0.dartpseudo	ir/01195_sub_6c74e0.json	asm/01195_sub_6c74e0.s
1196	sub_6c7d18	pseudocode/01196_sub_6c7d18.dartpseudo	ir/01196_sub_6c7d18.json	asm/01196_sub_6c7d18.s
1197	sub_6c7e34	pseudocode/01197_sub_6c7e34.dartpseudo	ir/01197_sub_6c7e34.json	asm/01197_sub_6c7e34.s
1198	sub_6c7f78	pseudocode/01198_sub_6c7f78.dartpseudo	ir/01198_sub_6c7f78.json	asm/01198_sub_6c7f78.s
1199	sub_6c8158	pseudocode/01199_sub_6c8158.dartpseudo	ir/01199_sub_6c8158.json	asm/01199_sub_6c8158.s
1200	sub_6c8340	pseudocode/01200_sub_6c8340.dartpseudo	ir/01200_sub_6c8340.json	asm/01200_sub_6c8340.s
1201	sub_6c84c4	pseudocode/01201_sub_6c84c4.dartpseudo	ir/01201_sub_6c84c4.json	asm/01201_sub_6c84c4.s
1202	sub_6c87c8	pseudocode/01202_sub_6c87c8.dartpseudo	ir/01202_sub_6c87c8.json	asm/01202_sub_6c87c8.s
1203	sub_6c8a1c	pseudocode/01203_sub_6c8a1c.dartpseudo	ir/01203_sub_6c8a1c.json	asm/01203_sub_6c8a1c.s
1204	sub_6c8c60	pseudocode/01204_sub_6c8c60.dartpseudo	ir/01204_sub_6c8c60.json	asm/01204_sub_6c8c60.s
1205	sub_6c8d84	pseudocode/01205_sub_6c8d84.dartpseudo	ir/01205_sub_6c8d84.json	asm/01205_sub_6c8d84.s
1206	sub_6c91d0	pseudocode/01206_sub_6c91d0.dartpseudo	ir/01206_sub_6c91d0.json	asm/01206_sub_6c91d0.s
1207	sub_6c927c	pseudocode/01207_sub_6c927c.dartpseudo	ir/01207_sub_6c927c.json	asm/01207_sub_6c927c.s
1208	sub_6c991c	pseudocode/01208_sub_6c991c.dartpseudo	ir/01208_sub_6c991c.json	asm/01208_sub_6c991c.s
1209	sub_6c9bd8	pseudocode/01209_sub_6c9bd8.dartpseudo	ir/01209_sub_6c9bd8.json	asm/01209_sub_6c9bd8.s
1210	sub_6c9d48	pseudocode/01210_sub_6c9d48.dartpseudo	ir/01210_sub_6c9d48.json	asm/01210_sub_6c9d48.s
1211	sub_6c9eb4	pseudocode/01211_sub_6c9eb4.dartpseudo	ir/01211_sub_6c9eb4.json	asm/01211_sub_6c9eb4.s
1212	sub_6c9f8c	pseudocode/01212_sub_6c9f8c.dartpseudo	ir/01212_sub_6c9f8c.json	asm/01212_sub_6c9f8c.s
1213	sub_6ca218	pseudocode/01213_sub_6ca218.dartpseudo	ir/01213_sub_6ca218.json	asm/01213_sub_6ca218.s
1214	sub_6ca648	pseudocode/01214_sub_6ca648.dartpseudo	ir/01214_sub_6ca648.json	asm/01214_sub_6ca648.s
1215	sub_6caa50	pseudocode/01215_sub_6caa50.dartpseudo	ir/01215_sub_6caa50.json	asm/01215_sub_6caa50.s
1216	sub_6cbb34	pseudocode/01216_sub_6cbb34.dartpseudo	ir/01216_sub_6cbb34.json	asm/01216_sub_6cbb34.s
1217	sub_6cbe90	pseudocode/01217_sub_6cbe90.dartpseudo	ir/01217_sub_6cbe90.json	asm/01217_sub_6cbe90.s
1218	sub_6cc06c	pseudocode/01218_sub_6cc06c.dartpseudo	ir/01218_sub_6cc06c.json	asm/01218_sub_6cc06c.s
1219	sub_6cc28c	pseudocode/01219_sub_6cc28c.dartpseudo	ir/01219_sub_6cc28c.json	asm/01219_sub_6cc28c.s
1220	sub_6cc480	pseudocode/01220_sub_6cc480.dartpseudo	ir/01220_sub_6cc480.json	asm/01220_sub_6cc480.s
1221	sub_6cc990	pseudocode/01221_sub_6cc990.dartpseudo	ir/01221_sub_6cc990.json	asm/01221_sub_6cc990.s
1222	sub_6cc99c	pseudocode/01222_sub_6cc99c.dartpseudo	ir/01222_sub_6cc99c.json	asm/01222_sub_6cc99c.s
1223	sub_6cce14	pseudocode/01223_sub_6cce14.dartpseudo	ir/01223_sub_6cce14.json	asm/01223_sub_6cce14.s
1224	sub_6cd918	pseudocode/01224_sub_6cd918.dartpseudo	ir/01224_sub_6cd918.json	asm/01224_sub_6cd918.s
1225	sub_6cdbe8	pseudocode/01225_sub_6cdbe8.dartpseudo	ir/01225_sub_6cdbe8.json	asm/01225_sub_6cdbe8.s
1226	sub_6cde14	pseudocode/01226_sub_6cde14.dartpseudo	ir/01226_sub_6cde14.json	asm/01226_sub_6cde14.s
1227	sub_6cde98	pseudocode/01227_sub_6cde98.dartpseudo	ir/01227_sub_6cde98.json	asm/01227_sub_6cde98.s
1228	sub_6ce368	pseudocode/01228_sub_6ce368.dartpseudo	ir/01228_sub_6ce368.json	asm/01228_sub_6ce368.s
1229	sub_6ce610	pseudocode/01229_sub_6ce610.dartpseudo	ir/01229_sub_6ce610.json	asm/01229_sub_6ce610.s
1230	sub_6ce78c	pseudocode/01230_sub_6ce78c.dartpseudo	ir/01230_sub_6ce78c.json	asm/01230_sub_6ce78c.s
1231	sub_6ce88c	pseudocode/01231_sub_6ce88c.dartpseudo	ir/01231_sub_6ce88c.json	asm/01231_sub_6ce88c.s
1232	sub_6ced70	pseudocode/01232_sub_6ced70.dartpseudo	ir/01232_sub_6ced70.json	asm/01232_sub_6ced70.s
1233	sub_6cedac	pseudocode/01233_sub_6cedac.dartpseudo	ir/01233_sub_6cedac.json	asm/01233_sub_6cedac.s
1234	sub_6cef28	pseudocode/01234_sub_6cef28.dartpseudo	ir/01234_sub_6cef28.json	asm/01234_sub_6cef28.s
1235	sub_6cefc0	pseudocode/01235_sub_6cefc0.dartpseudo	ir/01235_sub_6cefc0.json	asm/01235_sub_6cefc0.s
1236	sub_6cf064	pseudocode/01236_sub_6cf064.dartpseudo	ir/01236_sub_6cf064.json	asm/01236_sub_6cf064.s
1237	sub_6cf070	pseudocode/01237_sub_6cf070.dartpseudo	ir/01237_sub_6cf070.json	asm/01237_sub_6cf070.s
1238	sub_6cf174	pseudocode/01238_sub_6cf174.dartpseudo	ir/01238_sub_6cf174.json	asm/01238_sub_6cf174.s
1239	sub_6cf3bc	pseudocode/01239_sub_6cf3bc.dartpseudo	ir/01239_sub_6cf3bc.json	asm/01239_sub_6cf3bc.s
1240	sub_6cf9d8	pseudocode/01240_sub_6cf9d8.dartpseudo	ir/01240_sub_6cf9d8.json	asm/01240_sub_6cf9d8.s
1241	sub_6cfa64	pseudocode/01241_sub_6cfa64.dartpseudo	ir/01241_sub_6cfa64.json	asm/01241_sub_6cfa64.s
1242	sub_6d0d64	pseudocode/01242_sub_6d0d64.dartpseudo	ir/01242_sub_6d0d64.json	asm/01242_sub_6d0d64.s
1243	sub_6d1b60	pseudocode/01243_sub_6d1b60.dartpseudo	ir/01243_sub_6d1b60.json	asm/01243_sub_6d1b60.s
1244	sub_6d1d6c	pseudocode/01244_sub_6d1d6c.dartpseudo	ir/01244_sub_6d1d6c.json	asm/01244_sub_6d1d6c.s
1245	sub_6d1da0	pseudocode/01245_sub_6d1da0.dartpseudo	ir/01245_sub_6d1da0.json	asm/01245_sub_6d1da0.s
1246	sub_6d1ec0	pseudocode/01246_sub_6d1ec0.dartpseudo	ir/01246_sub_6d1ec0.json	asm/01246_sub_6d1ec0.s
1247	sub_6d1fe0	pseudocode/01247_sub_6d1fe0.dartpseudo	ir/01247_sub_6d1fe0.json	asm/01247_sub_6d1fe0.s
1248	sub_6d2218	pseudocode/01248_sub_6d2218.dartpseudo	ir/01248_sub_6d2218.json	asm/01248_sub_6d2218.s
1249	sub_6d2498	pseudocode/01249_sub_6d2498.dartpseudo	ir/01249_sub_6d2498.json	asm/01249_sub_6d2498.s
1250	sub_6d2e30	pseudocode/01250_sub_6d2e30.dartpseudo	ir/01250_sub_6d2e30.json	asm/01250_sub_6d2e30.s
1251	sub_6d35b8	pseudocode/01251_sub_6d35b8.dartpseudo	ir/01251_sub_6d35b8.json	asm/01251_sub_6d35b8.s
1252	sub_6d3788	pseudocode/01252_sub_6d3788.dartpseudo	ir/01252_sub_6d3788.json	asm/01252_sub_6d3788.s
1253	sub_6d3c3c	pseudocode/01253_sub_6d3c3c.dartpseudo	ir/01253_sub_6d3c3c.json	asm/01253_sub_6d3c3c.s
1254	sub_6d3dc4	pseudocode/01254_sub_6d3dc4.dartpseudo	ir/01254_sub_6d3dc4.json	asm/01254_sub_6d3dc4.s
1255	sub_6d43bc	pseudocode/01255_sub_6d43bc.dartpseudo	ir/01255_sub_6d43bc.json	asm/01255_sub_6d43bc.s
1256	sub_6d4828	pseudocode/01256_sub_6d4828.dartpseudo	ir/01256_sub_6d4828.json	asm/01256_sub_6d4828.s
1257	sub_6d4834	pseudocode/01257_sub_6d4834.dartpseudo	ir/01257_sub_6d4834.json	asm/01257_sub_6d4834.s
1258	sub_6d4b24	pseudocode/01258_sub_6d4b24.dartpseudo	ir/01258_sub_6d4b24.json	asm/01258_sub_6d4b24.s
1259	sub_6d4f64	pseudocode/01259_sub_6d4f64.dartpseudo	ir/01259_sub_6d4f64.json	asm/01259_sub_6d4f64.s
1260	sub_6d52bc	pseudocode/01260_sub_6d52bc.dartpseudo	ir/01260_sub_6d52bc.json	asm/01260_sub_6d52bc.s
1261	sub_6d56c0	pseudocode/01261_sub_6d56c0.dartpseudo	ir/01261_sub_6d56c0.json	asm/01261_sub_6d56c0.s
1262	sub_6d5b00	pseudocode/01262_sub_6d5b00.dartpseudo	ir/01262_sub_6d5b00.json	asm/01262_sub_6d5b00.s
1263	sub_6d5f40	pseudocode/01263_sub_6d5f40.dartpseudo	ir/01263_sub_6d5f40.json	asm/01263_sub_6d5f40.s
1264	sub_6d6474	pseudocode/01264_sub_6d6474.dartpseudo	ir/01264_sub_6d6474.json	asm/01264_sub_6d6474.s
1265	sub_6d6510	pseudocode/01265_sub_6d6510.dartpseudo	ir/01265_sub_6d6510.json	asm/01265_sub_6d6510.s
1266	sub_6d66cc	pseudocode/01266_sub_6d66cc.dartpseudo	ir/01266_sub_6d66cc.json	asm/01266_sub_6d66cc.s
1267	sub_6d6bd0	pseudocode/01267_sub_6d6bd0.dartpseudo	ir/01267_sub_6d6bd0.json	asm/01267_sub_6d6bd0.s
1268	sub_6d7124	pseudocode/01268_sub_6d7124.dartpseudo	ir/01268_sub_6d7124.json	asm/01268_sub_6d7124.s
1269	sub_6d7564	pseudocode/01269_sub_6d7564.dartpseudo	ir/01269_sub_6d7564.json	asm/01269_sub_6d7564.s
1270	sub_6d7cd8	pseudocode/01270_sub_6d7cd8.dartpseudo	ir/01270_sub_6d7cd8.json	asm/01270_sub_6d7cd8.s
1271	sub_6d7e10	pseudocode/01271_sub_6d7e10.dartpseudo	ir/01271_sub_6d7e10.json	asm/01271_sub_6d7e10.s
1272	sub_6d815c	pseudocode/01272_sub_6d815c.dartpseudo	ir/01272_sub_6d815c.json	asm/01272_sub_6d815c.s
1273	sub_6d8fc0	pseudocode/01273_sub_6d8fc0.dartpseudo	ir/01273_sub_6d8fc0.json	asm/01273_sub_6d8fc0.s
1274	sub_6d9540	pseudocode/01274_sub_6d9540.dartpseudo	ir/01274_sub_6d9540.json	asm/01274_sub_6d9540.s
1275	sub_6d987c	pseudocode/01275_sub_6d987c.dartpseudo	ir/01275_sub_6d987c.json	asm/01275_sub_6d987c.s
1276	sub_6d9dac	pseudocode/01276_sub_6d9dac.dartpseudo	ir/01276_sub_6d9dac.json	asm/01276_sub_6d9dac.s
1277	sub_6da32c	pseudocode/01277_sub_6da32c.dartpseudo	ir/01277_sub_6da32c.json	asm/01277_sub_6da32c.s
1278	sub_6da4c8	pseudocode/01278_sub_6da4c8.dartpseudo	ir/01278_sub_6da4c8.json	asm/01278_sub_6da4c8.s
1279	sub_6daa48	pseudocode/01279_sub_6daa48.dartpseudo	ir/01279_sub_6daa48.json	asm/01279_sub_6daa48.s
1280	sub_6dad84	pseudocode/01280_sub_6dad84.dartpseudo	ir/01280_sub_6dad84.json	asm/01280_sub_6dad84.s
1281	sub_6db314	pseudocode/01281_sub_6db314.dartpseudo	ir/01281_sub_6db314.json	asm/01281_sub_6db314.s
1282	sub_6db750	pseudocode/01282_sub_6db750.dartpseudo	ir/01282_sub_6db750.json	asm/01282_sub_6db750.s
1283	sub_6dbcd0	pseudocode/01283_sub_6dbcd0.dartpseudo	ir/01283_sub_6dbcd0.json	asm/01283_sub_6dbcd0.s
1284	sub_6dc250	pseudocode/01284_sub_6dc250.dartpseudo	ir/01284_sub_6dc250.json	asm/01284_sub_6dc250.s
1285	sub_6dc4f0	pseudocode/01285_sub_6dc4f0.dartpseudo	ir/01285_sub_6dc4f0.json	asm/01285_sub_6dc4f0.s
1286	sub_6dcfe8	pseudocode/01286_sub_6dcfe8.dartpseudo	ir/01286_sub_6dcfe8.json	asm/01286_sub_6dcfe8.s
1287	sub_6dd400	pseudocode/01287_sub_6dd400.dartpseudo	ir/01287_sub_6dd400.json	asm/01287_sub_6dd400.s
1288	sub_6dd930	pseudocode/01288_sub_6dd930.dartpseudo	ir/01288_sub_6dd930.json	asm/01288_sub_6dd930.s
1289	sub_6dda3c	pseudocode/01289_sub_6dda3c.dartpseudo	ir/01289_sub_6dda3c.json	asm/01289_sub_6dda3c.s
1290	sub_6ddcd8	pseudocode/01290_sub_6ddcd8.dartpseudo	ir/01290_sub_6ddcd8.json	asm/01290_sub_6ddcd8.s
1291	sub_6ddf20	pseudocode/01291_sub_6ddf20.dartpseudo	ir/01291_sub_6ddf20.json	asm/01291_sub_6ddf20.s
1292	sub_6ddfc4	pseudocode/01292_sub_6ddfc4.dartpseudo	ir/01292_sub_6ddfc4.json	asm/01292_sub_6ddfc4.s
1293	sub_6de09c	pseudocode/01293_sub_6de09c.dartpseudo	ir/01293_sub_6de09c.json	asm/01293_sub_6de09c.s
1294	sub_6de604	pseudocode/01294_sub_6de604.dartpseudo	ir/01294_sub_6de604.json	asm/01294_sub_6de604.s
1295	sub_6de7f0	pseudocode/01295_sub_6de7f0.dartpseudo	ir/01295_sub_6de7f0.json	asm/01295_sub_6de7f0.s
1296	sub_6de898	pseudocode/01296_sub_6de898.dartpseudo	ir/01296_sub_6de898.json	asm/01296_sub_6de898.s
1297	sub_6dea50	pseudocode/01297_sub_6dea50.dartpseudo	ir/01297_sub_6dea50.json	asm/01297_sub_6dea50.s
1298	sub_6dec5c	pseudocode/01298_sub_6dec5c.dartpseudo	ir/01298_sub_6dec5c.json	asm/01298_sub_6dec5c.s
1299	sub_6df240	pseudocode/01299_sub_6df240.dartpseudo	ir/01299_sub_6df240.json	asm/01299_sub_6df240.s
1300	sub_6df29c	pseudocode/01300_sub_6df29c.dartpseudo	ir/01300_sub_6df29c.json	asm/01300_sub_6df29c.s
1301	sub_6df3c4	pseudocode/01301_sub_6df3c4.dartpseudo	ir/01301_sub_6df3c4.json	asm/01301_sub_6df3c4.s
1302	sub_6df5d0	pseudocode/01302_sub_6df5d0.dartpseudo	ir/01302_sub_6df5d0.json	asm/01302_sub_6df5d0.s
1303	sub_6df7d8	pseudocode/01303_sub_6df7d8.dartpseudo	ir/01303_sub_6df7d8.json	asm/01303_sub_6df7d8.s
1304	sub_6df97c	pseudocode/01304_sub_6df97c.dartpseudo	ir/01304_sub_6df97c.json	asm/01304_sub_6df97c.s
1305	sub_6dfaa8	pseudocode/01305_sub_6dfaa8.dartpseudo	ir/01305_sub_6dfaa8.json	asm/01305_sub_6dfaa8.s
1306	sub_6dfafc	pseudocode/01306_sub_6dfafc.dartpseudo	ir/01306_sub_6dfafc.json	asm/01306_sub_6dfafc.s
1307	sub_6dfbac	pseudocode/01307_sub_6dfbac.dartpseudo	ir/01307_sub_6dfbac.json	asm/01307_sub_6dfbac.s
1308	sub_6dfc50	pseudocode/01308_sub_6dfc50.dartpseudo	ir/01308_sub_6dfc50.json	asm/01308_sub_6dfc50.s
1309	sub_6dfc5c	pseudocode/01309_sub_6dfc5c.dartpseudo	ir/01309_sub_6dfc5c.json	asm/01309_sub_6dfc5c.s
1310	sub_6dfd5c	pseudocode/01310_sub_6dfd5c.dartpseudo	ir/01310_sub_6dfd5c.json	asm/01310_sub_6dfd5c.s
1311	sub_6dff44	pseudocode/01311_sub_6dff44.dartpseudo	ir/01311_sub_6dff44.json	asm/01311_sub_6dff44.s
1312	sub_6e00e0	pseudocode/01312_sub_6e00e0.dartpseudo	ir/01312_sub_6e00e0.json	asm/01312_sub_6e00e0.s
1313	sub_6e01fc	pseudocode/01313_sub_6e01fc.dartpseudo	ir/01313_sub_6e01fc.json	asm/01313_sub_6e01fc.s
1314	sub_6e0450	pseudocode/01314_sub_6e0450.dartpseudo	ir/01314_sub_6e0450.json	asm/01314_sub_6e0450.s
1315	sub_6e0660	pseudocode/01315_sub_6e0660.dartpseudo	ir/01315_sub_6e0660.json	asm/01315_sub_6e0660.s
1316	sub_6e0788	pseudocode/01316_sub_6e0788.dartpseudo	ir/01316_sub_6e0788.json	asm/01316_sub_6e0788.s
1317	sub_6e09ac	pseudocode/01317_sub_6e09ac.dartpseudo	ir/01317_sub_6e09ac.json	asm/01317_sub_6e09ac.s
1318	sub_6e0ca4	pseudocode/01318_sub_6e0ca4.dartpseudo	ir/01318_sub_6e0ca4.json	asm/01318_sub_6e0ca4.s
1319	sub_6e1000	pseudocode/01319_sub_6e1000.dartpseudo	ir/01319_sub_6e1000.json	asm/01319_sub_6e1000.s
1320	sub_6e1078	pseudocode/01320_sub_6e1078.dartpseudo	ir/01320_sub_6e1078.json	asm/01320_sub_6e1078.s
1321	sub_6e11ec	pseudocode/01321_sub_6e11ec.dartpseudo	ir/01321_sub_6e11ec.json	asm/01321_sub_6e11ec.s
1322	sub_6e144c	pseudocode/01322_sub_6e144c.dartpseudo	ir/01322_sub_6e144c.json	asm/01322_sub_6e144c.s
1323	sub_6e1514	pseudocode/01323_sub_6e1514.dartpseudo	ir/01323_sub_6e1514.json	asm/01323_sub_6e1514.s
1324	sub_6e1584	pseudocode/01324_sub_6e1584.dartpseudo	ir/01324_sub_6e1584.json	asm/01324_sub_6e1584.s
1325	sub_6e16b4	pseudocode/01325_sub_6e16b4.dartpseudo	ir/01325_sub_6e16b4.json	asm/01325_sub_6e16b4.s
1326	sub_6e178c	pseudocode/01326_sub_6e178c.dartpseudo	ir/01326_sub_6e178c.json	asm/01326_sub_6e178c.s
1327	sub_6e1c00	pseudocode/01327_sub_6e1c00.dartpseudo	ir/01327_sub_6e1c00.json	asm/01327_sub_6e1c00.s
1328	sub_6e1c0c	pseudocode/01328_sub_6e1c0c.dartpseudo	ir/01328_sub_6e1c0c.json	asm/01328_sub_6e1c0c.s
1329	sub_6e1c8c	pseudocode/01329_sub_6e1c8c.dartpseudo	ir/01329_sub_6e1c8c.json	asm/01329_sub_6e1c8c.s
1330	sub_6e201c	pseudocode/01330_sub_6e201c.dartpseudo	ir/01330_sub_6e201c.json	asm/01330_sub_6e201c.s
1331	sub_6e20e4	pseudocode/01331_sub_6e20e4.dartpseudo	ir/01331_sub_6e20e4.json	asm/01331_sub_6e20e4.s
1332	sub_6e246c	pseudocode/01332_sub_6e246c.dartpseudo	ir/01332_sub_6e246c.json	asm/01332_sub_6e246c.s
1333	sub_6e28e8	pseudocode/01333_sub_6e28e8.dartpseudo	ir/01333_sub_6e28e8.json	asm/01333_sub_6e28e8.s
1334	sub_6e2a28	pseudocode/01334_sub_6e2a28.dartpseudo	ir/01334_sub_6e2a28.json	asm/01334_sub_6e2a28.s
1335	sub_6e3060	pseudocode/01335_sub_6e3060.dartpseudo	ir/01335_sub_6e3060.json	asm/01335_sub_6e3060.s
1336	sub_6e306c	pseudocode/01336_sub_6e306c.dartpseudo	ir/01336_sub_6e306c.json	asm/01336_sub_6e306c.s
1337	sub_6e3454	pseudocode/01337_sub_6e3454.dartpseudo	ir/01337_sub_6e3454.json	asm/01337_sub_6e3454.s
1338	sub_6e37d8	pseudocode/01338_sub_6e37d8.dartpseudo	ir/01338_sub_6e37d8.json	asm/01338_sub_6e37d8.s
1339	sub_6e3b58	pseudocode/01339_sub_6e3b58.dartpseudo	ir/01339_sub_6e3b58.json	asm/01339_sub_6e3b58.s
1340	sub_6e3b94	pseudocode/01340_sub_6e3b94.dartpseudo	ir/01340_sub_6e3b94.json	asm/01340_sub_6e3b94.s
1341	sub_6e4a50	pseudocode/01341_sub_6e4a50.dartpseudo	ir/01341_sub_6e4a50.json	asm/01341_sub_6e4a50.s
1342	sub_6e4b38	pseudocode/01342_sub_6e4b38.dartpseudo	ir/01342_sub_6e4b38.json	asm/01342_sub_6e4b38.s
1343	sub_6e4c6c	pseudocode/01343_sub_6e4c6c.dartpseudo	ir/01343_sub_6e4c6c.json	asm/01343_sub_6e4c6c.s
1344	sub_6e5144	pseudocode/01344_sub_6e5144.dartpseudo	ir/01344_sub_6e5144.json	asm/01344_sub_6e5144.s
1345	sub_6e5150	pseudocode/01345_sub_6e5150.dartpseudo	ir/01345_sub_6e5150.json	asm/01345_sub_6e5150.s
1346	sub_6e541c	pseudocode/01346_sub_6e541c.dartpseudo	ir/01346_sub_6e541c.json	asm/01346_sub_6e541c.s
1347	sub_6e54c4	pseudocode/01347_sub_6e54c4.dartpseudo	ir/01347_sub_6e54c4.json	asm/01347_sub_6e54c4.s
1348	sub_6e5538	pseudocode/01348_sub_6e5538.dartpseudo	ir/01348_sub_6e5538.json	asm/01348_sub_6e5538.s
1349	sub_6e59bc	pseudocode/01349_sub_6e59bc.dartpseudo	ir/01349_sub_6e59bc.json	asm/01349_sub_6e59bc.s
1350	sub_6e5d34	pseudocode/01350_sub_6e5d34.dartpseudo	ir/01350_sub_6e5d34.json	asm/01350_sub_6e5d34.s
1351	sub_6e612c	pseudocode/01351_sub_6e612c.dartpseudo	ir/01351_sub_6e612c.json	asm/01351_sub_6e612c.s
1352	sub_6e6190	pseudocode/01352_sub_6e6190.dartpseudo	ir/01352_sub_6e6190.json	asm/01352_sub_6e6190.s
1353	sub_6e62e4	pseudocode/01353_sub_6e62e4.dartpseudo	ir/01353_sub_6e62e4.json	asm/01353_sub_6e62e4.s
1354	sub_6e6478	pseudocode/01354_sub_6e6478.dartpseudo	ir/01354_sub_6e6478.json	asm/01354_sub_6e6478.s
1355	sub_6e7610	pseudocode/01355_sub_6e7610.dartpseudo	ir/01355_sub_6e7610.json	asm/01355_sub_6e7610.s
1356	sub_6e7670	pseudocode/01356_sub_6e7670.dartpseudo	ir/01356_sub_6e7670.json	asm/01356_sub_6e7670.s
1357	sub_6e79d8	pseudocode/01357_sub_6e79d8.dartpseudo	ir/01357_sub_6e79d8.json	asm/01357_sub_6e79d8.s
1358	sub_6e7fdc	pseudocode/01358_sub_6e7fdc.dartpseudo	ir/01358_sub_6e7fdc.json	asm/01358_sub_6e7fdc.s
1359	sub_6e8754	pseudocode/01359_sub_6e8754.dartpseudo	ir/01359_sub_6e8754.json	asm/01359_sub_6e8754.s
1360	sub_6e8cf0	pseudocode/01360_sub_6e8cf0.dartpseudo	ir/01360_sub_6e8cf0.json	asm/01360_sub_6e8cf0.s
1361	sub_6ea31c	pseudocode/01361_sub_6ea31c.dartpseudo	ir/01361_sub_6ea31c.json	asm/01361_sub_6ea31c.s
1362	sub_6eb1f4	pseudocode/01362_sub_6eb1f4.dartpseudo	ir/01362_sub_6eb1f4.json	asm/01362_sub_6eb1f4.s
1363	sub_6eb218	pseudocode/01363_sub_6eb218.dartpseudo	ir/01363_sub_6eb218.json	asm/01363_sub_6eb218.s
1364	sub_6eb9b8	pseudocode/01364_sub_6eb9b8.dartpseudo	ir/01364_sub_6eb9b8.json	asm/01364_sub_6eb9b8.s
1365	sub_6ebf04	pseudocode/01365_sub_6ebf04.dartpseudo	ir/01365_sub_6ebf04.json	asm/01365_sub_6ebf04.s
1366	sub_6ebf10	pseudocode/01366_sub_6ebf10.dartpseudo	ir/01366_sub_6ebf10.json	asm/01366_sub_6ebf10.s
1367	sub_6ec2f0	pseudocode/01367_sub_6ec2f0.dartpseudo	ir/01367_sub_6ec2f0.json	asm/01367_sub_6ec2f0.s
1368	sub_6ec844	pseudocode/01368_sub_6ec844.dartpseudo	ir/01368_sub_6ec844.json	asm/01368_sub_6ec844.s
1369	sub_6ed800	pseudocode/01369_sub_6ed800.dartpseudo	ir/01369_sub_6ed800.json	asm/01369_sub_6ed800.s
1370	sub_6ee000	pseudocode/01370_sub_6ee000.dartpseudo	ir/01370_sub_6ee000.json	asm/01370_sub_6ee000.s
1371	sub_6ee658	pseudocode/01371_sub_6ee658.dartpseudo	ir/01371_sub_6ee658.json	asm/01371_sub_6ee658.s
1372	sub_6ee9c8	pseudocode/01372_sub_6ee9c8.dartpseudo	ir/01372_sub_6ee9c8.json	asm/01372_sub_6ee9c8.s
1373	sub_6eed58	pseudocode/01373_sub_6eed58.dartpseudo	ir/01373_sub_6eed58.json	asm/01373_sub_6eed58.s
1374	sub_6eeed4	pseudocode/01374_sub_6eeed4.dartpseudo	ir/01374_sub_6eeed4.json	asm/01374_sub_6eeed4.s
1375	sub_6ef2ac	pseudocode/01375_sub_6ef2ac.dartpseudo	ir/01375_sub_6ef2ac.json	asm/01375_sub_6ef2ac.s
1376	sub_6ef354	pseudocode/01376_sub_6ef354.dartpseudo	ir/01376_sub_6ef354.json	asm/01376_sub_6ef354.s
1377	sub_6ef4dc	pseudocode/01377_sub_6ef4dc.dartpseudo	ir/01377_sub_6ef4dc.json	asm/01377_sub_6ef4dc.s
1378	sub_6efba4	pseudocode/01378_sub_6efba4.dartpseudo	ir/01378_sub_6efba4.json	asm/01378_sub_6efba4.s
1379	sub_6f0208	pseudocode/01379_sub_6f0208.dartpseudo	ir/01379_sub_6f0208.json	asm/01379_sub_6f0208.s
1380	sub_6f02f8	pseudocode/01380_sub_6f02f8.dartpseudo	ir/01380_sub_6f02f8.json	asm/01380_sub_6f02f8.s
1381	sub_6f0750	pseudocode/01381_sub_6f0750.dartpseudo	ir/01381_sub_6f0750.json	asm/01381_sub_6f0750.s
1382	sub_6f0878	pseudocode/01382_sub_6f0878.dartpseudo	ir/01382_sub_6f0878.json	asm/01382_sub_6f0878.s
1383	sub_6f0b08	pseudocode/01383_sub_6f0b08.dartpseudo	ir/01383_sub_6f0b08.json	asm/01383_sub_6f0b08.s
1384	sub_6f0b14	pseudocode/01384_sub_6f0b14.dartpseudo	ir/01384_sub_6f0b14.json	asm/01384_sub_6f0b14.s
1385	sub_6f0b20	pseudocode/01385_sub_6f0b20.dartpseudo	ir/01385_sub_6f0b20.json	asm/01385_sub_6f0b20.s
1386	sub_6f0b2c	pseudocode/01386_sub_6f0b2c.dartpseudo	ir/01386_sub_6f0b2c.json	asm/01386_sub_6f0b2c.s
1387	sub_6f0ddc	pseudocode/01387_sub_6f0ddc.dartpseudo	ir/01387_sub_6f0ddc.json	asm/01387_sub_6f0ddc.s
1388	sub_6f0f90	pseudocode/01388_sub_6f0f90.dartpseudo	ir/01388_sub_6f0f90.json	asm/01388_sub_6f0f90.s
1389	sub_6f1080	pseudocode/01389_sub_6f1080.dartpseudo	ir/01389_sub_6f1080.json	asm/01389_sub_6f1080.s
1390	sub_6f15f0	pseudocode/01390_sub_6f15f0.dartpseudo	ir/01390_sub_6f15f0.json	asm/01390_sub_6f15f0.s
1391	sub_726a58	pseudocode/01391_sub_726a58.dartpseudo	ir/01391_sub_726a58.json	asm/01391_sub_726a58.s
1392	sub_726bc4	pseudocode/01392_sub_726bc4.dartpseudo	ir/01392_sub_726bc4.json	asm/01392_sub_726bc4.s
1393	sub_7283f8	pseudocode/01393_sub_7283f8.dartpseudo	ir/01393_sub_7283f8.json	asm/01393_sub_7283f8.s
1394	sub_728404	pseudocode/01394_sub_728404.dartpseudo	ir/01394_sub_728404.json	asm/01394_sub_728404.s
1395	sub_728410	pseudocode/01395_sub_728410.dartpseudo	ir/01395_sub_728410.json	asm/01395_sub_728410.s
1396	sub_72841c	pseudocode/01396_sub_72841c.dartpseudo	ir/01396_sub_72841c.json	asm/01396_sub_72841c.s
1397	sub_728428	pseudocode/01397_sub_728428.dartpseudo	ir/01397_sub_728428.json	asm/01397_sub_728428.s
1398	sub_728434	pseudocode/01398_sub_728434.dartpseudo	ir/01398_sub_728434.json	asm/01398_sub_728434.s
1399	sub_728440	pseudocode/01399_sub_728440.dartpseudo	ir/01399_sub_728440.json	asm/01399_sub_728440.s
1400	sub_72844c	pseudocode/01400_sub_72844c.dartpseudo	ir/01400_sub_72844c.json	asm/01400_sub_72844c.s
1401	sub_728458	pseudocode/01401_sub_728458.dartpseudo	ir/01401_sub_728458.json	asm/01401_sub_728458.s
1402	sub_728464	pseudocode/01402_sub_728464.dartpseudo	ir/01402_sub_728464.json	asm/01402_sub_728464.s
1403	sub_728470	pseudocode/01403_sub_728470.dartpseudo	ir/01403_sub_728470.json	asm/01403_sub_728470.s
1404	sub_72847c	pseudocode/01404_sub_72847c.dartpseudo	ir/01404_sub_72847c.json	asm/01404_sub_72847c.s
1405	sub_728488	pseudocode/01405_sub_728488.dartpseudo	ir/01405_sub_728488.json	asm/01405_sub_728488.s
1406	sub_728494	pseudocode/01406_sub_728494.dartpseudo	ir/01406_sub_728494.json	asm/01406_sub_728494.s
1407	sub_7284a0	pseudocode/01407_sub_7284a0.dartpseudo	ir/01407_sub_7284a0.json	asm/01407_sub_7284a0.s
1408	sub_7284ac	pseudocode/01408_sub_7284ac.dartpseudo	ir/01408_sub_7284ac.json	asm/01408_sub_7284ac.s
1409	sub_7284b8	pseudocode/01409_sub_7284b8.dartpseudo	ir/01409_sub_7284b8.json	asm/01409_sub_7284b8.s
1410	sub_7284c4	pseudocode/01410_sub_7284c4.dartpseudo	ir/01410_sub_7284c4.json	asm/01410_sub_7284c4.s
1411	sub_7284d0	pseudocode/01411_sub_7284d0.dartpseudo	ir/01411_sub_7284d0.json	asm/01411_sub_7284d0.s
1412	sub_7284dc	pseudocode/01412_sub_7284dc.dartpseudo	ir/01412_sub_7284dc.json	asm/01412_sub_7284dc.s
1413	sub_7284e8	pseudocode/01413_sub_7284e8.dartpseudo	ir/01413_sub_7284e8.json	asm/01413_sub_7284e8.s
1414	sub_7284f4	pseudocode/01414_sub_7284f4.dartpseudo	ir/01414_sub_7284f4.json	asm/01414_sub_7284f4.s
1415	sub_728500	pseudocode/01415_sub_728500.dartpseudo	ir/01415_sub_728500.json	asm/01415_sub_728500.s
1416	sub_72850c	pseudocode/01416_sub_72850c.dartpseudo	ir/01416_sub_72850c.json	asm/01416_sub_72850c.s
1417	sub_728518	pseudocode/01417_sub_728518.dartpseudo	ir/01417_sub_728518.json	asm/01417_sub_728518.s
1418	sub_728524	pseudocode/01418_sub_728524.dartpseudo	ir/01418_sub_728524.json	asm/01418_sub_728524.s
1419	sub_728530	pseudocode/01419_sub_728530.dartpseudo	ir/01419_sub_728530.json	asm/01419_sub_728530.s
1420	sub_72853c	pseudocode/01420_sub_72853c.dartpseudo	ir/01420_sub_72853c.json	asm/01420_sub_72853c.s
1421	sub_728548	pseudocode/01421_sub_728548.dartpseudo	ir/01421_sub_728548.json	asm/01421_sub_728548.s
1422	sub_728554	pseudocode/01422_sub_728554.dartpseudo	ir/01422_sub_728554.json	asm/01422_sub_728554.s
1423	sub_728560	pseudocode/01423_sub_728560.dartpseudo	ir/01423_sub_728560.json	asm/01423_sub_728560.s
1424	sub_72856c	pseudocode/01424_sub_72856c.dartpseudo	ir/01424_sub_72856c.json	asm/01424_sub_72856c.s
1425	sub_728578	pseudocode/01425_sub_728578.dartpseudo	ir/01425_sub_728578.json	asm/01425_sub_728578.s
1426	sub_728584	pseudocode/01426_sub_728584.dartpseudo	ir/01426_sub_728584.json	asm/01426_sub_728584.s
1427	sub_728590	pseudocode/01427_sub_728590.dartpseudo	ir/01427_sub_728590.json	asm/01427_sub_728590.s
1428	sub_72859c	pseudocode/01428_sub_72859c.dartpseudo	ir/01428_sub_72859c.json	asm/01428_sub_72859c.s
1429	sub_7285a8	pseudocode/01429_sub_7285a8.dartpseudo	ir/01429_sub_7285a8.json	asm/01429_sub_7285a8.s
1430	sub_7285b4	pseudocode/01430_sub_7285b4.dartpseudo	ir/01430_sub_7285b4.json	asm/01430_sub_7285b4.s
1431	sub_7285c0	pseudocode/01431_sub_7285c0.dartpseudo	ir/01431_sub_7285c0.json	asm/01431_sub_7285c0.s
1432	sub_7285cc	pseudocode/01432_sub_7285cc.dartpseudo	ir/01432_sub_7285cc.json	asm/01432_sub_7285cc.s
1433	sub_7285d8	pseudocode/01433_sub_7285d8.dartpseudo	ir/01433_sub_7285d8.json	asm/01433_sub_7285d8.s
1434	sub_7285e4	pseudocode/01434_sub_7285e4.dartpseudo	ir/01434_sub_7285e4.json	asm/01434_sub_7285e4.s
1435	sub_7285f0	pseudocode/01435_sub_7285f0.dartpseudo	ir/01435_sub_7285f0.json	asm/01435_sub_7285f0.s
1436	sub_7285fc	pseudocode/01436_sub_7285fc.dartpseudo	ir/01436_sub_7285fc.json	asm/01436_sub_7285fc.s
1437	sub_728608	pseudocode/01437_sub_728608.dartpseudo	ir/01437_sub_728608.json	asm/01437_sub_728608.s
1438	sub_728614	pseudocode/01438_sub_728614.dartpseudo	ir/01438_sub_728614.json	asm/01438_sub_728614.s
1439	sub_728620	pseudocode/01439_sub_728620.dartpseudo	ir/01439_sub_728620.json	asm/01439_sub_728620.s
1440	sub_72862c	pseudocode/01440_sub_72862c.dartpseudo	ir/01440_sub_72862c.json	asm/01440_sub_72862c.s
1441	sub_728638	pseudocode/01441_sub_728638.dartpseudo	ir/01441_sub_728638.json	asm/01441_sub_728638.s
1442	sub_728644	pseudocode/01442_sub_728644.dartpseudo	ir/01442_sub_728644.json	asm/01442_sub_728644.s
1443	sub_728650	pseudocode/01443_sub_728650.dartpseudo	ir/01443_sub_728650.json	asm/01443_sub_728650.s
1444	sub_72865c	pseudocode/01444_sub_72865c.dartpseudo	ir/01444_sub_72865c.json	asm/01444_sub_72865c.s
1445	sub_728668	pseudocode/01445_sub_728668.dartpseudo	ir/01445_sub_728668.json	asm/01445_sub_728668.s
1446	sub_7287a8	pseudocode/01446_sub_7287a8.dartpseudo	ir/01446_sub_7287a8.json	asm/01446_sub_7287a8.s
1447	sub_7287d0	pseudocode/01447_sub_7287d0.dartpseudo	ir/01447_sub_7287d0.json	asm/01447_sub_7287d0.s
1448	sub_76020c	pseudocode/01448_sub_76020c.dartpseudo	ir/01448_sub_76020c.json	asm/01448_sub_76020c.s
1449	sub_76046c	pseudocode/01449_sub_76046c.dartpseudo	ir/01449_sub_76046c.json	asm/01449_sub_76046c.s
1450	sub_760b30	pseudocode/01450_sub_760b30.dartpseudo	ir/01450_sub_760b30.json	asm/01450_sub_760b30.s
1451	sub_760ea0	pseudocode/01451_sub_760ea0.dartpseudo	ir/01451_sub_760ea0.json	asm/01451_sub_760ea0.s
1452	sub_76156c	pseudocode/01452_sub_76156c.dartpseudo	ir/01452_sub_76156c.json	asm/01452_sub_76156c.s
1453	sub_761888	pseudocode/01453_sub_761888.dartpseudo	ir/01453_sub_761888.json	asm/01453_sub_761888.s
1454	sub_7632d0	pseudocode/01454_sub_7632d0.dartpseudo	ir/01454_sub_7632d0.json	asm/01454_sub_7632d0.s
1455	sub_7634d8	pseudocode/01455_sub_7634d8.dartpseudo	ir/01455_sub_7634d8.json	asm/01455_sub_7634d8.s
1456	sub_763760	pseudocode/01456_sub_763760.dartpseudo	ir/01456_sub_763760.json	asm/01456_sub_763760.s
1457	sub_7639d8	pseudocode/01457_sub_7639d8.dartpseudo	ir/01457_sub_7639d8.json	asm/01457_sub_7639d8.s
1458	sub_764164	pseudocode/01458_sub_764164.dartpseudo	ir/01458_sub_764164.json	asm/01458_sub_764164.s
1459	sub_7642c4	pseudocode/01459_sub_7642c4.dartpseudo	ir/01459_sub_7642c4.json	asm/01459_sub_7642c4.s
1460	sub_764530	pseudocode/01460_sub_764530.dartpseudo	ir/01460_sub_764530.json	asm/01460_sub_764530.s
1461	sub_764b94	pseudocode/01461_sub_764b94.dartpseudo	ir/01461_sub_764b94.json	asm/01461_sub_764b94.s
1462	sub_765acc	pseudocode/01462_sub_765acc.dartpseudo	ir/01462_sub_765acc.json	asm/01462_sub_765acc.s
1463	sub_767010	pseudocode/01463_sub_767010.dartpseudo	ir/01463_sub_767010.json	asm/01463_sub_767010.s
1464	sub_767188	pseudocode/01464_sub_767188.dartpseudo	ir/01464_sub_767188.json	asm/01464_sub_767188.s
1465	sub_767fe8	pseudocode/01465_sub_767fe8.dartpseudo	ir/01465_sub_767fe8.json	asm/01465_sub_767fe8.s
1466	sub_7683f8	pseudocode/01466_sub_7683f8.dartpseudo	ir/01466_sub_7683f8.json	asm/01466_sub_7683f8.s
1467	sub_7685d4	pseudocode/01467_sub_7685d4.dartpseudo	ir/01467_sub_7685d4.json	asm/01467_sub_7685d4.s
1468	sub_7686b8	pseudocode/01468_sub_7686b8.dartpseudo	ir/01468_sub_7686b8.json	asm/01468_sub_7686b8.s
1469	sub_768e18	pseudocode/01469_sub_768e18.dartpseudo	ir/01469_sub_768e18.json	asm/01469_sub_768e18.s
1470	sub_768ef8	pseudocode/01470_sub_768ef8.dartpseudo	ir/01470_sub_768ef8.json	asm/01470_sub_768ef8.s
1471	sub_768f78	pseudocode/01471_sub_768f78.dartpseudo	ir/01471_sub_768f78.json	asm/01471_sub_768f78.s
1472	sub_7690a4	pseudocode/01472_sub_7690a4.dartpseudo	ir/01472_sub_7690a4.json	asm/01472_sub_7690a4.s
1473	sub_769168	pseudocode/01473_sub_769168.dartpseudo	ir/01473_sub_769168.json	asm/01473_sub_769168.s
1474	sub_769230	pseudocode/01474_sub_769230.dartpseudo	ir/01474_sub_769230.json	asm/01474_sub_769230.s
1475	sub_7695ec	pseudocode/01475_sub_7695ec.dartpseudo	ir/01475_sub_7695ec.json	asm/01475_sub_7695ec.s
1476	sub_76961c	pseudocode/01476_sub_76961c.dartpseudo	ir/01476_sub_76961c.json	asm/01476_sub_76961c.s
1477	sub_769780	pseudocode/01477_sub_769780.dartpseudo	ir/01477_sub_769780.json	asm/01477_sub_769780.s
1478	sub_769998	pseudocode/01478_sub_769998.dartpseudo	ir/01478_sub_769998.json	asm/01478_sub_769998.s
1479	sub_769c74	pseudocode/01479_sub_769c74.dartpseudo	ir/01479_sub_769c74.json	asm/01479_sub_769c74.s
1480	sub_769dd0	pseudocode/01480_sub_769dd0.dartpseudo	ir/01480_sub_769dd0.json	asm/01480_sub_769dd0.s
1481	sub_769fe4	pseudocode/01481_sub_769fe4.dartpseudo	ir/01481_sub_769fe4.json	asm/01481_sub_769fe4.s
1482	sub_76a204	pseudocode/01482_sub_76a204.dartpseudo	ir/01482_sub_76a204.json	asm/01482_sub_76a204.s
1483	sub_76a504	pseudocode/01483_sub_76a504.dartpseudo	ir/01483_sub_76a504.json	asm/01483_sub_76a504.s
1484	sub_76a668	pseudocode/01484_sub_76a668.dartpseudo	ir/01484_sub_76a668.json	asm/01484_sub_76a668.s
1485	sub_76a84c	pseudocode/01485_sub_76a84c.dartpseudo	ir/01485_sub_76a84c.json	asm/01485_sub_76a84c.s
1486	sub_76aaf0	pseudocode/01486_sub_76aaf0.dartpseudo	ir/01486_sub_76aaf0.json	asm/01486_sub_76aaf0.s
1487	sub_76ac54	pseudocode/01487_sub_76ac54.dartpseudo	ir/01487_sub_76ac54.json	asm/01487_sub_76ac54.s
1488	sub_76af4c	pseudocode/01488_sub_76af4c.dartpseudo	ir/01488_sub_76af4c.json	asm/01488_sub_76af4c.s
1489	sub_76b0b0	pseudocode/01489_sub_76b0b0.dartpseudo	ir/01489_sub_76b0b0.json	asm/01489_sub_76b0b0.s
1490	sub_76b3ac	pseudocode/01490_sub_76b3ac.dartpseudo	ir/01490_sub_76b3ac.json	asm/01490_sub_76b3ac.s
1491	sub_76b510	pseudocode/01491_sub_76b510.dartpseudo	ir/01491_sub_76b510.json	asm/01491_sub_76b510.s
1492	sub_76b808	pseudocode/01492_sub_76b808.dartpseudo	ir/01492_sub_76b808.json	asm/01492_sub_76b808.s
1493	sub_76b96c	pseudocode/01493_sub_76b96c.dartpseudo	ir/01493_sub_76b96c.json	asm/01493_sub_76b96c.s
1494	sub_76bdb4	pseudocode/01494_sub_76bdb4.dartpseudo	ir/01494_sub_76bdb4.json	asm/01494_sub_76bdb4.s
1495	sub_76bf18	pseudocode/01495_sub_76bf18.dartpseudo	ir/01495_sub_76bf18.json	asm/01495_sub_76bf18.s
1496	sub_76c130	pseudocode/01496_sub_76c130.dartpseudo	ir/01496_sub_76c130.json	asm/01496_sub_76c130.s
1497	sub_76c430	pseudocode/01497_sub_76c430.dartpseudo	ir/01497_sub_76c430.json	asm/01497_sub_76c430.s
1498	sub_76c594	pseudocode/01498_sub_76c594.dartpseudo	ir/01498_sub_76c594.json	asm/01498_sub_76c594.s
1499	sub_76c868	pseudocode/01499_sub_76c868.dartpseudo	ir/01499_sub_76c868.json	asm/01499_sub_76c868.s
1500	sub_76c9cc	pseudocode/01500_sub_76c9cc.dartpseudo	ir/01500_sub_76c9cc.json	asm/01500_sub_76c9cc.s
1501	sub_76cbc0	pseudocode/01501_sub_76cbc0.dartpseudo	ir/01501_sub_76cbc0.json	asm/01501_sub_76cbc0.s
1502	sub_76cde0	pseudocode/01502_sub_76cde0.dartpseudo	ir/01502_sub_76cde0.json	asm/01502_sub_76cde0.s
1503	sub_76d0e0	pseudocode/01503_sub_76d0e0.dartpseudo	ir/01503_sub_76d0e0.json	asm/01503_sub_76d0e0.s
1504	sub_76d244	pseudocode/01504_sub_76d244.dartpseudo	ir/01504_sub_76d244.json	asm/01504_sub_76d244.s
1505	sub_76d438	pseudocode/01505_sub_76d438.dartpseudo	ir/01505_sub_76d438.json	asm/01505_sub_76d438.s
1506	sub_76d658	pseudocode/01506_sub_76d658.dartpseudo	ir/01506_sub_76d658.json	asm/01506_sub_76d658.s
1507	sub_76d878	pseudocode/01507_sub_76d878.dartpseudo	ir/01507_sub_76d878.json	asm/01507_sub_76d878.s
1508	sub_76db78	pseudocode/01508_sub_76db78.dartpseudo	ir/01508_sub_76db78.json	asm/01508_sub_76db78.s
1509	sub_76dcdc	pseudocode/01509_sub_76dcdc.dartpseudo	ir/01509_sub_76dcdc.json	asm/01509_sub_76dcdc.s
1510	sub_76dfd4	pseudocode/01510_sub_76dfd4.dartpseudo	ir/01510_sub_76dfd4.json	asm/01510_sub_76dfd4.s
1511	sub_76e138	pseudocode/01511_sub_76e138.dartpseudo	ir/01511_sub_76e138.json	asm/01511_sub_76e138.s
1512	sub_76e430	pseudocode/01512_sub_76e430.dartpseudo	ir/01512_sub_76e430.json	asm/01512_sub_76e430.s
1513	sub_76e594	pseudocode/01513_sub_76e594.dartpseudo	ir/01513_sub_76e594.json	asm/01513_sub_76e594.s
1514	sub_76e88c	pseudocode/01514_sub_76e88c.dartpseudo	ir/01514_sub_76e88c.json	asm/01514_sub_76e88c.s
1515	sub_76e9f0	pseudocode/01515_sub_76e9f0.dartpseudo	ir/01515_sub_76e9f0.json	asm/01515_sub_76e9f0.s
1516	sub_76ec08	pseudocode/01516_sub_76ec08.dartpseudo	ir/01516_sub_76ec08.json	asm/01516_sub_76ec08.s
1517	sub_76f008	pseudocode/01517_sub_76f008.dartpseudo	ir/01517_sub_76f008.json	asm/01517_sub_76f008.s
1518	sub_76f16c	pseudocode/01518_sub_76f16c.dartpseudo	ir/01518_sub_76f16c.json	asm/01518_sub_76f16c.s
1519	sub_76f360	pseudocode/01519_sub_76f360.dartpseudo	ir/01519_sub_76f360.json	asm/01519_sub_76f360.s
1520	sub_76f628	pseudocode/01520_sub_76f628.dartpseudo	ir/01520_sub_76f628.json	asm/01520_sub_76f628.s
1521	sub_76f78c	pseudocode/01521_sub_76f78c.dartpseudo	ir/01521_sub_76f78c.json	asm/01521_sub_76f78c.s
1522	sub_76fa84	pseudocode/01522_sub_76fa84.dartpseudo	ir/01522_sub_76fa84.json	asm/01522_sub_76fa84.s
1523	sub_76fbe8	pseudocode/01523_sub_76fbe8.dartpseudo	ir/01523_sub_76fbe8.json	asm/01523_sub_76fbe8.s
1524	sub_76febc	pseudocode/01524_sub_76febc.dartpseudo	ir/01524_sub_76febc.json	asm/01524_sub_76febc.s
1525	sub_770020	pseudocode/01525_sub_770020.dartpseudo	ir/01525_sub_770020.json	asm/01525_sub_770020.s
1526	sub_7702f4	pseudocode/01526_sub_7702f4.dartpseudo	ir/01526_sub_7702f4.json	asm/01526_sub_7702f4.s
1527	sub_770458	pseudocode/01527_sub_770458.dartpseudo	ir/01527_sub_770458.json	asm/01527_sub_770458.s
1528	sub_770750	pseudocode/01528_sub_770750.dartpseudo	ir/01528_sub_770750.json	asm/01528_sub_770750.s
1529	sub_7708b4	pseudocode/01529_sub_7708b4.dartpseudo	ir/01529_sub_7708b4.json	asm/01529_sub_7708b4.s
1530	sub_770bac	pseudocode/01530_sub_770bac.dartpseudo	ir/01530_sub_770bac.json	asm/01530_sub_770bac.s
1531	sub_770d10	pseudocode/01531_sub_770d10.dartpseudo	ir/01531_sub_770d10.json	asm/01531_sub_770d10.s
1532	sub_770f88	pseudocode/01532_sub_770f88.dartpseudo	ir/01532_sub_770f88.json	asm/01532_sub_770f88.s
1533	sub_7711a8	pseudocode/01533_sub_7711a8.dartpseudo	ir/01533_sub_7711a8.json	asm/01533_sub_7711a8.s
1534	sub_771738	pseudocode/01534_sub_771738.dartpseudo	ir/01534_sub_771738.json	asm/01534_sub_771738.s
1535	sub_77189c	pseudocode/01535_sub_77189c.dartpseudo	ir/01535_sub_77189c.json	asm/01535_sub_77189c.s
1536	sub_7723a0	pseudocode/01536_sub_7723a0.dartpseudo	ir/01536_sub_7723a0.json	asm/01536_sub_7723a0.s
1537	sub_7725dc	pseudocode/01537_sub_7725dc.dartpseudo	ir/01537_sub_7725dc.json	asm/01537_sub_7725dc.s
1538	sub_772604	pseudocode/01538_sub_772604.dartpseudo	ir/01538_sub_772604.json	asm/01538_sub_772604.s
1539	sub_7726b4	pseudocode/01539_sub_7726b4.dartpseudo	ir/01539_sub_7726b4.json	asm/01539_sub_7726b4.s
1540	sub_772c00	pseudocode/01540_sub_772c00.dartpseudo	ir/01540_sub_772c00.json	asm/01540_sub_772c00.s
1541	sub_773be8	pseudocode/01541_sub_773be8.dartpseudo	ir/01541_sub_773be8.json	asm/01541_sub_773be8.s
1542	sub_773d4c	pseudocode/01542_sub_773d4c.dartpseudo	ir/01542_sub_773d4c.json	asm/01542_sub_773d4c.s
1543	sub_774b58	pseudocode/01543_sub_774b58.dartpseudo	ir/01543_sub_774b58.json	asm/01543_sub_774b58.s
1544	sub_774bfc	pseudocode/01544_sub_774bfc.dartpseudo	ir/01544_sub_774bfc.json	asm/01544_sub_774bfc.s
1545	sub_776a58	pseudocode/01545_sub_776a58.dartpseudo	ir/01545_sub_776a58.json	asm/01545_sub_776a58.s
1546	sub_776b24	pseudocode/01546_sub_776b24.dartpseudo	ir/01546_sub_776b24.json	asm/01546_sub_776b24.s
1547	sub_776c30	pseudocode/01547_sub_776c30.dartpseudo	ir/01547_sub_776c30.json	asm/01547_sub_776c30.s
1548	sub_776d10	pseudocode/01548_sub_776d10.dartpseudo	ir/01548_sub_776d10.json	asm/01548_sub_776d10.s
1549	sub_776e00	pseudocode/01549_sub_776e00.dartpseudo	ir/01549_sub_776e00.json	asm/01549_sub_776e00.s
1550	sub_776eac	pseudocode/01550_sub_776eac.dartpseudo	ir/01550_sub_776eac.json	asm/01550_sub_776eac.s
1551	sub_7781e4	pseudocode/01551_sub_7781e4.dartpseudo	ir/01551_sub_7781e4.json	asm/01551_sub_7781e4.s
1552	sub_792fac	pseudocode/01552_sub_792fac.dartpseudo	ir/01552_sub_792fac.json	asm/01552_sub_792fac.s
1553	sub_793240	pseudocode/01553_sub_793240.dartpseudo	ir/01553_sub_793240.json	asm/01553_sub_793240.s
1554	sub_798470	pseudocode/01554_sub_798470.dartpseudo	ir/01554_sub_798470.json	asm/01554_sub_798470.s
1555	sub_7985ac	pseudocode/01555_sub_7985ac.dartpseudo	ir/01555_sub_7985ac.json	asm/01555_sub_7985ac.s
1556	sub_798648	pseudocode/01556_sub_798648.dartpseudo	ir/01556_sub_798648.json	asm/01556_sub_798648.s
1557	sub_798730	pseudocode/01557_sub_798730.dartpseudo	ir/01557_sub_798730.json	asm/01557_sub_798730.s
1558	sub_7987b0	pseudocode/01558_sub_7987b0.dartpseudo	ir/01558_sub_7987b0.json	asm/01558_sub_7987b0.s
1559	sub_798d9c	pseudocode/01559_sub_798d9c.dartpseudo	ir/01559_sub_798d9c.json	asm/01559_sub_798d9c.s
1560	sub_798e78	pseudocode/01560_sub_798e78.dartpseudo	ir/01560_sub_798e78.json	asm/01560_sub_798e78.s
1561	sub_7991b4	pseudocode/01561_sub_7991b4.dartpseudo	ir/01561_sub_7991b4.json	asm/01561_sub_7991b4.s
1562	sub_799620	pseudocode/01562_sub_799620.dartpseudo	ir/01562_sub_799620.json	asm/01562_sub_799620.s
1563	sub_79962c	pseudocode/01563_sub_79962c.dartpseudo	ir/01563_sub_79962c.json	asm/01563_sub_79962c.s
1564	sub_799714	pseudocode/01564_sub_799714.dartpseudo	ir/01564_sub_799714.json	asm/01564_sub_799714.s
1565	sub_799758	pseudocode/01565_sub_799758.dartpseudo	ir/01565_sub_799758.json	asm/01565_sub_799758.s
1566	sub_799854	pseudocode/01566_sub_799854.dartpseudo	ir/01566_sub_799854.json	asm/01566_sub_799854.s
1567	sub_7998d8	pseudocode/01567_sub_7998d8.dartpseudo	ir/01567_sub_7998d8.json	asm/01567_sub_7998d8.s
1568	sub_799928	pseudocode/01568_sub_799928.dartpseudo	ir/01568_sub_799928.json	asm/01568_sub_799928.s
1569	sub_799d40	pseudocode/01569_sub_799d40.dartpseudo	ir/01569_sub_799d40.json	asm/01569_sub_799d40.s
1570	sub_7a4eec	pseudocode/01570_sub_7a4eec.dartpseudo	ir/01570_sub_7a4eec.json	asm/01570_sub_7a4eec.s
1571	sub_7acda0	pseudocode/01571_sub_7acda0.dartpseudo	ir/01571_sub_7acda0.json	asm/01571_sub_7acda0.s
1572	sub_7ace04	pseudocode/01572_sub_7ace04.dartpseudo	ir/01572_sub_7ace04.json	asm/01572_sub_7ace04.s
1573	sub_7b1a54	pseudocode/01573_sub_7b1a54.dartpseudo	ir/01573_sub_7b1a54.json	asm/01573_sub_7b1a54.s
1574	sub_7b1d14	pseudocode/01574_sub_7b1d14.dartpseudo	ir/01574_sub_7b1d14.json	asm/01574_sub_7b1d14.s
1575	sub_7b1db4	pseudocode/01575_sub_7b1db4.dartpseudo	ir/01575_sub_7b1db4.json	asm/01575_sub_7b1db4.s
1576	sub_7b1e68	pseudocode/01576_sub_7b1e68.dartpseudo	ir/01576_sub_7b1e68.json	asm/01576_sub_7b1e68.s
1577	sub_7b1fcc	pseudocode/01577_sub_7b1fcc.dartpseudo	ir/01577_sub_7b1fcc.json	asm/01577_sub_7b1fcc.s
1578	sub_7b2178	pseudocode/01578_sub_7b2178.dartpseudo	ir/01578_sub_7b2178.json	asm/01578_sub_7b2178.s
1579	sub_7b21d0	pseudocode/01579_sub_7b21d0.dartpseudo	ir/01579_sub_7b21d0.json	asm/01579_sub_7b21d0.s
1580	sub_7b2308	pseudocode/01580_sub_7b2308.dartpseudo	ir/01580_sub_7b2308.json	asm/01580_sub_7b2308.s
1581	sub_7b24a8	pseudocode/01581_sub_7b24a8.dartpseudo	ir/01581_sub_7b24a8.json	asm/01581_sub_7b24a8.s
1582	sub_7b277c	pseudocode/01582_sub_7b277c.dartpseudo	ir/01582_sub_7b277c.json	asm/01582_sub_7b277c.s
1583	sub_7b2c78	pseudocode/01583_sub_7b2c78.dartpseudo	ir/01583_sub_7b2c78.json	asm/01583_sub_7b2c78.s
1584	sub_7b6cd0	pseudocode/01584_sub_7b6cd0.dartpseudo	ir/01584_sub_7b6cd0.json	asm/01584_sub_7b6cd0.s
1585	sub_7b9798	pseudocode/01585_sub_7b9798.dartpseudo	ir/01585_sub_7b9798.json	asm/01585_sub_7b9798.s
1586	sub_7b9880	pseudocode/01586_sub_7b9880.dartpseudo	ir/01586_sub_7b9880.json	asm/01586_sub_7b9880.s
1587	sub_7b9f38	pseudocode/01587_sub_7b9f38.dartpseudo	ir/01587_sub_7b9f38.json	asm/01587_sub_7b9f38.s
1588	sub_7ba108	pseudocode/01588_sub_7ba108.dartpseudo	ir/01588_sub_7ba108.json	asm/01588_sub_7ba108.s
1589	sub_7ba1ac	pseudocode/01589_sub_7ba1ac.dartpseudo	ir/01589_sub_7ba1ac.json	asm/01589_sub_7ba1ac.s
1590	sub_7ba250	pseudocode/01590_sub_7ba250.dartpseudo	ir/01590_sub_7ba250.json	asm/01590_sub_7ba250.s
1591	sub_7ba3ec	pseudocode/01591_sub_7ba3ec.dartpseudo	ir/01591_sub_7ba3ec.json	asm/01591_sub_7ba3ec.s
1592	sub_7ba3f8	pseudocode/01592_sub_7ba3f8.dartpseudo	ir/01592_sub_7ba3f8.json	asm/01592_sub_7ba3f8.s
1593	sub_7ba5e8	pseudocode/01593_sub_7ba5e8.dartpseudo	ir/01593_sub_7ba5e8.json	asm/01593_sub_7ba5e8.s
1594	sub_7ba6f4	pseudocode/01594_sub_7ba6f4.dartpseudo	ir/01594_sub_7ba6f4.json	asm/01594_sub_7ba6f4.s
1595	sub_7ba760	pseudocode/01595_sub_7ba760.dartpseudo	ir/01595_sub_7ba760.json	asm/01595_sub_7ba760.s
1596	sub_7bad08	pseudocode/01596_sub_7bad08.dartpseudo	ir/01596_sub_7bad08.json	asm/01596_sub_7bad08.s
1597	sub_7bb168	pseudocode/01597_sub_7bb168.dartpseudo	ir/01597_sub_7bb168.json	asm/01597_sub_7bb168.s
1598	sub_7bb240	pseudocode/01598_sub_7bb240.dartpseudo	ir/01598_sub_7bb240.json	asm/01598_sub_7bb240.s
1599	sub_7bb2f8	pseudocode/01599_sub_7bb2f8.dartpseudo	ir/01599_sub_7bb2f8.json	asm/01599_sub_7bb2f8.s
1600	sub_7bb46c	pseudocode/01600_sub_7bb46c.dartpseudo	ir/01600_sub_7bb46c.json	asm/01600_sub_7bb46c.s
1601	sub_7bb534	pseudocode/01601_sub_7bb534.dartpseudo	ir/01601_sub_7bb534.json	asm/01601_sub_7bb534.s
1602	sub_7bb688	pseudocode/01602_sub_7bb688.dartpseudo	ir/01602_sub_7bb688.json	asm/01602_sub_7bb688.s
1603	sub_7bb998	pseudocode/01603_sub_7bb998.dartpseudo	ir/01603_sub_7bb998.json	asm/01603_sub_7bb998.s
1604	sub_7bbc34	pseudocode/01604_sub_7bbc34.dartpseudo	ir/01604_sub_7bbc34.json	asm/01604_sub_7bbc34.s
1605	sub_7bbca4	pseudocode/01605_sub_7bbca4.dartpseudo	ir/01605_sub_7bbca4.json	asm/01605_sub_7bbca4.s
1606	sub_7bbcb0	pseudocode/01606_sub_7bbcb0.dartpseudo	ir/01606_sub_7bbcb0.json	asm/01606_sub_7bbcb0.s
1607	sub_7bccd8	pseudocode/01607_sub_7bccd8.dartpseudo	ir/01607_sub_7bccd8.json	asm/01607_sub_7bccd8.s
1608	sub_7bcd64	pseudocode/01608_sub_7bcd64.dartpseudo	ir/01608_sub_7bcd64.json	asm/01608_sub_7bcd64.s
1609	sub_7bcfcc	pseudocode/01609_sub_7bcfcc.dartpseudo	ir/01609_sub_7bcfcc.json	asm/01609_sub_7bcfcc.s
1610	sub_7bd0f4	pseudocode/01610_sub_7bd0f4.dartpseudo	ir/01610_sub_7bd0f4.json	asm/01610_sub_7bd0f4.s
1611	sub_7bd448	pseudocode/01611_sub_7bd448.dartpseudo	ir/01611_sub_7bd448.json	asm/01611_sub_7bd448.s
1612	sub_7bd76c	pseudocode/01612_sub_7bd76c.dartpseudo	ir/01612_sub_7bd76c.json	asm/01612_sub_7bd76c.s
1613	sub_7bd860	pseudocode/01613_sub_7bd860.dartpseudo	ir/01613_sub_7bd860.json	asm/01613_sub_7bd860.s
1614	sub_7bd8a0	pseudocode/01614_sub_7bd8a0.dartpseudo	ir/01614_sub_7bd8a0.json	asm/01614_sub_7bd8a0.s
1615	sub_7bd8ac	pseudocode/01615_sub_7bd8ac.dartpseudo	ir/01615_sub_7bd8ac.json	asm/01615_sub_7bd8ac.s
1616	sub_7bd940	pseudocode/01616_sub_7bd940.dartpseudo	ir/01616_sub_7bd940.json	asm/01616_sub_7bd940.s
1617	sub_7bda14	pseudocode/01617_sub_7bda14.dartpseudo	ir/01617_sub_7bda14.json	asm/01617_sub_7bda14.s
1618	sub_7bdab0	pseudocode/01618_sub_7bdab0.dartpseudo	ir/01618_sub_7bdab0.json	asm/01618_sub_7bdab0.s
1619	sub_7bdb5c	pseudocode/01619_sub_7bdb5c.dartpseudo	ir/01619_sub_7bdb5c.json	asm/01619_sub_7bdb5c.s
1620	sub_7bdb68	pseudocode/01620_sub_7bdb68.dartpseudo	ir/01620_sub_7bdb68.json	asm/01620_sub_7bdb68.s
1621	sub_7be0a8	pseudocode/01621_sub_7be0a8.dartpseudo	ir/01621_sub_7be0a8.json	asm/01621_sub_7be0a8.s
1622	sub_7be27c	pseudocode/01622_sub_7be27c.dartpseudo	ir/01622_sub_7be27c.json	asm/01622_sub_7be27c.s
1623	sub_7be3ec	pseudocode/01623_sub_7be3ec.dartpseudo	ir/01623_sub_7be3ec.json	asm/01623_sub_7be3ec.s
1624	sub_7be974	pseudocode/01624_sub_7be974.dartpseudo	ir/01624_sub_7be974.json	asm/01624_sub_7be974.s
1625	sub_7bef54	pseudocode/01625_sub_7bef54.dartpseudo	ir/01625_sub_7bef54.json	asm/01625_sub_7bef54.s
1626	sub_7befa0	pseudocode/01626_sub_7befa0.dartpseudo	ir/01626_sub_7befa0.json	asm/01626_sub_7befa0.s
1627	sub_7bf260	pseudocode/01627_sub_7bf260.dartpseudo	ir/01627_sub_7bf260.json	asm/01627_sub_7bf260.s
1628	sub_7bf26c	pseudocode/01628_sub_7bf26c.dartpseudo	ir/01628_sub_7bf26c.json	asm/01628_sub_7bf26c.s
1629	sub_7bf278	pseudocode/01629_sub_7bf278.dartpseudo	ir/01629_sub_7bf278.json	asm/01629_sub_7bf278.s
1630	sub_7bf284	pseudocode/01630_sub_7bf284.dartpseudo	ir/01630_sub_7bf284.json	asm/01630_sub_7bf284.s
1631	sub_7bf290	pseudocode/01631_sub_7bf290.dartpseudo	ir/01631_sub_7bf290.json	asm/01631_sub_7bf290.s
1632	sub_7bf2dc	pseudocode/01632_sub_7bf2dc.dartpseudo	ir/01632_sub_7bf2dc.json	asm/01632_sub_7bf2dc.s
1633	sub_7bfdb0	pseudocode/01633_sub_7bfdb0.dartpseudo	ir/01633_sub_7bfdb0.json	asm/01633_sub_7bfdb0.s
1634	sub_7bfe6c	pseudocode/01634_sub_7bfe6c.dartpseudo	ir/01634_sub_7bfe6c.json	asm/01634_sub_7bfe6c.s
1635	sub_7bfed0	pseudocode/01635_sub_7bfed0.dartpseudo	ir/01635_sub_7bfed0.json	asm/01635_sub_7bfed0.s
1636	sub_7c0240	pseudocode/01636_sub_7c0240.dartpseudo	ir/01636_sub_7c0240.json	asm/01636_sub_7c0240.s
1637	sub_7c041c	pseudocode/01637_sub_7c041c.dartpseudo	ir/01637_sub_7c041c.json	asm/01637_sub_7c041c.s
1638	sub_7c05cc	pseudocode/01638_sub_7c05cc.dartpseudo	ir/01638_sub_7c05cc.json	asm/01638_sub_7c05cc.s
1639	sub_7c0630	pseudocode/01639_sub_7c0630.dartpseudo	ir/01639_sub_7c0630.json	asm/01639_sub_7c0630.s
1640	sub_7c0754	pseudocode/01640_sub_7c0754.dartpseudo	ir/01640_sub_7c0754.json	asm/01640_sub_7c0754.s
1641	sub_7c0dd8	pseudocode/01641_sub_7c0dd8.dartpseudo	ir/01641_sub_7c0dd8.json	asm/01641_sub_7c0dd8.s
1642	sub_7c0e5c	pseudocode/01642_sub_7c0e5c.dartpseudo	ir/01642_sub_7c0e5c.json	asm/01642_sub_7c0e5c.s
1643	sub_7c0fdc	pseudocode/01643_sub_7c0fdc.dartpseudo	ir/01643_sub_7c0fdc.json	asm/01643_sub_7c0fdc.s
1644	sub_7c1048	pseudocode/01644_sub_7c1048.dartpseudo	ir/01644_sub_7c1048.json	asm/01644_sub_7c1048.s
1645	sub_7c1110	pseudocode/01645_sub_7c1110.dartpseudo	ir/01645_sub_7c1110.json	asm/01645_sub_7c1110.s
1646	sub_7c1178	pseudocode/01646_sub_7c1178.dartpseudo	ir/01646_sub_7c1178.json	asm/01646_sub_7c1178.s
1647	sub_7c125c	pseudocode/01647_sub_7c125c.dartpseudo	ir/01647_sub_7c125c.json	asm/01647_sub_7c125c.s
1648	sub_7c1588	pseudocode/01648_sub_7c1588.dartpseudo	ir/01648_sub_7c1588.json	asm/01648_sub_7c1588.s
1649	sub_7c2898	pseudocode/01649_sub_7c2898.dartpseudo	ir/01649_sub_7c2898.json	asm/01649_sub_7c2898.s
1650	sub_7c2aec	pseudocode/01650_sub_7c2aec.dartpseudo	ir/01650_sub_7c2aec.json	asm/01650_sub_7c2aec.s
1651	sub_7c2cc8	pseudocode/01651_sub_7c2cc8.dartpseudo	ir/01651_sub_7c2cc8.json	asm/01651_sub_7c2cc8.s
1652	sub_7c2d04	pseudocode/01652_sub_7c2d04.dartpseudo	ir/01652_sub_7c2d04.json	asm/01652_sub_7c2d04.s
1653	sub_7c2dc0	pseudocode/01653_sub_7c2dc0.dartpseudo	ir/01653_sub_7c2dc0.json	asm/01653_sub_7c2dc0.s
1654	sub_7c2f74	pseudocode/01654_sub_7c2f74.dartpseudo	ir/01654_sub_7c2f74.json	asm/01654_sub_7c2f74.s
1655	sub_7c341c	pseudocode/01655_sub_7c341c.dartpseudo	ir/01655_sub_7c341c.json	asm/01655_sub_7c341c.s
1656	sub_7c35d0	pseudocode/01656_sub_7c35d0.dartpseudo	ir/01656_sub_7c35d0.json	asm/01656_sub_7c35d0.s
1657	sub_7c3738	pseudocode/01657_sub_7c3738.dartpseudo	ir/01657_sub_7c3738.json	asm/01657_sub_7c3738.s
1658	sub_7c3798	pseudocode/01658_sub_7c3798.dartpseudo	ir/01658_sub_7c3798.json	asm/01658_sub_7c3798.s
1659	sub_7c3c34	pseudocode/01659_sub_7c3c34.dartpseudo	ir/01659_sub_7c3c34.json	asm/01659_sub_7c3c34.s
1660	sub_7c3cd0	pseudocode/01660_sub_7c3cd0.dartpseudo	ir/01660_sub_7c3cd0.json	asm/01660_sub_7c3cd0.s
1661	sub_7c402c	pseudocode/01661_sub_7c402c.dartpseudo	ir/01661_sub_7c402c.json	asm/01661_sub_7c402c.s
1662	sub_7c40e0	pseudocode/01662_sub_7c40e0.dartpseudo	ir/01662_sub_7c40e0.json	asm/01662_sub_7c40e0.s
1663	sub_7c4194	pseudocode/01663_sub_7c4194.dartpseudo	ir/01663_sub_7c4194.json	asm/01663_sub_7c4194.s
1664	sub_7c4a34	pseudocode/01664_sub_7c4a34.dartpseudo	ir/01664_sub_7c4a34.json	asm/01664_sub_7c4a34.s
1665	sub_7c5108	pseudocode/01665_sub_7c5108.dartpseudo	ir/01665_sub_7c5108.json	asm/01665_sub_7c5108.s
1666	sub_7c5aa8	pseudocode/01666_sub_7c5aa8.dartpseudo	ir/01666_sub_7c5aa8.json	asm/01666_sub_7c5aa8.s
1667	sub_7c5c48	pseudocode/01667_sub_7c5c48.dartpseudo	ir/01667_sub_7c5c48.json	asm/01667_sub_7c5c48.s
1668	sub_7c5d2c	pseudocode/01668_sub_7c5d2c.dartpseudo	ir/01668_sub_7c5d2c.json	asm/01668_sub_7c5d2c.s
1669	sub_7c5e10	pseudocode/01669_sub_7c5e10.dartpseudo	ir/01669_sub_7c5e10.json	asm/01669_sub_7c5e10.s
1670	sub_7c5ef4	pseudocode/01670_sub_7c5ef4.dartpseudo	ir/01670_sub_7c5ef4.json	asm/01670_sub_7c5ef4.s
1671	sub_7c60c4	pseudocode/01671_sub_7c60c4.dartpseudo	ir/01671_sub_7c60c4.json	asm/01671_sub_7c60c4.s
1672	sub_7c6924	pseudocode/01672_sub_7c6924.dartpseudo	ir/01672_sub_7c6924.json	asm/01672_sub_7c6924.s
1673	sub_7c6eb4	pseudocode/01673_sub_7c6eb4.dartpseudo	ir/01673_sub_7c6eb4.json	asm/01673_sub_7c6eb4.s
1674	sub_7c6f58	pseudocode/01674_sub_7c6f58.dartpseudo	ir/01674_sub_7c6f58.json	asm/01674_sub_7c6f58.s
1675	sub_7c761c	pseudocode/01675_sub_7c761c.dartpseudo	ir/01675_sub_7c761c.json	asm/01675_sub_7c761c.s
1676	sub_7c7748	pseudocode/01676_sub_7c7748.dartpseudo	ir/01676_sub_7c7748.json	asm/01676_sub_7c7748.s
1677	sub_7c7a2c	pseudocode/01677_sub_7c7a2c.dartpseudo	ir/01677_sub_7c7a2c.json	asm/01677_sub_7c7a2c.s
1678	sub_7c7eb4	pseudocode/01678_sub_7c7eb4.dartpseudo	ir/01678_sub_7c7eb4.json	asm/01678_sub_7c7eb4.s
1679	sub_7c7f10	pseudocode/01679_sub_7c7f10.dartpseudo	ir/01679_sub_7c7f10.json	asm/01679_sub_7c7f10.s
1680	sub_7c7f68	pseudocode/01680_sub_7c7f68.dartpseudo	ir/01680_sub_7c7f68.json	asm/01680_sub_7c7f68.s
1681	sub_7c80a8	pseudocode/01681_sub_7c80a8.dartpseudo	ir/01681_sub_7c80a8.json	asm/01681_sub_7c80a8.s
1682	sub_7c8100	pseudocode/01682_sub_7c8100.dartpseudo	ir/01682_sub_7c8100.json	asm/01682_sub_7c8100.s
1683	sub_7c82ac	pseudocode/01683_sub_7c82ac.dartpseudo	ir/01683_sub_7c82ac.json	asm/01683_sub_7c82ac.s
1684	sub_7c83a4	pseudocode/01684_sub_7c83a4.dartpseudo	ir/01684_sub_7c83a4.json	asm/01684_sub_7c83a4.s
1685	sub_7c83f4	pseudocode/01685_sub_7c83f4.dartpseudo	ir/01685_sub_7c83f4.json	asm/01685_sub_7c83f4.s
1686	sub_7c845c	pseudocode/01686_sub_7c845c.dartpseudo	ir/01686_sub_7c845c.json	asm/01686_sub_7c845c.s
1687	sub_7c84d0	pseudocode/01687_sub_7c84d0.dartpseudo	ir/01687_sub_7c84d0.json	asm/01687_sub_7c84d0.s
1688	sub_7c8508	pseudocode/01688_sub_7c8508.dartpseudo	ir/01688_sub_7c8508.json	asm/01688_sub_7c8508.s
1689	sub_7c8544	pseudocode/01689_sub_7c8544.dartpseudo	ir/01689_sub_7c8544.json	asm/01689_sub_7c8544.s
1690	sub_7c8648	pseudocode/01690_sub_7c8648.dartpseudo	ir/01690_sub_7c8648.json	asm/01690_sub_7c8648.s
1691	sub_7c8b70	pseudocode/01691_sub_7c8b70.dartpseudo	ir/01691_sub_7c8b70.json	asm/01691_sub_7c8b70.s
1692	sub_7c8c8c	pseudocode/01692_sub_7c8c8c.dartpseudo	ir/01692_sub_7c8c8c.json	asm/01692_sub_7c8c8c.s
1693	sub_7c8dc8	pseudocode/01693_sub_7c8dc8.dartpseudo	ir/01693_sub_7c8dc8.json	asm/01693_sub_7c8dc8.s
1694	sub_7c8e74	pseudocode/01694_sub_7c8e74.dartpseudo	ir/01694_sub_7c8e74.json	asm/01694_sub_7c8e74.s
1695	sub_7c8eb4	pseudocode/01695_sub_7c8eb4.dartpseudo	ir/01695_sub_7c8eb4.json	asm/01695_sub_7c8eb4.s
1696	sub_7c9060	pseudocode/01696_sub_7c9060.dartpseudo	ir/01696_sub_7c9060.json	asm/01696_sub_7c9060.s
1697	sub_7c9104	pseudocode/01697_sub_7c9104.dartpseudo	ir/01697_sub_7c9104.json	asm/01697_sub_7c9104.s
1698	sub_7c91c0	pseudocode/01698_sub_7c91c0.dartpseudo	ir/01698_sub_7c91c0.json	asm/01698_sub_7c91c0.s
1699	sub_7c933c	pseudocode/01699_sub_7c933c.dartpseudo	ir/01699_sub_7c933c.json	asm/01699_sub_7c933c.s
1700	sub_7c93c8	pseudocode/01700_sub_7c93c8.dartpseudo	ir/01700_sub_7c93c8.json	asm/01700_sub_7c93c8.s
1701	sub_7c94a8	pseudocode/01701_sub_7c94a8.dartpseudo	ir/01701_sub_7c94a8.json	asm/01701_sub_7c94a8.s
1702	sub_7c96b4	pseudocode/01702_sub_7c96b4.dartpseudo	ir/01702_sub_7c96b4.json	asm/01702_sub_7c96b4.s
1703	sub_7c98c0	pseudocode/01703_sub_7c98c0.dartpseudo	ir/01703_sub_7c98c0.json	asm/01703_sub_7c98c0.s
1704	sub_7c9f3c	pseudocode/01704_sub_7c9f3c.dartpseudo	ir/01704_sub_7c9f3c.json	asm/01704_sub_7c9f3c.s
1705	sub_7cb034	pseudocode/01705_sub_7cb034.dartpseudo	ir/01705_sub_7cb034.json	asm/01705_sub_7cb034.s
1706	sub_7cb830	pseudocode/01706_sub_7cb830.dartpseudo	ir/01706_sub_7cb830.json	asm/01706_sub_7cb830.s
1707	sub_7cbc94	pseudocode/01707_sub_7cbc94.dartpseudo	ir/01707_sub_7cbc94.json	asm/01707_sub_7cbc94.s
1708	sub_7cbe74	pseudocode/01708_sub_7cbe74.dartpseudo	ir/01708_sub_7cbe74.json	asm/01708_sub_7cbe74.s
1709	sub_7cbfd4	pseudocode/01709_sub_7cbfd4.dartpseudo	ir/01709_sub_7cbfd4.json	asm/01709_sub_7cbfd4.s
1710	sub_7cc134	pseudocode/01710_sub_7cc134.dartpseudo	ir/01710_sub_7cc134.json	asm/01710_sub_7cc134.s
1711	sub_7cc294	pseudocode/01711_sub_7cc294.dartpseudo	ir/01711_sub_7cc294.json	asm/01711_sub_7cc294.s
1712	sub_7cc494	pseudocode/01712_sub_7cc494.dartpseudo	ir/01712_sub_7cc494.json	asm/01712_sub_7cc494.s
1713	sub_7ccd80	pseudocode/01713_sub_7ccd80.dartpseudo	ir/01713_sub_7ccd80.json	asm/01713_sub_7ccd80.s
1714	sub_7cd5a4	pseudocode/01714_sub_7cd5a4.dartpseudo	ir/01714_sub_7cd5a4.json	asm/01714_sub_7cd5a4.s
1715	sub_7cd630	pseudocode/01715_sub_7cd630.dartpseudo	ir/01715_sub_7cd630.json	asm/01715_sub_7cd630.s
1716	sub_7cd7e4	pseudocode/01716_sub_7cd7e4.dartpseudo	ir/01716_sub_7cd7e4.json	asm/01716_sub_7cd7e4.s
1717	sub_7cdbe8	pseudocode/01717_sub_7cdbe8.dartpseudo	ir/01717_sub_7cdbe8.json	asm/01717_sub_7cdbe8.s
1718	sub_7cdbf4	pseudocode/01718_sub_7cdbf4.dartpseudo	ir/01718_sub_7cdbf4.json	asm/01718_sub_7cdbf4.s
1719	sub_7cdcd8	pseudocode/01719_sub_7cdcd8.dartpseudo	ir/01719_sub_7cdcd8.json	asm/01719_sub_7cdcd8.s
1720	sub_7cea84	pseudocode/01720_sub_7cea84.dartpseudo	ir/01720_sub_7cea84.json	asm/01720_sub_7cea84.s
1721	sub_7cefd8	pseudocode/01721_sub_7cefd8.dartpseudo	ir/01721_sub_7cefd8.json	asm/01721_sub_7cefd8.s
1722	sub_7cf1e4	pseudocode/01722_sub_7cf1e4.dartpseudo	ir/01722_sub_7cf1e4.json	asm/01722_sub_7cf1e4.s
1723	sub_7cf2b0	pseudocode/01723_sub_7cf2b0.dartpseudo	ir/01723_sub_7cf2b0.json	asm/01723_sub_7cf2b0.s
1724	sub_7cfb2c	pseudocode/01724_sub_7cfb2c.dartpseudo	ir/01724_sub_7cfb2c.json	asm/01724_sub_7cfb2c.s
1725	sub_7cfcdc	pseudocode/01725_sub_7cfcdc.dartpseudo	ir/01725_sub_7cfcdc.json	asm/01725_sub_7cfcdc.s
1726	sub_7d01c0	pseudocode/01726_sub_7d01c0.dartpseudo	ir/01726_sub_7d01c0.json	asm/01726_sub_7d01c0.s
1727	sub_7d0268	pseudocode/01727_sub_7d0268.dartpseudo	ir/01727_sub_7d0268.json	asm/01727_sub_7d0268.s
1728	sub_7d02bc	pseudocode/01728_sub_7d02bc.dartpseudo	ir/01728_sub_7d02bc.json	asm/01728_sub_7d02bc.s
1729	sub_7d042c	pseudocode/01729_sub_7d042c.dartpseudo	ir/01729_sub_7d042c.json	asm/01729_sub_7d042c.s
1730	sub_7d0ae0	pseudocode/01730_sub_7d0ae0.dartpseudo	ir/01730_sub_7d0ae0.json	asm/01730_sub_7d0ae0.s
1731	sub_7d0b7c	pseudocode/01731_sub_7d0b7c.dartpseudo	ir/01731_sub_7d0b7c.json	asm/01731_sub_7d0b7c.s
1732	sub_7d0cfc	pseudocode/01732_sub_7d0cfc.dartpseudo	ir/01732_sub_7d0cfc.json	asm/01732_sub_7d0cfc.s
1733	sub_7d0da8	pseudocode/01733_sub_7d0da8.dartpseudo	ir/01733_sub_7d0da8.json	asm/01733_sub_7d0da8.s
1734	sub_7d0f50	pseudocode/01734_sub_7d0f50.dartpseudo	ir/01734_sub_7d0f50.json	asm/01734_sub_7d0f50.s
1735	sub_7d1008	pseudocode/01735_sub_7d1008.dartpseudo	ir/01735_sub_7d1008.json	asm/01735_sub_7d1008.s
1736	sub_7d10a4	pseudocode/01736_sub_7d10a4.dartpseudo	ir/01736_sub_7d10a4.json	asm/01736_sub_7d10a4.s
1737	sub_7d1168	pseudocode/01737_sub_7d1168.dartpseudo	ir/01737_sub_7d1168.json	asm/01737_sub_7d1168.s
1738	sub_7d12e8	pseudocode/01738_sub_7d12e8.dartpseudo	ir/01738_sub_7d12e8.json	asm/01738_sub_7d12e8.s
1739	sub_7d14e0	pseudocode/01739_sub_7d14e0.dartpseudo	ir/01739_sub_7d14e0.json	asm/01739_sub_7d14e0.s
1740	sub_7d16d8	pseudocode/01740_sub_7d16d8.dartpseudo	ir/01740_sub_7d16d8.json	asm/01740_sub_7d16d8.s
1741	sub_7d1964	pseudocode/01741_sub_7d1964.dartpseudo	ir/01741_sub_7d1964.json	asm/01741_sub_7d1964.s
1742	sub_7d1b80	pseudocode/01742_sub_7d1b80.dartpseudo	ir/01742_sub_7d1b80.json	asm/01742_sub_7d1b80.s
1743	sub_7d1e08	pseudocode/01743_sub_7d1e08.dartpseudo	ir/01743_sub_7d1e08.json	asm/01743_sub_7d1e08.s
1744	sub_7d1ee8	pseudocode/01744_sub_7d1ee8.dartpseudo	ir/01744_sub_7d1ee8.json	asm/01744_sub_7d1ee8.s
1745	sub_7d1fac	pseudocode/01745_sub_7d1fac.dartpseudo	ir/01745_sub_7d1fac.json	asm/01745_sub_7d1fac.s
1746	sub_7d2088	pseudocode/01746_sub_7d2088.dartpseudo	ir/01746_sub_7d2088.json	asm/01746_sub_7d2088.s
1747	sub_7d20d4	pseudocode/01747_sub_7d20d4.dartpseudo	ir/01747_sub_7d20d4.json	asm/01747_sub_7d20d4.s
1748	sub_7d2240	pseudocode/01748_sub_7d2240.dartpseudo	ir/01748_sub_7d2240.json	asm/01748_sub_7d2240.s
1749	sub_7d244c	pseudocode/01749_sub_7d244c.dartpseudo	ir/01749_sub_7d244c.json	asm/01749_sub_7d244c.s
1750	sub_7d27b8	pseudocode/01750_sub_7d27b8.dartpseudo	ir/01750_sub_7d27b8.json	asm/01750_sub_7d27b8.s
1751	sub_7d2a68	pseudocode/01751_sub_7d2a68.dartpseudo	ir/01751_sub_7d2a68.json	asm/01751_sub_7d2a68.s
1752	sub_7d2bc8	pseudocode/01752_sub_7d2bc8.dartpseudo	ir/01752_sub_7d2bc8.json	asm/01752_sub_7d2bc8.s
1753	sub_7d2ddc	pseudocode/01753_sub_7d2ddc.dartpseudo	ir/01753_sub_7d2ddc.json	asm/01753_sub_7d2ddc.s
1754	sub_7d2f38	pseudocode/01754_sub_7d2f38.dartpseudo	ir/01754_sub_7d2f38.json	asm/01754_sub_7d2f38.s
1755	sub_7d2fb4	pseudocode/01755_sub_7d2fb4.dartpseudo	ir/01755_sub_7d2fb4.json	asm/01755_sub_7d2fb4.s
1756	sub_7d3514	pseudocode/01756_sub_7d3514.dartpseudo	ir/01756_sub_7d3514.json	asm/01756_sub_7d3514.s
1757	sub_7d50d0	pseudocode/01757_sub_7d50d0.dartpseudo	ir/01757_sub_7d50d0.json	asm/01757_sub_7d50d0.s
1758	sub_7d62f4	pseudocode/01758_sub_7d62f4.dartpseudo	ir/01758_sub_7d62f4.json	asm/01758_sub_7d62f4.s
1759	sub_7d673c	pseudocode/01759_sub_7d673c.dartpseudo	ir/01759_sub_7d673c.json	asm/01759_sub_7d673c.s
1760	sub_7dc940	pseudocode/01760_sub_7dc940.dartpseudo	ir/01760_sub_7dc940.json	asm/01760_sub_7dc940.s
1761	sub_7dcc80	pseudocode/01761_sub_7dcc80.dartpseudo	ir/01761_sub_7dcc80.json	asm/01761_sub_7dcc80.s
1762	sub_7dd7a0	pseudocode/01762_sub_7dd7a0.dartpseudo	ir/01762_sub_7dd7a0.json	asm/01762_sub_7dd7a0.s
1763	sub_7ddc3c	pseudocode/01763_sub_7ddc3c.dartpseudo	ir/01763_sub_7ddc3c.json	asm/01763_sub_7ddc3c.s
1764	sub_7de240	pseudocode/01764_sub_7de240.dartpseudo	ir/01764_sub_7de240.json	asm/01764_sub_7de240.s
1765	sub_7de78c	pseudocode/01765_sub_7de78c.dartpseudo	ir/01765_sub_7de78c.json	asm/01765_sub_7de78c.s
1766	sub_7de91c	pseudocode/01766_sub_7de91c.dartpseudo	ir/01766_sub_7de91c.json	asm/01766_sub_7de91c.s
1767	sub_7deacc	pseudocode/01767_sub_7deacc.dartpseudo	ir/01767_sub_7deacc.json	asm/01767_sub_7deacc.s
1768	sub_7decc0	pseudocode/01768_sub_7decc0.dartpseudo	ir/01768_sub_7decc0.json	asm/01768_sub_7decc0.s
1769	sub_7ded5c	pseudocode/01769_sub_7ded5c.dartpseudo	ir/01769_sub_7ded5c.json	asm/01769_sub_7ded5c.s
1770	sub_7df0ec	pseudocode/01770_sub_7df0ec.dartpseudo	ir/01770_sub_7df0ec.json	asm/01770_sub_7df0ec.s
1771	sub_7df3f4	pseudocode/01771_sub_7df3f4.dartpseudo	ir/01771_sub_7df3f4.json	asm/01771_sub_7df3f4.s
1772	sub_7df4cc	pseudocode/01772_sub_7df4cc.dartpseudo	ir/01772_sub_7df4cc.json	asm/01772_sub_7df4cc.s
1773	sub_7df550	pseudocode/01773_sub_7df550.dartpseudo	ir/01773_sub_7df550.json	asm/01773_sub_7df550.s
1774	sub_7df658	pseudocode/01774_sub_7df658.dartpseudo	ir/01774_sub_7df658.json	asm/01774_sub_7df658.s
1775	sub_7df84c	pseudocode/01775_sub_7df84c.dartpseudo	ir/01775_sub_7df84c.json	asm/01775_sub_7df84c.s
1776	sub_7df858	pseudocode/01776_sub_7df858.dartpseudo	ir/01776_sub_7df858.json	asm/01776_sub_7df858.s
1777	sub_7df88c	pseudocode/01777_sub_7df88c.dartpseudo	ir/01777_sub_7df88c.json	asm/01777_sub_7df88c.s
1778	sub_7dff44	pseudocode/01778_sub_7dff44.dartpseudo	ir/01778_sub_7dff44.json	asm/01778_sub_7dff44.s
1779	sub_7e0044	pseudocode/01779_sub_7e0044.dartpseudo	ir/01779_sub_7e0044.json	asm/01779_sub_7e0044.s
1780	sub_7e0050	pseudocode/01780_sub_7e0050.dartpseudo	ir/01780_sub_7e0050.json	asm/01780_sub_7e0050.s
1781	sub_7e05b4	pseudocode/01781_sub_7e05b4.dartpseudo	ir/01781_sub_7e05b4.json	asm/01781_sub_7e05b4.s
1782	sub_7e08e8	pseudocode/01782_sub_7e08e8.dartpseudo	ir/01782_sub_7e08e8.json	asm/01782_sub_7e08e8.s
1783	sub_7e10a8	pseudocode/01783_sub_7e10a8.dartpseudo	ir/01783_sub_7e10a8.json	asm/01783_sub_7e10a8.s
1784	sub_7e1a04	pseudocode/01784_sub_7e1a04.dartpseudo	ir/01784_sub_7e1a04.json	asm/01784_sub_7e1a04.s
1785	sub_7e1c44	pseudocode/01785_sub_7e1c44.dartpseudo	ir/01785_sub_7e1c44.json	asm/01785_sub_7e1c44.s
1786	sub_7e1d38	pseudocode/01786_sub_7e1d38.dartpseudo	ir/01786_sub_7e1d38.json	asm/01786_sub_7e1d38.s
1787	sub_7e2978	pseudocode/01787_sub_7e2978.dartpseudo	ir/01787_sub_7e2978.json	asm/01787_sub_7e2978.s
1788	sub_7e2a04	pseudocode/01788_sub_7e2a04.dartpseudo	ir/01788_sub_7e2a04.json	asm/01788_sub_7e2a04.s
1789	sub_7e2aa0	pseudocode/01789_sub_7e2aa0.dartpseudo	ir/01789_sub_7e2aa0.json	asm/01789_sub_7e2aa0.s
1790	sub_7e2ba0	pseudocode/01790_sub_7e2ba0.dartpseudo	ir/01790_sub_7e2ba0.json	asm/01790_sub_7e2ba0.s
1791	sub_7e2e2c	pseudocode/01791_sub_7e2e2c.dartpseudo	ir/01791_sub_7e2e2c.json	asm/01791_sub_7e2e2c.s
1792	sub_7e2ecc	pseudocode/01792_sub_7e2ecc.dartpseudo	ir/01792_sub_7e2ecc.json	asm/01792_sub_7e2ecc.s
1793	sub_7e31a0	pseudocode/01793_sub_7e31a0.dartpseudo	ir/01793_sub_7e31a0.json	asm/01793_sub_7e31a0.s
1794	sub_7e31b8	pseudocode/01794_sub_7e31b8.dartpseudo	ir/01794_sub_7e31b8.json	asm/01794_sub_7e31b8.s
1795	sub_7e3244	pseudocode/01795_sub_7e3244.dartpseudo	ir/01795_sub_7e3244.json	asm/01795_sub_7e3244.s
1796	sub_7e3298	pseudocode/01796_sub_7e3298.dartpseudo	ir/01796_sub_7e3298.json	asm/01796_sub_7e3298.s
1797	sub_7e3e28	pseudocode/01797_sub_7e3e28.dartpseudo	ir/01797_sub_7e3e28.json	asm/01797_sub_7e3e28.s
1798	sub_7e4470	pseudocode/01798_sub_7e4470.dartpseudo	ir/01798_sub_7e4470.json	asm/01798_sub_7e4470.s
1799	sub_7e44f8	pseudocode/01799_sub_7e44f8.dartpseudo	ir/01799_sub_7e44f8.json	asm/01799_sub_7e44f8.s
1800	sub_7e45b8	pseudocode/01800_sub_7e45b8.dartpseudo	ir/01800_sub_7e45b8.json	asm/01800_sub_7e45b8.s
1801	sub_7e4700	pseudocode/01801_sub_7e4700.dartpseudo	ir/01801_sub_7e4700.json	asm/01801_sub_7e4700.s
1802	sub_7e49f0	pseudocode/01802_sub_7e49f0.dartpseudo	ir/01802_sub_7e49f0.json	asm/01802_sub_7e49f0.s
1803	sub_7e4b20	pseudocode/01803_sub_7e4b20.dartpseudo	ir/01803_sub_7e4b20.json	asm/01803_sub_7e4b20.s
1804	sub_7e4cf0	pseudocode/01804_sub_7e4cf0.dartpseudo	ir/01804_sub_7e4cf0.json	asm/01804_sub_7e4cf0.s
1805	sub_7e4fe8	pseudocode/01805_sub_7e4fe8.dartpseudo	ir/01805_sub_7e4fe8.json	asm/01805_sub_7e4fe8.s
1806	sub_7e5060	pseudocode/01806_sub_7e5060.dartpseudo	ir/01806_sub_7e5060.json	asm/01806_sub_7e5060.s
1807	sub_7e5108	pseudocode/01807_sub_7e5108.dartpseudo	ir/01807_sub_7e5108.json	asm/01807_sub_7e5108.s
1808	sub_7e57d8	pseudocode/01808_sub_7e57d8.dartpseudo	ir/01808_sub_7e57d8.json	asm/01808_sub_7e57d8.s
1809	sub_7e5850	pseudocode/01809_sub_7e5850.dartpseudo	ir/01809_sub_7e5850.json	asm/01809_sub_7e5850.s
1810	sub_7e5b08	pseudocode/01810_sub_7e5b08.dartpseudo	ir/01810_sub_7e5b08.json	asm/01810_sub_7e5b08.s
1811	sub_7e5bc8	pseudocode/01811_sub_7e5bc8.dartpseudo	ir/01811_sub_7e5bc8.json	asm/01811_sub_7e5bc8.s
1812	sub_7e5d38	pseudocode/01812_sub_7e5d38.dartpseudo	ir/01812_sub_7e5d38.json	asm/01812_sub_7e5d38.s
1813	sub_7e6134	pseudocode/01813_sub_7e6134.dartpseudo	ir/01813_sub_7e6134.json	asm/01813_sub_7e6134.s
1814	sub_7e65b8	pseudocode/01814_sub_7e65b8.dartpseudo	ir/01814_sub_7e65b8.json	asm/01814_sub_7e65b8.s
1815	sub_7e65dc	pseudocode/01815_sub_7e65dc.dartpseudo	ir/01815_sub_7e65dc.json	asm/01815_sub_7e65dc.s
1816	sub_7e7084	pseudocode/01816_sub_7e7084.dartpseudo	ir/01816_sub_7e7084.json	asm/01816_sub_7e7084.s
1817	sub_7e72e0	pseudocode/01817_sub_7e72e0.dartpseudo	ir/01817_sub_7e72e0.json	asm/01817_sub_7e72e0.s
1818	sub_7e7304	pseudocode/01818_sub_7e7304.dartpseudo	ir/01818_sub_7e7304.json	asm/01818_sub_7e7304.s
1819	sub_7e7a48	pseudocode/01819_sub_7e7a48.dartpseudo	ir/01819_sub_7e7a48.json	asm/01819_sub_7e7a48.s
1820	sub_7e7ad4	pseudocode/01820_sub_7e7ad4.dartpseudo	ir/01820_sub_7e7ad4.json	asm/01820_sub_7e7ad4.s
1821	sub_7e7bd8	pseudocode/01821_sub_7e7bd8.dartpseudo	ir/01821_sub_7e7bd8.json	asm/01821_sub_7e7bd8.s
1822	sub_7e7bec	pseudocode/01822_sub_7e7bec.dartpseudo	ir/01822_sub_7e7bec.json	asm/01822_sub_7e7bec.s
1823	sub_7e7d04	pseudocode/01823_sub_7e7d04.dartpseudo	ir/01823_sub_7e7d04.json	asm/01823_sub_7e7d04.s
1824	sub_7e7d10	pseudocode/01824_sub_7e7d10.dartpseudo	ir/01824_sub_7e7d10.json	asm/01824_sub_7e7d10.s
1825	sub_7e8188	pseudocode/01825_sub_7e8188.dartpseudo	ir/01825_sub_7e8188.json	asm/01825_sub_7e8188.s
1826	sub_7e8504	pseudocode/01826_sub_7e8504.dartpseudo	ir/01826_sub_7e8504.json	asm/01826_sub_7e8504.s
1827	sub_7e8714	pseudocode/01827_sub_7e8714.dartpseudo	ir/01827_sub_7e8714.json	asm/01827_sub_7e8714.s
1828	sub_7e9264	pseudocode/01828_sub_7e9264.dartpseudo	ir/01828_sub_7e9264.json	asm/01828_sub_7e9264.s
1829	sub_7e9934	pseudocode/01829_sub_7e9934.dartpseudo	ir/01829_sub_7e9934.json	asm/01829_sub_7e9934.s
1830	sub_7ea518	pseudocode/01830_sub_7ea518.dartpseudo	ir/01830_sub_7ea518.json	asm/01830_sub_7ea518.s
1831	sub_7ea56c	pseudocode/01831_sub_7ea56c.dartpseudo	ir/01831_sub_7ea56c.json	asm/01831_sub_7ea56c.s
1832	sub_7eaa7c	pseudocode/01832_sub_7eaa7c.dartpseudo	ir/01832_sub_7eaa7c.json	asm/01832_sub_7eaa7c.s
1833	sub_7eac7c	pseudocode/01833_sub_7eac7c.dartpseudo	ir/01833_sub_7eac7c.json	asm/01833_sub_7eac7c.s
1834	sub_7eace8	pseudocode/01834_sub_7eace8.dartpseudo	ir/01834_sub_7eace8.json	asm/01834_sub_7eace8.s
1835	sub_7eade8	pseudocode/01835_sub_7eade8.dartpseudo	ir/01835_sub_7eade8.json	asm/01835_sub_7eade8.s
1836	sub_7eb838	pseudocode/01836_sub_7eb838.dartpseudo	ir/01836_sub_7eb838.json	asm/01836_sub_7eb838.s
1837	sub_7eba68	pseudocode/01837_sub_7eba68.dartpseudo	ir/01837_sub_7eba68.json	asm/01837_sub_7eba68.s
1838	sub_7ebba4	pseudocode/01838_sub_7ebba4.dartpseudo	ir/01838_sub_7ebba4.json	asm/01838_sub_7ebba4.s
1839	sub_7ec0f4	pseudocode/01839_sub_7ec0f4.dartpseudo	ir/01839_sub_7ec0f4.json	asm/01839_sub_7ec0f4.s
1840	sub_7ec100	pseudocode/01840_sub_7ec100.dartpseudo	ir/01840_sub_7ec100.json	asm/01840_sub_7ec100.s
1841	sub_7ec1d4	pseudocode/01841_sub_7ec1d4.dartpseudo	ir/01841_sub_7ec1d4.json	asm/01841_sub_7ec1d4.s
1842	sub_7ec264	pseudocode/01842_sub_7ec264.dartpseudo	ir/01842_sub_7ec264.json	asm/01842_sub_7ec264.s
1843	sub_7ec2f0	pseudocode/01843_sub_7ec2f0.dartpseudo	ir/01843_sub_7ec2f0.json	asm/01843_sub_7ec2f0.s
1844	sub_7ec53c	pseudocode/01844_sub_7ec53c.dartpseudo	ir/01844_sub_7ec53c.json	asm/01844_sub_7ec53c.s
1845	sub_7eca60	pseudocode/01845_sub_7eca60.dartpseudo	ir/01845_sub_7eca60.json	asm/01845_sub_7eca60.s
1846	sub_7eca6c	pseudocode/01846_sub_7eca6c.dartpseudo	ir/01846_sub_7eca6c.json	asm/01846_sub_7eca6c.s
1847	sub_7ed924	pseudocode/01847_sub_7ed924.dartpseudo	ir/01847_sub_7ed924.json	asm/01847_sub_7ed924.s
1848	sub_7ed9a8	pseudocode/01848_sub_7ed9a8.dartpseudo	ir/01848_sub_7ed9a8.json	asm/01848_sub_7ed9a8.s
1849	sub_7edf00	pseudocode/01849_sub_7edf00.dartpseudo	ir/01849_sub_7edf00.json	asm/01849_sub_7edf00.s
1850	sub_7eec58	pseudocode/01850_sub_7eec58.dartpseudo	ir/01850_sub_7eec58.json	asm/01850_sub_7eec58.s
1851	sub_7eed60	pseudocode/01851_sub_7eed60.dartpseudo	ir/01851_sub_7eed60.json	asm/01851_sub_7eed60.s
1852	sub_7eed8c	pseudocode/01852_sub_7eed8c.dartpseudo	ir/01852_sub_7eed8c.json	asm/01852_sub_7eed8c.s
1853	sub_7eee34	pseudocode/01853_sub_7eee34.dartpseudo	ir/01853_sub_7eee34.json	asm/01853_sub_7eee34.s
1854	sub_7eeee4	pseudocode/01854_sub_7eeee4.dartpseudo	ir/01854_sub_7eeee4.json	asm/01854_sub_7eeee4.s
1855	sub_7ef6f4	pseudocode/01855_sub_7ef6f4.dartpseudo	ir/01855_sub_7ef6f4.json	asm/01855_sub_7ef6f4.s
1856	sub_7ef94c	pseudocode/01856_sub_7ef94c.dartpseudo	ir/01856_sub_7ef94c.json	asm/01856_sub_7ef94c.s
1857	sub_7f0160	pseudocode/01857_sub_7f0160.dartpseudo	ir/01857_sub_7f0160.json	asm/01857_sub_7f0160.s
1858	sub_7f0240	pseudocode/01858_sub_7f0240.dartpseudo	ir/01858_sub_7f0240.json	asm/01858_sub_7f0240.s
1859	sub_7f02b4	pseudocode/01859_sub_7f02b4.dartpseudo	ir/01859_sub_7f02b4.json	asm/01859_sub_7f02b4.s
1860	sub_7f031c	pseudocode/01860_sub_7f031c.dartpseudo	ir/01860_sub_7f031c.json	asm/01860_sub_7f031c.s
1861	sub_7f0418	pseudocode/01861_sub_7f0418.dartpseudo	ir/01861_sub_7f0418.json	asm/01861_sub_7f0418.s
1862	sub_7f048c	pseudocode/01862_sub_7f048c.dartpseudo	ir/01862_sub_7f048c.json	asm/01862_sub_7f048c.s
1863	sub_7f0668	pseudocode/01863_sub_7f0668.dartpseudo	ir/01863_sub_7f0668.json	asm/01863_sub_7f0668.s
1864	sub_7f0778	pseudocode/01864_sub_7f0778.dartpseudo	ir/01864_sub_7f0778.json	asm/01864_sub_7f0778.s
1865	sub_7f0c3c	pseudocode/01865_sub_7f0c3c.dartpseudo	ir/01865_sub_7f0c3c.json	asm/01865_sub_7f0c3c.s
1866	sub_7f0db4	pseudocode/01866_sub_7f0db4.dartpseudo	ir/01866_sub_7f0db4.json	asm/01866_sub_7f0db4.s
1867	sub_7f1098	pseudocode/01867_sub_7f1098.dartpseudo	ir/01867_sub_7f1098.json	asm/01867_sub_7f1098.s
1868	sub_7f1350	pseudocode/01868_sub_7f1350.dartpseudo	ir/01868_sub_7f1350.json	asm/01868_sub_7f1350.s
1869	sub_7f14a8	pseudocode/01869_sub_7f14a8.dartpseudo	ir/01869_sub_7f14a8.json	asm/01869_sub_7f14a8.s
1870	sub_7f1588	pseudocode/01870_sub_7f1588.dartpseudo	ir/01870_sub_7f1588.json	asm/01870_sub_7f1588.s
1871	sub_7f1a94	pseudocode/01871_sub_7f1a94.dartpseudo	ir/01871_sub_7f1a94.json	asm/01871_sub_7f1a94.s
1872	sub_7f1c94	pseudocode/01872_sub_7f1c94.dartpseudo	ir/01872_sub_7f1c94.json	asm/01872_sub_7f1c94.s
1873	sub_7f25b0	pseudocode/01873_sub_7f25b0.dartpseudo	ir/01873_sub_7f25b0.json	asm/01873_sub_7f25b0.s
1874	sub_7f25ec	pseudocode/01874_sub_7f25ec.dartpseudo	ir/01874_sub_7f25ec.json	asm/01874_sub_7f25ec.s
1875	sub_7f276c	pseudocode/01875_sub_7f276c.dartpseudo	ir/01875_sub_7f276c.json	asm/01875_sub_7f276c.s
1876	sub_7f28a0	pseudocode/01876_sub_7f28a0.dartpseudo	ir/01876_sub_7f28a0.json	asm/01876_sub_7f28a0.s
1877	sub_7f2ae4	pseudocode/01877_sub_7f2ae4.dartpseudo	ir/01877_sub_7f2ae4.json	asm/01877_sub_7f2ae4.s
1878	sub_7f2b88	pseudocode/01878_sub_7f2b88.dartpseudo	ir/01878_sub_7f2b88.json	asm/01878_sub_7f2b88.s
1879	sub_7f2c2c	pseudocode/01879_sub_7f2c2c.dartpseudo	ir/01879_sub_7f2c2c.json	asm/01879_sub_7f2c2c.s
1880	sub_7f2cd0	pseudocode/01880_sub_7f2cd0.dartpseudo	ir/01880_sub_7f2cd0.json	asm/01880_sub_7f2cd0.s
1881	sub_7f2df0	pseudocode/01881_sub_7f2df0.dartpseudo	ir/01881_sub_7f2df0.json	asm/01881_sub_7f2df0.s
1882	sub_7f2ee8	pseudocode/01882_sub_7f2ee8.dartpseudo	ir/01882_sub_7f2ee8.json	asm/01882_sub_7f2ee8.s
1883	sub_7f30d8	pseudocode/01883_sub_7f30d8.dartpseudo	ir/01883_sub_7f30d8.json	asm/01883_sub_7f30d8.s
1884	sub_7f351c	pseudocode/01884_sub_7f351c.dartpseudo	ir/01884_sub_7f351c.json	asm/01884_sub_7f351c.s
1885	sub_7f3528	pseudocode/01885_sub_7f3528.dartpseudo	ir/01885_sub_7f3528.json	asm/01885_sub_7f3528.s
1886	sub_7f3534	pseudocode/01886_sub_7f3534.dartpseudo	ir/01886_sub_7f3534.json	asm/01886_sub_7f3534.s
1887	sub_7f36e4	pseudocode/01887_sub_7f36e4.dartpseudo	ir/01887_sub_7f36e4.json	asm/01887_sub_7f36e4.s
1888	sub_7f38b0	pseudocode/01888_sub_7f38b0.dartpseudo	ir/01888_sub_7f38b0.json	asm/01888_sub_7f38b0.s
1889	sub_7f3a4c	pseudocode/01889_sub_7f3a4c.dartpseudo	ir/01889_sub_7f3a4c.json	asm/01889_sub_7f3a4c.s
1890	sub_7f4054	pseudocode/01890_sub_7f4054.dartpseudo	ir/01890_sub_7f4054.json	asm/01890_sub_7f4054.s
1891	sub_7f4654	pseudocode/01891_sub_7f4654.dartpseudo	ir/01891_sub_7f4654.json	asm/01891_sub_7f4654.s
1892	sub_7f5164	pseudocode/01892_sub_7f5164.dartpseudo	ir/01892_sub_7f5164.json	asm/01892_sub_7f5164.s
1893	sub_7f51e8	pseudocode/01893_sub_7f51e8.dartpseudo	ir/01893_sub_7f51e8.json	asm/01893_sub_7f51e8.s
1894	sub_7f521c	pseudocode/01894_sub_7f521c.dartpseudo	ir/01894_sub_7f521c.json	asm/01894_sub_7f521c.s
1895	sub_7f542c	pseudocode/01895_sub_7f542c.dartpseudo	ir/01895_sub_7f542c.json	asm/01895_sub_7f542c.s
1896	sub_7f5814	pseudocode/01896_sub_7f5814.dartpseudo	ir/01896_sub_7f5814.json	asm/01896_sub_7f5814.s
1897	sub_7f5854	pseudocode/01897_sub_7f5854.dartpseudo	ir/01897_sub_7f5854.json	asm/01897_sub_7f5854.s
1898	sub_7f5890	pseudocode/01898_sub_7f5890.dartpseudo	ir/01898_sub_7f5890.json	asm/01898_sub_7f5890.s
1899	sub_7f5920	pseudocode/01899_sub_7f5920.dartpseudo	ir/01899_sub_7f5920.json	asm/01899_sub_7f5920.s
1900	sub_7f5ce4	pseudocode/01900_sub_7f5ce4.dartpseudo	ir/01900_sub_7f5ce4.json	asm/01900_sub_7f5ce4.s
1901	sub_7f5fe4	pseudocode/01901_sub_7f5fe4.dartpseudo	ir/01901_sub_7f5fe4.json	asm/01901_sub_7f5fe4.s
1902	sub_7f6184	pseudocode/01902_sub_7f6184.dartpseudo	ir/01902_sub_7f6184.json	asm/01902_sub_7f6184.s
1903	sub_7f6330	pseudocode/01903_sub_7f6330.dartpseudo	ir/01903_sub_7f6330.json	asm/01903_sub_7f6330.s
1904	sub_7f63a8	pseudocode/01904_sub_7f63a8.dartpseudo	ir/01904_sub_7f63a8.json	asm/01904_sub_7f63a8.s
1905	sub_7f65f8	pseudocode/01905_sub_7f65f8.dartpseudo	ir/01905_sub_7f65f8.json	asm/01905_sub_7f65f8.s
1906	sub_7f6864	pseudocode/01906_sub_7f6864.dartpseudo	ir/01906_sub_7f6864.json	asm/01906_sub_7f6864.s
1907	sub_7f69a4	pseudocode/01907_sub_7f69a4.dartpseudo	ir/01907_sub_7f69a4.json	asm/01907_sub_7f69a4.s
1908	sub_7f6ae8	pseudocode/01908_sub_7f6ae8.dartpseudo	ir/01908_sub_7f6ae8.json	asm/01908_sub_7f6ae8.s
1909	sub_7f713c	pseudocode/01909_sub_7f713c.dartpseudo	ir/01909_sub_7f713c.json	asm/01909_sub_7f713c.s
1910	sub_7f78cc	pseudocode/01910_sub_7f78cc.dartpseudo	ir/01910_sub_7f78cc.json	asm/01910_sub_7f78cc.s
1911	sub_7f7b3c	pseudocode/01911_sub_7f7b3c.dartpseudo	ir/01911_sub_7f7b3c.json	asm/01911_sub_7f7b3c.s
1912	sub_7f7c4c	pseudocode/01912_sub_7f7c4c.dartpseudo	ir/01912_sub_7f7c4c.json	asm/01912_sub_7f7c4c.s
1913	sub_7f8184	pseudocode/01913_sub_7f8184.dartpseudo	ir/01913_sub_7f8184.json	asm/01913_sub_7f8184.s
1914	sub_7f8300	pseudocode/01914_sub_7f8300.dartpseudo	ir/01914_sub_7f8300.json	asm/01914_sub_7f8300.s
1915	sub_7f85d8	pseudocode/01915_sub_7f85d8.dartpseudo	ir/01915_sub_7f85d8.json	asm/01915_sub_7f85d8.s
1916	sub_7f8928	pseudocode/01916_sub_7f8928.dartpseudo	ir/01916_sub_7f8928.json	asm/01916_sub_7f8928.s
1917	sub_7f9c28	pseudocode/01917_sub_7f9c28.dartpseudo	ir/01917_sub_7f9c28.json	asm/01917_sub_7f9c28.s
1918	sub_7f9c84	pseudocode/01918_sub_7f9c84.dartpseudo	ir/01918_sub_7f9c84.json	asm/01918_sub_7f9c84.s
1919	sub_7fa2e8	pseudocode/01919_sub_7fa2e8.dartpseudo	ir/01919_sub_7fa2e8.json	asm/01919_sub_7fa2e8.s
1920	sub_7fad84	pseudocode/01920_sub_7fad84.dartpseudo	ir/01920_sub_7fad84.json	asm/01920_sub_7fad84.s
1921	sub_7fae28	pseudocode/01921_sub_7fae28.dartpseudo	ir/01921_sub_7fae28.json	asm/01921_sub_7fae28.s
1922	sub_7faee0	pseudocode/01922_sub_7faee0.dartpseudo	ir/01922_sub_7faee0.json	asm/01922_sub_7faee0.s
1923	sub_7faf94	pseudocode/01923_sub_7faf94.dartpseudo	ir/01923_sub_7faf94.json	asm/01923_sub_7faf94.s
1924	sub_7fb508	pseudocode/01924_sub_7fb508.dartpseudo	ir/01924_sub_7fb508.json	asm/01924_sub_7fb508.s
1925	sub_7fc2a8	pseudocode/01925_sub_7fc2a8.dartpseudo	ir/01925_sub_7fc2a8.json	asm/01925_sub_7fc2a8.s
1926	sub_7fcb80	pseudocode/01926_sub_7fcb80.dartpseudo	ir/01926_sub_7fcb80.json	asm/01926_sub_7fcb80.s
1927	sub_7fcf9c	pseudocode/01927_sub_7fcf9c.dartpseudo	ir/01927_sub_7fcf9c.json	asm/01927_sub_7fcf9c.s
1928	sub_7fd0c8	pseudocode/01928_sub_7fd0c8.dartpseudo	ir/01928_sub_7fd0c8.json	asm/01928_sub_7fd0c8.s
1929	sub_7fd8a8	pseudocode/01929_sub_7fd8a8.dartpseudo	ir/01929_sub_7fd8a8.json	asm/01929_sub_7fd8a8.s
1930	sub_7fd8d8	pseudocode/01930_sub_7fd8d8.dartpseudo	ir/01930_sub_7fd8d8.json	asm/01930_sub_7fd8d8.s
1931	sub_7fda94	pseudocode/01931_sub_7fda94.dartpseudo	ir/01931_sub_7fda94.json	asm/01931_sub_7fda94.s
1932	sub_7fdc48	pseudocode/01932_sub_7fdc48.dartpseudo	ir/01932_sub_7fdc48.json	asm/01932_sub_7fdc48.s
1933	sub_7fdd58	pseudocode/01933_sub_7fdd58.dartpseudo	ir/01933_sub_7fdd58.json	asm/01933_sub_7fdd58.s
1934	sub_7fe300	pseudocode/01934_sub_7fe300.dartpseudo	ir/01934_sub_7fe300.json	asm/01934_sub_7fe300.s
1935	sub_7fe9ac	pseudocode/01935_sub_7fe9ac.dartpseudo	ir/01935_sub_7fe9ac.json	asm/01935_sub_7fe9ac.s
1936	sub_7febc4	pseudocode/01936_sub_7febc4.dartpseudo	ir/01936_sub_7febc4.json	asm/01936_sub_7febc4.s
1937	sub_7fed14	pseudocode/01937_sub_7fed14.dartpseudo	ir/01937_sub_7fed14.json	asm/01937_sub_7fed14.s
1938	sub_7ff1f4	pseudocode/01938_sub_7ff1f4.dartpseudo	ir/01938_sub_7ff1f4.json	asm/01938_sub_7ff1f4.s
1939	sub_7ff2c0	pseudocode/01939_sub_7ff2c0.dartpseudo	ir/01939_sub_7ff2c0.json	asm/01939_sub_7ff2c0.s
1940	sub_7ff628	pseudocode/01940_sub_7ff628.dartpseudo	ir/01940_sub_7ff628.json	asm/01940_sub_7ff628.s
1941	sub_7ff7a8	pseudocode/01941_sub_7ff7a8.dartpseudo	ir/01941_sub_7ff7a8.json	asm/01941_sub_7ff7a8.s
1942	sub_7ffbc0	pseudocode/01942_sub_7ffbc0.dartpseudo	ir/01942_sub_7ffbc0.json	asm/01942_sub_7ffbc0.s
1943	sub_7ffcc8	pseudocode/01943_sub_7ffcc8.dartpseudo	ir/01943_sub_7ffcc8.json	asm/01943_sub_7ffcc8.s
1944	sub_7ffcd4	pseudocode/01944_sub_7ffcd4.dartpseudo	ir/01944_sub_7ffcd4.json	asm/01944_sub_7ffcd4.s
1945	sub_7ffda8	pseudocode/01945_sub_7ffda8.dartpseudo	ir/01945_sub_7ffda8.json	asm/01945_sub_7ffda8.s
1946	sub_800264	pseudocode/01946_sub_800264.dartpseudo	ir/01946_sub_800264.json	asm/01946_sub_800264.s
1947	sub_8006fc	pseudocode/01947_sub_8006fc.dartpseudo	ir/01947_sub_8006fc.json	asm/01947_sub_8006fc.s
1948	sub_801368	pseudocode/01948_sub_801368.dartpseudo	ir/01948_sub_801368.json	asm/01948_sub_801368.s
1949	sub_8016e8	pseudocode/01949_sub_8016e8.dartpseudo	ir/01949_sub_8016e8.json	asm/01949_sub_8016e8.s
1950	sub_801878	pseudocode/01950_sub_801878.dartpseudo	ir/01950_sub_801878.json	asm/01950_sub_801878.s
1951	sub_801b48	pseudocode/01951_sub_801b48.dartpseudo	ir/01951_sub_801b48.json	asm/01951_sub_801b48.s
1952	sub_801f14	pseudocode/01952_sub_801f14.dartpseudo	ir/01952_sub_801f14.json	asm/01952_sub_801f14.s
1953	sub_8021c8	pseudocode/01953_sub_8021c8.dartpseudo	ir/01953_sub_8021c8.json	asm/01953_sub_8021c8.s
1954	sub_802618	pseudocode/01954_sub_802618.dartpseudo	ir/01954_sub_802618.json	asm/01954_sub_802618.s
1955	sub_8026d0	pseudocode/01955_sub_8026d0.dartpseudo	ir/01955_sub_8026d0.json	asm/01955_sub_8026d0.s
1956	sub_802c84	pseudocode/01956_sub_802c84.dartpseudo	ir/01956_sub_802c84.json	asm/01956_sub_802c84.s
1957	sub_802d8c	pseudocode/01957_sub_802d8c.dartpseudo	ir/01957_sub_802d8c.json	asm/01957_sub_802d8c.s
1958	sub_802fc0	pseudocode/01958_sub_802fc0.dartpseudo	ir/01958_sub_802fc0.json	asm/01958_sub_802fc0.s
1959	sub_80312c	pseudocode/01959_sub_80312c.dartpseudo	ir/01959_sub_80312c.json	asm/01959_sub_80312c.s
1960	sub_803528	pseudocode/01960_sub_803528.dartpseudo	ir/01960_sub_803528.json	asm/01960_sub_803528.s
1961	sub_803bf4	pseudocode/01961_sub_803bf4.dartpseudo	ir/01961_sub_803bf4.json	asm/01961_sub_803bf4.s
1962	sub_803ccc	pseudocode/01962_sub_803ccc.dartpseudo	ir/01962_sub_803ccc.json	asm/01962_sub_803ccc.s
1963	sub_803f94	pseudocode/01963_sub_803f94.dartpseudo	ir/01963_sub_803f94.json	asm/01963_sub_803f94.s
1964	sub_805194	pseudocode/01964_sub_805194.dartpseudo	ir/01964_sub_805194.json	asm/01964_sub_805194.s
1965	sub_805214	pseudocode/01965_sub_805214.dartpseudo	ir/01965_sub_805214.json	asm/01965_sub_805214.s
1966	sub_805250	pseudocode/01966_sub_805250.dartpseudo	ir/01966_sub_805250.json	asm/01966_sub_805250.s
1967	sub_8052c0	pseudocode/01967_sub_8052c0.dartpseudo	ir/01967_sub_8052c0.json	asm/01967_sub_8052c0.s
1968	sub_805330	pseudocode/01968_sub_805330.dartpseudo	ir/01968_sub_805330.json	asm/01968_sub_805330.s
1969	sub_80533c	pseudocode/01969_sub_80533c.dartpseudo	ir/01969_sub_80533c.json	asm/01969_sub_80533c.s
1970	sub_8054ec	pseudocode/01970_sub_8054ec.dartpseudo	ir/01970_sub_8054ec.json	asm/01970_sub_8054ec.s
1971	sub_8057bc	pseudocode/01971_sub_8057bc.dartpseudo	ir/01971_sub_8057bc.json	asm/01971_sub_8057bc.s
1972	sub_8057c8	pseudocode/01972_sub_8057c8.dartpseudo	ir/01972_sub_8057c8.json	asm/01972_sub_8057c8.s
1973	sub_805ab0	pseudocode/01973_sub_805ab0.dartpseudo	ir/01973_sub_805ab0.json	asm/01973_sub_805ab0.s
1974	sub_805abc	pseudocode/01974_sub_805abc.dartpseudo	ir/01974_sub_805abc.json	asm/01974_sub_805abc.s
1975	sub_805ac8	pseudocode/01975_sub_805ac8.dartpseudo	ir/01975_sub_805ac8.json	asm/01975_sub_805ac8.s
1976	sub_8060ac	pseudocode/01976_sub_8060ac.dartpseudo	ir/01976_sub_8060ac.json	asm/01976_sub_8060ac.s
1977	sub_8072e8	pseudocode/01977_sub_8072e8.dartpseudo	ir/01977_sub_8072e8.json	asm/01977_sub_8072e8.s
1978	sub_8075ec	pseudocode/01978_sub_8075ec.dartpseudo	ir/01978_sub_8075ec.json	asm/01978_sub_8075ec.s
1979	sub_807768	pseudocode/01979_sub_807768.dartpseudo	ir/01979_sub_807768.json	asm/01979_sub_807768.s
1980	sub_807b78	pseudocode/01980_sub_807b78.dartpseudo	ir/01980_sub_807b78.json	asm/01980_sub_807b78.s
1981	sub_807dd4	pseudocode/01981_sub_807dd4.dartpseudo	ir/01981_sub_807dd4.json	asm/01981_sub_807dd4.s
1982	sub_807ea4	pseudocode/01982_sub_807ea4.dartpseudo	ir/01982_sub_807ea4.json	asm/01982_sub_807ea4.s
1983	sub_807f20	pseudocode/01983_sub_807f20.dartpseudo	ir/01983_sub_807f20.json	asm/01983_sub_807f20.s
1984	sub_808050	pseudocode/01984_sub_808050.dartpseudo	ir/01984_sub_808050.json	asm/01984_sub_808050.s
1985	sub_8080f8	pseudocode/01985_sub_8080f8.dartpseudo	ir/01985_sub_8080f8.json	asm/01985_sub_8080f8.s
1986	sub_8082b4	pseudocode/01986_sub_8082b4.dartpseudo	ir/01986_sub_8082b4.json	asm/01986_sub_8082b4.s
1987	sub_808638	pseudocode/01987_sub_808638.dartpseudo	ir/01987_sub_808638.json	asm/01987_sub_808638.s
1988	sub_808b18	pseudocode/01988_sub_808b18.dartpseudo	ir/01988_sub_808b18.json	asm/01988_sub_808b18.s
1989	sub_808c64	pseudocode/01989_sub_808c64.dartpseudo	ir/01989_sub_808c64.json	asm/01989_sub_808c64.s
1990	sub_808ef0	pseudocode/01990_sub_808ef0.dartpseudo	ir/01990_sub_808ef0.json	asm/01990_sub_808ef0.s
1991	sub_808f30	pseudocode/01991_sub_808f30.dartpseudo	ir/01991_sub_808f30.json	asm/01991_sub_808f30.s
1992	sub_809718	pseudocode/01992_sub_809718.dartpseudo	ir/01992_sub_809718.json	asm/01992_sub_809718.s
1993	sub_809960	pseudocode/01993_sub_809960.dartpseudo	ir/01993_sub_809960.json	asm/01993_sub_809960.s
1994	sub_809a28	pseudocode/01994_sub_809a28.dartpseudo	ir/01994_sub_809a28.json	asm/01994_sub_809a28.s
1995	sub_809ae4	pseudocode/01995_sub_809ae4.dartpseudo	ir/01995_sub_809ae4.json	asm/01995_sub_809ae4.s
1996	sub_809dc8	pseudocode/01996_sub_809dc8.dartpseudo	ir/01996_sub_809dc8.json	asm/01996_sub_809dc8.s
1997	sub_80a7bc	pseudocode/01997_sub_80a7bc.dartpseudo	ir/01997_sub_80a7bc.json	asm/01997_sub_80a7bc.s
1998	sub_80ab80	pseudocode/01998_sub_80ab80.dartpseudo	ir/01998_sub_80ab80.json	asm/01998_sub_80ab80.s
1999	sub_80ad34	pseudocode/01999_sub_80ad34.dartpseudo	ir/01999_sub_80ad34.json	asm/01999_sub_80ad34.s
2000	sub_80ad40	pseudocode/02000_sub_80ad40.dartpseudo	ir/02000_sub_80ad40.json	asm/02000_sub_80ad40.s
2001	sub_80cf5c	pseudocode/02001_sub_80cf5c.dartpseudo	ir/02001_sub_80cf5c.json	asm/02001_sub_80cf5c.s
2002	sub_80cfac	pseudocode/02002_sub_80cfac.dartpseudo	ir/02002_sub_80cfac.json	asm/02002_sub_80cfac.s
2003	sub_80d0c8	pseudocode/02003_sub_80d0c8.dartpseudo	ir/02003_sub_80d0c8.json	asm/02003_sub_80d0c8.s
2004	sub_80d934	pseudocode/02004_sub_80d934.dartpseudo	ir/02004_sub_80d934.json	asm/02004_sub_80d934.s
2005	sub_80da58	pseudocode/02005_sub_80da58.dartpseudo	ir/02005_sub_80da58.json	asm/02005_sub_80da58.s
2006	sub_80dbfc	pseudocode/02006_sub_80dbfc.dartpseudo	ir/02006_sub_80dbfc.json	asm/02006_sub_80dbfc.s
2007	sub_80ddc0	pseudocode/02007_sub_80ddc0.dartpseudo	ir/02007_sub_80ddc0.json	asm/02007_sub_80ddc0.s
2008	sub_80e310	pseudocode/02008_sub_80e310.dartpseudo	ir/02008_sub_80e310.json	asm/02008_sub_80e310.s
2009	sub_80e404	pseudocode/02009_sub_80e404.dartpseudo	ir/02009_sub_80e404.json	asm/02009_sub_80e404.s
2010	sub_80e460	pseudocode/02010_sub_80e460.dartpseudo	ir/02010_sub_80e460.json	asm/02010_sub_80e460.s
2011	sub_80e5a0	pseudocode/02011_sub_80e5a0.dartpseudo	ir/02011_sub_80e5a0.json	asm/02011_sub_80e5a0.s
2012	sub_80e978	pseudocode/02012_sub_80e978.dartpseudo	ir/02012_sub_80e978.json	asm/02012_sub_80e978.s
2013	sub_810020	pseudocode/02013_sub_810020.dartpseudo	ir/02013_sub_810020.json	asm/02013_sub_810020.s
2014	sub_81002c	pseudocode/02014_sub_81002c.dartpseudo	ir/02014_sub_81002c.json	asm/02014_sub_81002c.s
2015	sub_810230	pseudocode/02015_sub_810230.dartpseudo	ir/02015_sub_810230.json	asm/02015_sub_810230.s
2016	sub_81036c	pseudocode/02016_sub_81036c.dartpseudo	ir/02016_sub_81036c.json	asm/02016_sub_81036c.s
2017	sub_8103fc	pseudocode/02017_sub_8103fc.dartpseudo	ir/02017_sub_8103fc.json	asm/02017_sub_8103fc.s
2018	sub_81043c	pseudocode/02018_sub_81043c.dartpseudo	ir/02018_sub_81043c.json	asm/02018_sub_81043c.s
2019	sub_810958	pseudocode/02019_sub_810958.dartpseudo	ir/02019_sub_810958.json	asm/02019_sub_810958.s
2020	sub_8109b0	pseudocode/02020_sub_8109b0.dartpseudo	ir/02020_sub_8109b0.json	asm/02020_sub_8109b0.s
2021	sub_810ab4	pseudocode/02021_sub_810ab4.dartpseudo	ir/02021_sub_810ab4.json	asm/02021_sub_810ab4.s
2022	sub_810b40	pseudocode/02022_sub_810b40.dartpseudo	ir/02022_sub_810b40.json	asm/02022_sub_810b40.s
2023	sub_810d8c	pseudocode/02023_sub_810d8c.dartpseudo	ir/02023_sub_810d8c.json	asm/02023_sub_810d8c.s
2024	sub_810e64	pseudocode/02024_sub_810e64.dartpseudo	ir/02024_sub_810e64.json	asm/02024_sub_810e64.s
2025	sub_8111e4	pseudocode/02025_sub_8111e4.dartpseudo	ir/02025_sub_8111e4.json	asm/02025_sub_8111e4.s
2026	sub_8113d0	pseudocode/02026_sub_8113d0.dartpseudo	ir/02026_sub_8113d0.json	asm/02026_sub_8113d0.s
2027	sub_811444	pseudocode/02027_sub_811444.dartpseudo	ir/02027_sub_811444.json	asm/02027_sub_811444.s
2028	sub_811558	pseudocode/02028_sub_811558.dartpseudo	ir/02028_sub_811558.json	asm/02028_sub_811558.s
2029	sub_811738	pseudocode/02029_sub_811738.dartpseudo	ir/02029_sub_811738.json	asm/02029_sub_811738.s
2030	sub_811f4c	pseudocode/02030_sub_811f4c.dartpseudo	ir/02030_sub_811f4c.json	asm/02030_sub_811f4c.s
2031	sub_812228	pseudocode/02031_sub_812228.dartpseudo	ir/02031_sub_812228.json	asm/02031_sub_812228.s
2032	sub_8122e0	pseudocode/02032_sub_8122e0.dartpseudo	ir/02032_sub_8122e0.json	asm/02032_sub_8122e0.s
2033	sub_812408	pseudocode/02033_sub_812408.dartpseudo	ir/02033_sub_812408.json	asm/02033_sub_812408.s
2034	sub_8124ac	pseudocode/02034_sub_8124ac.dartpseudo	ir/02034_sub_8124ac.json	asm/02034_sub_8124ac.s
2035	sub_8126dc	pseudocode/02035_sub_8126dc.dartpseudo	ir/02035_sub_8126dc.json	asm/02035_sub_8126dc.s
2036	sub_812820	pseudocode/02036_sub_812820.dartpseudo	ir/02036_sub_812820.json	asm/02036_sub_812820.s
2037	sub_8128cc	pseudocode/02037_sub_8128cc.dartpseudo	ir/02037_sub_8128cc.json	asm/02037_sub_8128cc.s
2038	sub_812950	pseudocode/02038_sub_812950.dartpseudo	ir/02038_sub_812950.json	asm/02038_sub_812950.s
2039	sub_812dbc	pseudocode/02039_sub_812dbc.dartpseudo	ir/02039_sub_812dbc.json	asm/02039_sub_812dbc.s
2040	sub_812e20	pseudocode/02040_sub_812e20.dartpseudo	ir/02040_sub_812e20.json	asm/02040_sub_812e20.s
2041	sub_812e2c	pseudocode/02041_sub_812e2c.dartpseudo	ir/02041_sub_812e2c.json	asm/02041_sub_812e2c.s
2042	sub_812eb0	pseudocode/02042_sub_812eb0.dartpseudo	ir/02042_sub_812eb0.json	asm/02042_sub_812eb0.s
2043	sub_81306c	pseudocode/02043_sub_81306c.dartpseudo	ir/02043_sub_81306c.json	asm/02043_sub_81306c.s
2044	sub_8132fc	pseudocode/02044_sub_8132fc.dartpseudo	ir/02044_sub_8132fc.json	asm/02044_sub_8132fc.s
2045	sub_813f68	pseudocode/02045_sub_813f68.dartpseudo	ir/02045_sub_813f68.json	asm/02045_sub_813f68.s
2046	sub_814c84	pseudocode/02046_sub_814c84.dartpseudo	ir/02046_sub_814c84.json	asm/02046_sub_814c84.s
2047	sub_814dc0	pseudocode/02047_sub_814dc0.dartpseudo	ir/02047_sub_814dc0.json	asm/02047_sub_814dc0.s
2048	sub_814fa4	pseudocode/02048_sub_814fa4.dartpseudo	ir/02048_sub_814fa4.json	asm/02048_sub_814fa4.s
2049	sub_815644	pseudocode/02049_sub_815644.dartpseudo	ir/02049_sub_815644.json	asm/02049_sub_815644.s
2050	sub_8156e4	pseudocode/02050_sub_8156e4.dartpseudo	ir/02050_sub_8156e4.json	asm/02050_sub_8156e4.s
2051	sub_8158d8	pseudocode/02051_sub_8158d8.dartpseudo	ir/02051_sub_8158d8.json	asm/02051_sub_8158d8.s
2052	sub_815bd4	pseudocode/02052_sub_815bd4.dartpseudo	ir/02052_sub_815bd4.json	asm/02052_sub_815bd4.s
2053	sub_816018	pseudocode/02053_sub_816018.dartpseudo	ir/02053_sub_816018.json	asm/02053_sub_816018.s
2054	sub_816048	pseudocode/02054_sub_816048.dartpseudo	ir/02054_sub_816048.json	asm/02054_sub_816048.s
2055	sub_8162dc	pseudocode/02055_sub_8162dc.dartpseudo	ir/02055_sub_8162dc.json	asm/02055_sub_8162dc.s
2056	sub_816464	pseudocode/02056_sub_816464.dartpseudo	ir/02056_sub_816464.json	asm/02056_sub_816464.s
2057	sub_8164d4	pseudocode/02057_sub_8164d4.dartpseudo	ir/02057_sub_8164d4.json	asm/02057_sub_8164d4.s
2058	sub_816548	pseudocode/02058_sub_816548.dartpseudo	ir/02058_sub_816548.json	asm/02058_sub_816548.s
2059	sub_8168ac	pseudocode/02059_sub_8168ac.dartpseudo	ir/02059_sub_8168ac.json	asm/02059_sub_8168ac.s
2060	sub_816a80	pseudocode/02060_sub_816a80.dartpseudo	ir/02060_sub_816a80.json	asm/02060_sub_816a80.s
2061	sub_816eac	pseudocode/02061_sub_816eac.dartpseudo	ir/02061_sub_816eac.json	asm/02061_sub_816eac.s
2062	sub_816efc	pseudocode/02062_sub_816efc.dartpseudo	ir/02062_sub_816efc.json	asm/02062_sub_816efc.s
2063	sub_816fa0	pseudocode/02063_sub_816fa0.dartpseudo	ir/02063_sub_816fa0.json	asm/02063_sub_816fa0.s
2064	sub_8171c8	pseudocode/02064_sub_8171c8.dartpseudo	ir/02064_sub_8171c8.json	asm/02064_sub_8171c8.s
2065	sub_8176b8	pseudocode/02065_sub_8176b8.dartpseudo	ir/02065_sub_8176b8.json	asm/02065_sub_8176b8.s
2066	sub_8177d4	pseudocode/02066_sub_8177d4.dartpseudo	ir/02066_sub_8177d4.json	asm/02066_sub_8177d4.s
2067	sub_817a30	pseudocode/02067_sub_817a30.dartpseudo	ir/02067_sub_817a30.json	asm/02067_sub_817a30.s
2068	sub_817ad8	pseudocode/02068_sub_817ad8.dartpseudo	ir/02068_sub_817ad8.json	asm/02068_sub_817ad8.s
2069	sub_817fe0	pseudocode/02069_sub_817fe0.dartpseudo	ir/02069_sub_817fe0.json	asm/02069_sub_817fe0.s
2070	sub_818a04	pseudocode/02070_sub_818a04.dartpseudo	ir/02070_sub_818a04.json	asm/02070_sub_818a04.s
2071	sub_819030	pseudocode/02071_sub_819030.dartpseudo	ir/02071_sub_819030.json	asm/02071_sub_819030.s
2072	sub_81926c	pseudocode/02072_sub_81926c.dartpseudo	ir/02072_sub_81926c.json	asm/02072_sub_81926c.s
2073	sub_8196f4	pseudocode/02073_sub_8196f4.dartpseudo	ir/02073_sub_8196f4.json	asm/02073_sub_8196f4.s
2074	sub_819c84	pseudocode/02074_sub_819c84.dartpseudo	ir/02074_sub_819c84.json	asm/02074_sub_819c84.s
2075	sub_819e00	pseudocode/02075_sub_819e00.dartpseudo	ir/02075_sub_819e00.json	asm/02075_sub_819e00.s
2076	sub_819ea0	pseudocode/02076_sub_819ea0.dartpseudo	ir/02076_sub_819ea0.json	asm/02076_sub_819ea0.s
2077	sub_81a1fc	pseudocode/02077_sub_81a1fc.dartpseudo	ir/02077_sub_81a1fc.json	asm/02077_sub_81a1fc.s
2078	sub_81a27c	pseudocode/02078_sub_81a27c.dartpseudo	ir/02078_sub_81a27c.json	asm/02078_sub_81a27c.s
2079	sub_81a49c	pseudocode/02079_sub_81a49c.dartpseudo	ir/02079_sub_81a49c.json	asm/02079_sub_81a49c.s
2080	sub_81a540	pseudocode/02080_sub_81a540.dartpseudo	ir/02080_sub_81a540.json	asm/02080_sub_81a540.s
2081	sub_81a5bc	pseudocode/02081_sub_81a5bc.dartpseudo	ir/02081_sub_81a5bc.json	asm/02081_sub_81a5bc.s
2082	sub_81a9b4	pseudocode/02082_sub_81a9b4.dartpseudo	ir/02082_sub_81a9b4.json	asm/02082_sub_81a9b4.s
2083	sub_81afcc	pseudocode/02083_sub_81afcc.dartpseudo	ir/02083_sub_81afcc.json	asm/02083_sub_81afcc.s
2084	sub_81b070	pseudocode/02084_sub_81b070.dartpseudo	ir/02084_sub_81b070.json	asm/02084_sub_81b070.s
2085	sub_81b0e8	pseudocode/02085_sub_81b0e8.dartpseudo	ir/02085_sub_81b0e8.json	asm/02085_sub_81b0e8.s
2086	sub_81b444	pseudocode/02086_sub_81b444.dartpseudo	ir/02086_sub_81b444.json	asm/02086_sub_81b444.s
2087	sub_81b538	pseudocode/02087_sub_81b538.dartpseudo	ir/02087_sub_81b538.json	asm/02087_sub_81b538.s
2088	sub_81b638	pseudocode/02088_sub_81b638.dartpseudo	ir/02088_sub_81b638.json	asm/02088_sub_81b638.s
2089	sub_81b9f4	pseudocode/02089_sub_81b9f4.dartpseudo	ir/02089_sub_81b9f4.json	asm/02089_sub_81b9f4.s
2090	sub_81ba44	pseudocode/02090_sub_81ba44.dartpseudo	ir/02090_sub_81ba44.json	asm/02090_sub_81ba44.s
2091	sub_81c034	pseudocode/02091_sub_81c034.dartpseudo	ir/02091_sub_81c034.json	asm/02091_sub_81c034.s
2092	sub_81c634	pseudocode/02092_sub_81c634.dartpseudo	ir/02092_sub_81c634.json	asm/02092_sub_81c634.s
2093	sub_81c968	pseudocode/02093_sub_81c968.dartpseudo	ir/02093_sub_81c968.json	asm/02093_sub_81c968.s
2094	sub_81c9bc	pseudocode/02094_sub_81c9bc.dartpseudo	ir/02094_sub_81c9bc.json	asm/02094_sub_81c9bc.s
2095	sub_81cb18	pseudocode/02095_sub_81cb18.dartpseudo	ir/02095_sub_81cb18.json	asm/02095_sub_81cb18.s
2096	sub_81cc8c	pseudocode/02096_sub_81cc8c.dartpseudo	ir/02096_sub_81cc8c.json	asm/02096_sub_81cc8c.s
2097	sub_81cd04	pseudocode/02097_sub_81cd04.dartpseudo	ir/02097_sub_81cd04.json	asm/02097_sub_81cd04.s
2098	sub_81d088	pseudocode/02098_sub_81d088.dartpseudo	ir/02098_sub_81d088.json	asm/02098_sub_81d088.s
2099	sub_81d110	pseudocode/02099_sub_81d110.dartpseudo	ir/02099_sub_81d110.json	asm/02099_sub_81d110.s
2100	sub_81d738	pseudocode/02100_sub_81d738.dartpseudo	ir/02100_sub_81d738.json	asm/02100_sub_81d738.s
2101	sub_81d77c	pseudocode/02101_sub_81d77c.dartpseudo	ir/02101_sub_81d77c.json	asm/02101_sub_81d77c.s
2102	sub_81df80	pseudocode/02102_sub_81df80.dartpseudo	ir/02102_sub_81df80.json	asm/02102_sub_81df80.s
2103	sub_81e424	pseudocode/02103_sub_81e424.dartpseudo	ir/02103_sub_81e424.json	asm/02103_sub_81e424.s
2104	sub_81eb08	pseudocode/02104_sub_81eb08.dartpseudo	ir/02104_sub_81eb08.json	asm/02104_sub_81eb08.s
2105	sub_81f034	pseudocode/02105_sub_81f034.dartpseudo	ir/02105_sub_81f034.json	asm/02105_sub_81f034.s
2106	sub_81f40c	pseudocode/02106_sub_81f40c.dartpseudo	ir/02106_sub_81f40c.json	asm/02106_sub_81f40c.s
2107	sub_81f698	pseudocode/02107_sub_81f698.dartpseudo	ir/02107_sub_81f698.json	asm/02107_sub_81f698.s
2108	sub_81fabc	pseudocode/02108_sub_81fabc.dartpseudo	ir/02108_sub_81fabc.json	asm/02108_sub_81fabc.s
2109	sub_8202cc	pseudocode/02109_sub_8202cc.dartpseudo	ir/02109_sub_8202cc.json	asm/02109_sub_8202cc.s
2110	sub_820b24	pseudocode/02110_sub_820b24.dartpseudo	ir/02110_sub_820b24.json	asm/02110_sub_820b24.s
2111	sub_820c24	pseudocode/02111_sub_820c24.dartpseudo	ir/02111_sub_820c24.json	asm/02111_sub_820c24.s
2112	sub_820c54	pseudocode/02112_sub_820c54.dartpseudo	ir/02112_sub_820c54.json	asm/02112_sub_820c54.s
2113	sub_820e04	pseudocode/02113_sub_820e04.dartpseudo	ir/02113_sub_820e04.json	asm/02113_sub_820e04.s
2114	sub_820f94	pseudocode/02114_sub_820f94.dartpseudo	ir/02114_sub_820f94.json	asm/02114_sub_820f94.s
2115	sub_8215a8	pseudocode/02115_sub_8215a8.dartpseudo	ir/02115_sub_8215a8.json	asm/02115_sub_8215a8.s
2116	sub_8217dc	pseudocode/02116_sub_8217dc.dartpseudo	ir/02116_sub_8217dc.json	asm/02116_sub_8217dc.s
2117	sub_821a54	pseudocode/02117_sub_821a54.dartpseudo	ir/02117_sub_821a54.json	asm/02117_sub_821a54.s
2118	sub_821bc8	pseudocode/02118_sub_821bc8.dartpseudo	ir/02118_sub_821bc8.json	asm/02118_sub_821bc8.s
2119	sub_821d58	pseudocode/02119_sub_821d58.dartpseudo	ir/02119_sub_821d58.json	asm/02119_sub_821d58.s
2120	sub_821d94	pseudocode/02120_sub_821d94.dartpseudo	ir/02120_sub_821d94.json	asm/02120_sub_821d94.s
2121	sub_821dcc	pseudocode/02121_sub_821dcc.dartpseudo	ir/02121_sub_821dcc.json	asm/02121_sub_821dcc.s
2122	sub_821e54	pseudocode/02122_sub_821e54.dartpseudo	ir/02122_sub_821e54.json	asm/02122_sub_821e54.s
2123	sub_822b88	pseudocode/02123_sub_822b88.dartpseudo	ir/02123_sub_822b88.json	asm/02123_sub_822b88.s
2124	sub_823244	pseudocode/02124_sub_823244.dartpseudo	ir/02124_sub_823244.json	asm/02124_sub_823244.s
2125	sub_823330	pseudocode/02125_sub_823330.dartpseudo	ir/02125_sub_823330.json	asm/02125_sub_823330.s
2126	sub_823378	pseudocode/02126_sub_823378.dartpseudo	ir/02126_sub_823378.json	asm/02126_sub_823378.s
2127	sub_8234b8	pseudocode/02127_sub_8234b8.dartpseudo	ir/02127_sub_8234b8.json	asm/02127_sub_8234b8.s
2128	sub_823544	pseudocode/02128_sub_823544.dartpseudo	ir/02128_sub_823544.json	asm/02128_sub_823544.s
2129	sub_82361c	pseudocode/02129_sub_82361c.dartpseudo	ir/02129_sub_82361c.json	asm/02129_sub_82361c.s
2130	sub_823868	pseudocode/02130_sub_823868.dartpseudo	ir/02130_sub_823868.json	asm/02130_sub_823868.s
2131	sub_823ca4	pseudocode/02131_sub_823ca4.dartpseudo	ir/02131_sub_823ca4.json	asm/02131_sub_823ca4.s
2132	sub_823cb0	pseudocode/02132_sub_823cb0.dartpseudo	ir/02132_sub_823cb0.json	asm/02132_sub_823cb0.s
2133	sub_823ed8	pseudocode/02133_sub_823ed8.dartpseudo	ir/02133_sub_823ed8.json	asm/02133_sub_823ed8.s
2134	sub_823fa0	pseudocode/02134_sub_823fa0.dartpseudo	ir/02134_sub_823fa0.json	asm/02134_sub_823fa0.s
2135	sub_824124	pseudocode/02135_sub_824124.dartpseudo	ir/02135_sub_824124.json	asm/02135_sub_824124.s
2136	sub_82455c	pseudocode/02136_sub_82455c.dartpseudo	ir/02136_sub_82455c.json	asm/02136_sub_82455c.s
2137	sub_8247f4	pseudocode/02137_sub_8247f4.dartpseudo	ir/02137_sub_8247f4.json	asm/02137_sub_8247f4.s
2138	sub_8249d8	pseudocode/02138_sub_8249d8.dartpseudo	ir/02138_sub_8249d8.json	asm/02138_sub_8249d8.s
2139	sub_824b38	pseudocode/02139_sub_824b38.dartpseudo	ir/02139_sub_824b38.json	asm/02139_sub_824b38.s
2140	sub_824c24	pseudocode/02140_sub_824c24.dartpseudo	ir/02140_sub_824c24.json	asm/02140_sub_824c24.s
2141	sub_825084	pseudocode/02141_sub_825084.dartpseudo	ir/02141_sub_825084.json	asm/02141_sub_825084.s
2142	sub_8251c0	pseudocode/02142_sub_8251c0.dartpseudo	ir/02142_sub_8251c0.json	asm/02142_sub_8251c0.s
2143	sub_8252d4	pseudocode/02143_sub_8252d4.dartpseudo	ir/02143_sub_8252d4.json	asm/02143_sub_8252d4.s
2144	sub_825410	pseudocode/02144_sub_825410.dartpseudo	ir/02144_sub_825410.json	asm/02144_sub_825410.s
2145	sub_8255f0	pseudocode/02145_sub_8255f0.dartpseudo	ir/02145_sub_8255f0.json	asm/02145_sub_8255f0.s
2146	sub_825614	pseudocode/02146_sub_825614.dartpseudo	ir/02146_sub_825614.json	asm/02146_sub_825614.s
2147	sub_825a8c	pseudocode/02147_sub_825a8c.dartpseudo	ir/02147_sub_825a8c.json	asm/02147_sub_825a8c.s
2148	sub_826194	pseudocode/02148_sub_826194.dartpseudo	ir/02148_sub_826194.json	asm/02148_sub_826194.s
2149	sub_8262e8	pseudocode/02149_sub_8262e8.dartpseudo	ir/02149_sub_8262e8.json	asm/02149_sub_8262e8.s
2150	sub_82639c	pseudocode/02150_sub_82639c.dartpseudo	ir/02150_sub_82639c.json	asm/02150_sub_82639c.s
2151	sub_82642c	pseudocode/02151_sub_82642c.dartpseudo	ir/02151_sub_82642c.json	asm/02151_sub_82642c.s
2152	sub_82652c	pseudocode/02152_sub_82652c.dartpseudo	ir/02152_sub_82652c.json	asm/02152_sub_82652c.s
2153	sub_826538	pseudocode/02153_sub_826538.dartpseudo	ir/02153_sub_826538.json	asm/02153_sub_826538.s
2154	sub_8268f8	pseudocode/02154_sub_8268f8.dartpseudo	ir/02154_sub_8268f8.json	asm/02154_sub_8268f8.s
2155	sub_8269c0	pseudocode/02155_sub_8269c0.dartpseudo	ir/02155_sub_8269c0.json	asm/02155_sub_8269c0.s
2156	sub_8269cc	pseudocode/02156_sub_8269cc.dartpseudo	ir/02156_sub_8269cc.json	asm/02156_sub_8269cc.s
2157	sub_826a44	pseudocode/02157_sub_826a44.dartpseudo	ir/02157_sub_826a44.json	asm/02157_sub_826a44.s
2158	sub_826d64	pseudocode/02158_sub_826d64.dartpseudo	ir/02158_sub_826d64.json	asm/02158_sub_826d64.s
2159	sub_826dc8	pseudocode/02159_sub_826dc8.dartpseudo	ir/02159_sub_826dc8.json	asm/02159_sub_826dc8.s
2160	sub_826f64	pseudocode/02160_sub_826f64.dartpseudo	ir/02160_sub_826f64.json	asm/02160_sub_826f64.s
2161	sub_8272e4	pseudocode/02161_sub_8272e4.dartpseudo	ir/02161_sub_8272e4.json	asm/02161_sub_8272e4.s
2162	sub_8272f0	pseudocode/02162_sub_8272f0.dartpseudo	ir/02162_sub_8272f0.json	asm/02162_sub_8272f0.s
2163	sub_82798c	pseudocode/02163_sub_82798c.dartpseudo	ir/02163_sub_82798c.json	asm/02163_sub_82798c.s
2164	sub_827ab4	pseudocode/02164_sub_827ab4.dartpseudo	ir/02164_sub_827ab4.json	asm/02164_sub_827ab4.s
2165	sub_827b64	pseudocode/02165_sub_827b64.dartpseudo	ir/02165_sub_827b64.json	asm/02165_sub_827b64.s
2166	sub_827c08	pseudocode/02166_sub_827c08.dartpseudo	ir/02166_sub_827c08.json	asm/02166_sub_827c08.s
2167	sub_827fe4	pseudocode/02167_sub_827fe4.dartpseudo	ir/02167_sub_827fe4.json	asm/02167_sub_827fe4.s
2168	sub_828640	pseudocode/02168_sub_828640.dartpseudo	ir/02168_sub_828640.json	asm/02168_sub_828640.s
2169	sub_828c14	pseudocode/02169_sub_828c14.dartpseudo	ir/02169_sub_828c14.json	asm/02169_sub_828c14.s
2170	sub_828cb0	pseudocode/02170_sub_828cb0.dartpseudo	ir/02170_sub_828cb0.json	asm/02170_sub_828cb0.s
2171	sub_829090	pseudocode/02171_sub_829090.dartpseudo	ir/02171_sub_829090.json	asm/02171_sub_829090.s
2172	sub_829240	pseudocode/02172_sub_829240.dartpseudo	ir/02172_sub_829240.json	asm/02172_sub_829240.s
2173	sub_829334	pseudocode/02173_sub_829334.dartpseudo	ir/02173_sub_829334.json	asm/02173_sub_829334.s
2174	sub_8298c4	pseudocode/02174_sub_8298c4.dartpseudo	ir/02174_sub_8298c4.json	asm/02174_sub_8298c4.s
2175	sub_829f60	pseudocode/02175_sub_829f60.dartpseudo	ir/02175_sub_829f60.json	asm/02175_sub_829f60.s
2176	sub_829f9c	pseudocode/02176_sub_829f9c.dartpseudo	ir/02176_sub_829f9c.json	asm/02176_sub_829f9c.s
2177	sub_82a348	pseudocode/02177_sub_82a348.dartpseudo	ir/02177_sub_82a348.json	asm/02177_sub_82a348.s
2178	sub_82a3ac	pseudocode/02178_sub_82a3ac.dartpseudo	ir/02178_sub_82a3ac.json	asm/02178_sub_82a3ac.s
2179	sub_82a410	pseudocode/02179_sub_82a410.dartpseudo	ir/02179_sub_82a410.json	asm/02179_sub_82a410.s
2180	sub_82a620	pseudocode/02180_sub_82a620.dartpseudo	ir/02180_sub_82a620.json	asm/02180_sub_82a620.s
2181	sub_82a62c	pseudocode/02181_sub_82a62c.dartpseudo	ir/02181_sub_82a62c.json	asm/02181_sub_82a62c.s
2182	sub_82a67c	pseudocode/02182_sub_82a67c.dartpseudo	ir/02182_sub_82a67c.json	asm/02182_sub_82a67c.s
2183	sub_82a6cc	pseudocode/02183_sub_82a6cc.dartpseudo	ir/02183_sub_82a6cc.json	asm/02183_sub_82a6cc.s
2184	sub_82aa54	pseudocode/02184_sub_82aa54.dartpseudo	ir/02184_sub_82aa54.json	asm/02184_sub_82aa54.s
2185	sub_82b4e0	pseudocode/02185_sub_82b4e0.dartpseudo	ir/02185_sub_82b4e0.json	asm/02185_sub_82b4e0.s
2186	sub_82b5a8	pseudocode/02186_sub_82b5a8.dartpseudo	ir/02186_sub_82b5a8.json	asm/02186_sub_82b5a8.s
2187	sub_82b6e8	pseudocode/02187_sub_82b6e8.dartpseudo	ir/02187_sub_82b6e8.json	asm/02187_sub_82b6e8.s
2188	sub_82bd20	pseudocode/02188_sub_82bd20.dartpseudo	ir/02188_sub_82bd20.json	asm/02188_sub_82bd20.s
2189	sub_82beb0	pseudocode/02189_sub_82beb0.dartpseudo	ir/02189_sub_82beb0.json	asm/02189_sub_82beb0.s
2190	sub_82c0a4	pseudocode/02190_sub_82c0a4.dartpseudo	ir/02190_sub_82c0a4.json	asm/02190_sub_82c0a4.s
2191	sub_82c208	pseudocode/02191_sub_82c208.dartpseudo	ir/02191_sub_82c208.json	asm/02191_sub_82c208.s
2192	sub_82c4cc	pseudocode/02192_sub_82c4cc.dartpseudo	ir/02192_sub_82c4cc.json	asm/02192_sub_82c4cc.s
2193	sub_82c8ac	pseudocode/02193_sub_82c8ac.dartpseudo	ir/02193_sub_82c8ac.json	asm/02193_sub_82c8ac.s
2194	sub_82c970	pseudocode/02194_sub_82c970.dartpseudo	ir/02194_sub_82c970.json	asm/02194_sub_82c970.s
2195	sub_82cdfc	pseudocode/02195_sub_82cdfc.dartpseudo	ir/02195_sub_82cdfc.json	asm/02195_sub_82cdfc.s
2196	sub_82ce50	pseudocode/02196_sub_82ce50.dartpseudo	ir/02196_sub_82ce50.json	asm/02196_sub_82ce50.s
2197	sub_82d01c	pseudocode/02197_sub_82d01c.dartpseudo	ir/02197_sub_82d01c.json	asm/02197_sub_82d01c.s
2198	sub_82d254	pseudocode/02198_sub_82d254.dartpseudo	ir/02198_sub_82d254.json	asm/02198_sub_82d254.s
2199	sub_82d378	pseudocode/02199_sub_82d378.dartpseudo	ir/02199_sub_82d378.json	asm/02199_sub_82d378.s
2200	sub_82d65c	pseudocode/02200_sub_82d65c.dartpseudo	ir/02200_sub_82d65c.json	asm/02200_sub_82d65c.s
2201	sub_82d864	pseudocode/02201_sub_82d864.dartpseudo	ir/02201_sub_82d864.json	asm/02201_sub_82d864.s
2202	sub_82db70	pseudocode/02202_sub_82db70.dartpseudo	ir/02202_sub_82db70.json	asm/02202_sub_82db70.s
2203	sub_82dba4	pseudocode/02203_sub_82dba4.dartpseudo	ir/02203_sub_82dba4.json	asm/02203_sub_82dba4.s
2204	sub_82dca4	pseudocode/02204_sub_82dca4.dartpseudo	ir/02204_sub_82dca4.json	asm/02204_sub_82dca4.s
2205	sub_82de5c	pseudocode/02205_sub_82de5c.dartpseudo	ir/02205_sub_82de5c.json	asm/02205_sub_82de5c.s
2206	sub_82df48	pseudocode/02206_sub_82df48.dartpseudo	ir/02206_sub_82df48.json	asm/02206_sub_82df48.s
2207	sub_82dfe8	pseudocode/02207_sub_82dfe8.dartpseudo	ir/02207_sub_82dfe8.json	asm/02207_sub_82dfe8.s
2208	sub_82e088	pseudocode/02208_sub_82e088.dartpseudo	ir/02208_sub_82e088.json	asm/02208_sub_82e088.s
2209	sub_82e26c	pseudocode/02209_sub_82e26c.dartpseudo	ir/02209_sub_82e26c.json	asm/02209_sub_82e26c.s
2210	sub_82f7fc	pseudocode/02210_sub_82f7fc.dartpseudo	ir/02210_sub_82f7fc.json	asm/02210_sub_82f7fc.s
2211	sub_82fd88	pseudocode/02211_sub_82fd88.dartpseudo	ir/02211_sub_82fd88.json	asm/02211_sub_82fd88.s
2212	sub_8300fc	pseudocode/02212_sub_8300fc.dartpseudo	ir/02212_sub_8300fc.json	asm/02212_sub_8300fc.s
2213	sub_830238	pseudocode/02213_sub_830238.dartpseudo	ir/02213_sub_830238.json	asm/02213_sub_830238.s
2214	sub_830390	pseudocode/02214_sub_830390.dartpseudo	ir/02214_sub_830390.json	asm/02214_sub_830390.s
2215	sub_830438	pseudocode/02215_sub_830438.dartpseudo	ir/02215_sub_830438.json	asm/02215_sub_830438.s
2216	sub_83051c	pseudocode/02216_sub_83051c.dartpseudo	ir/02216_sub_83051c.json	asm/02216_sub_83051c.s
2217	sub_830760	pseudocode/02217_sub_830760.dartpseudo	ir/02217_sub_830760.json	asm/02217_sub_830760.s
2218	sub_8307d8	pseudocode/02218_sub_8307d8.dartpseudo	ir/02218_sub_8307d8.json	asm/02218_sub_8307d8.s
2219	sub_83089c	pseudocode/02219_sub_83089c.dartpseudo	ir/02219_sub_83089c.json	asm/02219_sub_83089c.s
2220	sub_830a60	pseudocode/02220_sub_830a60.dartpseudo	ir/02220_sub_830a60.json	asm/02220_sub_830a60.s
2221	sub_830be8	pseudocode/02221_sub_830be8.dartpseudo	ir/02221_sub_830be8.json	asm/02221_sub_830be8.s
2222	sub_830c38	pseudocode/02222_sub_830c38.dartpseudo	ir/02222_sub_830c38.json	asm/02222_sub_830c38.s
2223	sub_830d24	pseudocode/02223_sub_830d24.dartpseudo	ir/02223_sub_830d24.json	asm/02223_sub_830d24.s
2224	sub_83138c	pseudocode/02224_sub_83138c.dartpseudo	ir/02224_sub_83138c.json	asm/02224_sub_83138c.s
2225	sub_831a18	pseudocode/02225_sub_831a18.dartpseudo	ir/02225_sub_831a18.json	asm/02225_sub_831a18.s
2226	sub_831d2c	pseudocode/02226_sub_831d2c.dartpseudo	ir/02226_sub_831d2c.json	asm/02226_sub_831d2c.s
2227	sub_831eac	pseudocode/02227_sub_831eac.dartpseudo	ir/02227_sub_831eac.json	asm/02227_sub_831eac.s
2228	sub_8326cc	pseudocode/02228_sub_8326cc.dartpseudo	ir/02228_sub_8326cc.json	asm/02228_sub_8326cc.s
2229	sub_833288	pseudocode/02229_sub_833288.dartpseudo	ir/02229_sub_833288.json	asm/02229_sub_833288.s
2230	sub_8332e8	pseudocode/02230_sub_8332e8.dartpseudo	ir/02230_sub_8332e8.json	asm/02230_sub_8332e8.s
2231	sub_833360	pseudocode/02231_sub_833360.dartpseudo	ir/02231_sub_833360.json	asm/02231_sub_833360.s
2232	sub_8333c0	pseudocode/02232_sub_8333c0.dartpseudo	ir/02232_sub_8333c0.json	asm/02232_sub_8333c0.s
2233	sub_8337a0	pseudocode/02233_sub_8337a0.dartpseudo	ir/02233_sub_8337a0.json	asm/02233_sub_8337a0.s
2234	sub_833988	pseudocode/02234_sub_833988.dartpseudo	ir/02234_sub_833988.json	asm/02234_sub_833988.s
2235	sub_833a80	pseudocode/02235_sub_833a80.dartpseudo	ir/02235_sub_833a80.json	asm/02235_sub_833a80.s
2236	sub_834c14	pseudocode/02236_sub_834c14.dartpseudo	ir/02236_sub_834c14.json	asm/02236_sub_834c14.s
2237	sub_834d34	pseudocode/02237_sub_834d34.dartpseudo	ir/02237_sub_834d34.json	asm/02237_sub_834d34.s
2238	sub_835064	pseudocode/02238_sub_835064.dartpseudo	ir/02238_sub_835064.json	asm/02238_sub_835064.s
2239	sub_8350bc	pseudocode/02239_sub_8350bc.dartpseudo	ir/02239_sub_8350bc.json	asm/02239_sub_8350bc.s
2240	sub_8352b8	pseudocode/02240_sub_8352b8.dartpseudo	ir/02240_sub_8352b8.json	asm/02240_sub_8352b8.s
2241	sub_835458	pseudocode/02241_sub_835458.dartpseudo	ir/02241_sub_835458.json	asm/02241_sub_835458.s
2242	sub_8356fc	pseudocode/02242_sub_8356fc.dartpseudo	ir/02242_sub_8356fc.json	asm/02242_sub_8356fc.s
2243	sub_83579c	pseudocode/02243_sub_83579c.dartpseudo	ir/02243_sub_83579c.json	asm/02243_sub_83579c.s
2244	sub_835ee4	pseudocode/02244_sub_835ee4.dartpseudo	ir/02244_sub_835ee4.json	asm/02244_sub_835ee4.s
2245	sub_835f34	pseudocode/02245_sub_835f34.dartpseudo	ir/02245_sub_835f34.json	asm/02245_sub_835f34.s
2246	sub_836224	pseudocode/02246_sub_836224.dartpseudo	ir/02246_sub_836224.json	asm/02246_sub_836224.s
2247	sub_83647c	pseudocode/02247_sub_83647c.dartpseudo	ir/02247_sub_83647c.json	asm/02247_sub_83647c.s
2248	sub_836574	pseudocode/02248_sub_836574.dartpseudo	ir/02248_sub_836574.json	asm/02248_sub_836574.s
2249	sub_8365d4	pseudocode/02249_sub_8365d4.dartpseudo	ir/02249_sub_8365d4.json	asm/02249_sub_8365d4.s
2250	sub_836634	pseudocode/02250_sub_836634.dartpseudo	ir/02250_sub_836634.json	asm/02250_sub_836634.s
2251	sub_8368f4	pseudocode/02251_sub_8368f4.dartpseudo	ir/02251_sub_8368f4.json	asm/02251_sub_8368f4.s
2252	sub_8369ac	pseudocode/02252_sub_8369ac.dartpseudo	ir/02252_sub_8369ac.json	asm/02252_sub_8369ac.s
2253	sub_836d3c	pseudocode/02253_sub_836d3c.dartpseudo	ir/02253_sub_836d3c.json	asm/02253_sub_836d3c.s
2254	sub_836edc	pseudocode/02254_sub_836edc.dartpseudo	ir/02254_sub_836edc.json	asm/02254_sub_836edc.s
2255	sub_8376d0	pseudocode/02255_sub_8376d0.dartpseudo	ir/02255_sub_8376d0.json	asm/02255_sub_8376d0.s
2256	sub_8377f0	pseudocode/02256_sub_8377f0.dartpseudo	ir/02256_sub_8377f0.json	asm/02256_sub_8377f0.s
2257	sub_8384c0	pseudocode/02257_sub_8384c0.dartpseudo	ir/02257_sub_8384c0.json	asm/02257_sub_8384c0.s
2258	sub_838d8c	pseudocode/02258_sub_838d8c.dartpseudo	ir/02258_sub_838d8c.json	asm/02258_sub_838d8c.s
2259	sub_838e54	pseudocode/02259_sub_838e54.dartpseudo	ir/02259_sub_838e54.json	asm/02259_sub_838e54.s
2260	sub_838f28	pseudocode/02260_sub_838f28.dartpseudo	ir/02260_sub_838f28.json	asm/02260_sub_838f28.s
2261	sub_838ff8	pseudocode/02261_sub_838ff8.dartpseudo	ir/02261_sub_838ff8.json	asm/02261_sub_838ff8.s
2262	sub_8391ac	pseudocode/02262_sub_8391ac.dartpseudo	ir/02262_sub_8391ac.json	asm/02262_sub_8391ac.s
2263	sub_839208	pseudocode/02263_sub_839208.dartpseudo	ir/02263_sub_839208.json	asm/02263_sub_839208.s
2264	sub_839448	pseudocode/02264_sub_839448.dartpseudo	ir/02264_sub_839448.json	asm/02264_sub_839448.s
2265	sub_839498	pseudocode/02265_sub_839498.dartpseudo	ir/02265_sub_839498.json	asm/02265_sub_839498.s
2266	sub_83960c	pseudocode/02266_sub_83960c.dartpseudo	ir/02266_sub_83960c.json	asm/02266_sub_83960c.s
2267	sub_8396bc	pseudocode/02267_sub_8396bc.dartpseudo	ir/02267_sub_8396bc.json	asm/02267_sub_8396bc.s
2268	sub_8397f8	pseudocode/02268_sub_8397f8.dartpseudo	ir/02268_sub_8397f8.json	asm/02268_sub_8397f8.s
2269	sub_839964	pseudocode/02269_sub_839964.dartpseudo	ir/02269_sub_839964.json	asm/02269_sub_839964.s
2270	sub_839970	pseudocode/02270_sub_839970.dartpseudo	ir/02270_sub_839970.json	asm/02270_sub_839970.s
2271	sub_839a38	pseudocode/02271_sub_839a38.dartpseudo	ir/02271_sub_839a38.json	asm/02271_sub_839a38.s
2272	sub_839adc	pseudocode/02272_sub_839adc.dartpseudo	ir/02272_sub_839adc.json	asm/02272_sub_839adc.s
2273	sub_83ac10	pseudocode/02273_sub_83ac10.dartpseudo	ir/02273_sub_83ac10.json	asm/02273_sub_83ac10.s
2274	sub_83ae1c	pseudocode/02274_sub_83ae1c.dartpseudo	ir/02274_sub_83ae1c.json	asm/02274_sub_83ae1c.s
2275	sub_83b070	pseudocode/02275_sub_83b070.dartpseudo	ir/02275_sub_83b070.json	asm/02275_sub_83b070.s
2276	sub_83b514	pseudocode/02276_sub_83b514.dartpseudo	ir/02276_sub_83b514.json	asm/02276_sub_83b514.s
2277	sub_83b82c	pseudocode/02277_sub_83b82c.dartpseudo	ir/02277_sub_83b82c.json	asm/02277_sub_83b82c.s
2278	sub_83bd18	pseudocode/02278_sub_83bd18.dartpseudo	ir/02278_sub_83bd18.json	asm/02278_sub_83bd18.s
2279	sub_83be9c	pseudocode/02279_sub_83be9c.dartpseudo	ir/02279_sub_83be9c.json	asm/02279_sub_83be9c.s
2280	sub_83c0bc	pseudocode/02280_sub_83c0bc.dartpseudo	ir/02280_sub_83c0bc.json	asm/02280_sub_83c0bc.s
2281	sub_83c5e0	pseudocode/02281_sub_83c5e0.dartpseudo	ir/02281_sub_83c5e0.json	asm/02281_sub_83c5e0.s
2282	sub_83c644	pseudocode/02282_sub_83c644.dartpseudo	ir/02282_sub_83c644.json	asm/02282_sub_83c644.s
2283	sub_83c78c	pseudocode/02283_sub_83c78c.dartpseudo	ir/02283_sub_83c78c.json	asm/02283_sub_83c78c.s
2284	sub_83c8ec	pseudocode/02284_sub_83c8ec.dartpseudo	ir/02284_sub_83c8ec.json	asm/02284_sub_83c8ec.s
2285	sub_83c97c	pseudocode/02285_sub_83c97c.dartpseudo	ir/02285_sub_83c97c.json	asm/02285_sub_83c97c.s
2286	sub_83c9bc	pseudocode/02286_sub_83c9bc.dartpseudo	ir/02286_sub_83c9bc.json	asm/02286_sub_83c9bc.s
2287	sub_83ca60	pseudocode/02287_sub_83ca60.dartpseudo	ir/02287_sub_83ca60.json	asm/02287_sub_83ca60.s
2288	sub_83caa0	pseudocode/02288_sub_83caa0.dartpseudo	ir/02288_sub_83caa0.json	asm/02288_sub_83caa0.s
2289	sub_83cc7c	pseudocode/02289_sub_83cc7c.dartpseudo	ir/02289_sub_83cc7c.json	asm/02289_sub_83cc7c.s
2290	sub_83d150	pseudocode/02290_sub_83d150.dartpseudo	ir/02290_sub_83d150.json	asm/02290_sub_83d150.s
2291	sub_83d1a0	pseudocode/02291_sub_83d1a0.dartpseudo	ir/02291_sub_83d1a0.json	asm/02291_sub_83d1a0.s
2292	sub_83d8d0	pseudocode/02292_sub_83d8d0.dartpseudo	ir/02292_sub_83d8d0.json	asm/02292_sub_83d8d0.s
2293	sub_83d8dc	pseudocode/02293_sub_83d8dc.dartpseudo	ir/02293_sub_83d8dc.json	asm/02293_sub_83d8dc.s
2294	sub_83d920	pseudocode/02294_sub_83d920.dartpseudo	ir/02294_sub_83d920.json	asm/02294_sub_83d920.s
2295	sub_83d9c0	pseudocode/02295_sub_83d9c0.dartpseudo	ir/02295_sub_83d9c0.json	asm/02295_sub_83d9c0.s
2296	sub_83da3c	pseudocode/02296_sub_83da3c.dartpseudo	ir/02296_sub_83da3c.json	asm/02296_sub_83da3c.s
2297	sub_83daa0	pseudocode/02297_sub_83daa0.dartpseudo	ir/02297_sub_83daa0.json	asm/02297_sub_83daa0.s
2298	sub_83e550	pseudocode/02298_sub_83e550.dartpseudo	ir/02298_sub_83e550.json	asm/02298_sub_83e550.s
2299	sub_83e7ec	pseudocode/02299_sub_83e7ec.dartpseudo	ir/02299_sub_83e7ec.json	asm/02299_sub_83e7ec.s
2300	sub_83ebbc	pseudocode/02300_sub_83ebbc.dartpseudo	ir/02300_sub_83ebbc.json	asm/02300_sub_83ebbc.s
2301	sub_83ecb0	pseudocode/02301_sub_83ecb0.dartpseudo	ir/02301_sub_83ecb0.json	asm/02301_sub_83ecb0.s
2302	sub_83edfc	pseudocode/02302_sub_83edfc.dartpseudo	ir/02302_sub_83edfc.json	asm/02302_sub_83edfc.s
2303	sub_83eec8	pseudocode/02303_sub_83eec8.dartpseudo	ir/02303_sub_83eec8.json	asm/02303_sub_83eec8.s
2304	sub_83f1a0	pseudocode/02304_sub_83f1a0.dartpseudo	ir/02304_sub_83f1a0.json	asm/02304_sub_83f1a0.s
2305	sub_83fd60	pseudocode/02305_sub_83fd60.dartpseudo	ir/02305_sub_83fd60.json	asm/02305_sub_83fd60.s
2306	sub_83fd88	pseudocode/02306_sub_83fd88.dartpseudo	ir/02306_sub_83fd88.json	asm/02306_sub_83fd88.s
2307	sub_8401a0	pseudocode/02307_sub_8401a0.dartpseudo	ir/02307_sub_8401a0.json	asm/02307_sub_8401a0.s
2308	sub_842ce4	pseudocode/02308_sub_842ce4.dartpseudo	ir/02308_sub_842ce4.json	asm/02308_sub_842ce4.s
2309	sub_842da8	pseudocode/02309_sub_842da8.dartpseudo	ir/02309_sub_842da8.json	asm/02309_sub_842da8.s
2310	sub_842eb4	pseudocode/02310_sub_842eb4.dartpseudo	ir/02310_sub_842eb4.json	asm/02310_sub_842eb4.s
2311	sub_842ee8	pseudocode/02311_sub_842ee8.dartpseudo	ir/02311_sub_842ee8.json	asm/02311_sub_842ee8.s
2312	sub_843a80	pseudocode/02312_sub_843a80.dartpseudo	ir/02312_sub_843a80.json	asm/02312_sub_843a80.s
2313	sub_843f08	pseudocode/02313_sub_843f08.dartpseudo	ir/02313_sub_843f08.json	asm/02313_sub_843f08.s
2314	sub_844000	pseudocode/02314_sub_844000.dartpseudo	ir/02314_sub_844000.json	asm/02314_sub_844000.s
2315	sub_84438c	pseudocode/02315_sub_84438c.dartpseudo	ir/02315_sub_84438c.json	asm/02315_sub_84438c.s
2316	sub_844d48	pseudocode/02316_sub_844d48.dartpseudo	ir/02316_sub_844d48.json	asm/02316_sub_844d48.s
2317	sub_845090	pseudocode/02317_sub_845090.dartpseudo	ir/02317_sub_845090.json	asm/02317_sub_845090.s
2318	sub_8457d0	pseudocode/02318_sub_8457d0.dartpseudo	ir/02318_sub_8457d0.json	asm/02318_sub_8457d0.s
2319	sub_845884	pseudocode/02319_sub_845884.dartpseudo	ir/02319_sub_845884.json	asm/02319_sub_845884.s
2320	sub_845890	pseudocode/02320_sub_845890.dartpseudo	ir/02320_sub_845890.json	asm/02320_sub_845890.s
2321	sub_84589c	pseudocode/02321_sub_84589c.dartpseudo	ir/02321_sub_84589c.json	asm/02321_sub_84589c.s
2322	sub_845c9c	pseudocode/02322_sub_845c9c.dartpseudo	ir/02322_sub_845c9c.json	asm/02322_sub_845c9c.s
2323	sub_845e2c	pseudocode/02323_sub_845e2c.dartpseudo	ir/02323_sub_845e2c.json	asm/02323_sub_845e2c.s
2324	sub_846068	pseudocode/02324_sub_846068.dartpseudo	ir/02324_sub_846068.json	asm/02324_sub_846068.s
2325	sub_8460e4	pseudocode/02325_sub_8460e4.dartpseudo	ir/02325_sub_8460e4.json	asm/02325_sub_8460e4.s
2326	sub_8463b4	pseudocode/02326_sub_8463b4.dartpseudo	ir/02326_sub_8463b4.json	asm/02326_sub_8463b4.s
2327	sub_8465c0	pseudocode/02327_sub_8465c0.dartpseudo	ir/02327_sub_8465c0.json	asm/02327_sub_8465c0.s
2328	sub_846a24	pseudocode/02328_sub_846a24.dartpseudo	ir/02328_sub_846a24.json	asm/02328_sub_846a24.s
2329	sub_846e50	pseudocode/02329_sub_846e50.dartpseudo	ir/02329_sub_846e50.json	asm/02329_sub_846e50.s
2330	sub_846ed8	pseudocode/02330_sub_846ed8.dartpseudo	ir/02330_sub_846ed8.json	asm/02330_sub_846ed8.s
2331	sub_846fa0	pseudocode/02331_sub_846fa0.dartpseudo	ir/02331_sub_846fa0.json	asm/02331_sub_846fa0.s
2332	sub_846fbc	pseudocode/02332_sub_846fbc.dartpseudo	ir/02332_sub_846fbc.json	asm/02332_sub_846fbc.s
2333	sub_8475ec	pseudocode/02333_sub_8475ec.dartpseudo	ir/02333_sub_8475ec.json	asm/02333_sub_8475ec.s
2334	sub_847bec	pseudocode/02334_sub_847bec.dartpseudo	ir/02334_sub_847bec.json	asm/02334_sub_847bec.s
2335	sub_8482f8	pseudocode/02335_sub_8482f8.dartpseudo	ir/02335_sub_8482f8.json	asm/02335_sub_8482f8.s
2336	sub_848864	pseudocode/02336_sub_848864.dartpseudo	ir/02336_sub_848864.json	asm/02336_sub_848864.s
2337	sub_848b44	pseudocode/02337_sub_848b44.dartpseudo	ir/02337_sub_848b44.json	asm/02337_sub_848b44.s
2338	sub_848e74	pseudocode/02338_sub_848e74.dartpseudo	ir/02338_sub_848e74.json	asm/02338_sub_848e74.s
2339	sub_848e80	pseudocode/02339_sub_848e80.dartpseudo	ir/02339_sub_848e80.json	asm/02339_sub_848e80.s
2340	sub_849084	pseudocode/02340_sub_849084.dartpseudo	ir/02340_sub_849084.json	asm/02340_sub_849084.s
2341	sub_849090	pseudocode/02341_sub_849090.dartpseudo	ir/02341_sub_849090.json	asm/02341_sub_849090.s
2342	sub_849888	pseudocode/02342_sub_849888.dartpseudo	ir/02342_sub_849888.json	asm/02342_sub_849888.s
2343	sub_8498d8	pseudocode/02343_sub_8498d8.dartpseudo	ir/02343_sub_8498d8.json	asm/02343_sub_8498d8.s
2344	sub_849a80	pseudocode/02344_sub_849a80.dartpseudo	ir/02344_sub_849a80.json	asm/02344_sub_849a80.s
2345	sub_849c24	pseudocode/02345_sub_849c24.dartpseudo	ir/02345_sub_849c24.json	asm/02345_sub_849c24.s
2346	sub_849d20	pseudocode/02346_sub_849d20.dartpseudo	ir/02346_sub_849d20.json	asm/02346_sub_849d20.s
2347	sub_849df0	pseudocode/02347_sub_849df0.dartpseudo	ir/02347_sub_849df0.json	asm/02347_sub_849df0.s
2348	sub_849f30	pseudocode/02348_sub_849f30.dartpseudo	ir/02348_sub_849f30.json	asm/02348_sub_849f30.s
2349	sub_849ff4	pseudocode/02349_sub_849ff4.dartpseudo	ir/02349_sub_849ff4.json	asm/02349_sub_849ff4.s
2350	sub_84a8d8	pseudocode/02350_sub_84a8d8.dartpseudo	ir/02350_sub_84a8d8.json	asm/02350_sub_84a8d8.s
2351	sub_84aa94	pseudocode/02351_sub_84aa94.dartpseudo	ir/02351_sub_84aa94.json	asm/02351_sub_84aa94.s
2352	sub_84ab54	pseudocode/02352_sub_84ab54.dartpseudo	ir/02352_sub_84ab54.json	asm/02352_sub_84ab54.s
2353	sub_84b1c0	pseudocode/02353_sub_84b1c0.dartpseudo	ir/02353_sub_84b1c0.json	asm/02353_sub_84b1c0.s
2354	sub_84b7f4	pseudocode/02354_sub_84b7f4.dartpseudo	ir/02354_sub_84b7f4.json	asm/02354_sub_84b7f4.s
2355	sub_84bf2c	pseudocode/02355_sub_84bf2c.dartpseudo	ir/02355_sub_84bf2c.json	asm/02355_sub_84bf2c.s
2356	sub_84c514	pseudocode/02356_sub_84c514.dartpseudo	ir/02356_sub_84c514.json	asm/02356_sub_84c514.s
2357	sub_84c5b4	pseudocode/02357_sub_84c5b4.dartpseudo	ir/02357_sub_84c5b4.json	asm/02357_sub_84c5b4.s
2358	sub_84c6a4	pseudocode/02358_sub_84c6a4.dartpseudo	ir/02358_sub_84c6a4.json	asm/02358_sub_84c6a4.s
2359	sub_84c880	pseudocode/02359_sub_84c880.dartpseudo	ir/02359_sub_84c880.json	asm/02359_sub_84c880.s
2360	sub_84c958	pseudocode/02360_sub_84c958.dartpseudo	ir/02360_sub_84c958.json	asm/02360_sub_84c958.s
2361	sub_84d01c	pseudocode/02361_sub_84d01c.dartpseudo	ir/02361_sub_84d01c.json	asm/02361_sub_84d01c.s
2362	sub_84e6b4	pseudocode/02362_sub_84e6b4.dartpseudo	ir/02362_sub_84e6b4.json	asm/02362_sub_84e6b4.s
2363	sub_84eee0	pseudocode/02363_sub_84eee0.dartpseudo	ir/02363_sub_84eee0.json	asm/02363_sub_84eee0.s
2364	sub_84f17c	pseudocode/02364_sub_84f17c.dartpseudo	ir/02364_sub_84f17c.json	asm/02364_sub_84f17c.s
2365	sub_84f3b4	pseudocode/02365_sub_84f3b4.dartpseudo	ir/02365_sub_84f3b4.json	asm/02365_sub_84f3b4.s
2366	sub_850698	pseudocode/02366_sub_850698.dartpseudo	ir/02366_sub_850698.json	asm/02366_sub_850698.s
2367	sub_850cd0	pseudocode/02367_sub_850cd0.dartpseudo	ir/02367_sub_850cd0.json	asm/02367_sub_850cd0.s
2368	sub_850e40	pseudocode/02368_sub_850e40.dartpseudo	ir/02368_sub_850e40.json	asm/02368_sub_850e40.s
2369	sub_850eac	pseudocode/02369_sub_850eac.dartpseudo	ir/02369_sub_850eac.json	asm/02369_sub_850eac.s
2370	sub_8511c0	pseudocode/02370_sub_8511c0.dartpseudo	ir/02370_sub_8511c0.json	asm/02370_sub_8511c0.s
2371	sub_851bb0	pseudocode/02371_sub_851bb0.dartpseudo	ir/02371_sub_851bb0.json	asm/02371_sub_851bb0.s
2372	sub_852a48	pseudocode/02372_sub_852a48.dartpseudo	ir/02372_sub_852a48.json	asm/02372_sub_852a48.s
2373	sub_852d28	pseudocode/02373_sub_852d28.dartpseudo	ir/02373_sub_852d28.json	asm/02373_sub_852d28.s
2374	sub_853750	pseudocode/02374_sub_853750.dartpseudo	ir/02374_sub_853750.json	asm/02374_sub_853750.s
2375	sub_853f5c	pseudocode/02375_sub_853f5c.dartpseudo	ir/02375_sub_853f5c.json	asm/02375_sub_853f5c.s
2376	sub_85433c	pseudocode/02376_sub_85433c.dartpseudo	ir/02376_sub_85433c.json	asm/02376_sub_85433c.s
2377	sub_854370	pseudocode/02377_sub_854370.dartpseudo	ir/02377_sub_854370.json	asm/02377_sub_854370.s
2378	sub_85539c	pseudocode/02378_sub_85539c.dartpseudo	ir/02378_sub_85539c.json	asm/02378_sub_85539c.s
2379	sub_8556e8	pseudocode/02379_sub_8556e8.dartpseudo	ir/02379_sub_8556e8.json	asm/02379_sub_8556e8.s
2380	sub_855b30	pseudocode/02380_sub_855b30.dartpseudo	ir/02380_sub_855b30.json	asm/02380_sub_855b30.s
2381	sub_855c5c	pseudocode/02381_sub_855c5c.dartpseudo	ir/02381_sub_855c5c.json	asm/02381_sub_855c5c.s
2382	sub_856ae4	pseudocode/02382_sub_856ae4.dartpseudo	ir/02382_sub_856ae4.json	asm/02382_sub_856ae4.s
2383	sub_856bd4	pseudocode/02383_sub_856bd4.dartpseudo	ir/02383_sub_856bd4.json	asm/02383_sub_856bd4.s
2384	sub_857178	pseudocode/02384_sub_857178.dartpseudo	ir/02384_sub_857178.json	asm/02384_sub_857178.s
2385	sub_8571ac	pseudocode/02385_sub_8571ac.dartpseudo	ir/02385_sub_8571ac.json	asm/02385_sub_8571ac.s
2386	sub_857264	pseudocode/02386_sub_857264.dartpseudo	ir/02386_sub_857264.json	asm/02386_sub_857264.s
2387	sub_85731c	pseudocode/02387_sub_85731c.dartpseudo	ir/02387_sub_85731c.json	asm/02387_sub_85731c.s
2388	sub_857350	pseudocode/02388_sub_857350.dartpseudo	ir/02388_sub_857350.json	asm/02388_sub_857350.s
2389	sub_857ab4	pseudocode/02389_sub_857ab4.dartpseudo	ir/02389_sub_857ab4.json	asm/02389_sub_857ab4.s
2390	sub_857e24	pseudocode/02390_sub_857e24.dartpseudo	ir/02390_sub_857e24.json	asm/02390_sub_857e24.s
2391	sub_857f68	pseudocode/02391_sub_857f68.dartpseudo	ir/02391_sub_857f68.json	asm/02391_sub_857f68.s
2392	sub_858380	pseudocode/02392_sub_858380.dartpseudo	ir/02392_sub_858380.json	asm/02392_sub_858380.s
2393	sub_85881c	pseudocode/02393_sub_85881c.dartpseudo	ir/02393_sub_85881c.json	asm/02393_sub_85881c.s
2394	sub_858964	pseudocode/02394_sub_858964.dartpseudo	ir/02394_sub_858964.json	asm/02394_sub_858964.s
2395	sub_858aa0	pseudocode/02395_sub_858aa0.dartpseudo	ir/02395_sub_858aa0.json	asm/02395_sub_858aa0.s
2396	sub_859aa0	pseudocode/02396_sub_859aa0.dartpseudo	ir/02396_sub_859aa0.json	asm/02396_sub_859aa0.s
2397	sub_859d3c	pseudocode/02397_sub_859d3c.dartpseudo	ir/02397_sub_859d3c.json	asm/02397_sub_859d3c.s
2398	sub_85ac78	pseudocode/02398_sub_85ac78.dartpseudo	ir/02398_sub_85ac78.json	asm/02398_sub_85ac78.s
2399	sub_85bbb8	pseudocode/02399_sub_85bbb8.dartpseudo	ir/02399_sub_85bbb8.json	asm/02399_sub_85bbb8.s
2400	sub_85bc64	pseudocode/02400_sub_85bc64.dartpseudo	ir/02400_sub_85bc64.json	asm/02400_sub_85bc64.s
2401	sub_85bd00	pseudocode/02401_sub_85bd00.dartpseudo	ir/02401_sub_85bd00.json	asm/02401_sub_85bd00.s
2402	sub_85bd90	pseudocode/02402_sub_85bd90.dartpseudo	ir/02402_sub_85bd90.json	asm/02402_sub_85bd90.s
2403	sub_85bedc	pseudocode/02403_sub_85bedc.dartpseudo	ir/02403_sub_85bedc.json	asm/02403_sub_85bedc.s
2404	sub_85bfb4	pseudocode/02404_sub_85bfb4.dartpseudo	ir/02404_sub_85bfb4.json	asm/02404_sub_85bfb4.s
2405	sub_85c218	pseudocode/02405_sub_85c218.dartpseudo	ir/02405_sub_85c218.json	asm/02405_sub_85c218.s
2406	sub_85c2b4	pseudocode/02406_sub_85c2b4.dartpseudo	ir/02406_sub_85c2b4.json	asm/02406_sub_85c2b4.s
2407	sub_85c9ec	pseudocode/02407_sub_85c9ec.dartpseudo	ir/02407_sub_85c9ec.json	asm/02407_sub_85c9ec.s
2408	sub_85cc08	pseudocode/02408_sub_85cc08.dartpseudo	ir/02408_sub_85cc08.json	asm/02408_sub_85cc08.s
2409	sub_85cd10	pseudocode/02409_sub_85cd10.dartpseudo	ir/02409_sub_85cd10.json	asm/02409_sub_85cd10.s
2410	sub_85cf88	pseudocode/02410_sub_85cf88.dartpseudo	ir/02410_sub_85cf88.json	asm/02410_sub_85cf88.s
2411	sub_85cfe0	pseudocode/02411_sub_85cfe0.dartpseudo	ir/02411_sub_85cfe0.json	asm/02411_sub_85cfe0.s
2412	sub_85d1ac	pseudocode/02412_sub_85d1ac.dartpseudo	ir/02412_sub_85d1ac.json	asm/02412_sub_85d1ac.s
2413	sub_85d578	pseudocode/02413_sub_85d578.dartpseudo	ir/02413_sub_85d578.json	asm/02413_sub_85d578.s
2414	sub_85d6a8	pseudocode/02414_sub_85d6a8.dartpseudo	ir/02414_sub_85d6a8.json	asm/02414_sub_85d6a8.s
2415	sub_85dc10	pseudocode/02415_sub_85dc10.dartpseudo	ir/02415_sub_85dc10.json	asm/02415_sub_85dc10.s
2416	sub_85df80	pseudocode/02416_sub_85df80.dartpseudo	ir/02416_sub_85df80.json	asm/02416_sub_85df80.s
2417	sub_85f3d4	pseudocode/02417_sub_85f3d4.dartpseudo	ir/02417_sub_85f3d4.json	asm/02417_sub_85f3d4.s
2418	sub_85f458	pseudocode/02418_sub_85f458.dartpseudo	ir/02418_sub_85f458.json	asm/02418_sub_85f458.s
2419	sub_85f548	pseudocode/02419_sub_85f548.dartpseudo	ir/02419_sub_85f548.json	asm/02419_sub_85f548.s
2420	sub_85f638	pseudocode/02420_sub_85f638.dartpseudo	ir/02420_sub_85f638.json	asm/02420_sub_85f638.s
2421	sub_8610f4	pseudocode/02421_sub_8610f4.dartpseudo	ir/02421_sub_8610f4.json	asm/02421_sub_8610f4.s
2422	sub_862ee4	pseudocode/02422_sub_862ee4.dartpseudo	ir/02422_sub_862ee4.json	asm/02422_sub_862ee4.s
2423	sub_863a8c	pseudocode/02423_sub_863a8c.dartpseudo	ir/02423_sub_863a8c.json	asm/02423_sub_863a8c.s
2424	sub_86510c	pseudocode/02424_sub_86510c.dartpseudo	ir/02424_sub_86510c.json	asm/02424_sub_86510c.s
2425	sub_8656f8	pseudocode/02425_sub_8656f8.dartpseudo	ir/02425_sub_8656f8.json	asm/02425_sub_8656f8.s
2426	sub_865754	pseudocode/02426_sub_865754.dartpseudo	ir/02426_sub_865754.json	asm/02426_sub_865754.s
2427	sub_8657c4	pseudocode/02427_sub_8657c4.dartpseudo	ir/02427_sub_8657c4.json	asm/02427_sub_8657c4.s
2428	sub_8659c8	pseudocode/02428_sub_8659c8.dartpseudo	ir/02428_sub_8659c8.json	asm/02428_sub_8659c8.s
2429	sub_865ad4	pseudocode/02429_sub_865ad4.dartpseudo	ir/02429_sub_865ad4.json	asm/02429_sub_865ad4.s
2430	sub_865c50	pseudocode/02430_sub_865c50.dartpseudo	ir/02430_sub_865c50.json	asm/02430_sub_865c50.s
2431	sub_866728	pseudocode/02431_sub_866728.dartpseudo	ir/02431_sub_866728.json	asm/02431_sub_866728.s
2432	sub_867548	pseudocode/02432_sub_867548.dartpseudo	ir/02432_sub_867548.json	asm/02432_sub_867548.s
2433	sub_86789c	pseudocode/02433_sub_86789c.dartpseudo	ir/02433_sub_86789c.json	asm/02433_sub_86789c.s
2434	sub_8679d0	pseudocode/02434_sub_8679d0.dartpseudo	ir/02434_sub_8679d0.json	asm/02434_sub_8679d0.s
2435	sub_867b84	pseudocode/02435_sub_867b84.dartpseudo	ir/02435_sub_867b84.json	asm/02435_sub_867b84.s
2436	sub_867ee0	pseudocode/02436_sub_867ee0.dartpseudo	ir/02436_sub_867ee0.json	asm/02436_sub_867ee0.s
2437	sub_867f24	pseudocode/02437_sub_867f24.dartpseudo	ir/02437_sub_867f24.json	asm/02437_sub_867f24.s
2438	sub_86810c	pseudocode/02438_sub_86810c.dartpseudo	ir/02438_sub_86810c.json	asm/02438_sub_86810c.s
2439	sub_8688a4	pseudocode/02439_sub_8688a4.dartpseudo	ir/02439_sub_8688a4.json	asm/02439_sub_8688a4.s
2440	sub_868a40	pseudocode/02440_sub_868a40.dartpseudo	ir/02440_sub_868a40.json	asm/02440_sub_868a40.s
2441	sub_869908	pseudocode/02441_sub_869908.dartpseudo	ir/02441_sub_869908.json	asm/02441_sub_869908.s
2442	sub_8699ac	pseudocode/02442_sub_8699ac.dartpseudo	ir/02442_sub_8699ac.json	asm/02442_sub_8699ac.s
2443	sub_869d38	pseudocode/02443_sub_869d38.dartpseudo	ir/02443_sub_869d38.json	asm/02443_sub_869d38.s
2444	sub_869dc4	pseudocode/02444_sub_869dc4.dartpseudo	ir/02444_sub_869dc4.json	asm/02444_sub_869dc4.s
2445	sub_869ee4	pseudocode/02445_sub_869ee4.dartpseudo	ir/02445_sub_869ee4.json	asm/02445_sub_869ee4.s
2446	sub_86a1a8	pseudocode/02446_sub_86a1a8.dartpseudo	ir/02446_sub_86a1a8.json	asm/02446_sub_86a1a8.s
2447	sub_86a234	pseudocode/02447_sub_86a234.dartpseudo	ir/02447_sub_86a234.json	asm/02447_sub_86a234.s
2448	sub_86a698	pseudocode/02448_sub_86a698.dartpseudo	ir/02448_sub_86a698.json	asm/02448_sub_86a698.s
2449	sub_86aaa0	pseudocode/02449_sub_86aaa0.dartpseudo	ir/02449_sub_86aaa0.json	asm/02449_sub_86aaa0.s
2450	sub_86acfc	pseudocode/02450_sub_86acfc.dartpseudo	ir/02450_sub_86acfc.json	asm/02450_sub_86acfc.s
2451	sub_86afe4	pseudocode/02451_sub_86afe4.dartpseudo	ir/02451_sub_86afe4.json	asm/02451_sub_86afe4.s
2452	sub_86b06c	pseudocode/02452_sub_86b06c.dartpseudo	ir/02452_sub_86b06c.json	asm/02452_sub_86b06c.s
2453	sub_86b6dc	pseudocode/02453_sub_86b6dc.dartpseudo	ir/02453_sub_86b6dc.json	asm/02453_sub_86b6dc.s
2454	sub_86bf68	pseudocode/02454_sub_86bf68.dartpseudo	ir/02454_sub_86bf68.json	asm/02454_sub_86bf68.s
2455	sub_86c000	pseudocode/02455_sub_86c000.dartpseudo	ir/02455_sub_86c000.json	asm/02455_sub_86c000.s
2456	sub_86d5d4	pseudocode/02456_sub_86d5d4.dartpseudo	ir/02456_sub_86d5d4.json	asm/02456_sub_86d5d4.s
2457	sub_870044	pseudocode/02457_sub_870044.dartpseudo	ir/02457_sub_870044.json	asm/02457_sub_870044.s
2458	sub_870084	pseudocode/02458_sub_870084.dartpseudo	ir/02458_sub_870084.json	asm/02458_sub_870084.s
2459	sub_870118	pseudocode/02459_sub_870118.dartpseudo	ir/02459_sub_870118.json	asm/02459_sub_870118.s
2460	sub_8701f4	pseudocode/02460_sub_8701f4.dartpseudo	ir/02460_sub_8701f4.json	asm/02460_sub_8701f4.s
2461	sub_8721dc	pseudocode/02461_sub_8721dc.dartpseudo	ir/02461_sub_8721dc.json	asm/02461_sub_8721dc.s
2462	sub_872cec	pseudocode/02462_sub_872cec.dartpseudo	ir/02462_sub_872cec.json	asm/02462_sub_872cec.s
2463	sub_872f58	pseudocode/02463_sub_872f58.dartpseudo	ir/02463_sub_872f58.json	asm/02463_sub_872f58.s
2464	sub_873c8c	pseudocode/02464_sub_873c8c.dartpseudo	ir/02464_sub_873c8c.json	asm/02464_sub_873c8c.s
2465	sub_8742e8	pseudocode/02465_sub_8742e8.dartpseudo	ir/02465_sub_8742e8.json	asm/02465_sub_8742e8.s
2466	sub_8743cc	pseudocode/02466_sub_8743cc.dartpseudo	ir/02466_sub_8743cc.json	asm/02466_sub_8743cc.s
2467	sub_87464c	pseudocode/02467_sub_87464c.dartpseudo	ir/02467_sub_87464c.json	asm/02467_sub_87464c.s
2468	sub_8753dc	pseudocode/02468_sub_8753dc.dartpseudo	ir/02468_sub_8753dc.json	asm/02468_sub_8753dc.s
2469	sub_87553c	pseudocode/02469_sub_87553c.dartpseudo	ir/02469_sub_87553c.json	asm/02469_sub_87553c.s
2470	sub_87586c	pseudocode/02470_sub_87586c.dartpseudo	ir/02470_sub_87586c.json	asm/02470_sub_87586c.s
2471	sub_87590c	pseudocode/02471_sub_87590c.dartpseudo	ir/02471_sub_87590c.json	asm/02471_sub_87590c.s
2472	sub_876e88	pseudocode/02472_sub_876e88.dartpseudo	ir/02472_sub_876e88.json	asm/02472_sub_876e88.s
2473	sub_87758c	pseudocode/02473_sub_87758c.dartpseudo	ir/02473_sub_87758c.json	asm/02473_sub_87758c.s
2474	sub_877e94	pseudocode/02474_sub_877e94.dartpseudo	ir/02474_sub_877e94.json	asm/02474_sub_877e94.s
2475	sub_878010	pseudocode/02475_sub_878010.dartpseudo	ir/02475_sub_878010.json	asm/02475_sub_878010.s
2476	sub_878600	pseudocode/02476_sub_878600.dartpseudo	ir/02476_sub_878600.json	asm/02476_sub_878600.s
2477	sub_8789b0	pseudocode/02477_sub_8789b0.dartpseudo	ir/02477_sub_8789b0.json	asm/02477_sub_8789b0.s
2478	sub_878b20	pseudocode/02478_sub_878b20.dartpseudo	ir/02478_sub_878b20.json	asm/02478_sub_878b20.s
2479	sub_878e58	pseudocode/02479_sub_878e58.dartpseudo	ir/02479_sub_878e58.json	asm/02479_sub_878e58.s
2480	sub_87b0f0	pseudocode/02480_sub_87b0f0.dartpseudo	ir/02480_sub_87b0f0.json	asm/02480_sub_87b0f0.s
2481	sub_87c8b8	pseudocode/02481_sub_87c8b8.dartpseudo	ir/02481_sub_87c8b8.json	asm/02481_sub_87c8b8.s
2482	sub_87ce38	pseudocode/02482_sub_87ce38.dartpseudo	ir/02482_sub_87ce38.json	asm/02482_sub_87ce38.s
2483	sub_87d2d0	pseudocode/02483_sub_87d2d0.dartpseudo	ir/02483_sub_87d2d0.json	asm/02483_sub_87d2d0.s
2484	sub_87d6d8	pseudocode/02484_sub_87d6d8.dartpseudo	ir/02484_sub_87d6d8.json	asm/02484_sub_87d6d8.s
2485	sub_87d6e4	pseudocode/02485_sub_87d6e4.dartpseudo	ir/02485_sub_87d6e4.json	asm/02485_sub_87d6e4.s
2486	sub_87d81c	pseudocode/02486_sub_87d81c.dartpseudo	ir/02486_sub_87d81c.json	asm/02486_sub_87d81c.s
2487	sub_87d854	pseudocode/02487_sub_87d854.dartpseudo	ir/02487_sub_87d854.json	asm/02487_sub_87d854.s
2488	sub_87dc18	pseudocode/02488_sub_87dc18.dartpseudo	ir/02488_sub_87dc18.json	asm/02488_sub_87dc18.s
2489	sub_87dd88	pseudocode/02489_sub_87dd88.dartpseudo	ir/02489_sub_87dd88.json	asm/02489_sub_87dd88.s
2490	sub_87f2f4	pseudocode/02490_sub_87f2f4.dartpseudo	ir/02490_sub_87f2f4.json	asm/02490_sub_87f2f4.s
2491	sub_87f840	pseudocode/02491_sub_87f840.dartpseudo	ir/02491_sub_87f840.json	asm/02491_sub_87f840.s
2492	sub_87fb04	pseudocode/02492_sub_87fb04.dartpseudo	ir/02492_sub_87fb04.json	asm/02492_sub_87fb04.s
2493	sub_87fcf8	pseudocode/02493_sub_87fcf8.dartpseudo	ir/02493_sub_87fcf8.json	asm/02493_sub_87fcf8.s
2494	sub_880120	pseudocode/02494_sub_880120.dartpseudo	ir/02494_sub_880120.json	asm/02494_sub_880120.s
2495	sub_8801c8	pseudocode/02495_sub_8801c8.dartpseudo	ir/02495_sub_8801c8.json	asm/02495_sub_8801c8.s
2496	sub_8805dc	pseudocode/02496_sub_8805dc.dartpseudo	ir/02496_sub_8805dc.json	asm/02496_sub_8805dc.s
2497	sub_880630	pseudocode/02497_sub_880630.dartpseudo	ir/02497_sub_880630.json	asm/02497_sub_880630.s
2498	sub_8806d0	pseudocode/02498_sub_8806d0.dartpseudo	ir/02498_sub_8806d0.json	asm/02498_sub_8806d0.s
2499	sub_88144c	pseudocode/02499_sub_88144c.dartpseudo	ir/02499_sub_88144c.json	asm/02499_sub_88144c.s
2500	sub_88160c	pseudocode/02500_sub_88160c.dartpseudo	ir/02500_sub_88160c.json	asm/02500_sub_88160c.s
2501	sub_8818f4	pseudocode/02501_sub_8818f4.dartpseudo	ir/02501_sub_8818f4.json	asm/02501_sub_8818f4.s
2502	sub_881970	pseudocode/02502_sub_881970.dartpseudo	ir/02502_sub_881970.json	asm/02502_sub_881970.s
2503	sub_881d10	pseudocode/02503_sub_881d10.dartpseudo	ir/02503_sub_881d10.json	asm/02503_sub_881d10.s
2504	sub_881f64	pseudocode/02504_sub_881f64.dartpseudo	ir/02504_sub_881f64.json	asm/02504_sub_881f64.s
2505	sub_882560	pseudocode/02505_sub_882560.dartpseudo	ir/02505_sub_882560.json	asm/02505_sub_882560.s
2506	sub_882708	pseudocode/02506_sub_882708.dartpseudo	ir/02506_sub_882708.json	asm/02506_sub_882708.s
2507	sub_882850	pseudocode/02507_sub_882850.dartpseudo	ir/02507_sub_882850.json	asm/02507_sub_882850.s
2508	sub_882908	pseudocode/02508_sub_882908.dartpseudo	ir/02508_sub_882908.json	asm/02508_sub_882908.s
2509	sub_882ddc	pseudocode/02509_sub_882ddc.dartpseudo	ir/02509_sub_882ddc.json	asm/02509_sub_882ddc.s
2510	sub_882ed8	pseudocode/02510_sub_882ed8.dartpseudo	ir/02510_sub_882ed8.json	asm/02510_sub_882ed8.s
2511	sub_883154	pseudocode/02511_sub_883154.dartpseudo	ir/02511_sub_883154.json	asm/02511_sub_883154.s
2512	sub_88333c	pseudocode/02512_sub_88333c.dartpseudo	ir/02512_sub_88333c.json	asm/02512_sub_88333c.s
2513	sub_883510	pseudocode/02513_sub_883510.dartpseudo	ir/02513_sub_883510.json	asm/02513_sub_883510.s
2514	sub_883eb0	pseudocode/02514_sub_883eb0.dartpseudo	ir/02514_sub_883eb0.json	asm/02514_sub_883eb0.s
2515	sub_883ebc	pseudocode/02515_sub_883ebc.dartpseudo	ir/02515_sub_883ebc.json	asm/02515_sub_883ebc.s
2516	sub_884058	pseudocode/02516_sub_884058.dartpseudo	ir/02516_sub_884058.json	asm/02516_sub_884058.s
2517	sub_8841d8	pseudocode/02517_sub_8841d8.dartpseudo	ir/02517_sub_8841d8.json	asm/02517_sub_8841d8.s
2518	sub_88441c	pseudocode/02518_sub_88441c.dartpseudo	ir/02518_sub_88441c.json	asm/02518_sub_88441c.s
2519	sub_884680	pseudocode/02519_sub_884680.dartpseudo	ir/02519_sub_884680.json	asm/02519_sub_884680.s
2520	sub_884994	pseudocode/02520_sub_884994.dartpseudo	ir/02520_sub_884994.json	asm/02520_sub_884994.s
2521	sub_884b68	pseudocode/02521_sub_884b68.dartpseudo	ir/02521_sub_884b68.json	asm/02521_sub_884b68.s
2522	sub_884e9c	pseudocode/02522_sub_884e9c.dartpseudo	ir/02522_sub_884e9c.json	asm/02522_sub_884e9c.s
2523	sub_885568	pseudocode/02523_sub_885568.dartpseudo	ir/02523_sub_885568.json	asm/02523_sub_885568.s
2524	sub_885574	pseudocode/02524_sub_885574.dartpseudo	ir/02524_sub_885574.json	asm/02524_sub_885574.s
2525	sub_885580	pseudocode/02525_sub_885580.dartpseudo	ir/02525_sub_885580.json	asm/02525_sub_885580.s
2526	sub_8855cc	pseudocode/02526_sub_8855cc.dartpseudo	ir/02526_sub_8855cc.json	asm/02526_sub_8855cc.s
2527	sub_885d0c	pseudocode/02527_sub_885d0c.dartpseudo	ir/02527_sub_885d0c.json	asm/02527_sub_885d0c.s
2528	sub_88baec	pseudocode/02528_sub_88baec.dartpseudo	ir/02528_sub_88baec.json	asm/02528_sub_88baec.s
2529	sub_88be0c	pseudocode/02529_sub_88be0c.dartpseudo	ir/02529_sub_88be0c.json	asm/02529_sub_88be0c.s
2530	sub_88c39c	pseudocode/02530_sub_88c39c.dartpseudo	ir/02530_sub_88c39c.json	asm/02530_sub_88c39c.s
2531	sub_88c7d4	pseudocode/02531_sub_88c7d4.dartpseudo	ir/02531_sub_88c7d4.json	asm/02531_sub_88c7d4.s
2532	sub_88cb24	pseudocode/02532_sub_88cb24.dartpseudo	ir/02532_sub_88cb24.json	asm/02532_sub_88cb24.s
2533	sub_88cb30	pseudocode/02533_sub_88cb30.dartpseudo	ir/02533_sub_88cb30.json	asm/02533_sub_88cb30.s
2534	sub_88cffc	pseudocode/02534_sub_88cffc.dartpseudo	ir/02534_sub_88cffc.json	asm/02534_sub_88cffc.s
2535	sub_88d474	pseudocode/02535_sub_88d474.dartpseudo	ir/02535_sub_88d474.json	asm/02535_sub_88d474.s
2536	sub_88d888	pseudocode/02536_sub_88d888.dartpseudo	ir/02536_sub_88d888.json	asm/02536_sub_88d888.s
2537	sub_88d9a8	pseudocode/02537_sub_88d9a8.dartpseudo	ir/02537_sub_88d9a8.json	asm/02537_sub_88d9a8.s
2538	sub_88da50	pseudocode/02538_sub_88da50.dartpseudo	ir/02538_sub_88da50.json	asm/02538_sub_88da50.s
2539	sub_88dae4	pseudocode/02539_sub_88dae4.dartpseudo	ir/02539_sub_88dae4.json	asm/02539_sub_88dae4.s
2540	sub_88de2c	pseudocode/02540_sub_88de2c.dartpseudo	ir/02540_sub_88de2c.json	asm/02540_sub_88de2c.s
2541	sub_88de38	pseudocode/02541_sub_88de38.dartpseudo	ir/02541_sub_88de38.json	asm/02541_sub_88de38.s
2542	sub_88df00	pseudocode/02542_sub_88df00.dartpseudo	ir/02542_sub_88df00.json	asm/02542_sub_88df00.s
2543	sub_88dfc4	pseudocode/02543_sub_88dfc4.dartpseudo	ir/02543_sub_88dfc4.json	asm/02543_sub_88dfc4.s
2544	sub_88fb08	pseudocode/02544_sub_88fb08.dartpseudo	ir/02544_sub_88fb08.json	asm/02544_sub_88fb08.s
2545	sub_88fd68	pseudocode/02545_sub_88fd68.dartpseudo	ir/02545_sub_88fd68.json	asm/02545_sub_88fd68.s
2546	sub_89002c	pseudocode/02546_sub_89002c.dartpseudo	ir/02546_sub_89002c.json	asm/02546_sub_89002c.s
2547	sub_8902e0	pseudocode/02547_sub_8902e0.dartpseudo	ir/02547_sub_8902e0.json	asm/02547_sub_8902e0.s
2548	sub_89059c	pseudocode/02548_sub_89059c.dartpseudo	ir/02548_sub_89059c.json	asm/02548_sub_89059c.s
2549	sub_890660	pseudocode/02549_sub_890660.dartpseudo	ir/02549_sub_890660.json	asm/02549_sub_890660.s
2550	sub_890b64	pseudocode/02550_sub_890b64.dartpseudo	ir/02550_sub_890b64.json	asm/02550_sub_890b64.s
2551	sub_890c10	pseudocode/02551_sub_890c10.dartpseudo	ir/02551_sub_890c10.json	asm/02551_sub_890c10.s
2552	sub_8933ec	pseudocode/02552_sub_8933ec.dartpseudo	ir/02552_sub_8933ec.json	asm/02552_sub_8933ec.s
2553	sub_893800	pseudocode/02553_sub_893800.dartpseudo	ir/02553_sub_893800.json	asm/02553_sub_893800.s
2554	sub_893ef8	pseudocode/02554_sub_893ef8.dartpseudo	ir/02554_sub_893ef8.json	asm/02554_sub_893ef8.s
2555	sub_8941dc	pseudocode/02555_sub_8941dc.dartpseudo	ir/02555_sub_8941dc.json	asm/02555_sub_8941dc.s
2556	sub_89557c	pseudocode/02556_sub_89557c.dartpseudo	ir/02556_sub_89557c.json	asm/02556_sub_89557c.s
2557	sub_89686c	pseudocode/02557_sub_89686c.dartpseudo	ir/02557_sub_89686c.json	asm/02557_sub_89686c.s
2558	sub_896b88	pseudocode/02558_sub_896b88.dartpseudo	ir/02558_sub_896b88.json	asm/02558_sub_896b88.s
2559	sub_897af0	pseudocode/02559_sub_897af0.dartpseudo	ir/02559_sub_897af0.json	asm/02559_sub_897af0.s
2560	sub_897be8	pseudocode/02560_sub_897be8.dartpseudo	ir/02560_sub_897be8.json	asm/02560_sub_897be8.s
2561	sub_897ff8	pseudocode/02561_sub_897ff8.dartpseudo	ir/02561_sub_897ff8.json	asm/02561_sub_897ff8.s
2562	sub_898028	pseudocode/02562_sub_898028.dartpseudo	ir/02562_sub_898028.json	asm/02562_sub_898028.s
2563	sub_8980f4	pseudocode/02563_sub_8980f4.dartpseudo	ir/02563_sub_8980f4.json	asm/02563_sub_8980f4.s
2564	sub_8985a8	pseudocode/02564_sub_8985a8.dartpseudo	ir/02564_sub_8985a8.json	asm/02564_sub_8985a8.s
2565	sub_898880	pseudocode/02565_sub_898880.dartpseudo	ir/02565_sub_898880.json	asm/02565_sub_898880.s
2566	sub_89949c	pseudocode/02566_sub_89949c.dartpseudo	ir/02566_sub_89949c.json	asm/02566_sub_89949c.s
2567	sub_89a070	pseudocode/02567_sub_89a070.dartpseudo	ir/02567_sub_89a070.json	asm/02567_sub_89a070.s
2568	sub_89a254	pseudocode/02568_sub_89a254.dartpseudo	ir/02568_sub_89a254.json	asm/02568_sub_89a254.s
2569	sub_89a2e8	pseudocode/02569_sub_89a2e8.dartpseudo	ir/02569_sub_89a2e8.json	asm/02569_sub_89a2e8.s
2570	sub_89a2f4	pseudocode/02570_sub_89a2f4.dartpseudo	ir/02570_sub_89a2f4.json	asm/02570_sub_89a2f4.s
2571	sub_89a56c	pseudocode/02571_sub_89a56c.dartpseudo	ir/02571_sub_89a56c.json	asm/02571_sub_89a56c.s
2572	sub_89a664	pseudocode/02572_sub_89a664.dartpseudo	ir/02572_sub_89a664.json	asm/02572_sub_89a664.s
2573	sub_89a8b8	pseudocode/02573_sub_89a8b8.dartpseudo	ir/02573_sub_89a8b8.json	asm/02573_sub_89a8b8.s
2574	sub_89a990	pseudocode/02574_sub_89a990.dartpseudo	ir/02574_sub_89a990.json	asm/02574_sub_89a990.s
2575	sub_89aa6c	pseudocode/02575_sub_89aa6c.dartpseudo	ir/02575_sub_89aa6c.json	asm/02575_sub_89aa6c.s
2576	sub_89aabc	pseudocode/02576_sub_89aabc.dartpseudo	ir/02576_sub_89aabc.json	asm/02576_sub_89aabc.s
2577	sub_89ab28	pseudocode/02577_sub_89ab28.dartpseudo	ir/02577_sub_89ab28.json	asm/02577_sub_89ab28.s
2578	sub_89acf0	pseudocode/02578_sub_89acf0.dartpseudo	ir/02578_sub_89acf0.json	asm/02578_sub_89acf0.s
2579	sub_89b0b0	pseudocode/02579_sub_89b0b0.dartpseudo	ir/02579_sub_89b0b0.json	asm/02579_sub_89b0b0.s
2580	sub_89b378	pseudocode/02580_sub_89b378.dartpseudo	ir/02580_sub_89b378.json	asm/02580_sub_89b378.s
2581	sub_89b698	pseudocode/02581_sub_89b698.dartpseudo	ir/02581_sub_89b698.json	asm/02581_sub_89b698.s
2582	sub_89c5dc	pseudocode/02582_sub_89c5dc.dartpseudo	ir/02582_sub_89c5dc.json	asm/02582_sub_89c5dc.s
2583	sub_89c9f8	pseudocode/02583_sub_89c9f8.dartpseudo	ir/02583_sub_89c9f8.json	asm/02583_sub_89c9f8.s
2584	sub_89d39c	pseudocode/02584_sub_89d39c.dartpseudo	ir/02584_sub_89d39c.json	asm/02584_sub_89d39c.s
2585	sub_89d7d4	pseudocode/02585_sub_89d7d4.dartpseudo	ir/02585_sub_89d7d4.json	asm/02585_sub_89d7d4.s
2586	sub_89e640	pseudocode/02586_sub_89e640.dartpseudo	ir/02586_sub_89e640.json	asm/02586_sub_89e640.s
2587	sub_89ecc0	pseudocode/02587_sub_89ecc0.dartpseudo	ir/02587_sub_89ecc0.json	asm/02587_sub_89ecc0.s
2588	sub_89ed7c	pseudocode/02588_sub_89ed7c.dartpseudo	ir/02588_sub_89ed7c.json	asm/02588_sub_89ed7c.s
2589	sub_89f854	pseudocode/02589_sub_89f854.dartpseudo	ir/02589_sub_89f854.json	asm/02589_sub_89f854.s
2590	sub_89ff00	pseudocode/02590_sub_89ff00.dartpseudo	ir/02590_sub_89ff00.json	asm/02590_sub_89ff00.s
2591	sub_89ffb4	pseudocode/02591_sub_89ffb4.dartpseudo	ir/02591_sub_89ffb4.json	asm/02591_sub_89ffb4.s
2592	sub_8a0018	pseudocode/02592_sub_8a0018.dartpseudo	ir/02592_sub_8a0018.json	asm/02592_sub_8a0018.s
2593	sub_8a00a4	pseudocode/02593_sub_8a00a4.dartpseudo	ir/02593_sub_8a00a4.json	asm/02593_sub_8a00a4.s
2594	sub_8a034c	pseudocode/02594_sub_8a034c.dartpseudo	ir/02594_sub_8a034c.json	asm/02594_sub_8a034c.s
2595	sub_8a03b0	pseudocode/02595_sub_8a03b0.dartpseudo	ir/02595_sub_8a03b0.json	asm/02595_sub_8a03b0.s
2596	sub_8a0408	pseudocode/02596_sub_8a0408.dartpseudo	ir/02596_sub_8a0408.json	asm/02596_sub_8a0408.s
2597	sub_8a0464	pseudocode/02597_sub_8a0464.dartpseudo	ir/02597_sub_8a0464.json	asm/02597_sub_8a0464.s
2598	sub_8a0524	pseudocode/02598_sub_8a0524.dartpseudo	ir/02598_sub_8a0524.json	asm/02598_sub_8a0524.s
2599	sub_8a05b0	pseudocode/02599_sub_8a05b0.dartpseudo	ir/02599_sub_8a05b0.json	asm/02599_sub_8a05b0.s
2600	sub_8a065c	pseudocode/02600_sub_8a065c.dartpseudo	ir/02600_sub_8a065c.json	asm/02600_sub_8a065c.s
2601	sub_8a06cc	pseudocode/02601_sub_8a06cc.dartpseudo	ir/02601_sub_8a06cc.json	asm/02601_sub_8a06cc.s
2602	sub_8a0904	pseudocode/02602_sub_8a0904.dartpseudo	ir/02602_sub_8a0904.json	asm/02602_sub_8a0904.s
2603	sub_8a09c8	pseudocode/02603_sub_8a09c8.dartpseudo	ir/02603_sub_8a09c8.json	asm/02603_sub_8a09c8.s
2604	sub_8a0d94	pseudocode/02604_sub_8a0d94.dartpseudo	ir/02604_sub_8a0d94.json	asm/02604_sub_8a0d94.s
2605	sub_8a0f20	pseudocode/02605_sub_8a0f20.dartpseudo	ir/02605_sub_8a0f20.json	asm/02605_sub_8a0f20.s
2606	sub_8a10f8	pseudocode/02606_sub_8a10f8.dartpseudo	ir/02606_sub_8a10f8.json	asm/02606_sub_8a10f8.s
2607	sub_8a11d0	pseudocode/02607_sub_8a11d0.dartpseudo	ir/02607_sub_8a11d0.json	asm/02607_sub_8a11d0.s
2608	sub_8a12a8	pseudocode/02608_sub_8a12a8.dartpseudo	ir/02608_sub_8a12a8.json	asm/02608_sub_8a12a8.s
2609	sub_8a1380	pseudocode/02609_sub_8a1380.dartpseudo	ir/02609_sub_8a1380.json	asm/02609_sub_8a1380.s
2610	sub_8a1458	pseudocode/02610_sub_8a1458.dartpseudo	ir/02610_sub_8a1458.json	asm/02610_sub_8a1458.s
2611	sub_8a1530	pseudocode/02611_sub_8a1530.dartpseudo	ir/02611_sub_8a1530.json	asm/02611_sub_8a1530.s
2612	sub_8a1608	pseudocode/02612_sub_8a1608.dartpseudo	ir/02612_sub_8a1608.json	asm/02612_sub_8a1608.s
2613	sub_8a1660	pseudocode/02613_sub_8a1660.dartpseudo	ir/02613_sub_8a1660.json	asm/02613_sub_8a1660.s
2614	sub_8a16f8	pseudocode/02614_sub_8a16f8.dartpseudo	ir/02614_sub_8a16f8.json	asm/02614_sub_8a16f8.s
2615	sub_8a183c	pseudocode/02615_sub_8a183c.dartpseudo	ir/02615_sub_8a183c.json	asm/02615_sub_8a183c.s
2616	sub_8a1894	pseudocode/02616_sub_8a1894.dartpseudo	ir/02616_sub_8a1894.json	asm/02616_sub_8a1894.s
2617	sub_8a18f4	pseudocode/02617_sub_8a18f4.dartpseudo	ir/02617_sub_8a18f4.json	asm/02617_sub_8a18f4.s
2618	sub_8a194c	pseudocode/02618_sub_8a194c.dartpseudo	ir/02618_sub_8a194c.json	asm/02618_sub_8a194c.s
2619	sub_8a1ab4	pseudocode/02619_sub_8a1ab4.dartpseudo	ir/02619_sub_8a1ab4.json	asm/02619_sub_8a1ab4.s
2620	sub_8a1f44	pseudocode/02620_sub_8a1f44.dartpseudo	ir/02620_sub_8a1f44.json	asm/02620_sub_8a1f44.s
2621	sub_8a2b74	pseudocode/02621_sub_8a2b74.dartpseudo	ir/02621_sub_8a2b74.json	asm/02621_sub_8a2b74.s
2622	sub_8a3124	pseudocode/02622_sub_8a3124.dartpseudo	ir/02622_sub_8a3124.json	asm/02622_sub_8a3124.s
2623	sub_8a3200	pseudocode/02623_sub_8a3200.dartpseudo	ir/02623_sub_8a3200.json	asm/02623_sub_8a3200.s
2624	sub_8a4628	pseudocode/02624_sub_8a4628.dartpseudo	ir/02624_sub_8a4628.json	asm/02624_sub_8a4628.s
2625	sub_8a4c98	pseudocode/02625_sub_8a4c98.dartpseudo	ir/02625_sub_8a4c98.json	asm/02625_sub_8a4c98.s
2626	sub_8a5d00	pseudocode/02626_sub_8a5d00.dartpseudo	ir/02626_sub_8a5d00.json	asm/02626_sub_8a5d00.s
2627	sub_8a966c	pseudocode/02627_sub_8a966c.dartpseudo	ir/02627_sub_8a966c.json	asm/02627_sub_8a966c.s
2628	sub_8a9890	pseudocode/02628_sub_8a9890.dartpseudo	ir/02628_sub_8a9890.json	asm/02628_sub_8a9890.s
2629	sub_8ab554	pseudocode/02629_sub_8ab554.dartpseudo	ir/02629_sub_8ab554.json	asm/02629_sub_8ab554.s
2630	sub_8acb4c	pseudocode/02630_sub_8acb4c.dartpseudo	ir/02630_sub_8acb4c.json	asm/02630_sub_8acb4c.s
2631	sub_8acf8c	pseudocode/02631_sub_8acf8c.dartpseudo	ir/02631_sub_8acf8c.json	asm/02631_sub_8acf8c.s
2632	sub_8ad0fc	pseudocode/02632_sub_8ad0fc.dartpseudo	ir/02632_sub_8ad0fc.json	asm/02632_sub_8ad0fc.s
2633	sub_8ad4a8	pseudocode/02633_sub_8ad4a8.dartpseudo	ir/02633_sub_8ad4a8.json	asm/02633_sub_8ad4a8.s
2634	sub_8ada1c	pseudocode/02634_sub_8ada1c.dartpseudo	ir/02634_sub_8ada1c.json	asm/02634_sub_8ada1c.s
2635	sub_8ae030	pseudocode/02635_sub_8ae030.dartpseudo	ir/02635_sub_8ae030.json	asm/02635_sub_8ae030.s
2636	sub_8aeb20	pseudocode/02636_sub_8aeb20.dartpseudo	ir/02636_sub_8aeb20.json	asm/02636_sub_8aeb20.s
2637	sub_8aec28	pseudocode/02637_sub_8aec28.dartpseudo	ir/02637_sub_8aec28.json	asm/02637_sub_8aec28.s
2638	sub_8aec64	pseudocode/02638_sub_8aec64.dartpseudo	ir/02638_sub_8aec64.json	asm/02638_sub_8aec64.s
2639	sub_8aecf4	pseudocode/02639_sub_8aecf4.dartpseudo	ir/02639_sub_8aecf4.json	asm/02639_sub_8aecf4.s
2640	sub_8af24c	pseudocode/02640_sub_8af24c.dartpseudo	ir/02640_sub_8af24c.json	asm/02640_sub_8af24c.s
2641	sub_8af290	pseudocode/02641_sub_8af290.dartpseudo	ir/02641_sub_8af290.json	asm/02641_sub_8af290.s
2642	sub_8af30c	pseudocode/02642_sub_8af30c.dartpseudo	ir/02642_sub_8af30c.json	asm/02642_sub_8af30c.s
2643	sub_8af3cc	pseudocode/02643_sub_8af3cc.dartpseudo	ir/02643_sub_8af3cc.json	asm/02643_sub_8af3cc.s
2644	sub_8af448	pseudocode/02644_sub_8af448.dartpseudo	ir/02644_sub_8af448.json	asm/02644_sub_8af448.s
2645	sub_8af454	pseudocode/02645_sub_8af454.dartpseudo	ir/02645_sub_8af454.json	asm/02645_sub_8af454.s
2646	sub_8af4d8	pseudocode/02646_sub_8af4d8.dartpseudo	ir/02646_sub_8af4d8.json	asm/02646_sub_8af4d8.s
2647	sub_8af604	pseudocode/02647_sub_8af604.dartpseudo	ir/02647_sub_8af604.json	asm/02647_sub_8af604.s
2648	sub_8aff3c	pseudocode/02648_sub_8aff3c.dartpseudo	ir/02648_sub_8aff3c.json	asm/02648_sub_8aff3c.s
2649	sub_8b2470	pseudocode/02649_sub_8b2470.dartpseudo	ir/02649_sub_8b2470.json	asm/02649_sub_8b2470.s
2650	sub_8b25c4	pseudocode/02650_sub_8b25c4.dartpseudo	ir/02650_sub_8b25c4.json	asm/02650_sub_8b25c4.s
2651	sub_8b2640	pseudocode/02651_sub_8b2640.dartpseudo	ir/02651_sub_8b2640.json	asm/02651_sub_8b2640.s
2652	sub_8b2864	pseudocode/02652_sub_8b2864.dartpseudo	ir/02652_sub_8b2864.json	asm/02652_sub_8b2864.s
2653	sub_8b2ac8	pseudocode/02653_sub_8b2ac8.dartpseudo	ir/02653_sub_8b2ac8.json	asm/02653_sub_8b2ac8.s
2654	sub_8b2ad4	pseudocode/02654_sub_8b2ad4.dartpseudo	ir/02654_sub_8b2ad4.json	asm/02654_sub_8b2ad4.s
2655	sub_8b43a8	pseudocode/02655_sub_8b43a8.dartpseudo	ir/02655_sub_8b43a8.json	asm/02655_sub_8b43a8.s
2656	sub_8b44c4	pseudocode/02656_sub_8b44c4.dartpseudo	ir/02656_sub_8b44c4.json	asm/02656_sub_8b44c4.s
2657	sub_8b4530	pseudocode/02657_sub_8b4530.dartpseudo	ir/02657_sub_8b4530.json	asm/02657_sub_8b4530.s
2658	sub_8b4778	pseudocode/02658_sub_8b4778.dartpseudo	ir/02658_sub_8b4778.json	asm/02658_sub_8b4778.s
2659	sub_8b4c60	pseudocode/02659_sub_8b4c60.dartpseudo	ir/02659_sub_8b4c60.json	asm/02659_sub_8b4c60.s
2660	sub_8b5b58	pseudocode/02660_sub_8b5b58.dartpseudo	ir/02660_sub_8b5b58.json	asm/02660_sub_8b5b58.s
2661	sub_8b5cbc	pseudocode/02661_sub_8b5cbc.dartpseudo	ir/02661_sub_8b5cbc.json	asm/02661_sub_8b5cbc.s
2662	sub_8b5e3c	pseudocode/02662_sub_8b5e3c.dartpseudo	ir/02662_sub_8b5e3c.json	asm/02662_sub_8b5e3c.s
2663	sub_8b625c	pseudocode/02663_sub_8b625c.dartpseudo	ir/02663_sub_8b625c.json	asm/02663_sub_8b625c.s
2664	sub_8b6bfc	pseudocode/02664_sub_8b6bfc.dartpseudo	ir/02664_sub_8b6bfc.json	asm/02664_sub_8b6bfc.s
2665	sub_8b6da0	pseudocode/02665_sub_8b6da0.dartpseudo	ir/02665_sub_8b6da0.json	asm/02665_sub_8b6da0.s
2666	sub_8b7b38	pseudocode/02666_sub_8b7b38.dartpseudo	ir/02666_sub_8b7b38.json	asm/02666_sub_8b7b38.s
2667	sub_8b7be0	pseudocode/02667_sub_8b7be0.dartpseudo	ir/02667_sub_8b7be0.json	asm/02667_sub_8b7be0.s
2668	sub_8b8574	pseudocode/02668_sub_8b8574.dartpseudo	ir/02668_sub_8b8574.json	asm/02668_sub_8b8574.s
2669	sub_8b9094	pseudocode/02669_sub_8b9094.dartpseudo	ir/02669_sub_8b9094.json	asm/02669_sub_8b9094.s
2670	sub_8b9858	pseudocode/02670_sub_8b9858.dartpseudo	ir/02670_sub_8b9858.json	asm/02670_sub_8b9858.s
2671	sub_8b9864	pseudocode/02671_sub_8b9864.dartpseudo	ir/02671_sub_8b9864.json	asm/02671_sub_8b9864.s
2672	sub_8b9934	pseudocode/02672_sub_8b9934.dartpseudo	ir/02672_sub_8b9934.json	asm/02672_sub_8b9934.s
2673	sub_8b9b10	pseudocode/02673_sub_8b9b10.dartpseudo	ir/02673_sub_8b9b10.json	asm/02673_sub_8b9b10.s
2674	sub_8b9d04	pseudocode/02674_sub_8b9d04.dartpseudo	ir/02674_sub_8b9d04.json	asm/02674_sub_8b9d04.s
2675	sub_8b9d50	pseudocode/02675_sub_8b9d50.dartpseudo	ir/02675_sub_8b9d50.json	asm/02675_sub_8b9d50.s
2676	sub_8b9fe0	pseudocode/02676_sub_8b9fe0.dartpseudo	ir/02676_sub_8b9fe0.json	asm/02676_sub_8b9fe0.s
2677	sub_8ba4bc	pseudocode/02677_sub_8ba4bc.dartpseudo	ir/02677_sub_8ba4bc.json	asm/02677_sub_8ba4bc.s
2678	sub_8ba54c	pseudocode/02678_sub_8ba54c.dartpseudo	ir/02678_sub_8ba54c.json	asm/02678_sub_8ba54c.s
2679	sub_8ba6ac	pseudocode/02679_sub_8ba6ac.dartpseudo	ir/02679_sub_8ba6ac.json	asm/02679_sub_8ba6ac.s
2680	sub_8bb230	pseudocode/02680_sub_8bb230.dartpseudo	ir/02680_sub_8bb230.json	asm/02680_sub_8bb230.s
2681	sub_8bcdcc	pseudocode/02681_sub_8bcdcc.dartpseudo	ir/02681_sub_8bcdcc.json	asm/02681_sub_8bcdcc.s
2682	sub_8bce8c	pseudocode/02682_sub_8bce8c.dartpseudo	ir/02682_sub_8bce8c.json	asm/02682_sub_8bce8c.s
2683	sub_8bcf00	pseudocode/02683_sub_8bcf00.dartpseudo	ir/02683_sub_8bcf00.json	asm/02683_sub_8bcf00.s
2684	sub_8bd094	pseudocode/02684_sub_8bd094.dartpseudo	ir/02684_sub_8bd094.json	asm/02684_sub_8bd094.s
2685	sub_8bd184	pseudocode/02685_sub_8bd184.dartpseudo	ir/02685_sub_8bd184.json	asm/02685_sub_8bd184.s
2686	sub_8bd680	pseudocode/02686_sub_8bd680.dartpseudo	ir/02686_sub_8bd680.json	asm/02686_sub_8bd680.s
2687	sub_8bd6e8	pseudocode/02687_sub_8bd6e8.dartpseudo	ir/02687_sub_8bd6e8.json	asm/02687_sub_8bd6e8.s
2688	sub_8bdd0c	pseudocode/02688_sub_8bdd0c.dartpseudo	ir/02688_sub_8bdd0c.json	asm/02688_sub_8bdd0c.s
2689	sub_8bdf00	pseudocode/02689_sub_8bdf00.dartpseudo	ir/02689_sub_8bdf00.json	asm/02689_sub_8bdf00.s
2690	sub_8be024	pseudocode/02690_sub_8be024.dartpseudo	ir/02690_sub_8be024.json	asm/02690_sub_8be024.s
2691	sub_8be310	pseudocode/02691_sub_8be310.dartpseudo	ir/02691_sub_8be310.json	asm/02691_sub_8be310.s
2692	sub_8be5cc	pseudocode/02692_sub_8be5cc.dartpseudo	ir/02692_sub_8be5cc.json	asm/02692_sub_8be5cc.s
2693	sub_8be6a4	pseudocode/02693_sub_8be6a4.dartpseudo	ir/02693_sub_8be6a4.json	asm/02693_sub_8be6a4.s
2694	sub_8be964	pseudocode/02694_sub_8be964.dartpseudo	ir/02694_sub_8be964.json	asm/02694_sub_8be964.s
2695	sub_8bf3f4	pseudocode/02695_sub_8bf3f4.dartpseudo	ir/02695_sub_8bf3f4.json	asm/02695_sub_8bf3f4.s
2696	sub_8bf46c	pseudocode/02696_sub_8bf46c.dartpseudo	ir/02696_sub_8bf46c.json	asm/02696_sub_8bf46c.s
2697	sub_8bf4e8	pseudocode/02697_sub_8bf4e8.dartpseudo	ir/02697_sub_8bf4e8.json	asm/02697_sub_8bf4e8.s
2698	sub_8bf504	pseudocode/02698_sub_8bf504.dartpseudo	ir/02698_sub_8bf504.json	asm/02698_sub_8bf504.s
2699	sub_8bf570	pseudocode/02699_sub_8bf570.dartpseudo	ir/02699_sub_8bf570.json	asm/02699_sub_8bf570.s
2700	sub_8c1d48	pseudocode/02700_sub_8c1d48.dartpseudo	ir/02700_sub_8c1d48.json	asm/02700_sub_8c1d48.s
2701	sub_8c1df8	pseudocode/02701_sub_8c1df8.dartpseudo	ir/02701_sub_8c1df8.json	asm/02701_sub_8c1df8.s
2702	sub_8c1fb4	pseudocode/02702_sub_8c1fb4.dartpseudo	ir/02702_sub_8c1fb4.json	asm/02702_sub_8c1fb4.s
2703	sub_8c20e4	pseudocode/02703_sub_8c20e4.dartpseudo	ir/02703_sub_8c20e4.json	asm/02703_sub_8c20e4.s
2704	sub_8c2204	pseudocode/02704_sub_8c2204.dartpseudo	ir/02704_sub_8c2204.json	asm/02704_sub_8c2204.s
2705	sub_8c2444	pseudocode/02705_sub_8c2444.dartpseudo	ir/02705_sub_8c2444.json	asm/02705_sub_8c2444.s
2706	sub_8c25a4	pseudocode/02706_sub_8c25a4.dartpseudo	ir/02706_sub_8c25a4.json	asm/02706_sub_8c25a4.s
2707	sub_8c5c4c	pseudocode/02707_sub_8c5c4c.dartpseudo	ir/02707_sub_8c5c4c.json	asm/02707_sub_8c5c4c.s
2708	sub_8c5f38	pseudocode/02708_sub_8c5f38.dartpseudo	ir/02708_sub_8c5f38.json	asm/02708_sub_8c5f38.s
2709	sub_8c62f8	pseudocode/02709_sub_8c62f8.dartpseudo	ir/02709_sub_8c62f8.json	asm/02709_sub_8c62f8.s
2710	sub_8c63fc	pseudocode/02710_sub_8c63fc.dartpseudo	ir/02710_sub_8c63fc.json	asm/02710_sub_8c63fc.s
2711	sub_8c6774	pseudocode/02711_sub_8c6774.dartpseudo	ir/02711_sub_8c6774.json	asm/02711_sub_8c6774.s
2712	sub_8c7474	pseudocode/02712_sub_8c7474.dartpseudo	ir/02712_sub_8c7474.json	asm/02712_sub_8c7474.s
2713	sub_8c78a4	pseudocode/02713_sub_8c78a4.dartpseudo	ir/02713_sub_8c78a4.json	asm/02713_sub_8c78a4.s
2714	sub_8c84ac	pseudocode/02714_sub_8c84ac.dartpseudo	ir/02714_sub_8c84ac.json	asm/02714_sub_8c84ac.s
2715	sub_8c8550	pseudocode/02715_sub_8c8550.dartpseudo	ir/02715_sub_8c8550.json	asm/02715_sub_8c8550.s
2716	sub_8c8894	pseudocode/02716_sub_8c8894.dartpseudo	ir/02716_sub_8c8894.json	asm/02716_sub_8c8894.s
2717	sub_8c896c	pseudocode/02717_sub_8c896c.dartpseudo	ir/02717_sub_8c896c.json	asm/02717_sub_8c896c.s
2718	sub_8c89f4	pseudocode/02718_sub_8c89f4.dartpseudo	ir/02718_sub_8c89f4.json	asm/02718_sub_8c89f4.s
2719	sub_8c8aa4	pseudocode/02719_sub_8c8aa4.dartpseudo	ir/02719_sub_8c8aa4.json	asm/02719_sub_8c8aa4.s
2720	sub_8c912c	pseudocode/02720_sub_8c912c.dartpseudo	ir/02720_sub_8c912c.json	asm/02720_sub_8c912c.s
2721	sub_8c997c	pseudocode/02721_sub_8c997c.dartpseudo	ir/02721_sub_8c997c.json	asm/02721_sub_8c997c.s
2722	sub_8c9ad8	pseudocode/02722_sub_8c9ad8.dartpseudo	ir/02722_sub_8c9ad8.json	asm/02722_sub_8c9ad8.s
2723	sub_8ca018	pseudocode/02723_sub_8ca018.dartpseudo	ir/02723_sub_8ca018.json	asm/02723_sub_8ca018.s
2724	sub_8ca2b0	pseudocode/02724_sub_8ca2b0.dartpseudo	ir/02724_sub_8ca2b0.json	asm/02724_sub_8ca2b0.s
2725	sub_8ca42c	pseudocode/02725_sub_8ca42c.dartpseudo	ir/02725_sub_8ca42c.json	asm/02725_sub_8ca42c.s
2726	sub_8ca6d8	pseudocode/02726_sub_8ca6d8.dartpseudo	ir/02726_sub_8ca6d8.json	asm/02726_sub_8ca6d8.s
2727	sub_8ca92c	pseudocode/02727_sub_8ca92c.dartpseudo	ir/02727_sub_8ca92c.json	asm/02727_sub_8ca92c.s
2728	sub_8caa54	pseudocode/02728_sub_8caa54.dartpseudo	ir/02728_sub_8caa54.json	asm/02728_sub_8caa54.s
2729	sub_8caee8	pseudocode/02729_sub_8caee8.dartpseudo	ir/02729_sub_8caee8.json	asm/02729_sub_8caee8.s
2730	sub_8cb1cc	pseudocode/02730_sub_8cb1cc.dartpseudo	ir/02730_sub_8cb1cc.json	asm/02730_sub_8cb1cc.s
2731	sub_8cb300	pseudocode/02731_sub_8cb300.dartpseudo	ir/02731_sub_8cb300.json	asm/02731_sub_8cb300.s
2732	sub_8cb364	pseudocode/02732_sub_8cb364.dartpseudo	ir/02732_sub_8cb364.json	asm/02732_sub_8cb364.s
2733	sub_8cb9d8	pseudocode/02733_sub_8cb9d8.dartpseudo	ir/02733_sub_8cb9d8.json	asm/02733_sub_8cb9d8.s
2734	sub_8cbf98	pseudocode/02734_sub_8cbf98.dartpseudo	ir/02734_sub_8cbf98.json	asm/02734_sub_8cbf98.s
2735	sub_8cc968	pseudocode/02735_sub_8cc968.dartpseudo	ir/02735_sub_8cc968.json	asm/02735_sub_8cc968.s
2736	sub_8cc974	pseudocode/02736_sub_8cc974.dartpseudo	ir/02736_sub_8cc974.json	asm/02736_sub_8cc974.s
2737	sub_8ccecc	pseudocode/02737_sub_8ccecc.dartpseudo	ir/02737_sub_8ccecc.json	asm/02737_sub_8ccecc.s
2738	sub_8cd4d0	pseudocode/02738_sub_8cd4d0.dartpseudo	ir/02738_sub_8cd4d0.json	asm/02738_sub_8cd4d0.s
2739	sub_8cd8e4	pseudocode/02739_sub_8cd8e4.dartpseudo	ir/02739_sub_8cd8e4.json	asm/02739_sub_8cd8e4.s
2740	sub_8cda18	pseudocode/02740_sub_8cda18.dartpseudo	ir/02740_sub_8cda18.json	asm/02740_sub_8cda18.s
2741	sub_8cdeac	pseudocode/02741_sub_8cdeac.dartpseudo	ir/02741_sub_8cdeac.json	asm/02741_sub_8cdeac.s
2742	sub_8ce0bc	pseudocode/02742_sub_8ce0bc.dartpseudo	ir/02742_sub_8ce0bc.json	asm/02742_sub_8ce0bc.s
2743	sub_8ce810	pseudocode/02743_sub_8ce810.dartpseudo	ir/02743_sub_8ce810.json	asm/02743_sub_8ce810.s
2744	sub_8ce97c	pseudocode/02744_sub_8ce97c.dartpseudo	ir/02744_sub_8ce97c.json	asm/02744_sub_8ce97c.s
2745	sub_8ced08	pseudocode/02745_sub_8ced08.dartpseudo	ir/02745_sub_8ced08.json	asm/02745_sub_8ced08.s
2746	sub_8ceed4	pseudocode/02746_sub_8ceed4.dartpseudo	ir/02746_sub_8ceed4.json	asm/02746_sub_8ceed4.s
2747	sub_8cef50	pseudocode/02747_sub_8cef50.dartpseudo	ir/02747_sub_8cef50.json	asm/02747_sub_8cef50.s
2748	sub_8cf368	pseudocode/02748_sub_8cf368.dartpseudo	ir/02748_sub_8cf368.json	asm/02748_sub_8cf368.s
2749	sub_8cf3d0	pseudocode/02749_sub_8cf3d0.dartpseudo	ir/02749_sub_8cf3d0.json	asm/02749_sub_8cf3d0.s
2750	sub_8cf3dc	pseudocode/02750_sub_8cf3dc.dartpseudo	ir/02750_sub_8cf3dc.json	asm/02750_sub_8cf3dc.s
2751	sub_8cfb54	pseudocode/02751_sub_8cfb54.dartpseudo	ir/02751_sub_8cfb54.json	asm/02751_sub_8cfb54.s
2752	sub_8cfce8	pseudocode/02752_sub_8cfce8.dartpseudo	ir/02752_sub_8cfce8.json	asm/02752_sub_8cfce8.s
2753	sub_8cfd58	pseudocode/02753_sub_8cfd58.dartpseudo	ir/02753_sub_8cfd58.json	asm/02753_sub_8cfd58.s
2754	sub_8cfdc8	pseudocode/02754_sub_8cfdc8.dartpseudo	ir/02754_sub_8cfdc8.json	asm/02754_sub_8cfdc8.s
2755	sub_8d0740	pseudocode/02755_sub_8d0740.dartpseudo	ir/02755_sub_8d0740.json	asm/02755_sub_8d0740.s
2756	sub_8d08f8	pseudocode/02756_sub_8d08f8.dartpseudo	ir/02756_sub_8d08f8.json	asm/02756_sub_8d08f8.s
2757	sub_8d0958	pseudocode/02757_sub_8d0958.dartpseudo	ir/02757_sub_8d0958.json	asm/02757_sub_8d0958.s
2758	sub_8d098c	pseudocode/02758_sub_8d098c.dartpseudo	ir/02758_sub_8d098c.json	asm/02758_sub_8d098c.s
2759	sub_8d0a14	pseudocode/02759_sub_8d0a14.dartpseudo	ir/02759_sub_8d0a14.json	asm/02759_sub_8d0a14.s
2760	sub_8d0dd8	pseudocode/02760_sub_8d0dd8.dartpseudo	ir/02760_sub_8d0dd8.json	asm/02760_sub_8d0dd8.s
2761	sub_8d10e8	pseudocode/02761_sub_8d10e8.dartpseudo	ir/02761_sub_8d10e8.json	asm/02761_sub_8d10e8.s
2762	sub_8d147c	pseudocode/02762_sub_8d147c.dartpseudo	ir/02762_sub_8d147c.json	asm/02762_sub_8d147c.s
2763	sub_8d1534	pseudocode/02763_sub_8d1534.dartpseudo	ir/02763_sub_8d1534.json	asm/02763_sub_8d1534.s
2764	sub_8d1980	pseudocode/02764_sub_8d1980.dartpseudo	ir/02764_sub_8d1980.json	asm/02764_sub_8d1980.s
2765	sub_8d1de4	pseudocode/02765_sub_8d1de4.dartpseudo	ir/02765_sub_8d1de4.json	asm/02765_sub_8d1de4.s
2766	sub_8d1df0	pseudocode/02766_sub_8d1df0.dartpseudo	ir/02766_sub_8d1df0.json	asm/02766_sub_8d1df0.s
2767	sub_8d1dfc	pseudocode/02767_sub_8d1dfc.dartpseudo	ir/02767_sub_8d1dfc.json	asm/02767_sub_8d1dfc.s
2768	sub_8d1f1c	pseudocode/02768_sub_8d1f1c.dartpseudo	ir/02768_sub_8d1f1c.json	asm/02768_sub_8d1f1c.s
2769	sub_8d28ec	pseudocode/02769_sub_8d28ec.dartpseudo	ir/02769_sub_8d28ec.json	asm/02769_sub_8d28ec.s
2770	sub_8d29cc	pseudocode/02770_sub_8d29cc.dartpseudo	ir/02770_sub_8d29cc.json	asm/02770_sub_8d29cc.s
2771	sub_8d2ae4	pseudocode/02771_sub_8d2ae4.dartpseudo	ir/02771_sub_8d2ae4.json	asm/02771_sub_8d2ae4.s
2772	sub_8d2bb8	pseudocode/02772_sub_8d2bb8.dartpseudo	ir/02772_sub_8d2bb8.json	asm/02772_sub_8d2bb8.s
2773	sub_8d2c90	pseudocode/02773_sub_8d2c90.dartpseudo	ir/02773_sub_8d2c90.json	asm/02773_sub_8d2c90.s
2774	sub_8d2d9c	pseudocode/02774_sub_8d2d9c.dartpseudo	ir/02774_sub_8d2d9c.json	asm/02774_sub_8d2d9c.s
2775	sub_8d2da8	pseudocode/02775_sub_8d2da8.dartpseudo	ir/02775_sub_8d2da8.json	asm/02775_sub_8d2da8.s
2776	sub_8d2fd0	pseudocode/02776_sub_8d2fd0.dartpseudo	ir/02776_sub_8d2fd0.json	asm/02776_sub_8d2fd0.s
2777	sub_8d2fdc	pseudocode/02777_sub_8d2fdc.dartpseudo	ir/02777_sub_8d2fdc.json	asm/02777_sub_8d2fdc.s
2778	sub_8d3424	pseudocode/02778_sub_8d3424.dartpseudo	ir/02778_sub_8d3424.json	asm/02778_sub_8d3424.s
2779	sub_8d3508	pseudocode/02779_sub_8d3508.dartpseudo	ir/02779_sub_8d3508.json	asm/02779_sub_8d3508.s
2780	sub_8d3db8	pseudocode/02780_sub_8d3db8.dartpseudo	ir/02780_sub_8d3db8.json	asm/02780_sub_8d3db8.s
2781	sub_8d45bc	pseudocode/02781_sub_8d45bc.dartpseudo	ir/02781_sub_8d45bc.json	asm/02781_sub_8d45bc.s
2782	sub_8d4764	pseudocode/02782_sub_8d4764.dartpseudo	ir/02782_sub_8d4764.json	asm/02782_sub_8d4764.s
2783	sub_8d4c28	pseudocode/02783_sub_8d4c28.dartpseudo	ir/02783_sub_8d4c28.json	asm/02783_sub_8d4c28.s
2784	sub_8d4fe0	pseudocode/02784_sub_8d4fe0.dartpseudo	ir/02784_sub_8d4fe0.json	asm/02784_sub_8d4fe0.s
2785	sub_8d510c	pseudocode/02785_sub_8d510c.dartpseudo	ir/02785_sub_8d510c.json	asm/02785_sub_8d510c.s
2786	sub_8d5550	pseudocode/02786_sub_8d5550.dartpseudo	ir/02786_sub_8d5550.json	asm/02786_sub_8d5550.s
2787	sub_8d5938	pseudocode/02787_sub_8d5938.dartpseudo	ir/02787_sub_8d5938.json	asm/02787_sub_8d5938.s
2788	sub_8d5ff8	pseudocode/02788_sub_8d5ff8.dartpseudo	ir/02788_sub_8d5ff8.json	asm/02788_sub_8d5ff8.s
2789	sub_8d61dc	pseudocode/02789_sub_8d61dc.dartpseudo	ir/02789_sub_8d61dc.json	asm/02789_sub_8d61dc.s
2790	sub_8d6678	pseudocode/02790_sub_8d6678.dartpseudo	ir/02790_sub_8d6678.json	asm/02790_sub_8d6678.s
2791	sub_8d67bc	pseudocode/02791_sub_8d67bc.dartpseudo	ir/02791_sub_8d67bc.json	asm/02791_sub_8d67bc.s
2792	sub_8d6d94	pseudocode/02792_sub_8d6d94.dartpseudo	ir/02792_sub_8d6d94.json	asm/02792_sub_8d6d94.s
2793	sub_8d7b94	pseudocode/02793_sub_8d7b94.dartpseudo	ir/02793_sub_8d7b94.json	asm/02793_sub_8d7b94.s
2794	sub_8d80c8	pseudocode/02794_sub_8d80c8.dartpseudo	ir/02794_sub_8d80c8.json	asm/02794_sub_8d80c8.s
2795	sub_8db198	pseudocode/02795_sub_8db198.dartpseudo	ir/02795_sub_8db198.json	asm/02795_sub_8db198.s
2796	sub_8dc360	pseudocode/02796_sub_8dc360.dartpseudo	ir/02796_sub_8dc360.json	asm/02796_sub_8dc360.s
2797	sub_8dc434	pseudocode/02797_sub_8dc434.dartpseudo	ir/02797_sub_8dc434.json	asm/02797_sub_8dc434.s
2798	sub_8dc89c	pseudocode/02798_sub_8dc89c.dartpseudo	ir/02798_sub_8dc89c.json	asm/02798_sub_8dc89c.s
2799	sub_8dd4c0	pseudocode/02799_sub_8dd4c0.dartpseudo	ir/02799_sub_8dd4c0.json	asm/02799_sub_8dd4c0.s
2800	sub_8dd5d0	pseudocode/02800_sub_8dd5d0.dartpseudo	ir/02800_sub_8dd5d0.json	asm/02800_sub_8dd5d0.s
2801	sub_8dd678	pseudocode/02801_sub_8dd678.dartpseudo	ir/02801_sub_8dd678.json	asm/02801_sub_8dd678.s
2802	sub_8dea8c	pseudocode/02802_sub_8dea8c.dartpseudo	ir/02802_sub_8dea8c.json	asm/02802_sub_8dea8c.s
2803	sub_8dee00	pseudocode/02803_sub_8dee00.dartpseudo	ir/02803_sub_8dee00.json	asm/02803_sub_8dee00.s
2804	sub_8df538	pseudocode/02804_sub_8df538.dartpseudo	ir/02804_sub_8df538.json	asm/02804_sub_8df538.s
2805	sub_8df818	pseudocode/02805_sub_8df818.dartpseudo	ir/02805_sub_8df818.json	asm/02805_sub_8df818.s
2806	sub_8df878	pseudocode/02806_sub_8df878.dartpseudo	ir/02806_sub_8df878.json	asm/02806_sub_8df878.s
2807	sub_8dfd9c	pseudocode/02807_sub_8dfd9c.dartpseudo	ir/02807_sub_8dfd9c.json	asm/02807_sub_8dfd9c.s
2808	sub_8dffd8	pseudocode/02808_sub_8dffd8.dartpseudo	ir/02808_sub_8dffd8.json	asm/02808_sub_8dffd8.s
2809	sub_8e01c4	pseudocode/02809_sub_8e01c4.dartpseudo	ir/02809_sub_8e01c4.json	asm/02809_sub_8e01c4.s
2810	sub_8e0380	pseudocode/02810_sub_8e0380.dartpseudo	ir/02810_sub_8e0380.json	asm/02810_sub_8e0380.s
2811	sub_8e054c	pseudocode/02811_sub_8e054c.dartpseudo	ir/02811_sub_8e054c.json	asm/02811_sub_8e054c.s
2812	sub_8e071c	pseudocode/02812_sub_8e071c.dartpseudo	ir/02812_sub_8e071c.json	asm/02812_sub_8e071c.s
2813	sub_8e0e70	pseudocode/02813_sub_8e0e70.dartpseudo	ir/02813_sub_8e0e70.json	asm/02813_sub_8e0e70.s
2814	sub_8e27d8	pseudocode/02814_sub_8e27d8.dartpseudo	ir/02814_sub_8e27d8.json	asm/02814_sub_8e27d8.s
2815	sub_8e6388	pseudocode/02815_sub_8e6388.dartpseudo	ir/02815_sub_8e6388.json	asm/02815_sub_8e6388.s
2816	sub_8e664c	pseudocode/02816_sub_8e664c.dartpseudo	ir/02816_sub_8e664c.json	asm/02816_sub_8e664c.s
2817	sub_8e6804	pseudocode/02817_sub_8e6804.dartpseudo	ir/02817_sub_8e6804.json	asm/02817_sub_8e6804.s
2818	sub_8e68bc	pseudocode/02818_sub_8e68bc.dartpseudo	ir/02818_sub_8e68bc.json	asm/02818_sub_8e68bc.s
2819	sub_8e6e60	pseudocode/02819_sub_8e6e60.dartpseudo	ir/02819_sub_8e6e60.json	asm/02819_sub_8e6e60.s
2820	sub_8e6f78	pseudocode/02820_sub_8e6f78.dartpseudo	ir/02820_sub_8e6f78.json	asm/02820_sub_8e6f78.s
2821	sub_8e7340	pseudocode/02821_sub_8e7340.dartpseudo	ir/02821_sub_8e7340.json	asm/02821_sub_8e7340.s
2822	sub_8e7470	pseudocode/02822_sub_8e7470.dartpseudo	ir/02822_sub_8e7470.json	asm/02822_sub_8e7470.s
2823	sub_8e7678	pseudocode/02823_sub_8e7678.dartpseudo	ir/02823_sub_8e7678.json	asm/02823_sub_8e7678.s
2824	sub_8e7a20	pseudocode/02824_sub_8e7a20.dartpseudo	ir/02824_sub_8e7a20.json	asm/02824_sub_8e7a20.s
2825	sub_8e7f98	pseudocode/02825_sub_8e7f98.dartpseudo	ir/02825_sub_8e7f98.json	asm/02825_sub_8e7f98.s
2826	sub_8e80e4	pseudocode/02826_sub_8e80e4.dartpseudo	ir/02826_sub_8e80e4.json	asm/02826_sub_8e80e4.s
2827	sub_8e89b4	pseudocode/02827_sub_8e89b4.dartpseudo	ir/02827_sub_8e89b4.json	asm/02827_sub_8e89b4.s
2828	sub_8e8aa8	pseudocode/02828_sub_8e8aa8.dartpseudo	ir/02828_sub_8e8aa8.json	asm/02828_sub_8e8aa8.s
2829	sub_8e8ca4	pseudocode/02829_sub_8e8ca4.dartpseudo	ir/02829_sub_8e8ca4.json	asm/02829_sub_8e8ca4.s
2830	sub_8e97a8	pseudocode/02830_sub_8e97a8.dartpseudo	ir/02830_sub_8e97a8.json	asm/02830_sub_8e97a8.s
2831	sub_8e9900	pseudocode/02831_sub_8e9900.dartpseudo	ir/02831_sub_8e9900.json	asm/02831_sub_8e9900.s
2832	sub_8ea0dc	pseudocode/02832_sub_8ea0dc.dartpseudo	ir/02832_sub_8ea0dc.json	asm/02832_sub_8ea0dc.s
2833	sub_8ea154	pseudocode/02833_sub_8ea154.dartpseudo	ir/02833_sub_8ea154.json	asm/02833_sub_8ea154.s
2834	sub_8eb424	pseudocode/02834_sub_8eb424.dartpseudo	ir/02834_sub_8eb424.json	asm/02834_sub_8eb424.s
2835	sub_8eb524	pseudocode/02835_sub_8eb524.dartpseudo	ir/02835_sub_8eb524.json	asm/02835_sub_8eb524.s
2836	sub_8eb5a4	pseudocode/02836_sub_8eb5a4.dartpseudo	ir/02836_sub_8eb5a4.json	asm/02836_sub_8eb5a4.s
2837	sub_8eb6ec	pseudocode/02837_sub_8eb6ec.dartpseudo	ir/02837_sub_8eb6ec.json	asm/02837_sub_8eb6ec.s
2838	sub_8ece64	pseudocode/02838_sub_8ece64.dartpseudo	ir/02838_sub_8ece64.json	asm/02838_sub_8ece64.s
2839	sub_8ecfa0	pseudocode/02839_sub_8ecfa0.dartpseudo	ir/02839_sub_8ecfa0.json	asm/02839_sub_8ecfa0.s
2840	sub_8ed3c4	pseudocode/02840_sub_8ed3c4.dartpseudo	ir/02840_sub_8ed3c4.json	asm/02840_sub_8ed3c4.s
2841	sub_8ee864	pseudocode/02841_sub_8ee864.dartpseudo	ir/02841_sub_8ee864.json	asm/02841_sub_8ee864.s
2842	sub_8eec58	pseudocode/02842_sub_8eec58.dartpseudo	ir/02842_sub_8eec58.json	asm/02842_sub_8eec58.s
2843	sub_8eee00	pseudocode/02843_sub_8eee00.dartpseudo	ir/02843_sub_8eee00.json	asm/02843_sub_8eee00.s
2844	sub_8eefd8	pseudocode/02844_sub_8eefd8.dartpseudo	ir/02844_sub_8eefd8.json	asm/02844_sub_8eefd8.s
2845	sub_8f0288	pseudocode/02845_sub_8f0288.dartpseudo	ir/02845_sub_8f0288.json	asm/02845_sub_8f0288.s
2846	sub_8f0474	pseudocode/02846_sub_8f0474.dartpseudo	ir/02846_sub_8f0474.json	asm/02846_sub_8f0474.s
2847	sub_8f1890	pseudocode/02847_sub_8f1890.dartpseudo	ir/02847_sub_8f1890.json	asm/02847_sub_8f1890.s
2848	sub_8f1a5c	pseudocode/02848_sub_8f1a5c.dartpseudo	ir/02848_sub_8f1a5c.json	asm/02848_sub_8f1a5c.s
2849	sub_8f246c	pseudocode/02849_sub_8f246c.dartpseudo	ir/02849_sub_8f246c.json	asm/02849_sub_8f246c.s
2850	sub_8f24e8	pseudocode/02850_sub_8f24e8.dartpseudo	ir/02850_sub_8f24e8.json	asm/02850_sub_8f24e8.s
2851	sub_8f2efc	pseudocode/02851_sub_8f2efc.dartpseudo	ir/02851_sub_8f2efc.json	asm/02851_sub_8f2efc.s
2852	sub_8f3068	pseudocode/02852_sub_8f3068.dartpseudo	ir/02852_sub_8f3068.json	asm/02852_sub_8f3068.s
2853	sub_8f37d8	pseudocode/02853_sub_8f37d8.dartpseudo	ir/02853_sub_8f37d8.json	asm/02853_sub_8f37d8.s
2854	sub_8f3890	pseudocode/02854_sub_8f3890.dartpseudo	ir/02854_sub_8f3890.json	asm/02854_sub_8f3890.s
2855	sub_8f3db4	pseudocode/02855_sub_8f3db4.dartpseudo	ir/02855_sub_8f3db4.json	asm/02855_sub_8f3db4.s
2856	sub_8f4274	pseudocode/02856_sub_8f4274.dartpseudo	ir/02856_sub_8f4274.json	asm/02856_sub_8f4274.s
2857	sub_8f44d4	pseudocode/02857_sub_8f44d4.dartpseudo	ir/02857_sub_8f44d4.json	asm/02857_sub_8f44d4.s
2858	sub_8f4984	pseudocode/02858_sub_8f4984.dartpseudo	ir/02858_sub_8f4984.json	asm/02858_sub_8f4984.s
2859	sub_8f4e40	pseudocode/02859_sub_8f4e40.dartpseudo	ir/02859_sub_8f4e40.json	asm/02859_sub_8f4e40.s
2860	sub_8f50ac	pseudocode/02860_sub_8f50ac.dartpseudo	ir/02860_sub_8f50ac.json	asm/02860_sub_8f50ac.s
2861	sub_8f5500	pseudocode/02861_sub_8f5500.dartpseudo	ir/02861_sub_8f5500.json	asm/02861_sub_8f5500.s
2862	sub_8f5814	pseudocode/02862_sub_8f5814.dartpseudo	ir/02862_sub_8f5814.json	asm/02862_sub_8f5814.s
2863	sub_8f6298	pseudocode/02863_sub_8f6298.dartpseudo	ir/02863_sub_8f6298.json	asm/02863_sub_8f6298.s
2864	sub_8f6518	pseudocode/02864_sub_8f6518.dartpseudo	ir/02864_sub_8f6518.json	asm/02864_sub_8f6518.s
2865	sub_8f66e0	pseudocode/02865_sub_8f66e0.dartpseudo	ir/02865_sub_8f66e0.json	asm/02865_sub_8f66e0.s
2866	sub_8f73d8	pseudocode/02866_sub_8f73d8.dartpseudo	ir/02866_sub_8f73d8.json	asm/02866_sub_8f73d8.s
2867	sub_8f7558	pseudocode/02867_sub_8f7558.dartpseudo	ir/02867_sub_8f7558.json	asm/02867_sub_8f7558.s
2868	sub_8f783c	pseudocode/02868_sub_8f783c.dartpseudo	ir/02868_sub_8f783c.json	asm/02868_sub_8f783c.s
2869	sub_8f78bc	pseudocode/02869_sub_8f78bc.dartpseudo	ir/02869_sub_8f78bc.json	asm/02869_sub_8f78bc.s
2870	sub_8f79c4	pseudocode/02870_sub_8f79c4.dartpseudo	ir/02870_sub_8f79c4.json	asm/02870_sub_8f79c4.s
2871	sub_8f7ae8	pseudocode/02871_sub_8f7ae8.dartpseudo	ir/02871_sub_8f7ae8.json	asm/02871_sub_8f7ae8.s
2872	sub_8f8018	pseudocode/02872_sub_8f8018.dartpseudo	ir/02872_sub_8f8018.json	asm/02872_sub_8f8018.s
2873	sub_8f8084	pseudocode/02873_sub_8f8084.dartpseudo	ir/02873_sub_8f8084.json	asm/02873_sub_8f8084.s
2874	sub_8f8108	pseudocode/02874_sub_8f8108.dartpseudo	ir/02874_sub_8f8108.json	asm/02874_sub_8f8108.s
2875	sub_8f8b8c	pseudocode/02875_sub_8f8b8c.dartpseudo	ir/02875_sub_8f8b8c.json	asm/02875_sub_8f8b8c.s
2876	sub_8fa244	pseudocode/02876_sub_8fa244.dartpseudo	ir/02876_sub_8fa244.json	asm/02876_sub_8fa244.s
2877	sub_8fa5dc	pseudocode/02877_sub_8fa5dc.dartpseudo	ir/02877_sub_8fa5dc.json	asm/02877_sub_8fa5dc.s
2878	sub_8fab14	pseudocode/02878_sub_8fab14.dartpseudo	ir/02878_sub_8fab14.json	asm/02878_sub_8fab14.s
2879	sub_8face4	pseudocode/02879_sub_8face4.dartpseudo	ir/02879_sub_8face4.json	asm/02879_sub_8face4.s
2880	sub_8fba30	pseudocode/02880_sub_8fba30.dartpseudo	ir/02880_sub_8fba30.json	asm/02880_sub_8fba30.s
2881	sub_8fbbcc	pseudocode/02881_sub_8fbbcc.dartpseudo	ir/02881_sub_8fbbcc.json	asm/02881_sub_8fbbcc.s
2882	sub_8fbc84	pseudocode/02882_sub_8fbc84.dartpseudo	ir/02882_sub_8fbc84.json	asm/02882_sub_8fbc84.s
2883	sub_8fc340	pseudocode/02883_sub_8fc340.dartpseudo	ir/02883_sub_8fc340.json	asm/02883_sub_8fc340.s
2884	sub_8fd1b0	pseudocode/02884_sub_8fd1b0.dartpseudo	ir/02884_sub_8fd1b0.json	asm/02884_sub_8fd1b0.s
2885	sub_8fd4e4	pseudocode/02885_sub_8fd4e4.dartpseudo	ir/02885_sub_8fd4e4.json	asm/02885_sub_8fd4e4.s
2886	sub_8fded8	pseudocode/02886_sub_8fded8.dartpseudo	ir/02886_sub_8fded8.json	asm/02886_sub_8fded8.s
2887	sub_8fe404	pseudocode/02887_sub_8fe404.dartpseudo	ir/02887_sub_8fe404.json	asm/02887_sub_8fe404.s
2888	sub_8febbc	pseudocode/02888_sub_8febbc.dartpseudo	ir/02888_sub_8febbc.json	asm/02888_sub_8febbc.s
2889	sub_8fed88	pseudocode/02889_sub_8fed88.dartpseudo	ir/02889_sub_8fed88.json	asm/02889_sub_8fed88.s
2890	sub_8ff298	pseudocode/02890_sub_8ff298.dartpseudo	ir/02890_sub_8ff298.json	asm/02890_sub_8ff298.s
2891	sub_8ffa94	pseudocode/02891_sub_8ffa94.dartpseudo	ir/02891_sub_8ffa94.json	asm/02891_sub_8ffa94.s
2892	sub_900074	pseudocode/02892_sub_900074.dartpseudo	ir/02892_sub_900074.json	asm/02892_sub_900074.s
2893	sub_900188	pseudocode/02893_sub_900188.dartpseudo	ir/02893_sub_900188.json	asm/02893_sub_900188.s
2894	sub_90026c	pseudocode/02894_sub_90026c.dartpseudo	ir/02894_sub_90026c.json	asm/02894_sub_90026c.s
2895	sub_9023ec	pseudocode/02895_sub_9023ec.dartpseudo	ir/02895_sub_9023ec.json	asm/02895_sub_9023ec.s
2896	sub_9026dc	pseudocode/02896_sub_9026dc.dartpseudo	ir/02896_sub_9026dc.json	asm/02896_sub_9026dc.s
2897	sub_902784	pseudocode/02897_sub_902784.dartpseudo	ir/02897_sub_902784.json	asm/02897_sub_902784.s
2898	sub_9028f8	pseudocode/02898_sub_9028f8.dartpseudo	ir/02898_sub_9028f8.json	asm/02898_sub_9028f8.s
2899	sub_902920	pseudocode/02899_sub_902920.dartpseudo	ir/02899_sub_902920.json	asm/02899_sub_902920.s
2900	sub_902968	pseudocode/02900_sub_902968.dartpseudo	ir/02900_sub_902968.json	asm/02900_sub_902968.s
2901	sub_9029b0	pseudocode/02901_sub_9029b0.dartpseudo	ir/02901_sub_9029b0.json	asm/02901_sub_9029b0.s
2902	sub_9029f8	pseudocode/02902_sub_9029f8.dartpseudo	ir/02902_sub_9029f8.json	asm/02902_sub_9029f8.s
2903	sub_902a3c	pseudocode/02903_sub_902a3c.dartpseudo	ir/02903_sub_902a3c.json	asm/02903_sub_902a3c.s
2904	sub_902b1c	pseudocode/02904_sub_902b1c.dartpseudo	ir/02904_sub_902b1c.json	asm/02904_sub_902b1c.s
2905	sub_902e2c	pseudocode/02905_sub_902e2c.dartpseudo	ir/02905_sub_902e2c.json	asm/02905_sub_902e2c.s
2906	sub_9030b4	pseudocode/02906_sub_9030b4.dartpseudo	ir/02906_sub_9030b4.json	asm/02906_sub_9030b4.s
2907	sub_90343c	pseudocode/02907_sub_90343c.dartpseudo	ir/02907_sub_90343c.json	asm/02907_sub_90343c.s
2908	sub_903560	pseudocode/02908_sub_903560.dartpseudo	ir/02908_sub_903560.json	asm/02908_sub_903560.s
2909	sub_90387c	pseudocode/02909_sub_90387c.dartpseudo	ir/02909_sub_90387c.json	asm/02909_sub_90387c.s
2910	sub_9038dc	pseudocode/02910_sub_9038dc.dartpseudo	ir/02910_sub_9038dc.json	asm/02910_sub_9038dc.s
2911	sub_903958	pseudocode/02911_sub_903958.dartpseudo	ir/02911_sub_903958.json	asm/02911_sub_903958.s
2912	sub_90416c	pseudocode/02912_sub_90416c.dartpseudo	ir/02912_sub_90416c.json	asm/02912_sub_90416c.s
2913	sub_90471c	pseudocode/02913_sub_90471c.dartpseudo	ir/02913_sub_90471c.json	asm/02913_sub_90471c.s
2914	sub_904874	pseudocode/02914_sub_904874.dartpseudo	ir/02914_sub_904874.json	asm/02914_sub_904874.s
2915	sub_9051a4	pseudocode/02915_sub_9051a4.dartpseudo	ir/02915_sub_9051a4.json	asm/02915_sub_9051a4.s
2916	sub_905340	pseudocode/02916_sub_905340.dartpseudo	ir/02916_sub_905340.json	asm/02916_sub_905340.s
2917	sub_905670	pseudocode/02917_sub_905670.dartpseudo	ir/02917_sub_905670.json	asm/02917_sub_905670.s
2918	sub_907574	pseudocode/02918_sub_907574.dartpseudo	ir/02918_sub_907574.json	asm/02918_sub_907574.s
2919	sub_907674	pseudocode/02919_sub_907674.dartpseudo	ir/02919_sub_907674.json	asm/02919_sub_907674.s
2920	sub_908094	pseudocode/02920_sub_908094.dartpseudo	ir/02920_sub_908094.json	asm/02920_sub_908094.s
2921	sub_908174	pseudocode/02921_sub_908174.dartpseudo	ir/02921_sub_908174.json	asm/02921_sub_908174.s
2922	sub_9082e4	pseudocode/02922_sub_9082e4.dartpseudo	ir/02922_sub_9082e4.json	asm/02922_sub_9082e4.s
2923	sub_908448	pseudocode/02923_sub_908448.dartpseudo	ir/02923_sub_908448.json	asm/02923_sub_908448.s
2924	sub_9084a4	pseudocode/02924_sub_9084a4.dartpseudo	ir/02924_sub_9084a4.json	asm/02924_sub_9084a4.s
2925	sub_908a88	pseudocode/02925_sub_908a88.dartpseudo	ir/02925_sub_908a88.json	asm/02925_sub_908a88.s
2926	sub_908e98	pseudocode/02926_sub_908e98.dartpseudo	ir/02926_sub_908e98.json	asm/02926_sub_908e98.s
2927	sub_908ef0	pseudocode/02927_sub_908ef0.dartpseudo	ir/02927_sub_908ef0.json	asm/02927_sub_908ef0.s
2928	sub_909108	pseudocode/02928_sub_909108.dartpseudo	ir/02928_sub_909108.json	asm/02928_sub_909108.s
2929	sub_90918c	pseudocode/02929_sub_90918c.dartpseudo	ir/02929_sub_90918c.json	asm/02929_sub_90918c.s
2930	sub_909288	pseudocode/02930_sub_909288.dartpseudo	ir/02930_sub_909288.json	asm/02930_sub_909288.s
2931	sub_9097fc	pseudocode/02931_sub_9097fc.dartpseudo	ir/02931_sub_9097fc.json	asm/02931_sub_9097fc.s
2932	sub_909a58	pseudocode/02932_sub_909a58.dartpseudo	ir/02932_sub_909a58.json	asm/02932_sub_909a58.s
2933	sub_909c50	pseudocode/02933_sub_909c50.dartpseudo	ir/02933_sub_909c50.json	asm/02933_sub_909c50.s
2934	sub_909ca0	pseudocode/02934_sub_909ca0.dartpseudo	ir/02934_sub_909ca0.json	asm/02934_sub_909ca0.s
2935	sub_90a038	pseudocode/02935_sub_90a038.dartpseudo	ir/02935_sub_90a038.json	asm/02935_sub_90a038.s
2936	sub_90a13c	pseudocode/02936_sub_90a13c.dartpseudo	ir/02936_sub_90a13c.json	asm/02936_sub_90a13c.s
2937	sub_90a19c	pseudocode/02937_sub_90a19c.dartpseudo	ir/02937_sub_90a19c.json	asm/02937_sub_90a19c.s
2938	sub_90a30c	pseudocode/02938_sub_90a30c.dartpseudo	ir/02938_sub_90a30c.json	asm/02938_sub_90a30c.s
2939	sub_90a63c	pseudocode/02939_sub_90a63c.dartpseudo	ir/02939_sub_90a63c.json	asm/02939_sub_90a63c.s
2940	sub_90a798	pseudocode/02940_sub_90a798.dartpseudo	ir/02940_sub_90a798.json	asm/02940_sub_90a798.s
2941	sub_90a910	pseudocode/02941_sub_90a910.dartpseudo	ir/02941_sub_90a910.json	asm/02941_sub_90a910.s
2942	sub_90aa00	pseudocode/02942_sub_90aa00.dartpseudo	ir/02942_sub_90aa00.json	asm/02942_sub_90aa00.s
2943	sub_90abc8	pseudocode/02943_sub_90abc8.dartpseudo	ir/02943_sub_90abc8.json	asm/02943_sub_90abc8.s
2944	sub_90acc0	pseudocode/02944_sub_90acc0.dartpseudo	ir/02944_sub_90acc0.json	asm/02944_sub_90acc0.s
2945	sub_90ae70	pseudocode/02945_sub_90ae70.dartpseudo	ir/02945_sub_90ae70.json	asm/02945_sub_90ae70.s
2946	sub_90af84	pseudocode/02946_sub_90af84.dartpseudo	ir/02946_sub_90af84.json	asm/02946_sub_90af84.s
2947	sub_90b05c	pseudocode/02947_sub_90b05c.dartpseudo	ir/02947_sub_90b05c.json	asm/02947_sub_90b05c.s
2948	sub_90b144	pseudocode/02948_sub_90b144.dartpseudo	ir/02948_sub_90b144.json	asm/02948_sub_90b144.s
2949	sub_90b390	pseudocode/02949_sub_90b390.dartpseudo	ir/02949_sub_90b390.json	asm/02949_sub_90b390.s
2950	sub_90b558	pseudocode/02950_sub_90b558.dartpseudo	ir/02950_sub_90b558.json	asm/02950_sub_90b558.s
2951	sub_90b6d0	pseudocode/02951_sub_90b6d0.dartpseudo	ir/02951_sub_90b6d0.json	asm/02951_sub_90b6d0.s
2952	sub_90b79c	pseudocode/02952_sub_90b79c.dartpseudo	ir/02952_sub_90b79c.json	asm/02952_sub_90b79c.s
2953	sub_90bc50	pseudocode/02953_sub_90bc50.dartpseudo	ir/02953_sub_90bc50.json	asm/02953_sub_90bc50.s
2954	sub_90be68	pseudocode/02954_sub_90be68.dartpseudo	ir/02954_sub_90be68.json	asm/02954_sub_90be68.s
2955	sub_90bfa8	pseudocode/02955_sub_90bfa8.dartpseudo	ir/02955_sub_90bfa8.json	asm/02955_sub_90bfa8.s
2956	sub_90c29c	pseudocode/02956_sub_90c29c.dartpseudo	ir/02956_sub_90c29c.json	asm/02956_sub_90c29c.s
2957	sub_90c4dc	pseudocode/02957_sub_90c4dc.dartpseudo	ir/02957_sub_90c4dc.json	asm/02957_sub_90c4dc.s
2958	sub_90c674	pseudocode/02958_sub_90c674.dartpseudo	ir/02958_sub_90c674.json	asm/02958_sub_90c674.s
2959	sub_90ca54	pseudocode/02959_sub_90ca54.dartpseudo	ir/02959_sub_90ca54.json	asm/02959_sub_90ca54.s
2960	sub_90cd9c	pseudocode/02960_sub_90cd9c.dartpseudo	ir/02960_sub_90cd9c.json	asm/02960_sub_90cd9c.s
2961	sub_90cdfc	pseudocode/02961_sub_90cdfc.dartpseudo	ir/02961_sub_90cdfc.json	asm/02961_sub_90cdfc.s
2962	sub_90ce08	pseudocode/02962_sub_90ce08.dartpseudo	ir/02962_sub_90ce08.json	asm/02962_sub_90ce08.s
2963	sub_90d4e8	pseudocode/02963_sub_90d4e8.dartpseudo	ir/02963_sub_90d4e8.json	asm/02963_sub_90d4e8.s
2964	sub_90d69c	pseudocode/02964_sub_90d69c.dartpseudo	ir/02964_sub_90d69c.json	asm/02964_sub_90d69c.s
2965	sub_90dc84	pseudocode/02965_sub_90dc84.dartpseudo	ir/02965_sub_90dc84.json	asm/02965_sub_90dc84.s
2966	sub_90dd40	pseudocode/02966_sub_90dd40.dartpseudo	ir/02966_sub_90dd40.json	asm/02966_sub_90dd40.s
2967	sub_90debc	pseudocode/02967_sub_90debc.dartpseudo	ir/02967_sub_90debc.json	asm/02967_sub_90debc.s
2968	sub_90e0e0	pseudocode/02968_sub_90e0e0.dartpseudo	ir/02968_sub_90e0e0.json	asm/02968_sub_90e0e0.s
2969	sub_90e1d8	pseudocode/02969_sub_90e1d8.dartpseudo	ir/02969_sub_90e1d8.json	asm/02969_sub_90e1d8.s
2970	sub_90eaa8	pseudocode/02970_sub_90eaa8.dartpseudo	ir/02970_sub_90eaa8.json	asm/02970_sub_90eaa8.s
2971	sub_90eae4	pseudocode/02971_sub_90eae4.dartpseudo	ir/02971_sub_90eae4.json	asm/02971_sub_90eae4.s
2972	sub_90edc0	pseudocode/02972_sub_90edc0.dartpseudo	ir/02972_sub_90edc0.json	asm/02972_sub_90edc0.s
2973	sub_90ee24	pseudocode/02973_sub_90ee24.dartpseudo	ir/02973_sub_90ee24.json	asm/02973_sub_90ee24.s
2974	sub_90ee78	pseudocode/02974_sub_90ee78.dartpseudo	ir/02974_sub_90ee78.json	asm/02974_sub_90ee78.s
2975	sub_90ef14	pseudocode/02975_sub_90ef14.dartpseudo	ir/02975_sub_90ef14.json	asm/02975_sub_90ef14.s
2976	sub_90efb0	pseudocode/02976_sub_90efb0.dartpseudo	ir/02976_sub_90efb0.json	asm/02976_sub_90efb0.s
2977	sub_90f1dc	pseudocode/02977_sub_90f1dc.dartpseudo	ir/02977_sub_90f1dc.json	asm/02977_sub_90f1dc.s
2978	sub_90f2ec	pseudocode/02978_sub_90f2ec.dartpseudo	ir/02978_sub_90f2ec.json	asm/02978_sub_90f2ec.s
2979	sub_90f718	pseudocode/02979_sub_90f718.dartpseudo	ir/02979_sub_90f718.json	asm/02979_sub_90f718.s
2980	sub_90fa18	pseudocode/02980_sub_90fa18.dartpseudo	ir/02980_sub_90fa18.json	asm/02980_sub_90fa18.s
2981	sub_90fbfc	pseudocode/02981_sub_90fbfc.dartpseudo	ir/02981_sub_90fbfc.json	asm/02981_sub_90fbfc.s
2982	sub_90fee4	pseudocode/02982_sub_90fee4.dartpseudo	ir/02982_sub_90fee4.json	asm/02982_sub_90fee4.s
2983	sub_910010	pseudocode/02983_sub_910010.dartpseudo	ir/02983_sub_910010.json	asm/02983_sub_910010.s
2984	sub_9102ac	pseudocode/02984_sub_9102ac.dartpseudo	ir/02984_sub_9102ac.json	asm/02984_sub_9102ac.s
2985	sub_91097c	pseudocode/02985_sub_91097c.dartpseudo	ir/02985_sub_91097c.json	asm/02985_sub_91097c.s
2986	sub_910d40	pseudocode/02986_sub_910d40.dartpseudo	ir/02986_sub_910d40.json	asm/02986_sub_910d40.s
2987	sub_9111a0	pseudocode/02987_sub_9111a0.dartpseudo	ir/02987_sub_9111a0.json	asm/02987_sub_9111a0.s
2988	sub_911248	pseudocode/02988_sub_911248.dartpseudo	ir/02988_sub_911248.json	asm/02988_sub_911248.s
2989	sub_911c88	pseudocode/02989_sub_911c88.dartpseudo	ir/02989_sub_911c88.json	asm/02989_sub_911c88.s
2990	sub_911ce0	pseudocode/02990_sub_911ce0.dartpseudo	ir/02990_sub_911ce0.json	asm/02990_sub_911ce0.s
2991	sub_911d74	pseudocode/02991_sub_911d74.dartpseudo	ir/02991_sub_911d74.json	asm/02991_sub_911d74.s
2992	sub_91220c	pseudocode/02992_sub_91220c.dartpseudo	ir/02992_sub_91220c.json	asm/02992_sub_91220c.s
2993	sub_9128c0	pseudocode/02993_sub_9128c0.dartpseudo	ir/02993_sub_9128c0.json	asm/02993_sub_9128c0.s
2994	sub_9129dc	pseudocode/02994_sub_9129dc.dartpseudo	ir/02994_sub_9129dc.json	asm/02994_sub_9129dc.s
2995	sub_912cd0	pseudocode/02995_sub_912cd0.dartpseudo	ir/02995_sub_912cd0.json	asm/02995_sub_912cd0.s
2996	sub_91405c	pseudocode/02996_sub_91405c.dartpseudo	ir/02996_sub_91405c.json	asm/02996_sub_91405c.s
2997	sub_914168	pseudocode/02997_sub_914168.dartpseudo	ir/02997_sub_914168.json	asm/02997_sub_914168.s
2998	sub_9141c8	pseudocode/02998_sub_9141c8.dartpseudo	ir/02998_sub_9141c8.json	asm/02998_sub_9141c8.s
2999	sub_9145b8	pseudocode/02999_sub_9145b8.dartpseudo	ir/02999_sub_9145b8.json	asm/02999_sub_9145b8.s
3000	sub_914764	pseudocode/03000_sub_914764.dartpseudo	ir/03000_sub_914764.json	asm/03000_sub_914764.s
3001	sub_9147f4	pseudocode/03001_sub_9147f4.dartpseudo	ir/03001_sub_9147f4.json	asm/03001_sub_9147f4.s
3002	sub_914860	pseudocode/03002_sub_914860.dartpseudo	ir/03002_sub_914860.json	asm/03002_sub_914860.s
3003	sub_9148f0	pseudocode/03003_sub_9148f0.dartpseudo	ir/03003_sub_9148f0.json	asm/03003_sub_9148f0.s
3004	sub_914bb4	pseudocode/03004_sub_914bb4.dartpseudo	ir/03004_sub_914bb4.json	asm/03004_sub_914bb4.s
3005	sub_914bc0	pseudocode/03005_sub_914bc0.dartpseudo	ir/03005_sub_914bc0.json	asm/03005_sub_914bc0.s
3006	sub_9151e4	pseudocode/03006_sub_9151e4.dartpseudo	ir/03006_sub_9151e4.json	asm/03006_sub_9151e4.s
3007	sub_9155b8	pseudocode/03007_sub_9155b8.dartpseudo	ir/03007_sub_9155b8.json	asm/03007_sub_9155b8.s
3008	sub_915730	pseudocode/03008_sub_915730.dartpseudo	ir/03008_sub_915730.json	asm/03008_sub_915730.s
3009	sub_9157f0	pseudocode/03009_sub_9157f0.dartpseudo	ir/03009_sub_9157f0.json	asm/03009_sub_9157f0.s
3010	sub_9157fc	pseudocode/03010_sub_9157fc.dartpseudo	ir/03010_sub_9157fc.json	asm/03010_sub_9157fc.s
3011	sub_9158e0	pseudocode/03011_sub_9158e0.dartpseudo	ir/03011_sub_9158e0.json	asm/03011_sub_9158e0.s
3012	sub_915984	pseudocode/03012_sub_915984.dartpseudo	ir/03012_sub_915984.json	asm/03012_sub_915984.s
3013	sub_915e64	pseudocode/03013_sub_915e64.dartpseudo	ir/03013_sub_915e64.json	asm/03013_sub_915e64.s
3014	sub_916630	pseudocode/03014_sub_916630.dartpseudo	ir/03014_sub_916630.json	asm/03014_sub_916630.s
3015	sub_9168f8	pseudocode/03015_sub_9168f8.dartpseudo	ir/03015_sub_9168f8.json	asm/03015_sub_9168f8.s
3016	sub_916944	pseudocode/03016_sub_916944.dartpseudo	ir/03016_sub_916944.json	asm/03016_sub_916944.s
3017	sub_9169d8	pseudocode/03017_sub_9169d8.dartpseudo	ir/03017_sub_9169d8.json	asm/03017_sub_9169d8.s
3018	sub_916a90	pseudocode/03018_sub_916a90.dartpseudo	ir/03018_sub_916a90.json	asm/03018_sub_916a90.s
3019	sub_916adc	pseudocode/03019_sub_916adc.dartpseudo	ir/03019_sub_916adc.json	asm/03019_sub_916adc.s
3020	sub_916b3c	pseudocode/03020_sub_916b3c.dartpseudo	ir/03020_sub_916b3c.json	asm/03020_sub_916b3c.s
3021	sub_916bcc	pseudocode/03021_sub_916bcc.dartpseudo	ir/03021_sub_916bcc.json	asm/03021_sub_916bcc.s
3022	sub_916c9c	pseudocode/03022_sub_916c9c.dartpseudo	ir/03022_sub_916c9c.json	asm/03022_sub_916c9c.s
3023	sub_916d74	pseudocode/03023_sub_916d74.dartpseudo	ir/03023_sub_916d74.json	asm/03023_sub_916d74.s
3024	sub_917698	pseudocode/03024_sub_917698.dartpseudo	ir/03024_sub_917698.json	asm/03024_sub_917698.s
3025	sub_917728	pseudocode/03025_sub_917728.dartpseudo	ir/03025_sub_917728.json	asm/03025_sub_917728.s
3026	sub_917c7c	pseudocode/03026_sub_917c7c.dartpseudo	ir/03026_sub_917c7c.json	asm/03026_sub_917c7c.s
3027	sub_917e1c	pseudocode/03027_sub_917e1c.dartpseudo	ir/03027_sub_917e1c.json	asm/03027_sub_917e1c.s
3028	sub_917ecc	pseudocode/03028_sub_917ecc.dartpseudo	ir/03028_sub_917ecc.json	asm/03028_sub_917ecc.s
3029	sub_9181e0	pseudocode/03029_sub_9181e0.dartpseudo	ir/03029_sub_9181e0.json	asm/03029_sub_9181e0.s
3030	sub_918368	pseudocode/03030_sub_918368.dartpseudo	ir/03030_sub_918368.json	asm/03030_sub_918368.s
3031	sub_918480	pseudocode/03031_sub_918480.dartpseudo	ir/03031_sub_918480.json	asm/03031_sub_918480.s
3032	sub_91848c	pseudocode/03032_sub_91848c.dartpseudo	ir/03032_sub_91848c.json	asm/03032_sub_91848c.s
3033	sub_918808	pseudocode/03033_sub_918808.dartpseudo	ir/03033_sub_918808.json	asm/03033_sub_918808.s
3034	sub_918950	pseudocode/03034_sub_918950.dartpseudo	ir/03034_sub_918950.json	asm/03034_sub_918950.s
3035	sub_91af00	pseudocode/03035_sub_91af00.dartpseudo	ir/03035_sub_91af00.json	asm/03035_sub_91af00.s
3036	sub_91b0b8	pseudocode/03036_sub_91b0b8.dartpseudo	ir/03036_sub_91b0b8.json	asm/03036_sub_91b0b8.s
3037	sub_91b288	pseudocode/03037_sub_91b288.dartpseudo	ir/03037_sub_91b288.json	asm/03037_sub_91b288.s
3038	sub_91b38c	pseudocode/03038_sub_91b38c.dartpseudo	ir/03038_sub_91b38c.json	asm/03038_sub_91b38c.s
3039	sub_91b3d4	pseudocode/03039_sub_91b3d4.dartpseudo	ir/03039_sub_91b3d4.json	asm/03039_sub_91b3d4.s
3040	sub_91b458	pseudocode/03040_sub_91b458.dartpseudo	ir/03040_sub_91b458.json	asm/03040_sub_91b458.s
3041	sub_91b5b4	pseudocode/03041_sub_91b5b4.dartpseudo	ir/03041_sub_91b5b4.json	asm/03041_sub_91b5b4.s
3042	sub_91bfc8	pseudocode/03042_sub_91bfc8.dartpseudo	ir/03042_sub_91bfc8.json	asm/03042_sub_91bfc8.s
3043	sub_91c0ac	pseudocode/03043_sub_91c0ac.dartpseudo	ir/03043_sub_91c0ac.json	asm/03043_sub_91c0ac.s
3044	sub_91c110	pseudocode/03044_sub_91c110.dartpseudo	ir/03044_sub_91c110.json	asm/03044_sub_91c110.s
3045	sub_91c560	pseudocode/03045_sub_91c560.dartpseudo	ir/03045_sub_91c560.json	asm/03045_sub_91c560.s
3046	sub_91c878	pseudocode/03046_sub_91c878.dartpseudo	ir/03046_sub_91c878.json	asm/03046_sub_91c878.s
3047	sub_91ccf8	pseudocode/03047_sub_91ccf8.dartpseudo	ir/03047_sub_91ccf8.json	asm/03047_sub_91ccf8.s
3048	sub_91d064	pseudocode/03048_sub_91d064.dartpseudo	ir/03048_sub_91d064.json	asm/03048_sub_91d064.s
3049	sub_91d14c	pseudocode/03049_sub_91d14c.dartpseudo	ir/03049_sub_91d14c.json	asm/03049_sub_91d14c.s
3050	sub_91d1b8	pseudocode/03050_sub_91d1b8.dartpseudo	ir/03050_sub_91d1b8.json	asm/03050_sub_91d1b8.s
3051	sub_91d794	pseudocode/03051_sub_91d794.dartpseudo	ir/03051_sub_91d794.json	asm/03051_sub_91d794.s
3052	sub_91da5c	pseudocode/03052_sub_91da5c.dartpseudo	ir/03052_sub_91da5c.json	asm/03052_sub_91da5c.s
3053	sub_91db38	pseudocode/03053_sub_91db38.dartpseudo	ir/03053_sub_91db38.json	asm/03053_sub_91db38.s
3054	sub_91dd44	pseudocode/03054_sub_91dd44.dartpseudo	ir/03054_sub_91dd44.json	asm/03054_sub_91dd44.s
3055	sub_91ddd8	pseudocode/03055_sub_91ddd8.dartpseudo	ir/03055_sub_91ddd8.json	asm/03055_sub_91ddd8.s
3056	sub_91df0c	pseudocode/03056_sub_91df0c.dartpseudo	ir/03056_sub_91df0c.json	asm/03056_sub_91df0c.s
3057	sub_91e2c8	pseudocode/03057_sub_91e2c8.dartpseudo	ir/03057_sub_91e2c8.json	asm/03057_sub_91e2c8.s
3058	sub_91e454	pseudocode/03058_sub_91e454.dartpseudo	ir/03058_sub_91e454.json	asm/03058_sub_91e454.s
3059	sub_91e8fc	pseudocode/03059_sub_91e8fc.dartpseudo	ir/03059_sub_91e8fc.json	asm/03059_sub_91e8fc.s
3060	sub_91ea70	pseudocode/03060_sub_91ea70.dartpseudo	ir/03060_sub_91ea70.json	asm/03060_sub_91ea70.s
3061	sub_91ea7c	pseudocode/03061_sub_91ea7c.dartpseudo	ir/03061_sub_91ea7c.json	asm/03061_sub_91ea7c.s
3062	sub_91ea88	pseudocode/03062_sub_91ea88.dartpseudo	ir/03062_sub_91ea88.json	asm/03062_sub_91ea88.s
3063	sub_91ec04	pseudocode/03063_sub_91ec04.dartpseudo	ir/03063_sub_91ec04.json	asm/03063_sub_91ec04.s
3064	sub_91ee0c	pseudocode/03064_sub_91ee0c.dartpseudo	ir/03064_sub_91ee0c.json	asm/03064_sub_91ee0c.s
3065	sub_91eedc	pseudocode/03065_sub_91eedc.dartpseudo	ir/03065_sub_91eedc.json	asm/03065_sub_91eedc.s
3066	sub_91ef80	pseudocode/03066_sub_91ef80.dartpseudo	ir/03066_sub_91ef80.json	asm/03066_sub_91ef80.s
3067	sub_91f014	pseudocode/03067_sub_91f014.dartpseudo	ir/03067_sub_91f014.json	asm/03067_sub_91f014.s
3068	sub_91fb78	pseudocode/03068_sub_91fb78.dartpseudo	ir/03068_sub_91fb78.json	asm/03068_sub_91fb78.s
3069	sub_91fb84	pseudocode/03069_sub_91fb84.dartpseudo	ir/03069_sub_91fb84.json	asm/03069_sub_91fb84.s
3070	sub_92041c	pseudocode/03070_sub_92041c.dartpseudo	ir/03070_sub_92041c.json	asm/03070_sub_92041c.s
3071	sub_9204f8	pseudocode/03071_sub_9204f8.dartpseudo	ir/03071_sub_9204f8.json	asm/03071_sub_9204f8.s
3072	sub_9205a4	pseudocode/03072_sub_9205a4.dartpseudo	ir/03072_sub_9205a4.json	asm/03072_sub_9205a4.s
3073	sub_9206cc	pseudocode/03073_sub_9206cc.dartpseudo	ir/03073_sub_9206cc.json	asm/03073_sub_9206cc.s
3074	sub_9206d8	pseudocode/03074_sub_9206d8.dartpseudo	ir/03074_sub_9206d8.json	asm/03074_sub_9206d8.s
3075	sub_9206e4	pseudocode/03075_sub_9206e4.dartpseudo	ir/03075_sub_9206e4.json	asm/03075_sub_9206e4.s
3076	sub_9206f0	pseudocode/03076_sub_9206f0.dartpseudo	ir/03076_sub_9206f0.json	asm/03076_sub_9206f0.s
3077	sub_921ae4	pseudocode/03077_sub_921ae4.dartpseudo	ir/03077_sub_921ae4.json	asm/03077_sub_921ae4.s
3078	sub_922020	pseudocode/03078_sub_922020.dartpseudo	ir/03078_sub_922020.json	asm/03078_sub_922020.s
3079	sub_923700	pseudocode/03079_sub_923700.dartpseudo	ir/03079_sub_923700.json	asm/03079_sub_923700.s
3080	sub_923b08	pseudocode/03080_sub_923b08.dartpseudo	ir/03080_sub_923b08.json	asm/03080_sub_923b08.s
3081	sub_923c18	pseudocode/03081_sub_923c18.dartpseudo	ir/03081_sub_923c18.json	asm/03081_sub_923c18.s
3082	sub_923ea8	pseudocode/03082_sub_923ea8.dartpseudo	ir/03082_sub_923ea8.json	asm/03082_sub_923ea8.s
3083	sub_924054	pseudocode/03083_sub_924054.dartpseudo	ir/03083_sub_924054.json	asm/03083_sub_924054.s
3084	sub_92411c	pseudocode/03084_sub_92411c.dartpseudo	ir/03084_sub_92411c.json	asm/03084_sub_92411c.s
3085	sub_9241c4	pseudocode/03085_sub_9241c4.dartpseudo	ir/03085_sub_9241c4.json	asm/03085_sub_9241c4.s
3086	sub_92420c	pseudocode/03086_sub_92420c.dartpseudo	ir/03086_sub_92420c.json	asm/03086_sub_92420c.s
3087	sub_924218	pseudocode/03087_sub_924218.dartpseudo	ir/03087_sub_924218.json	asm/03087_sub_924218.s
3088	sub_9242ac	pseudocode/03088_sub_9242ac.dartpseudo	ir/03088_sub_9242ac.json	asm/03088_sub_9242ac.s
3089	sub_92567c	pseudocode/03089_sub_92567c.dartpseudo	ir/03089_sub_92567c.json	asm/03089_sub_92567c.s
3090	sub_9258f4	pseudocode/03090_sub_9258f4.dartpseudo	ir/03090_sub_9258f4.json	asm/03090_sub_9258f4.s
3091	sub_925bdc	pseudocode/03091_sub_925bdc.dartpseudo	ir/03091_sub_925bdc.json	asm/03091_sub_925bdc.s
3092	sub_925d20	pseudocode/03092_sub_925d20.dartpseudo	ir/03092_sub_925d20.json	asm/03092_sub_925d20.s
3093	sub_925d48	pseudocode/03093_sub_925d48.dartpseudo	ir/03093_sub_925d48.json	asm/03093_sub_925d48.s
3094	sub_925ec0	pseudocode/03094_sub_925ec0.dartpseudo	ir/03094_sub_925ec0.json	asm/03094_sub_925ec0.s
3095	sub_926420	pseudocode/03095_sub_926420.dartpseudo	ir/03095_sub_926420.json	asm/03095_sub_926420.s
3096	sub_926460	pseudocode/03096_sub_926460.dartpseudo	ir/03096_sub_926460.json	asm/03096_sub_926460.s
3097	sub_9264c4	pseudocode/03097_sub_9264c4.dartpseudo	ir/03097_sub_9264c4.json	asm/03097_sub_9264c4.s
3098	sub_926694	pseudocode/03098_sub_926694.dartpseudo	ir/03098_sub_926694.json	asm/03098_sub_926694.s
3099	sub_926720	pseudocode/03099_sub_926720.dartpseudo	ir/03099_sub_926720.json	asm/03099_sub_926720.s
3100	sub_926ab8	pseudocode/03100_sub_926ab8.dartpseudo	ir/03100_sub_926ab8.json	asm/03100_sub_926ab8.s
3101	sub_926cbc	pseudocode/03101_sub_926cbc.dartpseudo	ir/03101_sub_926cbc.json	asm/03101_sub_926cbc.s
3102	sub_926f0c	pseudocode/03102_sub_926f0c.dartpseudo	ir/03102_sub_926f0c.json	asm/03102_sub_926f0c.s
3103	sub_927b58	pseudocode/03103_sub_927b58.dartpseudo	ir/03103_sub_927b58.json	asm/03103_sub_927b58.s
3104	sub_927e7c	pseudocode/03104_sub_927e7c.dartpseudo	ir/03104_sub_927e7c.json	asm/03104_sub_927e7c.s
3105	sub_927ee4	pseudocode/03105_sub_927ee4.dartpseudo	ir/03105_sub_927ee4.json	asm/03105_sub_927ee4.s
3106	sub_928048	pseudocode/03106_sub_928048.dartpseudo	ir/03106_sub_928048.json	asm/03106_sub_928048.s
3107	sub_928204	pseudocode/03107_sub_928204.dartpseudo	ir/03107_sub_928204.json	asm/03107_sub_928204.s
3108	sub_9286cc	pseudocode/03108_sub_9286cc.dartpseudo	ir/03108_sub_9286cc.json	asm/03108_sub_9286cc.s
3109	sub_92d250	pseudocode/03109_sub_92d250.dartpseudo	ir/03109_sub_92d250.json	asm/03109_sub_92d250.s
3110	sub_92d4c0	pseudocode/03110_sub_92d4c0.dartpseudo	ir/03110_sub_92d4c0.json	asm/03110_sub_92d4c0.s
3111	sub_92d664	pseudocode/03111_sub_92d664.dartpseudo	ir/03111_sub_92d664.json	asm/03111_sub_92d664.s
3112	sub_92d914	pseudocode/03112_sub_92d914.dartpseudo	ir/03112_sub_92d914.json	asm/03112_sub_92d914.s
3113	sub_92da90	pseudocode/03113_sub_92da90.dartpseudo	ir/03113_sub_92da90.json	asm/03113_sub_92da90.s
3114	sub_92e684	pseudocode/03114_sub_92e684.dartpseudo	ir/03114_sub_92e684.json	asm/03114_sub_92e684.s
3115	sub_92e7ac	pseudocode/03115_sub_92e7ac.dartpseudo	ir/03115_sub_92e7ac.json	asm/03115_sub_92e7ac.s
3116	sub_92f4b4	pseudocode/03116_sub_92f4b4.dartpseudo	ir/03116_sub_92f4b4.json	asm/03116_sub_92f4b4.s
3117	sub_92f5a0	pseudocode/03117_sub_92f5a0.dartpseudo	ir/03117_sub_92f5a0.json	asm/03117_sub_92f5a0.s
3118	sub_93606c	pseudocode/03118_sub_93606c.dartpseudo	ir/03118_sub_93606c.json	asm/03118_sub_93606c.s
3119	sub_936128	pseudocode/03119_sub_936128.dartpseudo	ir/03119_sub_936128.json	asm/03119_sub_936128.s
3120	sub_9364ac	pseudocode/03120_sub_9364ac.dartpseudo	ir/03120_sub_9364ac.json	asm/03120_sub_9364ac.s
3121	sub_9365b8	pseudocode/03121_sub_9365b8.dartpseudo	ir/03121_sub_9365b8.json	asm/03121_sub_9365b8.s
3122	sub_9366ac	pseudocode/03122_sub_9366ac.dartpseudo	ir/03122_sub_9366ac.json	asm/03122_sub_9366ac.s
3123	sub_93699c	pseudocode/03123_sub_93699c.dartpseudo	ir/03123_sub_93699c.json	asm/03123_sub_93699c.s
3124	sub_936bd0	pseudocode/03124_sub_936bd0.dartpseudo	ir/03124_sub_936bd0.json	asm/03124_sub_936bd0.s
3125	sub_936d18	pseudocode/03125_sub_936d18.dartpseudo	ir/03125_sub_936d18.json	asm/03125_sub_936d18.s
3126	sub_936e54	pseudocode/03126_sub_936e54.dartpseudo	ir/03126_sub_936e54.json	asm/03126_sub_936e54.s
3127	sub_93703c	pseudocode/03127_sub_93703c.dartpseudo	ir/03127_sub_93703c.json	asm/03127_sub_93703c.s
3128	sub_939484	pseudocode/03128_sub_939484.dartpseudo	ir/03128_sub_939484.json	asm/03128_sub_939484.s
3129	sub_9396d8	pseudocode/03129_sub_9396d8.dartpseudo	ir/03129_sub_9396d8.json	asm/03129_sub_9396d8.s
3130	sub_939908	pseudocode/03130_sub_939908.dartpseudo	ir/03130_sub_939908.json	asm/03130_sub_939908.s
3131	sub_939a5c	pseudocode/03131_sub_939a5c.dartpseudo	ir/03131_sub_939a5c.json	asm/03131_sub_939a5c.s
3132	sub_939c5c	pseudocode/03132_sub_939c5c.dartpseudo	ir/03132_sub_939c5c.json	asm/03132_sub_939c5c.s
3133	sub_939db8	pseudocode/03133_sub_939db8.dartpseudo	ir/03133_sub_939db8.json	asm/03133_sub_939db8.s
3134	sub_939f5c	pseudocode/03134_sub_939f5c.dartpseudo	ir/03134_sub_939f5c.json	asm/03134_sub_939f5c.s
3135	sub_93b8f8	pseudocode/03135_sub_93b8f8.dartpseudo	ir/03135_sub_93b8f8.json	asm/03135_sub_93b8f8.s
3136	sub_93c200	pseudocode/03136_sub_93c200.dartpseudo	ir/03136_sub_93c200.json	asm/03136_sub_93c200.s
3137	sub_93f9a0	pseudocode/03137_sub_93f9a0.dartpseudo	ir/03137_sub_93f9a0.json	asm/03137_sub_93f9a0.s
3138	sub_93f9d4	pseudocode/03138_sub_93f9d4.dartpseudo	ir/03138_sub_93f9d4.json	asm/03138_sub_93f9d4.s
3139	sub_93fb2c	pseudocode/03139_sub_93fb2c.dartpseudo	ir/03139_sub_93fb2c.json	asm/03139_sub_93fb2c.s
3140	sub_94031c	pseudocode/03140_sub_94031c.dartpseudo	ir/03140_sub_94031c.json	asm/03140_sub_94031c.s
3141	sub_9404fc	pseudocode/03141_sub_9404fc.dartpseudo	ir/03141_sub_9404fc.json	asm/03141_sub_9404fc.s
3142	sub_940f1c	pseudocode/03142_sub_940f1c.dartpseudo	ir/03142_sub_940f1c.json	asm/03142_sub_940f1c.s
3143	sub_940ffc	pseudocode/03143_sub_940ffc.dartpseudo	ir/03143_sub_940ffc.json	asm/03143_sub_940ffc.s
3144	sub_941308	pseudocode/03144_sub_941308.dartpseudo	ir/03144_sub_941308.json	asm/03144_sub_941308.s
3145	sub_94190c	pseudocode/03145_sub_94190c.dartpseudo	ir/03145_sub_94190c.json	asm/03145_sub_94190c.s
3146	sub_94202c	pseudocode/03146_sub_94202c.dartpseudo	ir/03146_sub_94202c.json	asm/03146_sub_94202c.s
3147	sub_94247c	pseudocode/03147_sub_94247c.dartpseudo	ir/03147_sub_94247c.json	asm/03147_sub_94247c.s
3148	sub_942a70	pseudocode/03148_sub_942a70.dartpseudo	ir/03148_sub_942a70.json	asm/03148_sub_942a70.s
3149	sub_942d38	pseudocode/03149_sub_942d38.dartpseudo	ir/03149_sub_942d38.json	asm/03149_sub_942d38.s
3150	sub_942d44	pseudocode/03150_sub_942d44.dartpseudo	ir/03150_sub_942d44.json	asm/03150_sub_942d44.s
3151	sub_94300c	pseudocode/03151_sub_94300c.dartpseudo	ir/03151_sub_94300c.json	asm/03151_sub_94300c.s
3152	sub_943018	pseudocode/03152_sub_943018.dartpseudo	ir/03152_sub_943018.json	asm/03152_sub_943018.s
3153	sub_9435a4	pseudocode/03153_sub_9435a4.dartpseudo	ir/03153_sub_9435a4.json	asm/03153_sub_9435a4.s
3154	sub_943ec4	pseudocode/03154_sub_943ec4.dartpseudo	ir/03154_sub_943ec4.json	asm/03154_sub_943ec4.s
3155	sub_9441ac	pseudocode/03155_sub_9441ac.dartpseudo	ir/03155_sub_9441ac.json	asm/03155_sub_9441ac.s
3156	sub_9441b8	pseudocode/03156_sub_9441b8.dartpseudo	ir/03156_sub_9441b8.json	asm/03156_sub_9441b8.s
3157	sub_9448e8	pseudocode/03157_sub_9448e8.dartpseudo	ir/03157_sub_9448e8.json	asm/03157_sub_9448e8.s
3158	sub_944d60	pseudocode/03158_sub_944d60.dartpseudo	ir/03158_sub_944d60.json	asm/03158_sub_944d60.s
3159	sub_944e84	pseudocode/03159_sub_944e84.dartpseudo	ir/03159_sub_944e84.json	asm/03159_sub_944e84.s
3160	sub_944e90	pseudocode/03160_sub_944e90.dartpseudo	ir/03160_sub_944e90.json	asm/03160_sub_944e90.s
3161	sub_945378	pseudocode/03161_sub_945378.dartpseudo	ir/03161_sub_945378.json	asm/03161_sub_945378.s
3162	sub_945384	pseudocode/03162_sub_945384.dartpseudo	ir/03162_sub_945384.json	asm/03162_sub_945384.s
3163	sub_9455f4	pseudocode/03163_sub_9455f4.dartpseudo	ir/03163_sub_9455f4.json	asm/03163_sub_9455f4.s
3164	sub_945600	pseudocode/03164_sub_945600.dartpseudo	ir/03164_sub_945600.json	asm/03164_sub_945600.s
3165	sub_9458dc	pseudocode/03165_sub_9458dc.dartpseudo	ir/03165_sub_9458dc.json	asm/03165_sub_9458dc.s
3166	sub_9458e8	pseudocode/03166_sub_9458e8.dartpseudo	ir/03166_sub_9458e8.json	asm/03166_sub_9458e8.s
3167	sub_9458f4	pseudocode/03167_sub_9458f4.dartpseudo	ir/03167_sub_9458f4.json	asm/03167_sub_9458f4.s
3168	sub_9459b8	pseudocode/03168_sub_9459b8.dartpseudo	ir/03168_sub_9459b8.json	asm/03168_sub_9459b8.s
3169	sub_9459c4	pseudocode/03169_sub_9459c4.dartpseudo	ir/03169_sub_9459c4.json	asm/03169_sub_9459c4.s
3170	sub_9459d0	pseudocode/03170_sub_9459d0.dartpseudo	ir/03170_sub_9459d0.json	asm/03170_sub_9459d0.s
3171	sub_945d2c	pseudocode/03171_sub_945d2c.dartpseudo	ir/03171_sub_945d2c.json	asm/03171_sub_945d2c.s
3172	sub_945d38	pseudocode/03172_sub_945d38.dartpseudo	ir/03172_sub_945d38.json	asm/03172_sub_945d38.s
3173	sub_946710	pseudocode/03173_sub_946710.dartpseudo	ir/03173_sub_946710.json	asm/03173_sub_946710.s
3174	sub_9467a4	pseudocode/03174_sub_9467a4.dartpseudo	ir/03174_sub_9467a4.json	asm/03174_sub_9467a4.s
3175	sub_946a80	pseudocode/03175_sub_946a80.dartpseudo	ir/03175_sub_946a80.json	asm/03175_sub_946a80.s
3176	sub_946bf8	pseudocode/03176_sub_946bf8.dartpseudo	ir/03176_sub_946bf8.json	asm/03176_sub_946bf8.s
3177	sub_9480b8	pseudocode/03177_sub_9480b8.dartpseudo	ir/03177_sub_9480b8.json	asm/03177_sub_9480b8.s
3178	sub_9498ac	pseudocode/03178_sub_9498ac.dartpseudo	ir/03178_sub_9498ac.json	asm/03178_sub_9498ac.s
3179	sub_94a208	pseudocode/03179_sub_94a208.dartpseudo	ir/03179_sub_94a208.json	asm/03179_sub_94a208.s
3180	sub_94b894	pseudocode/03180_sub_94b894.dartpseudo	ir/03180_sub_94b894.json	asm/03180_sub_94b894.s
3181	sub_94bd18	pseudocode/03181_sub_94bd18.dartpseudo	ir/03181_sub_94bd18.json	asm/03181_sub_94bd18.s
3182	sub_94be94	pseudocode/03182_sub_94be94.dartpseudo	ir/03182_sub_94be94.json	asm/03182_sub_94be94.s
3183	sub_94bfa0	pseudocode/03183_sub_94bfa0.dartpseudo	ir/03183_sub_94bfa0.json	asm/03183_sub_94bfa0.s
3184	sub_94bfac	pseudocode/03184_sub_94bfac.dartpseudo	ir/03184_sub_94bfac.json	asm/03184_sub_94bfac.s
3185	sub_94bfc4	pseudocode/03185_sub_94bfc4.dartpseudo	ir/03185_sub_94bfc4.json	asm/03185_sub_94bfc4.s
3186	sub_94c260	pseudocode/03186_sub_94c260.dartpseudo	ir/03186_sub_94c260.json	asm/03186_sub_94c260.s
3187	sub_94c508	pseudocode/03187_sub_94c508.dartpseudo	ir/03187_sub_94c508.json	asm/03187_sub_94c508.s
3188	sub_94c590	pseudocode/03188_sub_94c590.dartpseudo	ir/03188_sub_94c590.json	asm/03188_sub_94c590.s
3189	sub_94cbd8	pseudocode/03189_sub_94cbd8.dartpseudo	ir/03189_sub_94cbd8.json	asm/03189_sub_94cbd8.s
3190	sub_94cc0c	pseudocode/03190_sub_94cc0c.dartpseudo	ir/03190_sub_94cc0c.json	asm/03190_sub_94cc0c.s
3191	sub_94cd2c	pseudocode/03191_sub_94cd2c.dartpseudo	ir/03191_sub_94cd2c.json	asm/03191_sub_94cd2c.s
3192	sub_94d308	pseudocode/03192_sub_94d308.dartpseudo	ir/03192_sub_94d308.json	asm/03192_sub_94d308.s
3193	sub_94d314	pseudocode/03193_sub_94d314.dartpseudo	ir/03193_sub_94d314.json	asm/03193_sub_94d314.s
3194	sub_94dc10	pseudocode/03194_sub_94dc10.dartpseudo	ir/03194_sub_94dc10.json	asm/03194_sub_94dc10.s
3195	sub_94dc1c	pseudocode/03195_sub_94dc1c.dartpseudo	ir/03195_sub_94dc1c.json	asm/03195_sub_94dc1c.s
3196	sub_94e330	pseudocode/03196_sub_94e330.dartpseudo	ir/03196_sub_94e330.json	asm/03196_sub_94e330.s
3197	sub_94e66c	pseudocode/03197_sub_94e66c.dartpseudo	ir/03197_sub_94e66c.json	asm/03197_sub_94e66c.s
3198	sub_94e724	pseudocode/03198_sub_94e724.dartpseudo	ir/03198_sub_94e724.json	asm/03198_sub_94e724.s
3199	sub_94ef78	pseudocode/03199_sub_94ef78.dartpseudo	ir/03199_sub_94ef78.json	asm/03199_sub_94ef78.s
3200	sub_94fe3c	pseudocode/03200_sub_94fe3c.dartpseudo	ir/03200_sub_94fe3c.json	asm/03200_sub_94fe3c.s
3201	sub_94ff28	pseudocode/03201_sub_94ff28.dartpseudo	ir/03201_sub_94ff28.json	asm/03201_sub_94ff28.s
3202	sub_94ffd0	pseudocode/03202_sub_94ffd0.dartpseudo	ir/03202_sub_94ffd0.json	asm/03202_sub_94ffd0.s
3203	sub_950304	pseudocode/03203_sub_950304.dartpseudo	ir/03203_sub_950304.json	asm/03203_sub_950304.s
3204	sub_950ffc	pseudocode/03204_sub_950ffc.dartpseudo	ir/03204_sub_950ffc.json	asm/03204_sub_950ffc.s
3205	sub_9511d8	pseudocode/03205_sub_9511d8.dartpseudo	ir/03205_sub_9511d8.json	asm/03205_sub_9511d8.s
3206	sub_9515f4	pseudocode/03206_sub_9515f4.dartpseudo	ir/03206_sub_9515f4.json	asm/03206_sub_9515f4.s
3207	sub_9516e0	pseudocode/03207_sub_9516e0.dartpseudo	ir/03207_sub_9516e0.json	asm/03207_sub_9516e0.s
3208	sub_952170	pseudocode/03208_sub_952170.dartpseudo	ir/03208_sub_952170.json	asm/03208_sub_952170.s
3209	sub_952568	pseudocode/03209_sub_952568.dartpseudo	ir/03209_sub_952568.json	asm/03209_sub_952568.s
3210	sub_9526e4	pseudocode/03210_sub_9526e4.dartpseudo	ir/03210_sub_9526e4.json	asm/03210_sub_9526e4.s
3211	sub_9528e4	pseudocode/03211_sub_9528e4.dartpseudo	ir/03211_sub_9528e4.json	asm/03211_sub_9528e4.s
3212	sub_9529d8	pseudocode/03212_sub_9529d8.dartpseudo	ir/03212_sub_9529d8.json	asm/03212_sub_9529d8.s
3213	sub_952abc	pseudocode/03213_sub_952abc.dartpseudo	ir/03213_sub_952abc.json	asm/03213_sub_952abc.s
3214	sub_953204	pseudocode/03214_sub_953204.dartpseudo	ir/03214_sub_953204.json	asm/03214_sub_953204.s
3215	sub_9535a0	pseudocode/03215_sub_9535a0.dartpseudo	ir/03215_sub_9535a0.json	asm/03215_sub_9535a0.s
3216	sub_9536e4	pseudocode/03216_sub_9536e4.dartpseudo	ir/03216_sub_9536e4.json	asm/03216_sub_9536e4.s
3217	sub_953dec	pseudocode/03217_sub_953dec.dartpseudo	ir/03217_sub_953dec.json	asm/03217_sub_953dec.s
3218	sub_954628	pseudocode/03218_sub_954628.dartpseudo	ir/03218_sub_954628.json	asm/03218_sub_954628.s
3219	sub_9546f8	pseudocode/03219_sub_9546f8.dartpseudo	ir/03219_sub_9546f8.json	asm/03219_sub_9546f8.s
3220	sub_954da0	pseudocode/03220_sub_954da0.dartpseudo	ir/03220_sub_954da0.json	asm/03220_sub_954da0.s
3221	sub_954e8c	pseudocode/03221_sub_954e8c.dartpseudo	ir/03221_sub_954e8c.json	asm/03221_sub_954e8c.s
3222	sub_954f90	pseudocode/03222_sub_954f90.dartpseudo	ir/03222_sub_954f90.json	asm/03222_sub_954f90.s
3223	sub_95509c	pseudocode/03223_sub_95509c.dartpseudo	ir/03223_sub_95509c.json	asm/03223_sub_95509c.s
3224	sub_955500	pseudocode/03224_sub_955500.dartpseudo	ir/03224_sub_955500.json	asm/03224_sub_955500.s
3225	sub_9558d0	pseudocode/03225_sub_9558d0.dartpseudo	ir/03225_sub_9558d0.json	asm/03225_sub_9558d0.s
3226	sub_9558dc	pseudocode/03226_sub_9558dc.dartpseudo	ir/03226_sub_9558dc.json	asm/03226_sub_9558dc.s
3227	sub_955d08	pseudocode/03227_sub_955d08.dartpseudo	ir/03227_sub_955d08.json	asm/03227_sub_955d08.s
3228	sub_955d88	pseudocode/03228_sub_955d88.dartpseudo	ir/03228_sub_955d88.json	asm/03228_sub_955d88.s
3229	sub_956554	pseudocode/03229_sub_956554.dartpseudo	ir/03229_sub_956554.json	asm/03229_sub_956554.s
3230	sub_956718	pseudocode/03230_sub_956718.dartpseudo	ir/03230_sub_956718.json	asm/03230_sub_956718.s
3231	sub_9567f8	pseudocode/03231_sub_9567f8.dartpseudo	ir/03231_sub_9567f8.json	asm/03231_sub_9567f8.s
3232	sub_956e44	pseudocode/03232_sub_956e44.dartpseudo	ir/03232_sub_956e44.json	asm/03232_sub_956e44.s
3233	sub_956e50	pseudocode/03233_sub_956e50.dartpseudo	ir/03233_sub_956e50.json	asm/03233_sub_956e50.s
3234	sub_956e5c	pseudocode/03234_sub_956e5c.dartpseudo	ir/03234_sub_956e5c.json	asm/03234_sub_956e5c.s
3235	sub_956e68	pseudocode/03235_sub_956e68.dartpseudo	ir/03235_sub_956e68.json	asm/03235_sub_956e68.s
3236	sub_958204	pseudocode/03236_sub_958204.dartpseudo	ir/03236_sub_958204.json	asm/03236_sub_958204.s
3237	sub_95a794	pseudocode/03237_sub_95a794.dartpseudo	ir/03237_sub_95a794.json	asm/03237_sub_95a794.s
3238	sub_95bc64	pseudocode/03238_sub_95bc64.dartpseudo	ir/03238_sub_95bc64.json	asm/03238_sub_95bc64.s
3239	sub_95bd38	pseudocode/03239_sub_95bd38.dartpseudo	ir/03239_sub_95bd38.json	asm/03239_sub_95bd38.s
3240	sub_95bdfc	pseudocode/03240_sub_95bdfc.dartpseudo	ir/03240_sub_95bdfc.json	asm/03240_sub_95bdfc.s
3241	sub_95c040	pseudocode/03241_sub_95c040.dartpseudo	ir/03241_sub_95c040.json	asm/03241_sub_95c040.s
3242	sub_95c42c	pseudocode/03242_sub_95c42c.dartpseudo	ir/03242_sub_95c42c.json	asm/03242_sub_95c42c.s
3243	sub_95c5c4	pseudocode/03243_sub_95c5c4.dartpseudo	ir/03243_sub_95c5c4.json	asm/03243_sub_95c5c4.s
3244	sub_95c8f8	pseudocode/03244_sub_95c8f8.dartpseudo	ir/03244_sub_95c8f8.json	asm/03244_sub_95c8f8.s
3245	sub_95ca78	pseudocode/03245_sub_95ca78.dartpseudo	ir/03245_sub_95ca78.json	asm/03245_sub_95ca78.s
3246	sub_95e108	pseudocode/03246_sub_95e108.dartpseudo	ir/03246_sub_95e108.json	asm/03246_sub_95e108.s
3247	sub_95f980	pseudocode/03247_sub_95f980.dartpseudo	ir/03247_sub_95f980.json	asm/03247_sub_95f980.s
3248	sub_95faac	pseudocode/03248_sub_95faac.dartpseudo	ir/03248_sub_95faac.json	asm/03248_sub_95faac.s
3249	sub_9605d0	pseudocode/03249_sub_9605d0.dartpseudo	ir/03249_sub_9605d0.json	asm/03249_sub_9605d0.s
3250	sub_960648	pseudocode/03250_sub_960648.dartpseudo	ir/03250_sub_960648.json	asm/03250_sub_960648.s
3251	sub_960910	pseudocode/03251_sub_960910.dartpseudo	ir/03251_sub_960910.json	asm/03251_sub_960910.s
3252	sub_960b5c	pseudocode/03252_sub_960b5c.dartpseudo	ir/03252_sub_960b5c.json	asm/03252_sub_960b5c.s
3253	sub_962e0c	pseudocode/03253_sub_962e0c.dartpseudo	ir/03253_sub_962e0c.json	asm/03253_sub_962e0c.s
3254	sub_962e18	pseudocode/03254_sub_962e18.dartpseudo	ir/03254_sub_962e18.json	asm/03254_sub_962e18.s
3255	sub_962e24	pseudocode/03255_sub_962e24.dartpseudo	ir/03255_sub_962e24.json	asm/03255_sub_962e24.s
3256	sub_964e7c	pseudocode/03256_sub_964e7c.dartpseudo	ir/03256_sub_964e7c.json	asm/03256_sub_964e7c.s
3257	sub_964fc8	pseudocode/03257_sub_964fc8.dartpseudo	ir/03257_sub_964fc8.json	asm/03257_sub_964fc8.s
3258	sub_96bfcc	pseudocode/03258_sub_96bfcc.dartpseudo	ir/03258_sub_96bfcc.json	asm/03258_sub_96bfcc.s
3259	sub_96c06c	pseudocode/03259_sub_96c06c.dartpseudo	ir/03259_sub_96c06c.json	asm/03259_sub_96c06c.s
3260	sub_96ca34	pseudocode/03260_sub_96ca34.dartpseudo	ir/03260_sub_96ca34.json	asm/03260_sub_96ca34.s
3261	sub_96d198	pseudocode/03261_sub_96d198.dartpseudo	ir/03261_sub_96d198.json	asm/03261_sub_96d198.s
3262	sub_96dbb4	pseudocode/03262_sub_96dbb4.dartpseudo	ir/03262_sub_96dbb4.json	asm/03262_sub_96dbb4.s
3263	sub_96dc2c	pseudocode/03263_sub_96dc2c.dartpseudo	ir/03263_sub_96dc2c.json	asm/03263_sub_96dc2c.s
3264	sub_96e0b4	pseudocode/03264_sub_96e0b4.dartpseudo	ir/03264_sub_96e0b4.json	asm/03264_sub_96e0b4.s
3265	sub_96e4ec	pseudocode/03265_sub_96e4ec.dartpseudo	ir/03265_sub_96e4ec.json	asm/03265_sub_96e4ec.s
3266	sub_96e6e4	pseudocode/03266_sub_96e6e4.dartpseudo	ir/03266_sub_96e6e4.json	asm/03266_sub_96e6e4.s
3267	sub_96e78c	pseudocode/03267_sub_96e78c.dartpseudo	ir/03267_sub_96e78c.json	asm/03267_sub_96e78c.s
3268	sub_96f840	pseudocode/03268_sub_96f840.dartpseudo	ir/03268_sub_96f840.json	asm/03268_sub_96f840.s
3269	sub_96fbd8	pseudocode/03269_sub_96fbd8.dartpseudo	ir/03269_sub_96fbd8.json	asm/03269_sub_96fbd8.s
3270	sub_96fbe4	pseudocode/03270_sub_96fbe4.dartpseudo	ir/03270_sub_96fbe4.json	asm/03270_sub_96fbe4.s
3271	sub_96fe90	pseudocode/03271_sub_96fe90.dartpseudo	ir/03271_sub_96fe90.json	asm/03271_sub_96fe90.s
3272	sub_970278	pseudocode/03272_sub_970278.dartpseudo	ir/03272_sub_970278.json	asm/03272_sub_970278.s
3273	sub_970440	pseudocode/03273_sub_970440.dartpseudo	ir/03273_sub_970440.json	asm/03273_sub_970440.s
3274	sub_9706e0	pseudocode/03274_sub_9706e0.dartpseudo	ir/03274_sub_9706e0.json	asm/03274_sub_9706e0.s
3275	sub_9717d8	pseudocode/03275_sub_9717d8.dartpseudo	ir/03275_sub_9717d8.json	asm/03275_sub_9717d8.s
3276	sub_9722c4	pseudocode/03276_sub_9722c4.dartpseudo	ir/03276_sub_9722c4.json	asm/03276_sub_9722c4.s
3277	sub_973410	pseudocode/03277_sub_973410.dartpseudo	ir/03277_sub_973410.json	asm/03277_sub_973410.s
3278	sub_9735e0	pseudocode/03278_sub_9735e0.dartpseudo	ir/03278_sub_9735e0.json	asm/03278_sub_9735e0.s
3279	sub_973910	pseudocode/03279_sub_973910.dartpseudo	ir/03279_sub_973910.json	asm/03279_sub_973910.s
3280	sub_973c60	pseudocode/03280_sub_973c60.dartpseudo	ir/03280_sub_973c60.json	asm/03280_sub_973c60.s
3281	sub_973c6c	pseudocode/03281_sub_973c6c.dartpseudo	ir/03281_sub_973c6c.json	asm/03281_sub_973c6c.s
3282	sub_973fbc	pseudocode/03282_sub_973fbc.dartpseudo	ir/03282_sub_973fbc.json	asm/03282_sub_973fbc.s
3283	sub_973fc8	pseudocode/03283_sub_973fc8.dartpseudo	ir/03283_sub_973fc8.json	asm/03283_sub_973fc8.s
3284	sub_974090	pseudocode/03284_sub_974090.dartpseudo	ir/03284_sub_974090.json	asm/03284_sub_974090.s
3285	sub_974158	pseudocode/03285_sub_974158.dartpseudo	ir/03285_sub_974158.json	asm/03285_sub_974158.s
3286	sub_974410	pseudocode/03286_sub_974410.dartpseudo	ir/03286_sub_974410.json	asm/03286_sub_974410.s
3287	sub_9744f0	pseudocode/03287_sub_9744f0.dartpseudo	ir/03287_sub_9744f0.json	asm/03287_sub_9744f0.s
3288	sub_9748fc	pseudocode/03288_sub_9748fc.dartpseudo	ir/03288_sub_9748fc.json	asm/03288_sub_9748fc.s
3289	sub_974d08	pseudocode/03289_sub_974d08.dartpseudo	ir/03289_sub_974d08.json	asm/03289_sub_974d08.s
3290	sub_974dac	pseudocode/03290_sub_974dac.dartpseudo	ir/03290_sub_974dac.json	asm/03290_sub_974dac.s
3291	sub_975234	pseudocode/03291_sub_975234.dartpseudo	ir/03291_sub_975234.json	asm/03291_sub_975234.s
3292	sub_975538	pseudocode/03292_sub_975538.dartpseudo	ir/03292_sub_975538.json	asm/03292_sub_975538.s
3293	sub_975544	pseudocode/03293_sub_975544.dartpseudo	ir/03293_sub_975544.json	asm/03293_sub_975544.s
3294	sub_975630	pseudocode/03294_sub_975630.dartpseudo	ir/03294_sub_975630.json	asm/03294_sub_975630.s
3295	sub_97594c	pseudocode/03295_sub_97594c.dartpseudo	ir/03295_sub_97594c.json	asm/03295_sub_97594c.s
3296	sub_975b04	pseudocode/03296_sub_975b04.dartpseudo	ir/03296_sub_975b04.json	asm/03296_sub_975b04.s
3297	sub_9761f4	pseudocode/03297_sub_9761f4.dartpseudo	ir/03297_sub_9761f4.json	asm/03297_sub_9761f4.s
3298	sub_976b18	pseudocode/03298_sub_976b18.dartpseudo	ir/03298_sub_976b18.json	asm/03298_sub_976b18.s
3299	sub_976efc	pseudocode/03299_sub_976efc.dartpseudo	ir/03299_sub_976efc.json	asm/03299_sub_976efc.s
3300	sub_977308	pseudocode/03300_sub_977308.dartpseudo	ir/03300_sub_977308.json	asm/03300_sub_977308.s
3301	sub_977380	pseudocode/03301_sub_977380.dartpseudo	ir/03301_sub_977380.json	asm/03301_sub_977380.s
3302	sub_9773e4	pseudocode/03302_sub_9773e4.dartpseudo	ir/03302_sub_9773e4.json	asm/03302_sub_9773e4.s
3303	sub_9774f4	pseudocode/03303_sub_9774f4.dartpseudo	ir/03303_sub_9774f4.json	asm/03303_sub_9774f4.s
3304	sub_97757c	pseudocode/03304_sub_97757c.dartpseudo	ir/03304_sub_97757c.json	asm/03304_sub_97757c.s
3305	sub_9775d8	pseudocode/03305_sub_9775d8.dartpseudo	ir/03305_sub_9775d8.json	asm/03305_sub_9775d8.s
3306	sub_97784c	pseudocode/03306_sub_97784c.dartpseudo	ir/03306_sub_97784c.json	asm/03306_sub_97784c.s
3307	sub_977934	pseudocode/03307_sub_977934.dartpseudo	ir/03307_sub_977934.json	asm/03307_sub_977934.s
3308	sub_9779f8	pseudocode/03308_sub_9779f8.dartpseudo	ir/03308_sub_9779f8.json	asm/03308_sub_9779f8.s
3309	sub_977b18	pseudocode/03309_sub_977b18.dartpseudo	ir/03309_sub_977b18.json	asm/03309_sub_977b18.s
3310	sub_977bf0	pseudocode/03310_sub_977bf0.dartpseudo	ir/03310_sub_977bf0.json	asm/03310_sub_977bf0.s
3311	sub_978110	pseudocode/03311_sub_978110.dartpseudo	ir/03311_sub_978110.json	asm/03311_sub_978110.s
3312	sub_97822c	pseudocode/03312_sub_97822c.dartpseudo	ir/03312_sub_97822c.json	asm/03312_sub_97822c.s
3313	sub_978368	pseudocode/03313_sub_978368.dartpseudo	ir/03313_sub_978368.json	asm/03313_sub_978368.s
3314	sub_978624	pseudocode/03314_sub_978624.dartpseudo	ir/03314_sub_978624.json	asm/03314_sub_978624.s
3315	sub_978714	pseudocode/03315_sub_978714.dartpseudo	ir/03315_sub_978714.json	asm/03315_sub_978714.s
3316	sub_97882c	pseudocode/03316_sub_97882c.dartpseudo	ir/03316_sub_97882c.json	asm/03316_sub_97882c.s
3317	sub_978934	pseudocode/03317_sub_978934.dartpseudo	ir/03317_sub_978934.json	asm/03317_sub_978934.s
3318	sub_978b20	pseudocode/03318_sub_978b20.dartpseudo	ir/03318_sub_978b20.json	asm/03318_sub_978b20.s
3319	sub_978d34	pseudocode/03319_sub_978d34.dartpseudo	ir/03319_sub_978d34.json	asm/03319_sub_978d34.s
3320	sub_978e88	pseudocode/03320_sub_978e88.dartpseudo	ir/03320_sub_978e88.json	asm/03320_sub_978e88.s
3321	sub_979178	pseudocode/03321_sub_979178.dartpseudo	ir/03321_sub_979178.json	asm/03321_sub_979178.s
3322	sub_979550	pseudocode/03322_sub_979550.dartpseudo	ir/03322_sub_979550.json	asm/03322_sub_979550.s
3323	sub_979cc0	pseudocode/03323_sub_979cc0.dartpseudo	ir/03323_sub_979cc0.json	asm/03323_sub_979cc0.s
3324	sub_979d24	pseudocode/03324_sub_979d24.dartpseudo	ir/03324_sub_979d24.json	asm/03324_sub_979d24.s
3325	sub_97a0b4	pseudocode/03325_sub_97a0b4.dartpseudo	ir/03325_sub_97a0b4.json	asm/03325_sub_97a0b4.s
3326	sub_97a11c	pseudocode/03326_sub_97a11c.dartpseudo	ir/03326_sub_97a11c.json	asm/03326_sub_97a11c.s
3327	sub_97a280	pseudocode/03327_sub_97a280.dartpseudo	ir/03327_sub_97a280.json	asm/03327_sub_97a280.s
3328	sub_97a390	pseudocode/03328_sub_97a390.dartpseudo	ir/03328_sub_97a390.json	asm/03328_sub_97a390.s
3329	sub_97a6f8	pseudocode/03329_sub_97a6f8.dartpseudo	ir/03329_sub_97a6f8.json	asm/03329_sub_97a6f8.s
3330	sub_97a90c	pseudocode/03330_sub_97a90c.dartpseudo	ir/03330_sub_97a90c.json	asm/03330_sub_97a90c.s
3331	sub_97aafc	pseudocode/03331_sub_97aafc.dartpseudo	ir/03331_sub_97aafc.json	asm/03331_sub_97aafc.s
3332	sub_97ac78	pseudocode/03332_sub_97ac78.dartpseudo	ir/03332_sub_97ac78.json	asm/03332_sub_97ac78.s
3333	sub_97acec	pseudocode/03333_sub_97acec.dartpseudo	ir/03333_sub_97acec.json	asm/03333_sub_97acec.s
3334	sub_97b484	pseudocode/03334_sub_97b484.dartpseudo	ir/03334_sub_97b484.json	asm/03334_sub_97b484.s
3335	sub_97b5ec	pseudocode/03335_sub_97b5ec.dartpseudo	ir/03335_sub_97b5ec.json	asm/03335_sub_97b5ec.s
3336	sub_97b68c	pseudocode/03336_sub_97b68c.dartpseudo	ir/03336_sub_97b68c.json	asm/03336_sub_97b68c.s
3337	sub_97ba88	pseudocode/03337_sub_97ba88.dartpseudo	ir/03337_sub_97ba88.json	asm/03337_sub_97ba88.s
3338	sub_97c1ec	pseudocode/03338_sub_97c1ec.dartpseudo	ir/03338_sub_97c1ec.json	asm/03338_sub_97c1ec.s
3339	sub_97c264	pseudocode/03339_sub_97c264.dartpseudo	ir/03339_sub_97c264.json	asm/03339_sub_97c264.s
3340	sub_97c328	pseudocode/03340_sub_97c328.dartpseudo	ir/03340_sub_97c328.json	asm/03340_sub_97c328.s
3341	sub_97c334	pseudocode/03341_sub_97c334.dartpseudo	ir/03341_sub_97c334.json	asm/03341_sub_97c334.s
3342	sub_97c340	pseudocode/03342_sub_97c340.dartpseudo	ir/03342_sub_97c340.json	asm/03342_sub_97c340.s
3343	sub_97c7a8	pseudocode/03343_sub_97c7a8.dartpseudo	ir/03343_sub_97c7a8.json	asm/03343_sub_97c7a8.s
3344	sub_97c900	pseudocode/03344_sub_97c900.dartpseudo	ir/03344_sub_97c900.json	asm/03344_sub_97c900.s
3345	sub_97c9e4	pseudocode/03345_sub_97c9e4.dartpseudo	ir/03345_sub_97c9e4.json	asm/03345_sub_97c9e4.s
3346	sub_97cda8	pseudocode/03346_sub_97cda8.dartpseudo	ir/03346_sub_97cda8.json	asm/03346_sub_97cda8.s
3347	sub_97d2dc	pseudocode/03347_sub_97d2dc.dartpseudo	ir/03347_sub_97d2dc.json	asm/03347_sub_97d2dc.s
3348	sub_97d6b4	pseudocode/03348_sub_97d6b4.dartpseudo	ir/03348_sub_97d6b4.json	asm/03348_sub_97d6b4.s
3349	sub_97d770	pseudocode/03349_sub_97d770.dartpseudo	ir/03349_sub_97d770.json	asm/03349_sub_97d770.s
3350	sub_97d8c8	pseudocode/03350_sub_97d8c8.dartpseudo	ir/03350_sub_97d8c8.json	asm/03350_sub_97d8c8.s
3351	sub_97df3c	pseudocode/03351_sub_97df3c.dartpseudo	ir/03351_sub_97df3c.json	asm/03351_sub_97df3c.s
3352	sub_97e138	pseudocode/03352_sub_97e138.dartpseudo	ir/03352_sub_97e138.json	asm/03352_sub_97e138.s
3353	sub_97e998	pseudocode/03353_sub_97e998.dartpseudo	ir/03353_sub_97e998.json	asm/03353_sub_97e998.s
3354	sub_97f180	pseudocode/03354_sub_97f180.dartpseudo	ir/03354_sub_97f180.json	asm/03354_sub_97f180.s
3355	sub_97f550	pseudocode/03355_sub_97f550.dartpseudo	ir/03355_sub_97f550.json	asm/03355_sub_97f550.s
3356	sub_97f5dc	pseudocode/03356_sub_97f5dc.dartpseudo	ir/03356_sub_97f5dc.json	asm/03356_sub_97f5dc.s
3357	sub_97f844	pseudocode/03357_sub_97f844.dartpseudo	ir/03357_sub_97f844.json	asm/03357_sub_97f844.s
3358	sub_97f928	pseudocode/03358_sub_97f928.dartpseudo	ir/03358_sub_97f928.json	asm/03358_sub_97f928.s
3359	sub_97f9d8	pseudocode/03359_sub_97f9d8.dartpseudo	ir/03359_sub_97f9d8.json	asm/03359_sub_97f9d8.s
3360	sub_97fc78	pseudocode/03360_sub_97fc78.dartpseudo	ir/03360_sub_97fc78.json	asm/03360_sub_97fc78.s
3361	sub_97fef0	pseudocode/03361_sub_97fef0.dartpseudo	ir/03361_sub_97fef0.json	asm/03361_sub_97fef0.s
3362	sub_97fefc	pseudocode/03362_sub_97fefc.dartpseudo	ir/03362_sub_97fefc.json	asm/03362_sub_97fefc.s
3363	sub_980a34	pseudocode/03363_sub_980a34.dartpseudo	ir/03363_sub_980a34.json	asm/03363_sub_980a34.s
3364	sub_980c44	pseudocode/03364_sub_980c44.dartpseudo	ir/03364_sub_980c44.json	asm/03364_sub_980c44.s
3365	sub_980c50	pseudocode/03365_sub_980c50.dartpseudo	ir/03365_sub_980c50.json	asm/03365_sub_980c50.s
3366	sub_981410	pseudocode/03366_sub_981410.dartpseudo	ir/03366_sub_981410.json	asm/03366_sub_981410.s
3367	sub_981ea8	pseudocode/03367_sub_981ea8.dartpseudo	ir/03367_sub_981ea8.json	asm/03367_sub_981ea8.s
3368	sub_982324	pseudocode/03368_sub_982324.dartpseudo	ir/03368_sub_982324.json	asm/03368_sub_982324.s
3369	sub_9823d0	pseudocode/03369_sub_9823d0.dartpseudo	ir/03369_sub_9823d0.json	asm/03369_sub_9823d0.s
3370	sub_9824c8	pseudocode/03370_sub_9824c8.dartpseudo	ir/03370_sub_9824c8.json	asm/03370_sub_9824c8.s
3371	sub_982764	pseudocode/03371_sub_982764.dartpseudo	ir/03371_sub_982764.json	asm/03371_sub_982764.s
3372	sub_982800	pseudocode/03372_sub_982800.dartpseudo	ir/03372_sub_982800.json	asm/03372_sub_982800.s
3373	sub_982a68	pseudocode/03373_sub_982a68.dartpseudo	ir/03373_sub_982a68.json	asm/03373_sub_982a68.s
3374	sub_983450	pseudocode/03374_sub_983450.dartpseudo	ir/03374_sub_983450.json	asm/03374_sub_983450.s
3375	sub_9834ec	pseudocode/03375_sub_9834ec.dartpseudo	ir/03375_sub_9834ec.json	asm/03375_sub_9834ec.s
3376	sub_983600	pseudocode/03376_sub_983600.dartpseudo	ir/03376_sub_983600.json	asm/03376_sub_983600.s
3377	sub_983bb0	pseudocode/03377_sub_983bb0.dartpseudo	ir/03377_sub_983bb0.json	asm/03377_sub_983bb0.s
3378	sub_983e48	pseudocode/03378_sub_983e48.dartpseudo	ir/03378_sub_983e48.json	asm/03378_sub_983e48.s
3379	sub_9841a0	pseudocode/03379_sub_9841a0.dartpseudo	ir/03379_sub_9841a0.json	asm/03379_sub_9841a0.s
3380	sub_984248	pseudocode/03380_sub_984248.dartpseudo	ir/03380_sub_984248.json	asm/03380_sub_984248.s
3381	sub_984718	pseudocode/03381_sub_984718.dartpseudo	ir/03381_sub_984718.json	asm/03381_sub_984718.s
3382	sub_984784	pseudocode/03382_sub_984784.dartpseudo	ir/03382_sub_984784.json	asm/03382_sub_984784.s
3383	sub_98481c	pseudocode/03383_sub_98481c.dartpseudo	ir/03383_sub_98481c.json	asm/03383_sub_98481c.s
3384	sub_984874	pseudocode/03384_sub_984874.dartpseudo	ir/03384_sub_984874.json	asm/03384_sub_984874.s
3385	sub_9848dc	pseudocode/03385_sub_9848dc.dartpseudo	ir/03385_sub_9848dc.json	asm/03385_sub_9848dc.s
3386	sub_984990	pseudocode/03386_sub_984990.dartpseudo	ir/03386_sub_984990.json	asm/03386_sub_984990.s
3387	sub_984a50	pseudocode/03387_sub_984a50.dartpseudo	ir/03387_sub_984a50.json	asm/03387_sub_984a50.s
3388	sub_984b58	pseudocode/03388_sub_984b58.dartpseudo	ir/03388_sub_984b58.json	asm/03388_sub_984b58.s
3389	sub_984c6c	pseudocode/03389_sub_984c6c.dartpseudo	ir/03389_sub_984c6c.json	asm/03389_sub_984c6c.s
3390	sub_984cd0	pseudocode/03390_sub_984cd0.dartpseudo	ir/03390_sub_984cd0.json	asm/03390_sub_984cd0.s
3391	sub_984d08	pseudocode/03391_sub_984d08.dartpseudo	ir/03391_sub_984d08.json	asm/03391_sub_984d08.s
3392	sub_984e18	pseudocode/03392_sub_984e18.dartpseudo	ir/03392_sub_984e18.json	asm/03392_sub_984e18.s
3393	sub_9850cc	pseudocode/03393_sub_9850cc.dartpseudo	ir/03393_sub_9850cc.json	asm/03393_sub_9850cc.s
3394	sub_985198	pseudocode/03394_sub_985198.dartpseudo	ir/03394_sub_985198.json	asm/03394_sub_985198.s
3395	sub_9851e0	pseudocode/03395_sub_9851e0.dartpseudo	ir/03395_sub_9851e0.json	asm/03395_sub_9851e0.s
3396	sub_9855b0	pseudocode/03396_sub_9855b0.dartpseudo	ir/03396_sub_9855b0.json	asm/03396_sub_9855b0.s
3397	sub_9857a0	pseudocode/03397_sub_9857a0.dartpseudo	ir/03397_sub_9857a0.json	asm/03397_sub_9857a0.s
3398	sub_985a6c	pseudocode/03398_sub_985a6c.dartpseudo	ir/03398_sub_985a6c.json	asm/03398_sub_985a6c.s
3399	sub_986084	pseudocode/03399_sub_986084.dartpseudo	ir/03399_sub_986084.json	asm/03399_sub_986084.s
3400	sub_986840	pseudocode/03400_sub_986840.dartpseudo	ir/03400_sub_986840.json	asm/03400_sub_986840.s
3401	sub_986c08	pseudocode/03401_sub_986c08.dartpseudo	ir/03401_sub_986c08.json	asm/03401_sub_986c08.s
3402	sub_986c14	pseudocode/03402_sub_986c14.dartpseudo	ir/03402_sub_986c14.json	asm/03402_sub_986c14.s
3403	sub_986d24	pseudocode/03403_sub_986d24.dartpseudo	ir/03403_sub_986d24.json	asm/03403_sub_986d24.s
3404	sub_986d30	pseudocode/03404_sub_986d30.dartpseudo	ir/03404_sub_986d30.json	asm/03404_sub_986d30.s
3405	sub_986f00	pseudocode/03405_sub_986f00.dartpseudo	ir/03405_sub_986f00.json	asm/03405_sub_986f00.s
3406	sub_987040	pseudocode/03406_sub_987040.dartpseudo	ir/03406_sub_987040.json	asm/03406_sub_987040.s
3407	sub_9871bc	pseudocode/03407_sub_9871bc.dartpseudo	ir/03407_sub_9871bc.json	asm/03407_sub_9871bc.s
3408	sub_987370	pseudocode/03408_sub_987370.dartpseudo	ir/03408_sub_987370.json	asm/03408_sub_987370.s
3409	sub_9873e0	pseudocode/03409_sub_9873e0.dartpseudo	ir/03409_sub_9873e0.json	asm/03409_sub_9873e0.s
3410	sub_987a5c	pseudocode/03410_sub_987a5c.dartpseudo	ir/03410_sub_987a5c.json	asm/03410_sub_987a5c.s
3411	sub_987dc4	pseudocode/03411_sub_987dc4.dartpseudo	ir/03411_sub_987dc4.json	asm/03411_sub_987dc4.s
3412	sub_988394	pseudocode/03412_sub_988394.dartpseudo	ir/03412_sub_988394.json	asm/03412_sub_988394.s
3413	sub_988428	pseudocode/03413_sub_988428.dartpseudo	ir/03413_sub_988428.json	asm/03413_sub_988428.s
3414	sub_9886d8	pseudocode/03414_sub_9886d8.dartpseudo	ir/03414_sub_9886d8.json	asm/03414_sub_9886d8.s
3415	sub_9887a8	pseudocode/03415_sub_9887a8.dartpseudo	ir/03415_sub_9887a8.json	asm/03415_sub_9887a8.s
3416	sub_988bf0	pseudocode/03416_sub_988bf0.dartpseudo	ir/03416_sub_988bf0.json	asm/03416_sub_988bf0.s
3417	sub_98926c	pseudocode/03417_sub_98926c.dartpseudo	ir/03417_sub_98926c.json	asm/03417_sub_98926c.s
3418	sub_989450	pseudocode/03418_sub_989450.dartpseudo	ir/03418_sub_989450.json	asm/03418_sub_989450.s
3419	sub_98945c	pseudocode/03419_sub_98945c.dartpseudo	ir/03419_sub_98945c.json	asm/03419_sub_98945c.s
3420	sub_9896e8	pseudocode/03420_sub_9896e8.dartpseudo	ir/03420_sub_9896e8.json	asm/03420_sub_9896e8.s
3421	sub_9897b0	pseudocode/03421_sub_9897b0.dartpseudo	ir/03421_sub_9897b0.json	asm/03421_sub_9897b0.s
3422	sub_98a374	pseudocode/03422_sub_98a374.dartpseudo	ir/03422_sub_98a374.json	asm/03422_sub_98a374.s
3423	sub_98a420	pseudocode/03423_sub_98a420.dartpseudo	ir/03423_sub_98a420.json	asm/03423_sub_98a420.s
3424	sub_98a4b4	pseudocode/03424_sub_98a4b4.dartpseudo	ir/03424_sub_98a4b4.json	asm/03424_sub_98a4b4.s
3425	sub_98a63c	pseudocode/03425_sub_98a63c.dartpseudo	ir/03425_sub_98a63c.json	asm/03425_sub_98a63c.s
3426	sub_98a6b0	pseudocode/03426_sub_98a6b0.dartpseudo	ir/03426_sub_98a6b0.json	asm/03426_sub_98a6b0.s
3427	sub_98b148	pseudocode/03427_sub_98b148.dartpseudo	ir/03427_sub_98b148.json	asm/03427_sub_98b148.s
3428	sub_98b1e8	pseudocode/03428_sub_98b1e8.dartpseudo	ir/03428_sub_98b1e8.json	asm/03428_sub_98b1e8.s
3429	sub_98b330	pseudocode/03429_sub_98b330.dartpseudo	ir/03429_sub_98b330.json	asm/03429_sub_98b330.s
3430	sub_98b3f0	pseudocode/03430_sub_98b3f0.dartpseudo	ir/03430_sub_98b3f0.json	asm/03430_sub_98b3f0.s
3431	sub_98b7d4	pseudocode/03431_sub_98b7d4.dartpseudo	ir/03431_sub_98b7d4.json	asm/03431_sub_98b7d4.s
3432	sub_98b988	pseudocode/03432_sub_98b988.dartpseudo	ir/03432_sub_98b988.json	asm/03432_sub_98b988.s
3433	sub_98ba28	pseudocode/03433_sub_98ba28.dartpseudo	ir/03433_sub_98ba28.json	asm/03433_sub_98ba28.s
3434	sub_98ba84	pseudocode/03434_sub_98ba84.dartpseudo	ir/03434_sub_98ba84.json	asm/03434_sub_98ba84.s
3435	sub_98c1c4	pseudocode/03435_sub_98c1c4.dartpseudo	ir/03435_sub_98c1c4.json	asm/03435_sub_98c1c4.s
3436	sub_98c6dc	pseudocode/03436_sub_98c6dc.dartpseudo	ir/03436_sub_98c6dc.json	asm/03436_sub_98c6dc.s
3437	sub_98c9c4	pseudocode/03437_sub_98c9c4.dartpseudo	ir/03437_sub_98c9c4.json	asm/03437_sub_98c9c4.s
3438	sub_98cf38	pseudocode/03438_sub_98cf38.dartpseudo	ir/03438_sub_98cf38.json	asm/03438_sub_98cf38.s
3439	sub_98d7ac	pseudocode/03439_sub_98d7ac.dartpseudo	ir/03439_sub_98d7ac.json	asm/03439_sub_98d7ac.s
3440	sub_98db7c	pseudocode/03440_sub_98db7c.dartpseudo	ir/03440_sub_98db7c.json	asm/03440_sub_98db7c.s
3441	sub_98e66c	pseudocode/03441_sub_98e66c.dartpseudo	ir/03441_sub_98e66c.json	asm/03441_sub_98e66c.s
3442	sub_98e988	pseudocode/03442_sub_98e988.dartpseudo	ir/03442_sub_98e988.json	asm/03442_sub_98e988.s
3443	sub_98ec00	pseudocode/03443_sub_98ec00.dartpseudo	ir/03443_sub_98ec00.json	asm/03443_sub_98ec00.s
3444	sub_98ece8	pseudocode/03444_sub_98ece8.dartpseudo	ir/03444_sub_98ece8.json	asm/03444_sub_98ece8.s
3445	sub_98ee8c	pseudocode/03445_sub_98ee8c.dartpseudo	ir/03445_sub_98ee8c.json	asm/03445_sub_98ee8c.s
3446	sub_98f224	pseudocode/03446_sub_98f224.dartpseudo	ir/03446_sub_98f224.json	asm/03446_sub_98f224.s
3447	sub_98f4fc	pseudocode/03447_sub_98f4fc.dartpseudo	ir/03447_sub_98f4fc.json	asm/03447_sub_98f4fc.s
3448	sub_98f56c	pseudocode/03448_sub_98f56c.dartpseudo	ir/03448_sub_98f56c.json	asm/03448_sub_98f56c.s
3449	sub_98f610	pseudocode/03449_sub_98f610.dartpseudo	ir/03449_sub_98f610.json	asm/03449_sub_98f610.s
3450	sub_98f754	pseudocode/03450_sub_98f754.dartpseudo	ir/03450_sub_98f754.json	asm/03450_sub_98f754.s
3451	sub_98fa68	pseudocode/03451_sub_98fa68.dartpseudo	ir/03451_sub_98fa68.json	asm/03451_sub_98fa68.s
3452	sub_98fb70	pseudocode/03452_sub_98fb70.dartpseudo	ir/03452_sub_98fb70.json	asm/03452_sub_98fb70.s
3453	sub_98fd8c	pseudocode/03453_sub_98fd8c.dartpseudo	ir/03453_sub_98fd8c.json	asm/03453_sub_98fd8c.s
3454	sub_990034	pseudocode/03454_sub_990034.dartpseudo	ir/03454_sub_990034.json	asm/03454_sub_990034.s
3455	sub_990550	pseudocode/03455_sub_990550.dartpseudo	ir/03455_sub_990550.json	asm/03455_sub_990550.s
3456	sub_9905e0	pseudocode/03456_sub_9905e0.dartpseudo	ir/03456_sub_9905e0.json	asm/03456_sub_9905e0.s
3457	sub_990ae8	pseudocode/03457_sub_990ae8.dartpseudo	ir/03457_sub_990ae8.json	asm/03457_sub_990ae8.s
3458	sub_990b80	pseudocode/03458_sub_990b80.dartpseudo	ir/03458_sub_990b80.json	asm/03458_sub_990b80.s
3459	sub_9919b0	pseudocode/03459_sub_9919b0.dartpseudo	ir/03459_sub_9919b0.json	asm/03459_sub_9919b0.s
3460	sub_991a64	pseudocode/03460_sub_991a64.dartpseudo	ir/03460_sub_991a64.json	asm/03460_sub_991a64.s
3461	sub_991e6c	pseudocode/03461_sub_991e6c.dartpseudo	ir/03461_sub_991e6c.json	asm/03461_sub_991e6c.s
3462	sub_991efc	pseudocode/03462_sub_991efc.dartpseudo	ir/03462_sub_991efc.json	asm/03462_sub_991efc.s
3463	sub_991fa4	pseudocode/03463_sub_991fa4.dartpseudo	ir/03463_sub_991fa4.json	asm/03463_sub_991fa4.s
3464	sub_9920bc	pseudocode/03464_sub_9920bc.dartpseudo	ir/03464_sub_9920bc.json	asm/03464_sub_9920bc.s
3465	sub_992104	pseudocode/03465_sub_992104.dartpseudo	ir/03465_sub_992104.json	asm/03465_sub_992104.s
3466	sub_992118	pseudocode/03466_sub_992118.dartpseudo	ir/03466_sub_992118.json	asm/03466_sub_992118.s
3467	sub_9924d8	pseudocode/03467_sub_9924d8.dartpseudo	ir/03467_sub_9924d8.json	asm/03467_sub_9924d8.s
3468	sub_9925e4	pseudocode/03468_sub_9925e4.dartpseudo	ir/03468_sub_9925e4.json	asm/03468_sub_9925e4.s
3469	sub_992734	pseudocode/03469_sub_992734.dartpseudo	ir/03469_sub_992734.json	asm/03469_sub_992734.s
3470	sub_992994	pseudocode/03470_sub_992994.dartpseudo	ir/03470_sub_992994.json	asm/03470_sub_992994.s
3471	sub_992ffc	pseudocode/03471_sub_992ffc.dartpseudo	ir/03471_sub_992ffc.json	asm/03471_sub_992ffc.s
3472	sub_9930a8	pseudocode/03472_sub_9930a8.dartpseudo	ir/03472_sub_9930a8.json	asm/03472_sub_9930a8.s
3473	sub_993468	pseudocode/03473_sub_993468.dartpseudo	ir/03473_sub_993468.json	asm/03473_sub_993468.s
3474	sub_9936a4	pseudocode/03474_sub_9936a4.dartpseudo	ir/03474_sub_9936a4.json	asm/03474_sub_9936a4.s
3475	sub_993864	pseudocode/03475_sub_993864.dartpseudo	ir/03475_sub_993864.json	asm/03475_sub_993864.s
3476	sub_993ecc	pseudocode/03476_sub_993ecc.dartpseudo	ir/03476_sub_993ecc.json	asm/03476_sub_993ecc.s
3477	sub_993f8c	pseudocode/03477_sub_993f8c.dartpseudo	ir/03477_sub_993f8c.json	asm/03477_sub_993f8c.s
3478	sub_9940c0	pseudocode/03478_sub_9940c0.dartpseudo	ir/03478_sub_9940c0.json	asm/03478_sub_9940c0.s
3479	sub_994270	pseudocode/03479_sub_994270.dartpseudo	ir/03479_sub_994270.json	asm/03479_sub_994270.s
3480	sub_994288	pseudocode/03480_sub_994288.dartpseudo	ir/03480_sub_994288.json	asm/03480_sub_994288.s
3481	sub_994550	pseudocode/03481_sub_994550.dartpseudo	ir/03481_sub_994550.json	asm/03481_sub_994550.s
3482	sub_9945e0	pseudocode/03482_sub_9945e0.dartpseudo	ir/03482_sub_9945e0.json	asm/03482_sub_9945e0.s
3483	sub_9947a4	pseudocode/03483_sub_9947a4.dartpseudo	ir/03483_sub_9947a4.json	asm/03483_sub_9947a4.s
3484	sub_9947f8	pseudocode/03484_sub_9947f8.dartpseudo	ir/03484_sub_9947f8.json	asm/03484_sub_9947f8.s
3485	sub_994ac0	pseudocode/03485_sub_994ac0.dartpseudo	ir/03485_sub_994ac0.json	asm/03485_sub_994ac0.s
3486	sub_995274	pseudocode/03486_sub_995274.dartpseudo	ir/03486_sub_995274.json	asm/03486_sub_995274.s
3487	sub_995684	pseudocode/03487_sub_995684.dartpseudo	ir/03487_sub_995684.json	asm/03487_sub_995684.s
3488	sub_996010	pseudocode/03488_sub_996010.dartpseudo	ir/03488_sub_996010.json	asm/03488_sub_996010.s
3489	sub_9965d8	pseudocode/03489_sub_9965d8.dartpseudo	ir/03489_sub_9965d8.json	asm/03489_sub_9965d8.s
3490	sub_9967e8	pseudocode/03490_sub_9967e8.dartpseudo	ir/03490_sub_9967e8.json	asm/03490_sub_9967e8.s
3491	sub_996c20	pseudocode/03491_sub_996c20.dartpseudo	ir/03491_sub_996c20.json	asm/03491_sub_996c20.s
3492	sub_997050	pseudocode/03492_sub_997050.dartpseudo	ir/03492_sub_997050.json	asm/03492_sub_997050.s
3493	sub_998b24	pseudocode/03493_sub_998b24.dartpseudo	ir/03493_sub_998b24.json	asm/03493_sub_998b24.s
3494	sub_999098	pseudocode/03494_sub_999098.dartpseudo	ir/03494_sub_999098.json	asm/03494_sub_999098.s
3495	sub_999574	pseudocode/03495_sub_999574.dartpseudo	ir/03495_sub_999574.json	asm/03495_sub_999574.s
3496	sub_999d20	pseudocode/03496_sub_999d20.dartpseudo	ir/03496_sub_999d20.json	asm/03496_sub_999d20.s
3497	sub_99a348	pseudocode/03497_sub_99a348.dartpseudo	ir/03497_sub_99a348.json	asm/03497_sub_99a348.s
3498	sub_99a684	pseudocode/03498_sub_99a684.dartpseudo	ir/03498_sub_99a684.json	asm/03498_sub_99a684.s
3499	sub_99a79c	pseudocode/03499_sub_99a79c.dartpseudo	ir/03499_sub_99a79c.json	asm/03499_sub_99a79c.s
3500	sub_99ab2c	pseudocode/03500_sub_99ab2c.dartpseudo	ir/03500_sub_99ab2c.json	asm/03500_sub_99ab2c.s
3501	sub_99abf4	pseudocode/03501_sub_99abf4.dartpseudo	ir/03501_sub_99abf4.json	asm/03501_sub_99abf4.s
3502	sub_99ac2c	pseudocode/03502_sub_99ac2c.dartpseudo	ir/03502_sub_99ac2c.json	asm/03502_sub_99ac2c.s
3503	sub_99b044	pseudocode/03503_sub_99b044.dartpseudo	ir/03503_sub_99b044.json	asm/03503_sub_99b044.s
3504	sub_99b23c	pseudocode/03504_sub_99b23c.dartpseudo	ir/03504_sub_99b23c.json	asm/03504_sub_99b23c.s
3505	sub_99b2e8	pseudocode/03505_sub_99b2e8.dartpseudo	ir/03505_sub_99b2e8.json	asm/03505_sub_99b2e8.s
3506	sub_99b450	pseudocode/03506_sub_99b450.dartpseudo	ir/03506_sub_99b450.json	asm/03506_sub_99b450.s
3507	sub_99b47c	pseudocode/03507_sub_99b47c.dartpseudo	ir/03507_sub_99b47c.json	asm/03507_sub_99b47c.s
3508	sub_99b980	pseudocode/03508_sub_99b980.dartpseudo	ir/03508_sub_99b980.json	asm/03508_sub_99b980.s
3509	sub_99c108	pseudocode/03509_sub_99c108.dartpseudo	ir/03509_sub_99c108.json	asm/03509_sub_99c108.s
3510	sub_99c878	pseudocode/03510_sub_99c878.dartpseudo	ir/03510_sub_99c878.json	asm/03510_sub_99c878.s
3511	sub_99c884	pseudocode/03511_sub_99c884.dartpseudo	ir/03511_sub_99c884.json	asm/03511_sub_99c884.s
3512	sub_99d7e8	pseudocode/03512_sub_99d7e8.dartpseudo	ir/03512_sub_99d7e8.json	asm/03512_sub_99d7e8.s
3513	sub_99d7f4	pseudocode/03513_sub_99d7f4.dartpseudo	ir/03513_sub_99d7f4.json	asm/03513_sub_99d7f4.s
3514	sub_99d800	pseudocode/03514_sub_99d800.dartpseudo	ir/03514_sub_99d800.json	asm/03514_sub_99d800.s
3515	sub_99d8c0	pseudocode/03515_sub_99d8c0.dartpseudo	ir/03515_sub_99d8c0.json	asm/03515_sub_99d8c0.s
3516	sub_99d934	pseudocode/03516_sub_99d934.dartpseudo	ir/03516_sub_99d934.json	asm/03516_sub_99d934.s
3517	sub_99da08	pseudocode/03517_sub_99da08.dartpseudo	ir/03517_sub_99da08.json	asm/03517_sub_99da08.s
3518	sub_99db1c	pseudocode/03518_sub_99db1c.dartpseudo	ir/03518_sub_99db1c.json	asm/03518_sub_99db1c.s
3519	sub_99db28	pseudocode/03519_sub_99db28.dartpseudo	ir/03519_sub_99db28.json	asm/03519_sub_99db28.s
3520	sub_99e058	pseudocode/03520_sub_99e058.dartpseudo	ir/03520_sub_99e058.json	asm/03520_sub_99e058.s
3521	sub_99e7ac	pseudocode/03521_sub_99e7ac.dartpseudo	ir/03521_sub_99e7ac.json	asm/03521_sub_99e7ac.s
3522	sub_99f420	pseudocode/03522_sub_99f420.dartpseudo	ir/03522_sub_99f420.json	asm/03522_sub_99f420.s
3523	sub_9a0b84	pseudocode/03523_sub_9a0b84.dartpseudo	ir/03523_sub_9a0b84.json	asm/03523_sub_9a0b84.s
3524	sub_9a0f0c	pseudocode/03524_sub_9a0f0c.dartpseudo	ir/03524_sub_9a0f0c.json	asm/03524_sub_9a0f0c.s
3525	sub_9a2124	pseudocode/03525_sub_9a2124.dartpseudo	ir/03525_sub_9a2124.json	asm/03525_sub_9a2124.s
3526	sub_9a24b4	pseudocode/03526_sub_9a24b4.dartpseudo	ir/03526_sub_9a24b4.json	asm/03526_sub_9a24b4.s
3527	sub_9a2780	pseudocode/03527_sub_9a2780.dartpseudo	ir/03527_sub_9a2780.json	asm/03527_sub_9a2780.s
3528	sub_9a2f6c	pseudocode/03528_sub_9a2f6c.dartpseudo	ir/03528_sub_9a2f6c.json	asm/03528_sub_9a2f6c.s
3529	sub_9a30f8	pseudocode/03529_sub_9a30f8.dartpseudo	ir/03529_sub_9a30f8.json	asm/03529_sub_9a30f8.s
3530	sub_9a3104	pseudocode/03530_sub_9a3104.dartpseudo	ir/03530_sub_9a3104.json	asm/03530_sub_9a3104.s
3531	sub_9a33a4	pseudocode/03531_sub_9a33a4.dartpseudo	ir/03531_sub_9a33a4.json	asm/03531_sub_9a33a4.s
3532	sub_9a3bdc	pseudocode/03532_sub_9a3bdc.dartpseudo	ir/03532_sub_9a3bdc.json	asm/03532_sub_9a3bdc.s
3533	sub_9a3f54	pseudocode/03533_sub_9a3f54.dartpseudo	ir/03533_sub_9a3f54.json	asm/03533_sub_9a3f54.s
3534	sub_9a4360	pseudocode/03534_sub_9a4360.dartpseudo	ir/03534_sub_9a4360.json	asm/03534_sub_9a4360.s
3535	sub_9a45cc	pseudocode/03535_sub_9a45cc.dartpseudo	ir/03535_sub_9a45cc.json	asm/03535_sub_9a45cc.s
3536	sub_9a4ab4	pseudocode/03536_sub_9a4ab4.dartpseudo	ir/03536_sub_9a4ab4.json	asm/03536_sub_9a4ab4.s
3537	sub_9a4b40	pseudocode/03537_sub_9a4b40.dartpseudo	ir/03537_sub_9a4b40.json	asm/03537_sub_9a4b40.s
3538	sub_9a4c38	pseudocode/03538_sub_9a4c38.dartpseudo	ir/03538_sub_9a4c38.json	asm/03538_sub_9a4c38.s
3539	sub_9a537c	pseudocode/03539_sub_9a537c.dartpseudo	ir/03539_sub_9a537c.json	asm/03539_sub_9a537c.s
3540	sub_9a5b6c	pseudocode/03540_sub_9a5b6c.dartpseudo	ir/03540_sub_9a5b6c.json	asm/03540_sub_9a5b6c.s
3541	sub_9a6580	pseudocode/03541_sub_9a6580.dartpseudo	ir/03541_sub_9a6580.json	asm/03541_sub_9a6580.s
3542	sub_9a6858	pseudocode/03542_sub_9a6858.dartpseudo	ir/03542_sub_9a6858.json	asm/03542_sub_9a6858.s
3543	sub_9a6864	pseudocode/03543_sub_9a6864.dartpseudo	ir/03543_sub_9a6864.json	asm/03543_sub_9a6864.s
3544	sub_9a6f30	pseudocode/03544_sub_9a6f30.dartpseudo	ir/03544_sub_9a6f30.json	asm/03544_sub_9a6f30.s
3545	sub_9a8ff8	pseudocode/03545_sub_9a8ff8.dartpseudo	ir/03545_sub_9a8ff8.json	asm/03545_sub_9a8ff8.s
3546	sub_9a9268	pseudocode/03546_sub_9a9268.dartpseudo	ir/03546_sub_9a9268.json	asm/03546_sub_9a9268.s
3547	sub_9a975c	pseudocode/03547_sub_9a975c.dartpseudo	ir/03547_sub_9a975c.json	asm/03547_sub_9a975c.s
3548	sub_9a9864	pseudocode/03548_sub_9a9864.dartpseudo	ir/03548_sub_9a9864.json	asm/03548_sub_9a9864.s
3549	sub_9a99e0	pseudocode/03549_sub_9a99e0.dartpseudo	ir/03549_sub_9a99e0.json	asm/03549_sub_9a99e0.s
3550	sub_9a9bd0	pseudocode/03550_sub_9a9bd0.dartpseudo	ir/03550_sub_9a9bd0.json	asm/03550_sub_9a9bd0.s
3551	sub_9a9c30	pseudocode/03551_sub_9a9c30.dartpseudo	ir/03551_sub_9a9c30.json	asm/03551_sub_9a9c30.s
3552	sub_9a9cb4	pseudocode/03552_sub_9a9cb4.dartpseudo	ir/03552_sub_9a9cb4.json	asm/03552_sub_9a9cb4.s
3553	sub_9a9d0c	pseudocode/03553_sub_9a9d0c.dartpseudo	ir/03553_sub_9a9d0c.json	asm/03553_sub_9a9d0c.s
3554	sub_9a9e94	pseudocode/03554_sub_9a9e94.dartpseudo	ir/03554_sub_9a9e94.json	asm/03554_sub_9a9e94.s
3555	sub_9a9f54	pseudocode/03555_sub_9a9f54.dartpseudo	ir/03555_sub_9a9f54.json	asm/03555_sub_9a9f54.s
3556	sub_9aa354	pseudocode/03556_sub_9aa354.dartpseudo	ir/03556_sub_9aa354.json	asm/03556_sub_9aa354.s
3557	sub_9aa478	pseudocode/03557_sub_9aa478.dartpseudo	ir/03557_sub_9aa478.json	asm/03557_sub_9aa478.s
3558	sub_9aa5e4	pseudocode/03558_sub_9aa5e4.dartpseudo	ir/03558_sub_9aa5e4.json	asm/03558_sub_9aa5e4.s
3559	sub_9aa62c	pseudocode/03559_sub_9aa62c.dartpseudo	ir/03559_sub_9aa62c.json	asm/03559_sub_9aa62c.s
3560	sub_9aa6b0	pseudocode/03560_sub_9aa6b0.dartpseudo	ir/03560_sub_9aa6b0.json	asm/03560_sub_9aa6b0.s
3561	sub_9aa764	pseudocode/03561_sub_9aa764.dartpseudo	ir/03561_sub_9aa764.json	asm/03561_sub_9aa764.s
3562	sub_9aa7f0	pseudocode/03562_sub_9aa7f0.dartpseudo	ir/03562_sub_9aa7f0.json	asm/03562_sub_9aa7f0.s
3563	sub_9aac54	pseudocode/03563_sub_9aac54.dartpseudo	ir/03563_sub_9aac54.json	asm/03563_sub_9aac54.s
3564	sub_9aadfc	pseudocode/03564_sub_9aadfc.dartpseudo	ir/03564_sub_9aadfc.json	asm/03564_sub_9aadfc.s
3565	sub_9ab370	pseudocode/03565_sub_9ab370.dartpseudo	ir/03565_sub_9ab370.json	asm/03565_sub_9ab370.s
3566	sub_9ab37c	pseudocode/03566_sub_9ab37c.dartpseudo	ir/03566_sub_9ab37c.json	asm/03566_sub_9ab37c.s
3567	sub_9ab388	pseudocode/03567_sub_9ab388.dartpseudo	ir/03567_sub_9ab388.json	asm/03567_sub_9ab388.s
3568	sub_9ab394	pseudocode/03568_sub_9ab394.dartpseudo	ir/03568_sub_9ab394.json	asm/03568_sub_9ab394.s
3569	sub_9ab434	pseudocode/03569_sub_9ab434.dartpseudo	ir/03569_sub_9ab434.json	asm/03569_sub_9ab434.s
3570	sub_9ac084	pseudocode/03570_sub_9ac084.dartpseudo	ir/03570_sub_9ac084.json	asm/03570_sub_9ac084.s
3571	sub_9ac570	pseudocode/03571_sub_9ac570.dartpseudo	ir/03571_sub_9ac570.json	asm/03571_sub_9ac570.s
3572	sub_9ac818	pseudocode/03572_sub_9ac818.dartpseudo	ir/03572_sub_9ac818.json	asm/03572_sub_9ac818.s
3573	sub_9ac92c	pseudocode/03573_sub_9ac92c.dartpseudo	ir/03573_sub_9ac92c.json	asm/03573_sub_9ac92c.s
3574	sub_9ac938	pseudocode/03574_sub_9ac938.dartpseudo	ir/03574_sub_9ac938.json	asm/03574_sub_9ac938.s
3575	sub_9ac944	pseudocode/03575_sub_9ac944.dartpseudo	ir/03575_sub_9ac944.json	asm/03575_sub_9ac944.s
3576	sub_9acbd0	pseudocode/03576_sub_9acbd0.dartpseudo	ir/03576_sub_9acbd0.json	asm/03576_sub_9acbd0.s
3577	sub_9acc18	pseudocode/03577_sub_9acc18.dartpseudo	ir/03577_sub_9acc18.json	asm/03577_sub_9acc18.s
3578	sub_9acdd0	pseudocode/03578_sub_9acdd0.dartpseudo	ir/03578_sub_9acdd0.json	asm/03578_sub_9acdd0.s
3579	sub_9aced4	pseudocode/03579_sub_9aced4.dartpseudo	ir/03579_sub_9aced4.json	asm/03579_sub_9aced4.s
3580	sub_9acee0	pseudocode/03580_sub_9acee0.dartpseudo	ir/03580_sub_9acee0.json	asm/03580_sub_9acee0.s
3581	sub_9ad144	pseudocode/03581_sub_9ad144.dartpseudo	ir/03581_sub_9ad144.json	asm/03581_sub_9ad144.s
3582	sub_9ad150	pseudocode/03582_sub_9ad150.dartpseudo	ir/03582_sub_9ad150.json	asm/03582_sub_9ad150.s
3583	sub_9ad314	pseudocode/03583_sub_9ad314.dartpseudo	ir/03583_sub_9ad314.json	asm/03583_sub_9ad314.s
3584	sub_9ad320	pseudocode/03584_sub_9ad320.dartpseudo	ir/03584_sub_9ad320.json	asm/03584_sub_9ad320.s
3585	sub_9ad644	pseudocode/03585_sub_9ad644.dartpseudo	ir/03585_sub_9ad644.json	asm/03585_sub_9ad644.s
3586	sub_9ad650	pseudocode/03586_sub_9ad650.dartpseudo	ir/03586_sub_9ad650.json	asm/03586_sub_9ad650.s
3587	sub_9ad81c	pseudocode/03587_sub_9ad81c.dartpseudo	ir/03587_sub_9ad81c.json	asm/03587_sub_9ad81c.s
3588	sub_9adf04	pseudocode/03588_sub_9adf04.dartpseudo	ir/03588_sub_9adf04.json	asm/03588_sub_9adf04.s
3589	sub_9adf1c	pseudocode/03589_sub_9adf1c.dartpseudo	ir/03589_sub_9adf1c.json	asm/03589_sub_9adf1c.s
3590	sub_9ae124	pseudocode/03590_sub_9ae124.dartpseudo	ir/03590_sub_9ae124.json	asm/03590_sub_9ae124.s
3591	sub_9ae130	pseudocode/03591_sub_9ae130.dartpseudo	ir/03591_sub_9ae130.json	asm/03591_sub_9ae130.s
3592	sub_9ae2d8	pseudocode/03592_sub_9ae2d8.dartpseudo	ir/03592_sub_9ae2d8.json	asm/03592_sub_9ae2d8.s
3593	sub_9ae3d0	pseudocode/03593_sub_9ae3d0.dartpseudo	ir/03593_sub_9ae3d0.json	asm/03593_sub_9ae3d0.s
3594	sub_9ae53c	pseudocode/03594_sub_9ae53c.dartpseudo	ir/03594_sub_9ae53c.json	asm/03594_sub_9ae53c.s
3595	sub_9aeed0	pseudocode/03595_sub_9aeed0.dartpseudo	ir/03595_sub_9aeed0.json	asm/03595_sub_9aeed0.s
3596	sub_9af0fc	pseudocode/03596_sub_9af0fc.dartpseudo	ir/03596_sub_9af0fc.json	asm/03596_sub_9af0fc.s
3597	sub_9af5dc	pseudocode/03597_sub_9af5dc.dartpseudo	ir/03597_sub_9af5dc.json	asm/03597_sub_9af5dc.s
3598	sub_9af61c	pseudocode/03598_sub_9af61c.dartpseudo	ir/03598_sub_9af61c.json	asm/03598_sub_9af61c.s
3599	sub_9afac4	pseudocode/03599_sub_9afac4.dartpseudo	ir/03599_sub_9afac4.json	asm/03599_sub_9afac4.s
3600	sub_9afc14	pseudocode/03600_sub_9afc14.dartpseudo	ir/03600_sub_9afc14.json	asm/03600_sub_9afc14.s
3601	sub_9afc20	pseudocode/03601_sub_9afc20.dartpseudo	ir/03601_sub_9afc20.json	asm/03601_sub_9afc20.s
3602	sub_9aff84	pseudocode/03602_sub_9aff84.dartpseudo	ir/03602_sub_9aff84.json	asm/03602_sub_9aff84.s
3603	sub_9affe4	pseudocode/03603_sub_9affe4.dartpseudo	ir/03603_sub_9affe4.json	asm/03603_sub_9affe4.s
3604	sub_9afff0	pseudocode/03604_sub_9afff0.dartpseudo	ir/03604_sub_9afff0.json	asm/03604_sub_9afff0.s
3605	sub_9b0008	pseudocode/03605_sub_9b0008.dartpseudo	ir/03605_sub_9b0008.json	asm/03605_sub_9b0008.s
3606	sub_9b0014	pseudocode/03606_sub_9b0014.dartpseudo	ir/03606_sub_9b0014.json	asm/03606_sub_9b0014.s
3607	sub_9b0020	pseudocode/03607_sub_9b0020.dartpseudo	ir/03607_sub_9b0020.json	asm/03607_sub_9b0020.s
3608	sub_9b002c	pseudocode/03608_sub_9b002c.dartpseudo	ir/03608_sub_9b002c.json	asm/03608_sub_9b002c.s
3609	sub_9b015c	pseudocode/03609_sub_9b015c.dartpseudo	ir/03609_sub_9b015c.json	asm/03609_sub_9b015c.s
3610	sub_9b0250	pseudocode/03610_sub_9b0250.dartpseudo	ir/03610_sub_9b0250.json	asm/03610_sub_9b0250.s
3611	sub_9b043c	pseudocode/03611_sub_9b043c.dartpseudo	ir/03611_sub_9b043c.json	asm/03611_sub_9b043c.s
3612	sub_9b0c18	pseudocode/03612_sub_9b0c18.dartpseudo	ir/03612_sub_9b0c18.json	asm/03612_sub_9b0c18.s
3613	sub_9b0c24	pseudocode/03613_sub_9b0c24.dartpseudo	ir/03613_sub_9b0c24.json	asm/03613_sub_9b0c24.s
3614	sub_9b1610	pseudocode/03614_sub_9b1610.dartpseudo	ir/03614_sub_9b1610.json	asm/03614_sub_9b1610.s
3615	sub_9b161c	pseudocode/03615_sub_9b161c.dartpseudo	ir/03615_sub_9b161c.json	asm/03615_sub_9b161c.s
3616	sub_9b1684	pseudocode/03616_sub_9b1684.dartpseudo	ir/03616_sub_9b1684.json	asm/03616_sub_9b1684.s
3617	sub_9b1adc	pseudocode/03617_sub_9b1adc.dartpseudo	ir/03617_sub_9b1adc.json	asm/03617_sub_9b1adc.s
3618	sub_9b1f9c	pseudocode/03618_sub_9b1f9c.dartpseudo	ir/03618_sub_9b1f9c.json	asm/03618_sub_9b1f9c.s
3619	sub_9b1fa8	pseudocode/03619_sub_9b1fa8.dartpseudo	ir/03619_sub_9b1fa8.json	asm/03619_sub_9b1fa8.s
3620	sub_9b1fb4	pseudocode/03620_sub_9b1fb4.dartpseudo	ir/03620_sub_9b1fb4.json	asm/03620_sub_9b1fb4.s
3621	sub_9b20a8	pseudocode/03621_sub_9b20a8.dartpseudo	ir/03621_sub_9b20a8.json	asm/03621_sub_9b20a8.s
3622	sub_9b20b4	pseudocode/03622_sub_9b20b4.dartpseudo	ir/03622_sub_9b20b4.json	asm/03622_sub_9b20b4.s
3623	sub_9b20c0	pseudocode/03623_sub_9b20c0.dartpseudo	ir/03623_sub_9b20c0.json	asm/03623_sub_9b20c0.s
3624	sub_9b210c	pseudocode/03624_sub_9b210c.dartpseudo	ir/03624_sub_9b210c.json	asm/03624_sub_9b210c.s
3625	sub_9b29c4	pseudocode/03625_sub_9b29c4.dartpseudo	ir/03625_sub_9b29c4.json	asm/03625_sub_9b29c4.s
3626	sub_9b29d0	pseudocode/03626_sub_9b29d0.dartpseudo	ir/03626_sub_9b29d0.json	asm/03626_sub_9b29d0.s
3627	sub_9b2f44	pseudocode/03627_sub_9b2f44.dartpseudo	ir/03627_sub_9b2f44.json	asm/03627_sub_9b2f44.s
3628	sub_9b4158	pseudocode/03628_sub_9b4158.dartpseudo	ir/03628_sub_9b4158.json	asm/03628_sub_9b4158.s
3629	sub_9b4164	pseudocode/03629_sub_9b4164.dartpseudo	ir/03629_sub_9b4164.json	asm/03629_sub_9b4164.s
3630	sub_9b4170	pseudocode/03630_sub_9b4170.dartpseudo	ir/03630_sub_9b4170.json	asm/03630_sub_9b4170.s
3631	sub_9b4194	pseudocode/03631_sub_9b4194.dartpseudo	ir/03631_sub_9b4194.json	asm/03631_sub_9b4194.s
3632	sub_9b41b8	pseudocode/03632_sub_9b41b8.dartpseudo	ir/03632_sub_9b41b8.json	asm/03632_sub_9b41b8.s
3633	sub_9b4384	pseudocode/03633_sub_9b4384.dartpseudo	ir/03633_sub_9b4384.json	asm/03633_sub_9b4384.s
3634	sub_9b4434	pseudocode/03634_sub_9b4434.dartpseudo	ir/03634_sub_9b4434.json	asm/03634_sub_9b4434.s
3635	sub_9b4dd0	pseudocode/03635_sub_9b4dd0.dartpseudo	ir/03635_sub_9b4dd0.json	asm/03635_sub_9b4dd0.s
3636	sub_9b526c	pseudocode/03636_sub_9b526c.dartpseudo	ir/03636_sub_9b526c.json	asm/03636_sub_9b526c.s
3637	sub_9b52b4	pseudocode/03637_sub_9b52b4.dartpseudo	ir/03637_sub_9b52b4.json	asm/03637_sub_9b52b4.s
3638	sub_9b5440	pseudocode/03638_sub_9b5440.dartpseudo	ir/03638_sub_9b5440.json	asm/03638_sub_9b5440.s
3639	sub_9b544c	pseudocode/03639_sub_9b544c.dartpseudo	ir/03639_sub_9b544c.json	asm/03639_sub_9b544c.s
3640	sub_9b6148	pseudocode/03640_sub_9b6148.dartpseudo	ir/03640_sub_9b6148.json	asm/03640_sub_9b6148.s
3641	sub_9b6198	pseudocode/03641_sub_9b6198.dartpseudo	ir/03641_sub_9b6198.json	asm/03641_sub_9b6198.s
3642	sub_9b7504	pseudocode/03642_sub_9b7504.dartpseudo	ir/03642_sub_9b7504.json	asm/03642_sub_9b7504.s
3643	sub_9b751c	pseudocode/03643_sub_9b751c.dartpseudo	ir/03643_sub_9b751c.json	asm/03643_sub_9b751c.s
3644	sub_9b7528	pseudocode/03644_sub_9b7528.dartpseudo	ir/03644_sub_9b7528.json	asm/03644_sub_9b7528.s
3645	sub_9b7534	pseudocode/03645_sub_9b7534.dartpseudo	ir/03645_sub_9b7534.json	asm/03645_sub_9b7534.s
3646	sub_9b7558	pseudocode/03646_sub_9b7558.dartpseudo	ir/03646_sub_9b7558.json	asm/03646_sub_9b7558.s
3647	sub_9b7830	pseudocode/03647_sub_9b7830.dartpseudo	ir/03647_sub_9b7830.json	asm/03647_sub_9b7830.s
3648	sub_9b78dc	pseudocode/03648_sub_9b78dc.dartpseudo	ir/03648_sub_9b78dc.json	asm/03648_sub_9b78dc.s
3649	sub_9b7cb0	pseudocode/03649_sub_9b7cb0.dartpseudo	ir/03649_sub_9b7cb0.json	asm/03649_sub_9b7cb0.s
3650	sub_9b7ec0	pseudocode/03650_sub_9b7ec0.dartpseudo	ir/03650_sub_9b7ec0.json	asm/03650_sub_9b7ec0.s
3651	sub_9b85f4	pseudocode/03651_sub_9b85f4.dartpseudo	ir/03651_sub_9b85f4.json	asm/03651_sub_9b85f4.s
3652	sub_9b8600	pseudocode/03652_sub_9b8600.dartpseudo	ir/03652_sub_9b8600.json	asm/03652_sub_9b8600.s
3653	sub_9b86e8	pseudocode/03653_sub_9b86e8.dartpseudo	ir/03653_sub_9b86e8.json	asm/03653_sub_9b86e8.s
3654	sub_9b8740	pseudocode/03654_sub_9b8740.dartpseudo	ir/03654_sub_9b8740.json	asm/03654_sub_9b8740.s
3655	sub_9b8c3c	pseudocode/03655_sub_9b8c3c.dartpseudo	ir/03655_sub_9b8c3c.json	asm/03655_sub_9b8c3c.s
3656	sub_9b9960	pseudocode/03656_sub_9b9960.dartpseudo	ir/03656_sub_9b9960.json	asm/03656_sub_9b9960.s
3657	sub_9b996c	pseudocode/03657_sub_9b996c.dartpseudo	ir/03657_sub_9b996c.json	asm/03657_sub_9b996c.s
3658	sub_9b9978	pseudocode/03658_sub_9b9978.dartpseudo	ir/03658_sub_9b9978.json	asm/03658_sub_9b9978.s
3659	sub_9b9c44	pseudocode/03659_sub_9b9c44.dartpseudo	ir/03659_sub_9b9c44.json	asm/03659_sub_9b9c44.s
3660	sub_9b9dbc	pseudocode/03660_sub_9b9dbc.dartpseudo	ir/03660_sub_9b9dbc.json	asm/03660_sub_9b9dbc.s
3661	sub_9ba03c	pseudocode/03661_sub_9ba03c.dartpseudo	ir/03661_sub_9ba03c.json	asm/03661_sub_9ba03c.s
3662	sub_9ba2b0	pseudocode/03662_sub_9ba2b0.dartpseudo	ir/03662_sub_9ba2b0.json	asm/03662_sub_9ba2b0.s
3663	sub_9ba2bc	pseudocode/03663_sub_9ba2bc.dartpseudo	ir/03663_sub_9ba2bc.json	asm/03663_sub_9ba2bc.s
3664	sub_9ba904	pseudocode/03664_sub_9ba904.dartpseudo	ir/03664_sub_9ba904.json	asm/03664_sub_9ba904.s
3665	sub_9baa48	pseudocode/03665_sub_9baa48.dartpseudo	ir/03665_sub_9baa48.json	asm/03665_sub_9baa48.s
3666	sub_9baa88	pseudocode/03666_sub_9baa88.dartpseudo	ir/03666_sub_9baa88.json	asm/03666_sub_9baa88.s
3667	sub_9baacc	pseudocode/03667_sub_9baacc.dartpseudo	ir/03667_sub_9baacc.json	asm/03667_sub_9baacc.s
3668	sub_9baef4	pseudocode/03668_sub_9baef4.dartpseudo	ir/03668_sub_9baef4.json	asm/03668_sub_9baef4.s
3669	sub_9baf00	pseudocode/03669_sub_9baf00.dartpseudo	ir/03669_sub_9baf00.json	asm/03669_sub_9baf00.s
3670	sub_9baf0c	pseudocode/03670_sub_9baf0c.dartpseudo	ir/03670_sub_9baf0c.json	asm/03670_sub_9baf0c.s
3671	sub_9bb874	pseudocode/03671_sub_9bb874.dartpseudo	ir/03671_sub_9bb874.json	asm/03671_sub_9bb874.s
3672	sub_9bb964	pseudocode/03672_sub_9bb964.dartpseudo	ir/03672_sub_9bb964.json	asm/03672_sub_9bb964.s
3673	sub_9bb970	pseudocode/03673_sub_9bb970.dartpseudo	ir/03673_sub_9bb970.json	asm/03673_sub_9bb970.s
3674	sub_9bbd14	pseudocode/03674_sub_9bbd14.dartpseudo	ir/03674_sub_9bbd14.json	asm/03674_sub_9bbd14.s
3675	sub_9bc648	pseudocode/03675_sub_9bc648.dartpseudo	ir/03675_sub_9bc648.json	asm/03675_sub_9bc648.s
3676	sub_9bd500	pseudocode/03676_sub_9bd500.dartpseudo	ir/03676_sub_9bd500.json	asm/03676_sub_9bd500.s
3677	sub_9bd574	pseudocode/03677_sub_9bd574.dartpseudo	ir/03677_sub_9bd574.json	asm/03677_sub_9bd574.s
3678	sub_9bd840	pseudocode/03678_sub_9bd840.dartpseudo	ir/03678_sub_9bd840.json	asm/03678_sub_9bd840.s
3679	sub_9bd8e4	pseudocode/03679_sub_9bd8e4.dartpseudo	ir/03679_sub_9bd8e4.json	asm/03679_sub_9bd8e4.s
3680	sub_9bd9bc	pseudocode/03680_sub_9bd9bc.dartpseudo	ir/03680_sub_9bd9bc.json	asm/03680_sub_9bd9bc.s
3681	sub_9bdd14	pseudocode/03681_sub_9bdd14.dartpseudo	ir/03681_sub_9bdd14.json	asm/03681_sub_9bdd14.s
3682	sub_9bdfa8	pseudocode/03682_sub_9bdfa8.dartpseudo	ir/03682_sub_9bdfa8.json	asm/03682_sub_9bdfa8.s
3683	sub_9be6d0	pseudocode/03683_sub_9be6d0.dartpseudo	ir/03683_sub_9be6d0.json	asm/03683_sub_9be6d0.s
3684	sub_9bf1c8	pseudocode/03684_sub_9bf1c8.dartpseudo	ir/03684_sub_9bf1c8.json	asm/03684_sub_9bf1c8.s
3685	sub_9bf3f0	pseudocode/03685_sub_9bf3f0.dartpseudo	ir/03685_sub_9bf3f0.json	asm/03685_sub_9bf3f0.s
3686	sub_9bfb68	pseudocode/03686_sub_9bfb68.dartpseudo	ir/03686_sub_9bfb68.json	asm/03686_sub_9bfb68.s
3687	sub_9bfec4	pseudocode/03687_sub_9bfec4.dartpseudo	ir/03687_sub_9bfec4.json	asm/03687_sub_9bfec4.s
3688	sub_9c03c4	pseudocode/03688_sub_9c03c4.dartpseudo	ir/03688_sub_9c03c4.json	asm/03688_sub_9c03c4.s
3689	sub_9c0840	pseudocode/03689_sub_9c0840.dartpseudo	ir/03689_sub_9c0840.json	asm/03689_sub_9c0840.s
3690	sub_9c09e8	pseudocode/03690_sub_9c09e8.dartpseudo	ir/03690_sub_9c09e8.json	asm/03690_sub_9c09e8.s
3691	sub_9c1774	pseudocode/03691_sub_9c1774.dartpseudo	ir/03691_sub_9c1774.json	asm/03691_sub_9c1774.s
3692	sub_9c1c0c	pseudocode/03692_sub_9c1c0c.dartpseudo	ir/03692_sub_9c1c0c.json	asm/03692_sub_9c1c0c.s
3693	sub_9c2258	pseudocode/03693_sub_9c2258.dartpseudo	ir/03693_sub_9c2258.json	asm/03693_sub_9c2258.s
3694	sub_9c22c8	pseudocode/03694_sub_9c22c8.dartpseudo	ir/03694_sub_9c22c8.json	asm/03694_sub_9c22c8.s
3695	sub_9c22d4	pseudocode/03695_sub_9c22d4.dartpseudo	ir/03695_sub_9c22d4.json	asm/03695_sub_9c22d4.s
3696	sub_9c27dc	pseudocode/03696_sub_9c27dc.dartpseudo	ir/03696_sub_9c27dc.json	asm/03696_sub_9c27dc.s
3697	sub_9c27e8	pseudocode/03697_sub_9c27e8.dartpseudo	ir/03697_sub_9c27e8.json	asm/03697_sub_9c27e8.s
3698	sub_9c2aa8	pseudocode/03698_sub_9c2aa8.dartpseudo	ir/03698_sub_9c2aa8.json	asm/03698_sub_9c2aa8.s
3699	sub_9c31fc	pseudocode/03699_sub_9c31fc.dartpseudo	ir/03699_sub_9c31fc.json	asm/03699_sub_9c31fc.s
3700	sub_9c33f8	pseudocode/03700_sub_9c33f8.dartpseudo	ir/03700_sub_9c33f8.json	asm/03700_sub_9c33f8.s
3701	sub_9c3a20	pseudocode/03701_sub_9c3a20.dartpseudo	ir/03701_sub_9c3a20.json	asm/03701_sub_9c3a20.s
3702	sub_9c3a2c	pseudocode/03702_sub_9c3a2c.dartpseudo	ir/03702_sub_9c3a2c.json	asm/03702_sub_9c3a2c.s
3703	sub_9c3a38	pseudocode/03703_sub_9c3a38.dartpseudo	ir/03703_sub_9c3a38.json	asm/03703_sub_9c3a38.s
3704	sub_9c3b10	pseudocode/03704_sub_9c3b10.dartpseudo	ir/03704_sub_9c3b10.json	asm/03704_sub_9c3b10.s
3705	sub_9c3cd8	pseudocode/03705_sub_9c3cd8.dartpseudo	ir/03705_sub_9c3cd8.json	asm/03705_sub_9c3cd8.s
3706	sub_9c4734	pseudocode/03706_sub_9c4734.dartpseudo	ir/03706_sub_9c4734.json	asm/03706_sub_9c4734.s
3707	sub_9c4778	pseudocode/03707_sub_9c4778.dartpseudo	ir/03707_sub_9c4778.json	asm/03707_sub_9c4778.s
3708	sub_9c4da4	pseudocode/03708_sub_9c4da4.dartpseudo	ir/03708_sub_9c4da4.json	asm/03708_sub_9c4da4.s
3709	sub_9c4db0	pseudocode/03709_sub_9c4db0.dartpseudo	ir/03709_sub_9c4db0.json	asm/03709_sub_9c4db0.s
3710	sub_9c5130	pseudocode/03710_sub_9c5130.dartpseudo	ir/03710_sub_9c5130.json	asm/03710_sub_9c5130.s
3711	sub_9c516c	pseudocode/03711_sub_9c516c.dartpseudo	ir/03711_sub_9c516c.json	asm/03711_sub_9c516c.s
3712	sub_9c5620	pseudocode/03712_sub_9c5620.dartpseudo	ir/03712_sub_9c5620.json	asm/03712_sub_9c5620.s
3713	sub_9c562c	pseudocode/03713_sub_9c562c.dartpseudo	ir/03713_sub_9c562c.json	asm/03713_sub_9c562c.s
3714	sub_9c5638	pseudocode/03714_sub_9c5638.dartpseudo	ir/03714_sub_9c5638.json	asm/03714_sub_9c5638.s
3715	sub_9c5f94	pseudocode/03715_sub_9c5f94.dartpseudo	ir/03715_sub_9c5f94.json	asm/03715_sub_9c5f94.s
3716	sub_9c5fdc	pseudocode/03716_sub_9c5fdc.dartpseudo	ir/03716_sub_9c5fdc.json	asm/03716_sub_9c5fdc.s
3717	sub_9c5fe8	pseudocode/03717_sub_9c5fe8.dartpseudo	ir/03717_sub_9c5fe8.json	asm/03717_sub_9c5fe8.s
3718	sub_9c604c	pseudocode/03718_sub_9c604c.dartpseudo	ir/03718_sub_9c604c.json	asm/03718_sub_9c604c.s
3719	sub_9c679c	pseudocode/03719_sub_9c679c.dartpseudo	ir/03719_sub_9c679c.json	asm/03719_sub_9c679c.s
3720	sub_9c6894	pseudocode/03720_sub_9c6894.dartpseudo	ir/03720_sub_9c6894.json	asm/03720_sub_9c6894.s
3721	sub_9c6dac	pseudocode/03721_sub_9c6dac.dartpseudo	ir/03721_sub_9c6dac.json	asm/03721_sub_9c6dac.s
3722	sub_9c6db8	pseudocode/03722_sub_9c6db8.dartpseudo	ir/03722_sub_9c6db8.json	asm/03722_sub_9c6db8.s
3723	sub_9c6df4	pseudocode/03723_sub_9c6df4.dartpseudo	ir/03723_sub_9c6df4.json	asm/03723_sub_9c6df4.s
3724	sub_9c6e40	pseudocode/03724_sub_9c6e40.dartpseudo	ir/03724_sub_9c6e40.json	asm/03724_sub_9c6e40.s
3725	sub_9c6ee0	pseudocode/03725_sub_9c6ee0.dartpseudo	ir/03725_sub_9c6ee0.json	asm/03725_sub_9c6ee0.s
3726	sub_9c76b4	pseudocode/03726_sub_9c76b4.dartpseudo	ir/03726_sub_9c76b4.json	asm/03726_sub_9c76b4.s
3727	sub_9c770c	pseudocode/03727_sub_9c770c.dartpseudo	ir/03727_sub_9c770c.json	asm/03727_sub_9c770c.s
3728	sub_9c7718	pseudocode/03728_sub_9c7718.dartpseudo	ir/03728_sub_9c7718.json	asm/03728_sub_9c7718.s
3729	sub_9c7770	pseudocode/03729_sub_9c7770.dartpseudo	ir/03729_sub_9c7770.json	asm/03729_sub_9c7770.s
3730	sub_9c77c8	pseudocode/03730_sub_9c77c8.dartpseudo	ir/03730_sub_9c77c8.json	asm/03730_sub_9c77c8.s
3731	sub_9c7820	pseudocode/03731_sub_9c7820.dartpseudo	ir/03731_sub_9c7820.json	asm/03731_sub_9c7820.s
3732	sub_9c7d5c	pseudocode/03732_sub_9c7d5c.dartpseudo	ir/03732_sub_9c7d5c.json	asm/03732_sub_9c7d5c.s
3733	sub_9c8340	pseudocode/03733_sub_9c8340.dartpseudo	ir/03733_sub_9c8340.json	asm/03733_sub_9c8340.s
3734	sub_9c8558	pseudocode/03734_sub_9c8558.dartpseudo	ir/03734_sub_9c8558.json	asm/03734_sub_9c8558.s
3735	sub_9c86d8	pseudocode/03735_sub_9c86d8.dartpseudo	ir/03735_sub_9c86d8.json	asm/03735_sub_9c86d8.s
3736	sub_9c8904	pseudocode/03736_sub_9c8904.dartpseudo	ir/03736_sub_9c8904.json	asm/03736_sub_9c8904.s
3737	sub_9c98a8	pseudocode/03737_sub_9c98a8.dartpseudo	ir/03737_sub_9c98a8.json	asm/03737_sub_9c98a8.s
3738	sub_9c98b4	pseudocode/03738_sub_9c98b4.dartpseudo	ir/03738_sub_9c98b4.json	asm/03738_sub_9c98b4.s
3739	sub_9c9b18	pseudocode/03739_sub_9c9b18.dartpseudo	ir/03739_sub_9c9b18.json	asm/03739_sub_9c9b18.s
3740	sub_9c9b24	pseudocode/03740_sub_9c9b24.dartpseudo	ir/03740_sub_9c9b24.json	asm/03740_sub_9c9b24.s
3741	sub_9ca028	pseudocode/03741_sub_9ca028.dartpseudo	ir/03741_sub_9ca028.json	asm/03741_sub_9ca028.s
3742	sub_9ca994	pseudocode/03742_sub_9ca994.dartpseudo	ir/03742_sub_9ca994.json	asm/03742_sub_9ca994.s
3743	sub_9ca9a0	pseudocode/03743_sub_9ca9a0.dartpseudo	ir/03743_sub_9ca9a0.json	asm/03743_sub_9ca9a0.s
3744	sub_9caffc	pseudocode/03744_sub_9caffc.dartpseudo	ir/03744_sub_9caffc.json	asm/03744_sub_9caffc.s
3745	sub_9cb008	pseudocode/03745_sub_9cb008.dartpseudo	ir/03745_sub_9cb008.json	asm/03745_sub_9cb008.s
3746	sub_9cb1b4	pseudocode/03746_sub_9cb1b4.dartpseudo	ir/03746_sub_9cb1b4.json	asm/03746_sub_9cb1b4.s
3747	sub_9cb450	pseudocode/03747_sub_9cb450.dartpseudo	ir/03747_sub_9cb450.json	asm/03747_sub_9cb450.s
3748	sub_9cbe78	pseudocode/03748_sub_9cbe78.dartpseudo	ir/03748_sub_9cbe78.json	asm/03748_sub_9cbe78.s
3749	sub_9cc020	pseudocode/03749_sub_9cc020.dartpseudo	ir/03749_sub_9cc020.json	asm/03749_sub_9cc020.s
3750	sub_9cc114	pseudocode/03750_sub_9cc114.dartpseudo	ir/03750_sub_9cc114.json	asm/03750_sub_9cc114.s
3751	sub_9cc120	pseudocode/03751_sub_9cc120.dartpseudo	ir/03751_sub_9cc120.json	asm/03751_sub_9cc120.s
3752	sub_9cc12c	pseudocode/03752_sub_9cc12c.dartpseudo	ir/03752_sub_9cc12c.json	asm/03752_sub_9cc12c.s
3753	sub_9cc138	pseudocode/03753_sub_9cc138.dartpseudo	ir/03753_sub_9cc138.json	asm/03753_sub_9cc138.s
3754	sub_9cc144	pseudocode/03754_sub_9cc144.dartpseudo	ir/03754_sub_9cc144.json	asm/03754_sub_9cc144.s
3755	sub_9cc158	pseudocode/03755_sub_9cc158.dartpseudo	ir/03755_sub_9cc158.json	asm/03755_sub_9cc158.s
3756	sub_9cc1d0	pseudocode/03756_sub_9cc1d0.dartpseudo	ir/03756_sub_9cc1d0.json	asm/03756_sub_9cc1d0.s
3757	sub_9cc9f0	pseudocode/03757_sub_9cc9f0.dartpseudo	ir/03757_sub_9cc9f0.json	asm/03757_sub_9cc9f0.s
3758	sub_9ccb08	pseudocode/03758_sub_9ccb08.dartpseudo	ir/03758_sub_9ccb08.json	asm/03758_sub_9ccb08.s
3759	sub_9ccb14	pseudocode/03759_sub_9ccb14.dartpseudo	ir/03759_sub_9ccb14.json	asm/03759_sub_9ccb14.s
3760	sub_9ccd58	pseudocode/03760_sub_9ccd58.dartpseudo	ir/03760_sub_9ccd58.json	asm/03760_sub_9ccd58.s
3761	sub_9cd518	pseudocode/03761_sub_9cd518.dartpseudo	ir/03761_sub_9cd518.json	asm/03761_sub_9cd518.s
3762	sub_9cd788	pseudocode/03762_sub_9cd788.dartpseudo	ir/03762_sub_9cd788.json	asm/03762_sub_9cd788.s
3763	sub_9cd95c	pseudocode/03763_sub_9cd95c.dartpseudo	ir/03763_sub_9cd95c.json	asm/03763_sub_9cd95c.s
3764	sub_9cd9e8	pseudocode/03764_sub_9cd9e8.dartpseudo	ir/03764_sub_9cd9e8.json	asm/03764_sub_9cd9e8.s
3765	sub_9cdb20	pseudocode/03765_sub_9cdb20.dartpseudo	ir/03765_sub_9cdb20.json	asm/03765_sub_9cdb20.s
3766	sub_9cdbac	pseudocode/03766_sub_9cdbac.dartpseudo	ir/03766_sub_9cdbac.json	asm/03766_sub_9cdbac.s
3767	sub_9cdc58	pseudocode/03767_sub_9cdc58.dartpseudo	ir/03767_sub_9cdc58.json	asm/03767_sub_9cdc58.s
3768	sub_9cde40	pseudocode/03768_sub_9cde40.dartpseudo	ir/03768_sub_9cde40.json	asm/03768_sub_9cde40.s
3769	sub_9cde4c	pseudocode/03769_sub_9cde4c.dartpseudo	ir/03769_sub_9cde4c.json	asm/03769_sub_9cde4c.s
3770	sub_9cdee4	pseudocode/03770_sub_9cdee4.dartpseudo	ir/03770_sub_9cdee4.json	asm/03770_sub_9cdee4.s
3771	sub_9ce010	pseudocode/03771_sub_9ce010.dartpseudo	ir/03771_sub_9ce010.json	asm/03771_sub_9ce010.s
3772	sub_9ce928	pseudocode/03772_sub_9ce928.dartpseudo	ir/03772_sub_9ce928.json	asm/03772_sub_9ce928.s
3773	sub_9cea80	pseudocode/03773_sub_9cea80.dartpseudo	ir/03773_sub_9cea80.json	asm/03773_sub_9cea80.s
3774	sub_9cf3b4	pseudocode/03774_sub_9cf3b4.dartpseudo	ir/03774_sub_9cf3b4.json	asm/03774_sub_9cf3b4.s
3775	sub_9cf4a8	pseudocode/03775_sub_9cf4a8.dartpseudo	ir/03775_sub_9cf4a8.json	asm/03775_sub_9cf4a8.s
3776	sub_9cfe08	pseudocode/03776_sub_9cfe08.dartpseudo	ir/03776_sub_9cfe08.json	asm/03776_sub_9cfe08.s
3777	sub_9cfe14	pseudocode/03777_sub_9cfe14.dartpseudo	ir/03777_sub_9cfe14.json	asm/03777_sub_9cfe14.s
3778	sub_9cff08	pseudocode/03778_sub_9cff08.dartpseudo	ir/03778_sub_9cff08.json	asm/03778_sub_9cff08.s
3779	sub_9cff14	pseudocode/03779_sub_9cff14.dartpseudo	ir/03779_sub_9cff14.json	asm/03779_sub_9cff14.s
3780	sub_9cff5c	pseudocode/03780_sub_9cff5c.dartpseudo	ir/03780_sub_9cff5c.json	asm/03780_sub_9cff5c.s
3781	sub_9d0454	pseudocode/03781_sub_9d0454.dartpseudo	ir/03781_sub_9d0454.json	asm/03781_sub_9d0454.s
3782	sub_9d0460	pseudocode/03782_sub_9d0460.dartpseudo	ir/03782_sub_9d0460.json	asm/03782_sub_9d0460.s
3783	sub_9d06a0	pseudocode/03783_sub_9d06a0.dartpseudo	ir/03783_sub_9d06a0.json	asm/03783_sub_9d06a0.s
3784	sub_9d07c4	pseudocode/03784_sub_9d07c4.dartpseudo	ir/03784_sub_9d07c4.json	asm/03784_sub_9d07c4.s
3785	sub_9d08e0	pseudocode/03785_sub_9d08e0.dartpseudo	ir/03785_sub_9d08e0.json	asm/03785_sub_9d08e0.s
3786	sub_9d0c00	pseudocode/03786_sub_9d0c00.dartpseudo	ir/03786_sub_9d0c00.json	asm/03786_sub_9d0c00.s
3787	sub_9d0c0c	pseudocode/03787_sub_9d0c0c.dartpseudo	ir/03787_sub_9d0c0c.json	asm/03787_sub_9d0c0c.s
3788	sub_9d0ec0	pseudocode/03788_sub_9d0ec0.dartpseudo	ir/03788_sub_9d0ec0.json	asm/03788_sub_9d0ec0.s
3789	sub_9d1360	pseudocode/03789_sub_9d1360.dartpseudo	ir/03789_sub_9d1360.json	asm/03789_sub_9d1360.s
3790	sub_9d1480	pseudocode/03790_sub_9d1480.dartpseudo	ir/03790_sub_9d1480.json	asm/03790_sub_9d1480.s
3791	sub_9d1550	pseudocode/03791_sub_9d1550.dartpseudo	ir/03791_sub_9d1550.json	asm/03791_sub_9d1550.s
3792	sub_9d1cdc	pseudocode/03792_sub_9d1cdc.dartpseudo	ir/03792_sub_9d1cdc.json	asm/03792_sub_9d1cdc.s
3793	sub_9d20b8	pseudocode/03793_sub_9d20b8.dartpseudo	ir/03793_sub_9d20b8.json	asm/03793_sub_9d20b8.s
3794	sub_9d2144	pseudocode/03794_sub_9d2144.dartpseudo	ir/03794_sub_9d2144.json	asm/03794_sub_9d2144.s
3795	sub_9d231c	pseudocode/03795_sub_9d231c.dartpseudo	ir/03795_sub_9d231c.json	asm/03795_sub_9d231c.s
3796	sub_9d253c	pseudocode/03796_sub_9d253c.dartpseudo	ir/03796_sub_9d253c.json	asm/03796_sub_9d253c.s
3797	sub_9d3dc4	pseudocode/03797_sub_9d3dc4.dartpseudo	ir/03797_sub_9d3dc4.json	asm/03797_sub_9d3dc4.s
3798	sub_9d3dd0	pseudocode/03798_sub_9d3dd0.dartpseudo	ir/03798_sub_9d3dd0.json	asm/03798_sub_9d3dd0.s
3799	sub_9d3ddc	pseudocode/03799_sub_9d3ddc.dartpseudo	ir/03799_sub_9d3ddc.json	asm/03799_sub_9d3ddc.s
3800	sub_9d47ac	pseudocode/03800_sub_9d47ac.dartpseudo	ir/03800_sub_9d47ac.json	asm/03800_sub_9d47ac.s
3801	sub_9d5588	pseudocode/03801_sub_9d5588.dartpseudo	ir/03801_sub_9d5588.json	asm/03801_sub_9d5588.s
3802	sub_9d5848	pseudocode/03802_sub_9d5848.dartpseudo	ir/03802_sub_9d5848.json	asm/03802_sub_9d5848.s
3803	sub_9d7168	pseudocode/03803_sub_9d7168.dartpseudo	ir/03803_sub_9d7168.json	asm/03803_sub_9d7168.s
3804	sub_9d7174	pseudocode/03804_sub_9d7174.dartpseudo	ir/03804_sub_9d7174.json	asm/03804_sub_9d7174.s
3805	sub_9d7180	pseudocode/03805_sub_9d7180.dartpseudo	ir/03805_sub_9d7180.json	asm/03805_sub_9d7180.s
3806	sub_9d718c	pseudocode/03806_sub_9d718c.dartpseudo	ir/03806_sub_9d718c.json	asm/03806_sub_9d718c.s
3807	sub_9d7894	pseudocode/03807_sub_9d7894.dartpseudo	ir/03807_sub_9d7894.json	asm/03807_sub_9d7894.s
3808	sub_9d7900	pseudocode/03808_sub_9d7900.dartpseudo	ir/03808_sub_9d7900.json	asm/03808_sub_9d7900.s
3809	sub_9d7a80	pseudocode/03809_sub_9d7a80.dartpseudo	ir/03809_sub_9d7a80.json	asm/03809_sub_9d7a80.s
3810	sub_9d7b04	pseudocode/03810_sub_9d7b04.dartpseudo	ir/03810_sub_9d7b04.json	asm/03810_sub_9d7b04.s
3811	sub_9d9370	pseudocode/03811_sub_9d9370.dartpseudo	ir/03811_sub_9d9370.json	asm/03811_sub_9d9370.s
3812	sub_9d9394	pseudocode/03812_sub_9d9394.dartpseudo	ir/03812_sub_9d9394.json	asm/03812_sub_9d9394.s
3813	sub_9d9948	pseudocode/03813_sub_9d9948.dartpseudo	ir/03813_sub_9d9948.json	asm/03813_sub_9d9948.s
3814	sub_9d9c34	pseudocode/03814_sub_9d9c34.dartpseudo	ir/03814_sub_9d9c34.json	asm/03814_sub_9d9c34.s
3815	sub_9da2b8	pseudocode/03815_sub_9da2b8.dartpseudo	ir/03815_sub_9da2b8.json	asm/03815_sub_9da2b8.s
3816	sub_9da2c4	pseudocode/03816_sub_9da2c4.dartpseudo	ir/03816_sub_9da2c4.json	asm/03816_sub_9da2c4.s
3817	sub_9da64c	pseudocode/03817_sub_9da64c.dartpseudo	ir/03817_sub_9da64c.json	asm/03817_sub_9da64c.s
3818	sub_9da658	pseudocode/03818_sub_9da658.dartpseudo	ir/03818_sub_9da658.json	asm/03818_sub_9da658.s
3819	sub_9da934	pseudocode/03819_sub_9da934.dartpseudo	ir/03819_sub_9da934.json	asm/03819_sub_9da934.s
3820	sub_9da940	pseudocode/03820_sub_9da940.dartpseudo	ir/03820_sub_9da940.json	asm/03820_sub_9da940.s
3821	sub_9dbc24	pseudocode/03821_sub_9dbc24.dartpseudo	ir/03821_sub_9dbc24.json	asm/03821_sub_9dbc24.s
3822	sub_9dbc30	pseudocode/03822_sub_9dbc30.dartpseudo	ir/03822_sub_9dbc30.json	asm/03822_sub_9dbc30.s
3823	sub_9dbc3c	pseudocode/03823_sub_9dbc3c.dartpseudo	ir/03823_sub_9dbc3c.json	asm/03823_sub_9dbc3c.s
3824	sub_9dc034	pseudocode/03824_sub_9dc034.dartpseudo	ir/03824_sub_9dc034.json	asm/03824_sub_9dc034.s
3825	sub_9dc1dc	pseudocode/03825_sub_9dc1dc.dartpseudo	ir/03825_sub_9dc1dc.json	asm/03825_sub_9dc1dc.s
3826	sub_9dc20c	pseudocode/03826_sub_9dc20c.dartpseudo	ir/03826_sub_9dc20c.json	asm/03826_sub_9dc20c.s
3827	sub_9dc8c8	pseudocode/03827_sub_9dc8c8.dartpseudo	ir/03827_sub_9dc8c8.json	asm/03827_sub_9dc8c8.s
3828	sub_9dcc6c	pseudocode/03828_sub_9dcc6c.dartpseudo	ir/03828_sub_9dcc6c.json	asm/03828_sub_9dcc6c.s
3829	sub_9dcda0	pseudocode/03829_sub_9dcda0.dartpseudo	ir/03829_sub_9dcda0.json	asm/03829_sub_9dcda0.s
3830	sub_9dcecc	pseudocode/03830_sub_9dcecc.dartpseudo	ir/03830_sub_9dcecc.json	asm/03830_sub_9dcecc.s
3831	sub_9dd25c	pseudocode/03831_sub_9dd25c.dartpseudo	ir/03831_sub_9dd25c.json	asm/03831_sub_9dd25c.s
3832	sub_9de314	pseudocode/03832_sub_9de314.dartpseudo	ir/03832_sub_9de314.json	asm/03832_sub_9de314.s
3833	sub_9de320	pseudocode/03833_sub_9de320.dartpseudo	ir/03833_sub_9de320.json	asm/03833_sub_9de320.s
3834	sub_9de3c8	pseudocode/03834_sub_9de3c8.dartpseudo	ir/03834_sub_9de3c8.json	asm/03834_sub_9de3c8.s
3835	sub_9de4f4	pseudocode/03835_sub_9de4f4.dartpseudo	ir/03835_sub_9de4f4.json	asm/03835_sub_9de4f4.s
3836	sub_9de684	pseudocode/03836_sub_9de684.dartpseudo	ir/03836_sub_9de684.json	asm/03836_sub_9de684.s
3837	sub_9de84c	pseudocode/03837_sub_9de84c.dartpseudo	ir/03837_sub_9de84c.json	asm/03837_sub_9de84c.s
3838	sub_9def24	pseudocode/03838_sub_9def24.dartpseudo	ir/03838_sub_9def24.json	asm/03838_sub_9def24.s
3839	sub_9def30	pseudocode/03839_sub_9def30.dartpseudo	ir/03839_sub_9def30.json	asm/03839_sub_9def30.s
3840	sub_9df3cc	pseudocode/03840_sub_9df3cc.dartpseudo	ir/03840_sub_9df3cc.json	asm/03840_sub_9df3cc.s
3841	sub_9df544	pseudocode/03841_sub_9df544.dartpseudo	ir/03841_sub_9df544.json	asm/03841_sub_9df544.s
3842	sub_9dfcb8	pseudocode/03842_sub_9dfcb8.dartpseudo	ir/03842_sub_9dfcb8.json	asm/03842_sub_9dfcb8.s
3843	sub_9dfe00	pseudocode/03843_sub_9dfe00.dartpseudo	ir/03843_sub_9dfe00.json	asm/03843_sub_9dfe00.s
3844	sub_9dff0c	pseudocode/03844_sub_9dff0c.dartpseudo	ir/03844_sub_9dff0c.json	asm/03844_sub_9dff0c.s
3845	sub_9dffdc	pseudocode/03845_sub_9dffdc.dartpseudo	ir/03845_sub_9dffdc.json	asm/03845_sub_9dffdc.s
3846	sub_9e0514	pseudocode/03846_sub_9e0514.dartpseudo	ir/03846_sub_9e0514.json	asm/03846_sub_9e0514.s
3847	sub_9e06d0	pseudocode/03847_sub_9e06d0.dartpseudo	ir/03847_sub_9e06d0.json	asm/03847_sub_9e06d0.s
3848	sub_9e0754	pseudocode/03848_sub_9e0754.dartpseudo	ir/03848_sub_9e0754.json	asm/03848_sub_9e0754.s
3849	sub_9e0e94	pseudocode/03849_sub_9e0e94.dartpseudo	ir/03849_sub_9e0e94.json	asm/03849_sub_9e0e94.s
3850	sub_9e10c4	pseudocode/03850_sub_9e10c4.dartpseudo	ir/03850_sub_9e10c4.json	asm/03850_sub_9e10c4.s
3851	sub_9e15ac	pseudocode/03851_sub_9e15ac.dartpseudo	ir/03851_sub_9e15ac.json	asm/03851_sub_9e15ac.s
3852	sub_9e19bc	pseudocode/03852_sub_9e19bc.dartpseudo	ir/03852_sub_9e19bc.json	asm/03852_sub_9e19bc.s
3853	sub_9e19c8	pseudocode/03853_sub_9e19c8.dartpseudo	ir/03853_sub_9e19c8.json	asm/03853_sub_9e19c8.s
3854	sub_9e1b2c	pseudocode/03854_sub_9e1b2c.dartpseudo	ir/03854_sub_9e1b2c.json	asm/03854_sub_9e1b2c.s
3855	sub_9e33d4	pseudocode/03855_sub_9e33d4.dartpseudo	ir/03855_sub_9e33d4.json	asm/03855_sub_9e33d4.s
3856	sub_9e3660	pseudocode/03856_sub_9e3660.dartpseudo	ir/03856_sub_9e3660.json	asm/03856_sub_9e3660.s
3857	sub_9e3bb8	pseudocode/03857_sub_9e3bb8.dartpseudo	ir/03857_sub_9e3bb8.json	asm/03857_sub_9e3bb8.s
3858	sub_9e3e58	pseudocode/03858_sub_9e3e58.dartpseudo	ir/03858_sub_9e3e58.json	asm/03858_sub_9e3e58.s
3859	sub_9e436c	pseudocode/03859_sub_9e436c.dartpseudo	ir/03859_sub_9e436c.json	asm/03859_sub_9e436c.s
3860	sub_9e933c	pseudocode/03860_sub_9e933c.dartpseudo	ir/03860_sub_9e933c.json	asm/03860_sub_9e933c.s
3861	sub_9e96d8	pseudocode/03861_sub_9e96d8.dartpseudo	ir/03861_sub_9e96d8.json	asm/03861_sub_9e96d8.s
3862	sub_9e96e4	pseudocode/03862_sub_9e96e4.dartpseudo	ir/03862_sub_9e96e4.json	asm/03862_sub_9e96e4.s
3863	sub_9e96f0	pseudocode/03863_sub_9e96f0.dartpseudo	ir/03863_sub_9e96f0.json	asm/03863_sub_9e96f0.s
3864	sub_9e9750	pseudocode/03864_sub_9e9750.dartpseudo	ir/03864_sub_9e9750.json	asm/03864_sub_9e9750.s
3865	sub_9e975c	pseudocode/03865_sub_9e975c.dartpseudo	ir/03865_sub_9e975c.json	asm/03865_sub_9e975c.s
3866	sub_9e9768	pseudocode/03866_sub_9e9768.dartpseudo	ir/03866_sub_9e9768.json	asm/03866_sub_9e9768.s
3867	sub_9e9774	pseudocode/03867_sub_9e9774.dartpseudo	ir/03867_sub_9e9774.json	asm/03867_sub_9e9774.s
3868	sub_9e9840	pseudocode/03868_sub_9e9840.dartpseudo	ir/03868_sub_9e9840.json	asm/03868_sub_9e9840.s
3869	sub_9e9a80	pseudocode/03869_sub_9e9a80.dartpseudo	ir/03869_sub_9e9a80.json	asm/03869_sub_9e9a80.s
3870	sub_9ea664	pseudocode/03870_sub_9ea664.dartpseudo	ir/03870_sub_9ea664.json	asm/03870_sub_9ea664.s
3871	sub_9ea858	pseudocode/03871_sub_9ea858.dartpseudo	ir/03871_sub_9ea858.json	asm/03871_sub_9ea858.s
3872	sub_9eaef8	pseudocode/03872_sub_9eaef8.dartpseudo	ir/03872_sub_9eaef8.json	asm/03872_sub_9eaef8.s
3873	sub_9ebd60	pseudocode/03873_sub_9ebd60.dartpseudo	ir/03873_sub_9ebd60.json	asm/03873_sub_9ebd60.s
3874	sub_9ec048	pseudocode/03874_sub_9ec048.dartpseudo	ir/03874_sub_9ec048.json	asm/03874_sub_9ec048.s
3875	sub_9ed924	pseudocode/03875_sub_9ed924.dartpseudo	ir/03875_sub_9ed924.json	asm/03875_sub_9ed924.s
3876	sub_9ee59c	pseudocode/03876_sub_9ee59c.dartpseudo	ir/03876_sub_9ee59c.json	asm/03876_sub_9ee59c.s
3877	sub_9ee5cc	pseudocode/03877_sub_9ee5cc.dartpseudo	ir/03877_sub_9ee5cc.json	asm/03877_sub_9ee5cc.s
3878	sub_9ee68c	pseudocode/03878_sub_9ee68c.dartpseudo	ir/03878_sub_9ee68c.json	asm/03878_sub_9ee68c.s
3879	sub_9ee698	pseudocode/03879_sub_9ee698.dartpseudo	ir/03879_sub_9ee698.json	asm/03879_sub_9ee698.s
3880	sub_9eeadc	pseudocode/03880_sub_9eeadc.dartpseudo	ir/03880_sub_9eeadc.json	asm/03880_sub_9eeadc.s
3881	sub_9efa28	pseudocode/03881_sub_9efa28.dartpseudo	ir/03881_sub_9efa28.json	asm/03881_sub_9efa28.s
3882	sub_9efbfc	pseudocode/03882_sub_9efbfc.dartpseudo	ir/03882_sub_9efbfc.json	asm/03882_sub_9efbfc.s
3883	sub_9efc84	pseudocode/03883_sub_9efc84.dartpseudo	ir/03883_sub_9efc84.json	asm/03883_sub_9efc84.s
3884	sub_9efde8	pseudocode/03884_sub_9efde8.dartpseudo	ir/03884_sub_9efde8.json	asm/03884_sub_9efde8.s
3885	sub_9eff58	pseudocode/03885_sub_9eff58.dartpseudo	ir/03885_sub_9eff58.json	asm/03885_sub_9eff58.s
3886	sub_9f04c0	pseudocode/03886_sub_9f04c0.dartpseudo	ir/03886_sub_9f04c0.json	asm/03886_sub_9f04c0.s
3887	sub_9f04cc	pseudocode/03887_sub_9f04cc.dartpseudo	ir/03887_sub_9f04cc.json	asm/03887_sub_9f04cc.s
3888	sub_9f0548	pseudocode/03888_sub_9f0548.dartpseudo	ir/03888_sub_9f0548.json	asm/03888_sub_9f0548.s
3889	sub_9f09b8	pseudocode/03889_sub_9f09b8.dartpseudo	ir/03889_sub_9f09b8.json	asm/03889_sub_9f09b8.s
3890	sub_9f0bcc	pseudocode/03890_sub_9f0bcc.dartpseudo	ir/03890_sub_9f0bcc.json	asm/03890_sub_9f0bcc.s
3891	sub_9f1050	pseudocode/03891_sub_9f1050.dartpseudo	ir/03891_sub_9f1050.json	asm/03891_sub_9f1050.s
3892	sub_9f1568	pseudocode/03892_sub_9f1568.dartpseudo	ir/03892_sub_9f1568.json	asm/03892_sub_9f1568.s
3893	sub_9f173c	pseudocode/03893_sub_9f173c.dartpseudo	ir/03893_sub_9f173c.json	asm/03893_sub_9f173c.s
3894	sub_9f1994	pseudocode/03894_sub_9f1994.dartpseudo	ir/03894_sub_9f1994.json	asm/03894_sub_9f1994.s
3895	sub_9f1dfc	pseudocode/03895_sub_9f1dfc.dartpseudo	ir/03895_sub_9f1dfc.json	asm/03895_sub_9f1dfc.s
3896	sub_9f1e80	pseudocode/03896_sub_9f1e80.dartpseudo	ir/03896_sub_9f1e80.json	asm/03896_sub_9f1e80.s
3897	sub_9f1f24	pseudocode/03897_sub_9f1f24.dartpseudo	ir/03897_sub_9f1f24.json	asm/03897_sub_9f1f24.s
3898	sub_9f26b8	pseudocode/03898_sub_9f26b8.dartpseudo	ir/03898_sub_9f26b8.json	asm/03898_sub_9f26b8.s
3899	sub_9f2738	pseudocode/03899_sub_9f2738.dartpseudo	ir/03899_sub_9f2738.json	asm/03899_sub_9f2738.s
3900	sub_9f2814	pseudocode/03900_sub_9f2814.dartpseudo	ir/03900_sub_9f2814.json	asm/03900_sub_9f2814.s
3901	sub_9f2b88	pseudocode/03901_sub_9f2b88.dartpseudo	ir/03901_sub_9f2b88.json	asm/03901_sub_9f2b88.s
3902	sub_9f2b94	pseudocode/03902_sub_9f2b94.dartpseudo	ir/03902_sub_9f2b94.json	asm/03902_sub_9f2b94.s
3903	sub_9f2c1c	pseudocode/03903_sub_9f2c1c.dartpseudo	ir/03903_sub_9f2c1c.json	asm/03903_sub_9f2c1c.s
3904	sub_9f2c9c	pseudocode/03904_sub_9f2c9c.dartpseudo	ir/03904_sub_9f2c9c.json	asm/03904_sub_9f2c9c.s
3905	sub_9f302c	pseudocode/03905_sub_9f302c.dartpseudo	ir/03905_sub_9f302c.json	asm/03905_sub_9f302c.s
3906	sub_9f3078	pseudocode/03906_sub_9f3078.dartpseudo	ir/03906_sub_9f3078.json	asm/03906_sub_9f3078.s
3907	sub_9f3140	pseudocode/03907_sub_9f3140.dartpseudo	ir/03907_sub_9f3140.json	asm/03907_sub_9f3140.s
3908	sub_9f3280	pseudocode/03908_sub_9f3280.dartpseudo	ir/03908_sub_9f3280.json	asm/03908_sub_9f3280.s
3909	sub_9f3380	pseudocode/03909_sub_9f3380.dartpseudo	ir/03909_sub_9f3380.json	asm/03909_sub_9f3380.s
3910	sub_9f3414	pseudocode/03910_sub_9f3414.dartpseudo	ir/03910_sub_9f3414.json	asm/03910_sub_9f3414.s
3911	sub_9f34cc	pseudocode/03911_sub_9f34cc.dartpseudo	ir/03911_sub_9f34cc.json	asm/03911_sub_9f34cc.s
3912	sub_9f45dc	pseudocode/03912_sub_9f45dc.dartpseudo	ir/03912_sub_9f45dc.json	asm/03912_sub_9f45dc.s
3913	sub_9f4a8c	pseudocode/03913_sub_9f4a8c.dartpseudo	ir/03913_sub_9f4a8c.json	asm/03913_sub_9f4a8c.s
3914	sub_9f4b1c	pseudocode/03914_sub_9f4b1c.dartpseudo	ir/03914_sub_9f4b1c.json	asm/03914_sub_9f4b1c.s
3915	sub_9f4d30	pseudocode/03915_sub_9f4d30.dartpseudo	ir/03915_sub_9f4d30.json	asm/03915_sub_9f4d30.s
3916	sub_9f4ed8	pseudocode/03916_sub_9f4ed8.dartpseudo	ir/03916_sub_9f4ed8.json	asm/03916_sub_9f4ed8.s
3917	sub_9f501c	pseudocode/03917_sub_9f501c.dartpseudo	ir/03917_sub_9f501c.json	asm/03917_sub_9f501c.s
3918	sub_9f5468	pseudocode/03918_sub_9f5468.dartpseudo	ir/03918_sub_9f5468.json	asm/03918_sub_9f5468.s
3919	sub_9f5474	pseudocode/03919_sub_9f5474.dartpseudo	ir/03919_sub_9f5474.json	asm/03919_sub_9f5474.s
3920	sub_9f5584	pseudocode/03920_sub_9f5584.dartpseudo	ir/03920_sub_9f5584.json	asm/03920_sub_9f5584.s
3921	sub_9f9280	pseudocode/03921_sub_9f9280.dartpseudo	ir/03921_sub_9f9280.json	asm/03921_sub_9f9280.s
3922	sub_9fa258	pseudocode/03922_sub_9fa258.dartpseudo	ir/03922_sub_9fa258.json	asm/03922_sub_9fa258.s
3923	sub_9faaf4	pseudocode/03923_sub_9faaf4.dartpseudo	ir/03923_sub_9faaf4.json	asm/03923_sub_9faaf4.s
3924	sub_9fabf4	pseudocode/03924_sub_9fabf4.dartpseudo	ir/03924_sub_9fabf4.json	asm/03924_sub_9fabf4.s
3925	sub_9facb8	pseudocode/03925_sub_9facb8.dartpseudo	ir/03925_sub_9facb8.json	asm/03925_sub_9facb8.s
3926	sub_9faf7c	pseudocode/03926_sub_9faf7c.dartpseudo	ir/03926_sub_9faf7c.json	asm/03926_sub_9faf7c.s
3927	sub_9fb214	pseudocode/03927_sub_9fb214.dartpseudo	ir/03927_sub_9fb214.json	asm/03927_sub_9fb214.s
3928	sub_9fca5c	pseudocode/03928_sub_9fca5c.dartpseudo	ir/03928_sub_9fca5c.json	asm/03928_sub_9fca5c.s
3929	sub_9fca68	pseudocode/03929_sub_9fca68.dartpseudo	ir/03929_sub_9fca68.json	asm/03929_sub_9fca68.s
3930	sub_9fca74	pseudocode/03930_sub_9fca74.dartpseudo	ir/03930_sub_9fca74.json	asm/03930_sub_9fca74.s
3931	sub_9fcf94	pseudocode/03931_sub_9fcf94.dartpseudo	ir/03931_sub_9fcf94.json	asm/03931_sub_9fcf94.s
3932	sub_9fd560	pseudocode/03932_sub_9fd560.dartpseudo	ir/03932_sub_9fd560.json	asm/03932_sub_9fd560.s
3933	sub_9fd7e8	pseudocode/03933_sub_9fd7e8.dartpseudo	ir/03933_sub_9fd7e8.json	asm/03933_sub_9fd7e8.s
3934	sub_9fdcbc	pseudocode/03934_sub_9fdcbc.dartpseudo	ir/03934_sub_9fdcbc.json	asm/03934_sub_9fdcbc.s
3935	sub_9fdcc8	pseudocode/03935_sub_9fdcc8.dartpseudo	ir/03935_sub_9fdcc8.json	asm/03935_sub_9fdcc8.s
3936	sub_9fdcd4	pseudocode/03936_sub_9fdcd4.dartpseudo	ir/03936_sub_9fdcd4.json	asm/03936_sub_9fdcd4.s
3937	sub_9fdd04	pseudocode/03937_sub_9fdd04.dartpseudo	ir/03937_sub_9fdd04.json	asm/03937_sub_9fdd04.s
3938	sub_9fddf4	pseudocode/03938_sub_9fddf4.dartpseudo	ir/03938_sub_9fddf4.json	asm/03938_sub_9fddf4.s
3939	sub_9fe058	pseudocode/03939_sub_9fe058.dartpseudo	ir/03939_sub_9fe058.json	asm/03939_sub_9fe058.s
3940	sub_9fe33c	pseudocode/03940_sub_9fe33c.dartpseudo	ir/03940_sub_9fe33c.json	asm/03940_sub_9fe33c.s
3941	sub_9feda8	pseudocode/03941_sub_9feda8.dartpseudo	ir/03941_sub_9feda8.json	asm/03941_sub_9feda8.s
3942	sub_9fef04	pseudocode/03942_sub_9fef04.dartpseudo	ir/03942_sub_9fef04.json	asm/03942_sub_9fef04.s
3943	sub_9ff974	pseudocode/03943_sub_9ff974.dartpseudo	ir/03943_sub_9ff974.json	asm/03943_sub_9ff974.s
3944	sub_9ff980	pseudocode/03944_sub_9ff980.dartpseudo	ir/03944_sub_9ff980.json	asm/03944_sub_9ff980.s
3945	sub_9ff98c	pseudocode/03945_sub_9ff98c.dartpseudo	ir/03945_sub_9ff98c.json	asm/03945_sub_9ff98c.s
3946	sub_9ffa00	pseudocode/03946_sub_9ffa00.dartpseudo	ir/03946_sub_9ffa00.json	asm/03946_sub_9ffa00.s
3947	sub_9ffd88	pseudocode/03947_sub_9ffd88.dartpseudo	ir/03947_sub_9ffd88.json	asm/03947_sub_9ffd88.s
3948	sub_a00188	pseudocode/03948_sub_a00188.dartpseudo	ir/03948_sub_a00188.json	asm/03948_sub_a00188.s
3949	sub_a0195c	pseudocode/03949_sub_a0195c.dartpseudo	ir/03949_sub_a0195c.json	asm/03949_sub_a0195c.s
3950	sub_a01f34	pseudocode/03950_sub_a01f34.dartpseudo	ir/03950_sub_a01f34.json	asm/03950_sub_a01f34.s
3951	sub_a021ac	pseudocode/03951_sub_a021ac.dartpseudo	ir/03951_sub_a021ac.json	asm/03951_sub_a021ac.s
3952	sub_a02e00	pseudocode/03952_sub_a02e00.dartpseudo	ir/03952_sub_a02e00.json	asm/03952_sub_a02e00.s
3953	sub_a031a0	pseudocode/03953_sub_a031a0.dartpseudo	ir/03953_sub_a031a0.json	asm/03953_sub_a031a0.s
3954	sub_a0330c	pseudocode/03954_sub_a0330c.dartpseudo	ir/03954_sub_a0330c.json	asm/03954_sub_a0330c.s
3955	sub_a034f4	pseudocode/03955_sub_a034f4.dartpseudo	ir/03955_sub_a034f4.json	asm/03955_sub_a034f4.s
3956	sub_a03564	pseudocode/03956_sub_a03564.dartpseudo	ir/03956_sub_a03564.json	asm/03956_sub_a03564.s
3957	sub_a0366c	pseudocode/03957_sub_a0366c.dartpseudo	ir/03957_sub_a0366c.json	asm/03957_sub_a0366c.s
3958	sub_a036e0	pseudocode/03958_sub_a036e0.dartpseudo	ir/03958_sub_a036e0.json	asm/03958_sub_a036e0.s
3959	sub_a037a4	pseudocode/03959_sub_a037a4.dartpseudo	ir/03959_sub_a037a4.json	asm/03959_sub_a037a4.s
3960	sub_a03be8	pseudocode/03960_sub_a03be8.dartpseudo	ir/03960_sub_a03be8.json	asm/03960_sub_a03be8.s
3961	sub_a04a54	pseudocode/03961_sub_a04a54.dartpseudo	ir/03961_sub_a04a54.json	asm/03961_sub_a04a54.s
3962	sub_a04d94	pseudocode/03962_sub_a04d94.dartpseudo	ir/03962_sub_a04d94.json	asm/03962_sub_a04d94.s
3963	sub_a05814	pseudocode/03963_sub_a05814.dartpseudo	ir/03963_sub_a05814.json	asm/03963_sub_a05814.s
3964	sub_a065c0	pseudocode/03964_sub_a065c0.dartpseudo	ir/03964_sub_a065c0.json	asm/03964_sub_a065c0.s
3965	sub_a0740c	pseudocode/03965_sub_a0740c.dartpseudo	ir/03965_sub_a0740c.json	asm/03965_sub_a0740c.s
3966	sub_a074ac	pseudocode/03966_sub_a074ac.dartpseudo	ir/03966_sub_a074ac.json	asm/03966_sub_a074ac.s
3967	sub_a075a0	pseudocode/03967_sub_a075a0.dartpseudo	ir/03967_sub_a075a0.json	asm/03967_sub_a075a0.s
3968	sub_a07bf8	pseudocode/03968_sub_a07bf8.dartpseudo	ir/03968_sub_a07bf8.json	asm/03968_sub_a07bf8.s
3969	sub_a07f2c	pseudocode/03969_sub_a07f2c.dartpseudo	ir/03969_sub_a07f2c.json	asm/03969_sub_a07f2c.s
3970	sub_a08fa4	pseudocode/03970_sub_a08fa4.dartpseudo	ir/03970_sub_a08fa4.json	asm/03970_sub_a08fa4.s
3971	sub_a09310	pseudocode/03971_sub_a09310.dartpseudo	ir/03971_sub_a09310.json	asm/03971_sub_a09310.s
3972	sub_a094f0	pseudocode/03972_sub_a094f0.dartpseudo	ir/03972_sub_a094f0.json	asm/03972_sub_a094f0.s
3973	sub_a096d8	pseudocode/03973_sub_a096d8.dartpseudo	ir/03973_sub_a096d8.json	asm/03973_sub_a096d8.s
3974	sub_a0a424	pseudocode/03974_sub_a0a424.dartpseudo	ir/03974_sub_a0a424.json	asm/03974_sub_a0a424.s
3975	sub_a0a690	pseudocode/03975_sub_a0a690.dartpseudo	ir/03975_sub_a0a690.json	asm/03975_sub_a0a690.s
3976	sub_a0ab38	pseudocode/03976_sub_a0ab38.dartpseudo	ir/03976_sub_a0ab38.json	asm/03976_sub_a0ab38.s
3977	sub_a0b008	pseudocode/03977_sub_a0b008.dartpseudo	ir/03977_sub_a0b008.json	asm/03977_sub_a0b008.s
3978	sub_a0be78	pseudocode/03978_sub_a0be78.dartpseudo	ir/03978_sub_a0be78.json	asm/03978_sub_a0be78.s
3979	sub_a0c2e4	pseudocode/03979_sub_a0c2e4.dartpseudo	ir/03979_sub_a0c2e4.json	asm/03979_sub_a0c2e4.s
3980	sub_a0c364	pseudocode/03980_sub_a0c364.dartpseudo	ir/03980_sub_a0c364.json	asm/03980_sub_a0c364.s
3981	sub_a0ced4	pseudocode/03981_sub_a0ced4.dartpseudo	ir/03981_sub_a0ced4.json	asm/03981_sub_a0ced4.s
3982	sub_a0d0c8	pseudocode/03982_sub_a0d0c8.dartpseudo	ir/03982_sub_a0d0c8.json	asm/03982_sub_a0d0c8.s
3983	sub_a0d0d4	pseudocode/03983_sub_a0d0d4.dartpseudo	ir/03983_sub_a0d0d4.json	asm/03983_sub_a0d0d4.s
3984	sub_a0d314	pseudocode/03984_sub_a0d314.dartpseudo	ir/03984_sub_a0d314.json	asm/03984_sub_a0d314.s
3985	sub_a0d668	pseudocode/03985_sub_a0d668.dartpseudo	ir/03985_sub_a0d668.json	asm/03985_sub_a0d668.s
3986	sub_a0d7c0	pseudocode/03986_sub_a0d7c0.dartpseudo	ir/03986_sub_a0d7c0.json	asm/03986_sub_a0d7c0.s
3987	sub_a0d868	pseudocode/03987_sub_a0d868.dartpseudo	ir/03987_sub_a0d868.json	asm/03987_sub_a0d868.s
3988	sub_a0d908	pseudocode/03988_sub_a0d908.dartpseudo	ir/03988_sub_a0d908.json	asm/03988_sub_a0d908.s
3989	sub_a0ddc8	pseudocode/03989_sub_a0ddc8.dartpseudo	ir/03989_sub_a0ddc8.json	asm/03989_sub_a0ddc8.s
3990	sub_a0de64	pseudocode/03990_sub_a0de64.dartpseudo	ir/03990_sub_a0de64.json	asm/03990_sub_a0de64.s
3991	sub_a0e550	pseudocode/03991_sub_a0e550.dartpseudo	ir/03991_sub_a0e550.json	asm/03991_sub_a0e550.s
3992	sub_a0ee50	pseudocode/03992_sub_a0ee50.dartpseudo	ir/03992_sub_a0ee50.json	asm/03992_sub_a0ee50.s
3993	sub_a0f1bc	pseudocode/03993_sub_a0f1bc.dartpseudo	ir/03993_sub_a0f1bc.json	asm/03993_sub_a0f1bc.s
3994	sub_a0f2b0	pseudocode/03994_sub_a0f2b0.dartpseudo	ir/03994_sub_a0f2b0.json	asm/03994_sub_a0f2b0.s
3995	sub_a10460	pseudocode/03995_sub_a10460.dartpseudo	ir/03995_sub_a10460.json	asm/03995_sub_a10460.s
3996	sub_a11228	pseudocode/03996_sub_a11228.dartpseudo	ir/03996_sub_a11228.json	asm/03996_sub_a11228.s
3997	sub_a11404	pseudocode/03997_sub_a11404.dartpseudo	ir/03997_sub_a11404.json	asm/03997_sub_a11404.s
3998	sub_a11874	pseudocode/03998_sub_a11874.dartpseudo	ir/03998_sub_a11874.json	asm/03998_sub_a11874.s
3999	sub_a118e0	pseudocode/03999_sub_a118e0.dartpseudo	ir/03999_sub_a118e0.json	asm/03999_sub_a118e0.s
4000	sub_a11a14	pseudocode/04000_sub_a11a14.dartpseudo	ir/04000_sub_a11a14.json	asm/04000_sub_a11a14.s
4001	sub_a12a98	pseudocode/04001_sub_a12a98.dartpseudo	ir/04001_sub_a12a98.json	asm/04001_sub_a12a98.s
4002	sub_a12ad8	pseudocode/04002_sub_a12ad8.dartpseudo	ir/04002_sub_a12ad8.json	asm/04002_sub_a12ad8.s
4003	sub_a13454	pseudocode/04003_sub_a13454.dartpseudo	ir/04003_sub_a13454.json	asm/04003_sub_a13454.s
4004	sub_a13b38	pseudocode/04004_sub_a13b38.dartpseudo	ir/04004_sub_a13b38.json	asm/04004_sub_a13b38.s
4005	sub_a13ef8	pseudocode/04005_sub_a13ef8.dartpseudo	ir/04005_sub_a13ef8.json	asm/04005_sub_a13ef8.s
4006	sub_a14970	pseudocode/04006_sub_a14970.dartpseudo	ir/04006_sub_a14970.json	asm/04006_sub_a14970.s
4007	sub_a1497c	pseudocode/04007_sub_a1497c.dartpseudo	ir/04007_sub_a1497c.json	asm/04007_sub_a1497c.s
4008	sub_a14c14	pseudocode/04008_sub_a14c14.dartpseudo	ir/04008_sub_a14c14.json	asm/04008_sub_a14c14.s
4009	sub_a15114	pseudocode/04009_sub_a15114.dartpseudo	ir/04009_sub_a15114.json	asm/04009_sub_a15114.s
4010	sub_a152a0	pseudocode/04010_sub_a152a0.dartpseudo	ir/04010_sub_a152a0.json	asm/04010_sub_a152a0.s
4011	sub_a16510	pseudocode/04011_sub_a16510.dartpseudo	ir/04011_sub_a16510.json	asm/04011_sub_a16510.s
4012	sub_a16958	pseudocode/04012_sub_a16958.dartpseudo	ir/04012_sub_a16958.json	asm/04012_sub_a16958.s
4013	sub_a16f0c	pseudocode/04013_sub_a16f0c.dartpseudo	ir/04013_sub_a16f0c.json	asm/04013_sub_a16f0c.s
4014	sub_a1830c	pseudocode/04014_sub_a1830c.dartpseudo	ir/04014_sub_a1830c.json	asm/04014_sub_a1830c.s
4015	sub_a18480	pseudocode/04015_sub_a18480.dartpseudo	ir/04015_sub_a18480.json	asm/04015_sub_a18480.s
4016	sub_a18534	pseudocode/04016_sub_a18534.dartpseudo	ir/04016_sub_a18534.json	asm/04016_sub_a18534.s
4017	sub_a18ad8	pseudocode/04017_sub_a18ad8.dartpseudo	ir/04017_sub_a18ad8.json	asm/04017_sub_a18ad8.s
4018	sub_a18f7c	pseudocode/04018_sub_a18f7c.dartpseudo	ir/04018_sub_a18f7c.json	asm/04018_sub_a18f7c.s
4019	sub_a19158	pseudocode/04019_sub_a19158.dartpseudo	ir/04019_sub_a19158.json	asm/04019_sub_a19158.s
4020	sub_a194b4	pseudocode/04020_sub_a194b4.dartpseudo	ir/04020_sub_a194b4.json	asm/04020_sub_a194b4.s
4021	sub_a194c0	pseudocode/04021_sub_a194c0.dartpseudo	ir/04021_sub_a194c0.json	asm/04021_sub_a194c0.s
4022	sub_a19638	pseudocode/04022_sub_a19638.dartpseudo	ir/04022_sub_a19638.json	asm/04022_sub_a19638.s
4023	sub_a19ce0	pseudocode/04023_sub_a19ce0.dartpseudo	ir/04023_sub_a19ce0.json	asm/04023_sub_a19ce0.s
4024	sub_a1a0bc	pseudocode/04024_sub_a1a0bc.dartpseudo	ir/04024_sub_a1a0bc.json	asm/04024_sub_a1a0bc.s
4025	sub_a1aa0c	pseudocode/04025_sub_a1aa0c.dartpseudo	ir/04025_sub_a1aa0c.json	asm/04025_sub_a1aa0c.s
4026	sub_a1aa18	pseudocode/04026_sub_a1aa18.dartpseudo	ir/04026_sub_a1aa18.json	asm/04026_sub_a1aa18.s
4027	sub_a1b698	pseudocode/04027_sub_a1b698.dartpseudo	ir/04027_sub_a1b698.json	asm/04027_sub_a1b698.s
4028	sub_a1b8c8	pseudocode/04028_sub_a1b8c8.dartpseudo	ir/04028_sub_a1b8c8.json	asm/04028_sub_a1b8c8.s
4029	sub_a1ba04	pseudocode/04029_sub_a1ba04.dartpseudo	ir/04029_sub_a1ba04.json	asm/04029_sub_a1ba04.s
4030	sub_a1ba84	pseudocode/04030_sub_a1ba84.dartpseudo	ir/04030_sub_a1ba84.json	asm/04030_sub_a1ba84.s
4031	sub_a1bbd4	pseudocode/04031_sub_a1bbd4.dartpseudo	ir/04031_sub_a1bbd4.json	asm/04031_sub_a1bbd4.s
4032	sub_a1bdd4	pseudocode/04032_sub_a1bdd4.dartpseudo	ir/04032_sub_a1bdd4.json	asm/04032_sub_a1bdd4.s
4033	sub_a1c800	pseudocode/04033_sub_a1c800.dartpseudo	ir/04033_sub_a1c800.json	asm/04033_sub_a1c800.s
4034	sub_a1c918	pseudocode/04034_sub_a1c918.dartpseudo	ir/04034_sub_a1c918.json	asm/04034_sub_a1c918.s
4035	sub_a1c95c	pseudocode/04035_sub_a1c95c.dartpseudo	ir/04035_sub_a1c95c.json	asm/04035_sub_a1c95c.s
4036	sub_a1dc84	pseudocode/04036_sub_a1dc84.dartpseudo	ir/04036_sub_a1dc84.json	asm/04036_sub_a1dc84.s
4037	sub_a1dd84	pseudocode/04037_sub_a1dd84.dartpseudo	ir/04037_sub_a1dd84.json	asm/04037_sub_a1dd84.s
4038	sub_a1ddd8	pseudocode/04038_sub_a1ddd8.dartpseudo	ir/04038_sub_a1ddd8.json	asm/04038_sub_a1ddd8.s
4039	sub_a1de2c	pseudocode/04039_sub_a1de2c.dartpseudo	ir/04039_sub_a1de2c.json	asm/04039_sub_a1de2c.s
4040	sub_a1ded0	pseudocode/04040_sub_a1ded0.dartpseudo	ir/04040_sub_a1ded0.json	asm/04040_sub_a1ded0.s
4041	sub_a1df74	pseudocode/04041_sub_a1df74.dartpseudo	ir/04041_sub_a1df74.json	asm/04041_sub_a1df74.s
4042	sub_a1e018	pseudocode/04042_sub_a1e018.dartpseudo	ir/04042_sub_a1e018.json	asm/04042_sub_a1e018.s
4043	sub_a1e0f8	pseudocode/04043_sub_a1e0f8.dartpseudo	ir/04043_sub_a1e0f8.json	asm/04043_sub_a1e0f8.s
4044	sub_a1e3ac	pseudocode/04044_sub_a1e3ac.dartpseudo	ir/04044_sub_a1e3ac.json	asm/04044_sub_a1e3ac.s
4045	sub_a1eff8	pseudocode/04045_sub_a1eff8.dartpseudo	ir/04045_sub_a1eff8.json	asm/04045_sub_a1eff8.s
4046	sub_a1fa0c	pseudocode/04046_sub_a1fa0c.dartpseudo	ir/04046_sub_a1fa0c.json	asm/04046_sub_a1fa0c.s
4047	sub_a203b4	pseudocode/04047_sub_a203b4.dartpseudo	ir/04047_sub_a203b4.json	asm/04047_sub_a203b4.s
4048	sub_a20af8	pseudocode/04048_sub_a20af8.dartpseudo	ir/04048_sub_a20af8.json	asm/04048_sub_a20af8.s
4049	sub_a20d50	pseudocode/04049_sub_a20d50.dartpseudo	ir/04049_sub_a20d50.json	asm/04049_sub_a20d50.s
4050	sub_a20e64	pseudocode/04050_sub_a20e64.dartpseudo	ir/04050_sub_a20e64.json	asm/04050_sub_a20e64.s
4051	sub_a20ed8	pseudocode/04051_sub_a20ed8.dartpseudo	ir/04051_sub_a20ed8.json	asm/04051_sub_a20ed8.s
4052	sub_a20f28	pseudocode/04052_sub_a20f28.dartpseudo	ir/04052_sub_a20f28.json	asm/04052_sub_a20f28.s
4053	sub_a212e4	pseudocode/04053_sub_a212e4.dartpseudo	ir/04053_sub_a212e4.json	asm/04053_sub_a212e4.s
4054	sub_a21804	pseudocode/04054_sub_a21804.dartpseudo	ir/04054_sub_a21804.json	asm/04054_sub_a21804.s
4055	sub_a21b4c	pseudocode/04055_sub_a21b4c.dartpseudo	ir/04055_sub_a21b4c.json	asm/04055_sub_a21b4c.s
4056	sub_a226e8	pseudocode/04056_sub_a226e8.dartpseudo	ir/04056_sub_a226e8.json	asm/04056_sub_a226e8.s
4057	sub_a227b4	pseudocode/04057_sub_a227b4.dartpseudo	ir/04057_sub_a227b4.json	asm/04057_sub_a227b4.s
4058	sub_a22920	pseudocode/04058_sub_a22920.dartpseudo	ir/04058_sub_a22920.json	asm/04058_sub_a22920.s
4059	sub_a233dc	pseudocode/04059_sub_a233dc.dartpseudo	ir/04059_sub_a233dc.json	asm/04059_sub_a233dc.s
4060	sub_a23a64	pseudocode/04060_sub_a23a64.dartpseudo	ir/04060_sub_a23a64.json	asm/04060_sub_a23a64.s
4061	sub_a23a70	pseudocode/04061_sub_a23a70.dartpseudo	ir/04061_sub_a23a70.json	asm/04061_sub_a23a70.s
4062	sub_a2477c	pseudocode/04062_sub_a2477c.dartpseudo	ir/04062_sub_a2477c.json	asm/04062_sub_a2477c.s
4063	sub_a24794	pseudocode/04063_sub_a24794.dartpseudo	ir/04063_sub_a24794.json	asm/04063_sub_a24794.s
4064	sub_a247f4	pseudocode/04064_sub_a247f4.dartpseudo	ir/04064_sub_a247f4.json	asm/04064_sub_a247f4.s
4065	sub_a2487c	pseudocode/04065_sub_a2487c.dartpseudo	ir/04065_sub_a2487c.json	asm/04065_sub_a2487c.s
4066	sub_a24888	pseudocode/04066_sub_a24888.dartpseudo	ir/04066_sub_a24888.json	asm/04066_sub_a24888.s
4067	sub_a24894	pseudocode/04067_sub_a24894.dartpseudo	ir/04067_sub_a24894.json	asm/04067_sub_a24894.s
4068	sub_a24b94	pseudocode/04068_sub_a24b94.dartpseudo	ir/04068_sub_a24b94.json	asm/04068_sub_a24b94.s
4069	sub_a24f5c	pseudocode/04069_sub_a24f5c.dartpseudo	ir/04069_sub_a24f5c.json	asm/04069_sub_a24f5c.s
4070	sub_a250b8	pseudocode/04070_sub_a250b8.dartpseudo	ir/04070_sub_a250b8.json	asm/04070_sub_a250b8.s
4071	sub_a25b38	pseudocode/04071_sub_a25b38.dartpseudo	ir/04071_sub_a25b38.json	asm/04071_sub_a25b38.s
4072	sub_a25d78	pseudocode/04072_sub_a25d78.dartpseudo	ir/04072_sub_a25d78.json	asm/04072_sub_a25d78.s
4073	sub_a25f74	pseudocode/04073_sub_a25f74.dartpseudo	ir/04073_sub_a25f74.json	asm/04073_sub_a25f74.s
4074	sub_a2640c	pseudocode/04074_sub_a2640c.dartpseudo	ir/04074_sub_a2640c.json	asm/04074_sub_a2640c.s
4075	sub_a26470	pseudocode/04075_sub_a26470.dartpseudo	ir/04075_sub_a26470.json	asm/04075_sub_a26470.s
4076	sub_a286f8	pseudocode/04076_sub_a286f8.dartpseudo	ir/04076_sub_a286f8.json	asm/04076_sub_a286f8.s
4077	sub_a293c8	pseudocode/04077_sub_a293c8.dartpseudo	ir/04077_sub_a293c8.json	asm/04077_sub_a293c8.s
4078	sub_a294bc	pseudocode/04078_sub_a294bc.dartpseudo	ir/04078_sub_a294bc.json	asm/04078_sub_a294bc.s
4079	sub_a2959c	pseudocode/04079_sub_a2959c.dartpseudo	ir/04079_sub_a2959c.json	asm/04079_sub_a2959c.s
4080	sub_a29ac4	pseudocode/04080_sub_a29ac4.dartpseudo	ir/04080_sub_a29ac4.json	asm/04080_sub_a29ac4.s
4081	sub_a2a208	pseudocode/04081_sub_a2a208.dartpseudo	ir/04081_sub_a2a208.json	asm/04081_sub_a2a208.s
4082	sub_a2a2cc	pseudocode/04082_sub_a2a2cc.dartpseudo	ir/04082_sub_a2a2cc.json	asm/04082_sub_a2a2cc.s
4083	sub_a2e898	pseudocode/04083_sub_a2e898.dartpseudo	ir/04083_sub_a2e898.json	asm/04083_sub_a2e898.s
4084	sub_a2e960	pseudocode/04084_sub_a2e960.dartpseudo	ir/04084_sub_a2e960.json	asm/04084_sub_a2e960.s
4085	sub_a2ea04	pseudocode/04085_sub_a2ea04.dartpseudo	ir/04085_sub_a2ea04.json	asm/04085_sub_a2ea04.s
4086	sub_a2eaa8	pseudocode/04086_sub_a2eaa8.dartpseudo	ir/04086_sub_a2eaa8.json	asm/04086_sub_a2eaa8.s
4087	sub_a2eb4c	pseudocode/04087_sub_a2eb4c.dartpseudo	ir/04087_sub_a2eb4c.json	asm/04087_sub_a2eb4c.s
4088	sub_a2ec1c	pseudocode/04088_sub_a2ec1c.dartpseudo	ir/04088_sub_a2ec1c.json	asm/04088_sub_a2ec1c.s
4089	sub_a2ecec	pseudocode/04089_sub_a2ecec.dartpseudo	ir/04089_sub_a2ecec.json	asm/04089_sub_a2ecec.s
4090	sub_a2edbc	pseudocode/04090_sub_a2edbc.dartpseudo	ir/04090_sub_a2edbc.json	asm/04090_sub_a2edbc.s
4091	sub_a2ee8c	pseudocode/04091_sub_a2ee8c.dartpseudo	ir/04091_sub_a2ee8c.json	asm/04091_sub_a2ee8c.s
4092	sub_a2ee98	pseudocode/04092_sub_a2ee98.dartpseudo	ir/04092_sub_a2ee98.json	asm/04092_sub_a2ee98.s
4093	sub_a2ef98	pseudocode/04093_sub_a2ef98.dartpseudo	ir/04093_sub_a2ef98.json	asm/04093_sub_a2ef98.s
4094	sub_a30574	pseudocode/04094_sub_a30574.dartpseudo	ir/04094_sub_a30574.json	asm/04094_sub_a30574.s
4095	sub_a30a98	pseudocode/04095_sub_a30a98.dartpseudo	ir/04095_sub_a30a98.json	asm/04095_sub_a30a98.s
4096	sub_a3238c	pseudocode/04096_sub_a3238c.dartpseudo	ir/04096_sub_a3238c.json	asm/04096_sub_a3238c.s
4097	sub_a32448	pseudocode/04097_sub_a32448.dartpseudo	ir/04097_sub_a32448.json	asm/04097_sub_a32448.s
4098	sub_a326b8	pseudocode/04098_sub_a326b8.dartpseudo	ir/04098_sub_a326b8.json	asm/04098_sub_a326b8.s
4099	sub_a336d4	pseudocode/04099_sub_a336d4.dartpseudo	ir/04099_sub_a336d4.json	asm/04099_sub_a336d4.s
4100	sub_a33b18	pseudocode/04100_sub_a33b18.dartpseudo	ir/04100_sub_a33b18.json	asm/04100_sub_a33b18.s
4101	sub_a347c8	pseudocode/04101_sub_a347c8.dartpseudo	ir/04101_sub_a347c8.json	asm/04101_sub_a347c8.s
4102	sub_a349b8	pseudocode/04102_sub_a349b8.dartpseudo	ir/04102_sub_a349b8.json	asm/04102_sub_a349b8.s
4103	sub_a34bf0	pseudocode/04103_sub_a34bf0.dartpseudo	ir/04103_sub_a34bf0.json	asm/04103_sub_a34bf0.s
4104	sub_a35928	pseudocode/04104_sub_a35928.dartpseudo	ir/04104_sub_a35928.json	asm/04104_sub_a35928.s
4105	sub_a35a2c	pseudocode/04105_sub_a35a2c.dartpseudo	ir/04105_sub_a35a2c.json	asm/04105_sub_a35a2c.s
4106	sub_a35a74	pseudocode/04106_sub_a35a74.dartpseudo	ir/04106_sub_a35a74.json	asm/04106_sub_a35a74.s
4107	sub_a3666c	pseudocode/04107_sub_a3666c.dartpseudo	ir/04107_sub_a3666c.json	asm/04107_sub_a3666c.s
4108	sub_a36840	pseudocode/04108_sub_a36840.dartpseudo	ir/04108_sub_a36840.json	asm/04108_sub_a36840.s
4109	sub_a36bd4	pseudocode/04109_sub_a36bd4.dartpseudo	ir/04109_sub_a36bd4.json	asm/04109_sub_a36bd4.s
4110	sub_a36bf4	pseudocode/04110_sub_a36bf4.dartpseudo	ir/04110_sub_a36bf4.json	asm/04110_sub_a36bf4.s
4111	sub_a36dc0	pseudocode/04111_sub_a36dc0.dartpseudo	ir/04111_sub_a36dc0.json	asm/04111_sub_a36dc0.s
4112	sub_a37fe4	pseudocode/04112_sub_a37fe4.dartpseudo	ir/04112_sub_a37fe4.json	asm/04112_sub_a37fe4.s
4113	sub_a3923c	pseudocode/04113_sub_a3923c.dartpseudo	ir/04113_sub_a3923c.json	asm/04113_sub_a3923c.s
4114	sub_a39868	pseudocode/04114_sub_a39868.dartpseudo	ir/04114_sub_a39868.json	asm/04114_sub_a39868.s
4115	sub_a39a18	pseudocode/04115_sub_a39a18.dartpseudo	ir/04115_sub_a39a18.json	asm/04115_sub_a39a18.s
4116	sub_a39f00	pseudocode/04116_sub_a39f00.dartpseudo	ir/04116_sub_a39f00.json	asm/04116_sub_a39f00.s
4117	sub_a3a19c	pseudocode/04117_sub_a3a19c.dartpseudo	ir/04117_sub_a3a19c.json	asm/04117_sub_a3a19c.s
4118	sub_a3a5d4	pseudocode/04118_sub_a3a5d4.dartpseudo	ir/04118_sub_a3a5d4.json	asm/04118_sub_a3a5d4.s
4119	sub_a3a708	pseudocode/04119_sub_a3a708.dartpseudo	ir/04119_sub_a3a708.json	asm/04119_sub_a3a708.s
4120	sub_a3d100	pseudocode/04120_sub_a3d100.dartpseudo	ir/04120_sub_a3d100.json	asm/04120_sub_a3d100.s
4121	sub_a3d118	pseudocode/04121_sub_a3d118.dartpseudo	ir/04121_sub_a3d118.json	asm/04121_sub_a3d118.s
4122	sub_a3d228	pseudocode/04122_sub_a3d228.dartpseudo	ir/04122_sub_a3d228.json	asm/04122_sub_a3d228.s
4123	sub_a3d7ec	pseudocode/04123_sub_a3d7ec.dartpseudo	ir/04123_sub_a3d7ec.json	asm/04123_sub_a3d7ec.s
4124	sub_a3f854	pseudocode/04124_sub_a3f854.dartpseudo	ir/04124_sub_a3f854.json	asm/04124_sub_a3f854.s
4125	sub_a3f930	pseudocode/04125_sub_a3f930.dartpseudo	ir/04125_sub_a3f930.json	asm/04125_sub_a3f930.s
4126	sub_a41314	pseudocode/04126_sub_a41314.dartpseudo	ir/04126_sub_a41314.json	asm/04126_sub_a41314.s
4127	sub_a413b8	pseudocode/04127_sub_a413b8.dartpseudo	ir/04127_sub_a413b8.json	asm/04127_sub_a413b8.s
4128	sub_a41be0	pseudocode/04128_sub_a41be0.dartpseudo	ir/04128_sub_a41be0.json	asm/04128_sub_a41be0.s
4129	sub_a41d90	pseudocode/04129_sub_a41d90.dartpseudo	ir/04129_sub_a41d90.json	asm/04129_sub_a41d90.s
4130	sub_a41d9c	pseudocode/04130_sub_a41d9c.dartpseudo	ir/04130_sub_a41d9c.json	asm/04130_sub_a41d9c.s
4131	sub_a41da8	pseudocode/04131_sub_a41da8.dartpseudo	ir/04131_sub_a41da8.json	asm/04131_sub_a41da8.s
4132	sub_a41db4	pseudocode/04132_sub_a41db4.dartpseudo	ir/04132_sub_a41db4.json	asm/04132_sub_a41db4.s
4133	sub_a41dc0	pseudocode/04133_sub_a41dc0.dartpseudo	ir/04133_sub_a41dc0.json	asm/04133_sub_a41dc0.s
4134	sub_a41f08	pseudocode/04134_sub_a41f08.dartpseudo	ir/04134_sub_a41f08.json	asm/04134_sub_a41f08.s
4135	sub_a43b28	pseudocode/04135_sub_a43b28.dartpseudo	ir/04135_sub_a43b28.json	asm/04135_sub_a43b28.s
4136	sub_a43d80	pseudocode/04136_sub_a43d80.dartpseudo	ir/04136_sub_a43d80.json	asm/04136_sub_a43d80.s
4137	sub_a44070	pseudocode/04137_sub_a44070.dartpseudo	ir/04137_sub_a44070.json	asm/04137_sub_a44070.s
4138	sub_a441a0	pseudocode/04138_sub_a441a0.dartpseudo	ir/04138_sub_a441a0.json	asm/04138_sub_a441a0.s
4139	sub_a44244	pseudocode/04139_sub_a44244.dartpseudo	ir/04139_sub_a44244.json	asm/04139_sub_a44244.s
4140	sub_a4454c	pseudocode/04140_sub_a4454c.dartpseudo	ir/04140_sub_a4454c.json	asm/04140_sub_a4454c.s
4141	sub_a44558	pseudocode/04141_sub_a44558.dartpseudo	ir/04141_sub_a44558.json	asm/04141_sub_a44558.s
4142	sub_a448dc	pseudocode/04142_sub_a448dc.dartpseudo	ir/04142_sub_a448dc.json	asm/04142_sub_a448dc.s
4143	sub_a44e58	pseudocode/04143_sub_a44e58.dartpseudo	ir/04143_sub_a44e58.json	asm/04143_sub_a44e58.s
4144	sub_a44f04	pseudocode/04144_sub_a44f04.dartpseudo	ir/04144_sub_a44f04.json	asm/04144_sub_a44f04.s
4145	sub_a45768	pseudocode/04145_sub_a45768.dartpseudo	ir/04145_sub_a45768.json	asm/04145_sub_a45768.s
4146	sub_a45774	pseudocode/04146_sub_a45774.dartpseudo	ir/04146_sub_a45774.json	asm/04146_sub_a45774.s
4147	sub_a46518	pseudocode/04147_sub_a46518.dartpseudo	ir/04147_sub_a46518.json	asm/04147_sub_a46518.s
4148	sub_a4685c	pseudocode/04148_sub_a4685c.dartpseudo	ir/04148_sub_a4685c.json	asm/04148_sub_a4685c.s
4149	sub_a46868	pseudocode/04149_sub_a46868.dartpseudo	ir/04149_sub_a46868.json	asm/04149_sub_a46868.s
4150	sub_a4791c	pseudocode/04150_sub_a4791c.dartpseudo	ir/04150_sub_a4791c.json	asm/04150_sub_a4791c.s
4151	sub_a48e8c	pseudocode/04151_sub_a48e8c.dartpseudo	ir/04151_sub_a48e8c.json	asm/04151_sub_a48e8c.s
4152	sub_a492ec	pseudocode/04152_sub_a492ec.dartpseudo	ir/04152_sub_a492ec.json	asm/04152_sub_a492ec.s
4153	sub_a49398	pseudocode/04153_sub_a49398.dartpseudo	ir/04153_sub_a49398.json	asm/04153_sub_a49398.s
4154	sub_a495e4	pseudocode/04154_sub_a495e4.dartpseudo	ir/04154_sub_a495e4.json	asm/04154_sub_a495e4.s
4155	sub_a49d80	pseudocode/04155_sub_a49d80.dartpseudo	ir/04155_sub_a49d80.json	asm/04155_sub_a49d80.s
4156	sub_a49f5c	pseudocode/04156_sub_a49f5c.dartpseudo	ir/04156_sub_a49f5c.json	asm/04156_sub_a49f5c.s
4157	sub_a4a3b0	pseudocode/04157_sub_a4a3b0.dartpseudo	ir/04157_sub_a4a3b0.json	asm/04157_sub_a4a3b0.s
4158	sub_a4a548	pseudocode/04158_sub_a4a548.dartpseudo	ir/04158_sub_a4a548.json	asm/04158_sub_a4a548.s
4159	sub_a4a554	pseudocode/04159_sub_a4a554.dartpseudo	ir/04159_sub_a4a554.json	asm/04159_sub_a4a554.s
4160	sub_a4a7ac	pseudocode/04160_sub_a4a7ac.dartpseudo	ir/04160_sub_a4a7ac.json	asm/04160_sub_a4a7ac.s
4161	sub_a4a888	pseudocode/04161_sub_a4a888.dartpseudo	ir/04161_sub_a4a888.json	asm/04161_sub_a4a888.s
4162	sub_a4a994	pseudocode/04162_sub_a4a994.dartpseudo	ir/04162_sub_a4a994.json	asm/04162_sub_a4a994.s
4163	sub_a4ae74	pseudocode/04163_sub_a4ae74.dartpseudo	ir/04163_sub_a4ae74.json	asm/04163_sub_a4ae74.s
4164	sub_a4b024	pseudocode/04164_sub_a4b024.dartpseudo	ir/04164_sub_a4b024.json	asm/04164_sub_a4b024.s
4165	sub_a4b164	pseudocode/04165_sub_a4b164.dartpseudo	ir/04165_sub_a4b164.json	asm/04165_sub_a4b164.s
4166	sub_a4b3a8	pseudocode/04166_sub_a4b3a8.dartpseudo	ir/04166_sub_a4b3a8.json	asm/04166_sub_a4b3a8.s
4167	sub_a4b4f8	pseudocode/04167_sub_a4b4f8.dartpseudo	ir/04167_sub_a4b4f8.json	asm/04167_sub_a4b4f8.s
4168	sub_a4b5fc	pseudocode/04168_sub_a4b5fc.dartpseudo	ir/04168_sub_a4b5fc.json	asm/04168_sub_a4b5fc.s
4169	sub_a4c100	pseudocode/04169_sub_a4c100.dartpseudo	ir/04169_sub_a4c100.json	asm/04169_sub_a4c100.s
4170	sub_a4ca48	pseudocode/04170_sub_a4ca48.dartpseudo	ir/04170_sub_a4ca48.json	asm/04170_sub_a4ca48.s
4171	sub_a4cc04	pseudocode/04171_sub_a4cc04.dartpseudo	ir/04171_sub_a4cc04.json	asm/04171_sub_a4cc04.s
4172	sub_a4d938	pseudocode/04172_sub_a4d938.dartpseudo	ir/04172_sub_a4d938.json	asm/04172_sub_a4d938.s
4173	sub_a4dd54	pseudocode/04173_sub_a4dd54.dartpseudo	ir/04173_sub_a4dd54.json	asm/04173_sub_a4dd54.s
4174	sub_a4e340	pseudocode/04174_sub_a4e340.dartpseudo	ir/04174_sub_a4e340.json	asm/04174_sub_a4e340.s
4175	sub_a4e7cc	pseudocode/04175_sub_a4e7cc.dartpseudo	ir/04175_sub_a4e7cc.json	asm/04175_sub_a4e7cc.s
4176	sub_a4e85c	pseudocode/04176_sub_a4e85c.dartpseudo	ir/04176_sub_a4e85c.json	asm/04176_sub_a4e85c.s
4177	sub_a4e8fc	pseudocode/04177_sub_a4e8fc.dartpseudo	ir/04177_sub_a4e8fc.json	asm/04177_sub_a4e8fc.s
4178	sub_a4ee54	pseudocode/04178_sub_a4ee54.dartpseudo	ir/04178_sub_a4ee54.json	asm/04178_sub_a4ee54.s
4179	sub_a4f18c	pseudocode/04179_sub_a4f18c.dartpseudo	ir/04179_sub_a4f18c.json	asm/04179_sub_a4f18c.s
4180	sub_a4f3cc	pseudocode/04180_sub_a4f3cc.dartpseudo	ir/04180_sub_a4f3cc.json	asm/04180_sub_a4f3cc.s
4181	sub_a4f794	pseudocode/04181_sub_a4f794.dartpseudo	ir/04181_sub_a4f794.json	asm/04181_sub_a4f794.s
4182	sub_a4fd08	pseudocode/04182_sub_a4fd08.dartpseudo	ir/04182_sub_a4fd08.json	asm/04182_sub_a4fd08.s
4183	sub_a4fefc	pseudocode/04183_sub_a4fefc.dartpseudo	ir/04183_sub_a4fefc.json	asm/04183_sub_a4fefc.s
4184	sub_a531b0	pseudocode/04184_sub_a531b0.dartpseudo	ir/04184_sub_a531b0.json	asm/04184_sub_a531b0.s
4185	sub_a544c0	pseudocode/04185_sub_a544c0.dartpseudo	ir/04185_sub_a544c0.json	asm/04185_sub_a544c0.s
4186	sub_a54eb0	pseudocode/04186_sub_a54eb0.dartpseudo	ir/04186_sub_a54eb0.json	asm/04186_sub_a54eb0.s
4187	sub_a54ebc	pseudocode/04187_sub_a54ebc.dartpseudo	ir/04187_sub_a54ebc.json	asm/04187_sub_a54ebc.s
4188	sub_a57e8c	pseudocode/04188_sub_a57e8c.dartpseudo	ir/04188_sub_a57e8c.json	asm/04188_sub_a57e8c.s
4189	sub_a57e98	pseudocode/04189_sub_a57e98.dartpseudo	ir/04189_sub_a57e98.json	asm/04189_sub_a57e98.s
4190	sub_a583a4	pseudocode/04190_sub_a583a4.dartpseudo	ir/04190_sub_a583a4.json	asm/04190_sub_a583a4.s
4191	sub_a58638	pseudocode/04191_sub_a58638.dartpseudo	ir/04191_sub_a58638.json	asm/04191_sub_a58638.s
4192	sub_a58764	pseudocode/04192_sub_a58764.dartpseudo	ir/04192_sub_a58764.json	asm/04192_sub_a58764.s
4193	sub_a59170	pseudocode/04193_sub_a59170.dartpseudo	ir/04193_sub_a59170.json	asm/04193_sub_a59170.s
4194	sub_a59d00	pseudocode/04194_sub_a59d00.dartpseudo	ir/04194_sub_a59d00.json	asm/04194_sub_a59d00.s
4195	sub_a59e50	pseudocode/04195_sub_a59e50.dartpseudo	ir/04195_sub_a59e50.json	asm/04195_sub_a59e50.s
4196	sub_a5a1f4	pseudocode/04196_sub_a5a1f4.dartpseudo	ir/04196_sub_a5a1f4.json	asm/04196_sub_a5a1f4.s
4197	sub_a5b598	pseudocode/04197_sub_a5b598.dartpseudo	ir/04197_sub_a5b598.json	asm/04197_sub_a5b598.s
4198	sub_a5bdec	pseudocode/04198_sub_a5bdec.dartpseudo	ir/04198_sub_a5bdec.json	asm/04198_sub_a5bdec.s
4199	sub_a5beb0	pseudocode/04199_sub_a5beb0.dartpseudo	ir/04199_sub_a5beb0.json	asm/04199_sub_a5beb0.s
4200	sub_a5bfb8	pseudocode/04200_sub_a5bfb8.dartpseudo	ir/04200_sub_a5bfb8.json	asm/04200_sub_a5bfb8.s
4201	sub_a5c0b0	pseudocode/04201_sub_a5c0b0.dartpseudo	ir/04201_sub_a5c0b0.json	asm/04201_sub_a5c0b0.s
4202	sub_a5c720	pseudocode/04202_sub_a5c720.dartpseudo	ir/04202_sub_a5c720.json	asm/04202_sub_a5c720.s
4203	sub_a5c7bc	pseudocode/04203_sub_a5c7bc.dartpseudo	ir/04203_sub_a5c7bc.json	asm/04203_sub_a5c7bc.s
4204	sub_a5c880	pseudocode/04204_sub_a5c880.dartpseudo	ir/04204_sub_a5c880.json	asm/04204_sub_a5c880.s
4205	sub_a5d0a4	pseudocode/04205_sub_a5d0a4.dartpseudo	ir/04205_sub_a5d0a4.json	asm/04205_sub_a5d0a4.s
4206	sub_a5d7ec	pseudocode/04206_sub_a5d7ec.dartpseudo	ir/04206_sub_a5d7ec.json	asm/04206_sub_a5d7ec.s
4207	sub_a5d8b0	pseudocode/04207_sub_a5d8b0.dartpseudo	ir/04207_sub_a5d8b0.json	asm/04207_sub_a5d8b0.s
4208	sub_a5dc6c	pseudocode/04208_sub_a5dc6c.dartpseudo	ir/04208_sub_a5dc6c.json	asm/04208_sub_a5dc6c.s
4209	sub_a5dd08	pseudocode/04209_sub_a5dd08.dartpseudo	ir/04209_sub_a5dd08.json	asm/04209_sub_a5dd08.s
4210	sub_a5e074	pseudocode/04210_sub_a5e074.dartpseudo	ir/04210_sub_a5e074.json	asm/04210_sub_a5e074.s
4211	sub_a5e620	pseudocode/04211_sub_a5e620.dartpseudo	ir/04211_sub_a5e620.json	asm/04211_sub_a5e620.s
4212	sub_a5e770	pseudocode/04212_sub_a5e770.dartpseudo	ir/04212_sub_a5e770.json	asm/04212_sub_a5e770.s
4213	sub_a5faf8	pseudocode/04213_sub_a5faf8.dartpseudo	ir/04213_sub_a5faf8.json	asm/04213_sub_a5faf8.s
4214	sub_a6021c	pseudocode/04214_sub_a6021c.dartpseudo	ir/04214_sub_a6021c.json	asm/04214_sub_a6021c.s
4215	sub_a622b8	pseudocode/04215_sub_a622b8.dartpseudo	ir/04215_sub_a622b8.json	asm/04215_sub_a622b8.s
4216	sub_a623f8	pseudocode/04216_sub_a623f8.dartpseudo	ir/04216_sub_a623f8.json	asm/04216_sub_a623f8.s
4217	sub_a62404	pseudocode/04217_sub_a62404.dartpseudo	ir/04217_sub_a62404.json	asm/04217_sub_a62404.s
4218	sub_a62474	pseudocode/04218_sub_a62474.dartpseudo	ir/04218_sub_a62474.json	asm/04218_sub_a62474.s
4219	sub_a62768	pseudocode/04219_sub_a62768.dartpseudo	ir/04219_sub_a62768.json	asm/04219_sub_a62768.s
4220	sub_a63474	pseudocode/04220_sub_a63474.dartpseudo	ir/04220_sub_a63474.json	asm/04220_sub_a63474.s
4221	sub_a640e8	pseudocode/04221_sub_a640e8.dartpseudo	ir/04221_sub_a640e8.json	asm/04221_sub_a640e8.s
4222	sub_a643e4	pseudocode/04222_sub_a643e4.dartpseudo	ir/04222_sub_a643e4.json	asm/04222_sub_a643e4.s
4223	sub_a64a18	pseudocode/04223_sub_a64a18.dartpseudo	ir/04223_sub_a64a18.json	asm/04223_sub_a64a18.s
4224	sub_a651e8	pseudocode/04224_sub_a651e8.dartpseudo	ir/04224_sub_a651e8.json	asm/04224_sub_a651e8.s
4225	sub_a65238	pseudocode/04225_sub_a65238.dartpseudo	ir/04225_sub_a65238.json	asm/04225_sub_a65238.s
4226	sub_a65540	pseudocode/04226_sub_a65540.dartpseudo	ir/04226_sub_a65540.json	asm/04226_sub_a65540.s
4227	sub_a6628c	pseudocode/04227_sub_a6628c.dartpseudo	ir/04227_sub_a6628c.json	asm/04227_sub_a6628c.s
4228	sub_a67514	pseudocode/04228_sub_a67514.dartpseudo	ir/04228_sub_a67514.json	asm/04228_sub_a67514.s
4229	sub_a67694	pseudocode/04229_sub_a67694.dartpseudo	ir/04229_sub_a67694.json	asm/04229_sub_a67694.s
4230	sub_a677bc	pseudocode/04230_sub_a677bc.dartpseudo	ir/04230_sub_a677bc.json	asm/04230_sub_a677bc.s
4231	sub_a67d90	pseudocode/04231_sub_a67d90.dartpseudo	ir/04231_sub_a67d90.json	asm/04231_sub_a67d90.s
4232	sub_a67d9c	pseudocode/04232_sub_a67d9c.dartpseudo	ir/04232_sub_a67d9c.json	asm/04232_sub_a67d9c.s
4233	sub_a6811c	pseudocode/04233_sub_a6811c.dartpseudo	ir/04233_sub_a6811c.json	asm/04233_sub_a6811c.s
4234	sub_a682b8	pseudocode/04234_sub_a682b8.dartpseudo	ir/04234_sub_a682b8.json	asm/04234_sub_a682b8.s
4235	sub_a68d9c	pseudocode/04235_sub_a68d9c.dartpseudo	ir/04235_sub_a68d9c.json	asm/04235_sub_a68d9c.s
4236	sub_a68da8	pseudocode/04236_sub_a68da8.dartpseudo	ir/04236_sub_a68da8.json	asm/04236_sub_a68da8.s
4237	sub_a68dc0	pseudocode/04237_sub_a68dc0.dartpseudo	ir/04237_sub_a68dc0.json	asm/04237_sub_a68dc0.s
4238	sub_a69880	pseudocode/04238_sub_a69880.dartpseudo	ir/04238_sub_a69880.json	asm/04238_sub_a69880.s
4239	sub_a6a030	pseudocode/04239_sub_a6a030.dartpseudo	ir/04239_sub_a6a030.json	asm/04239_sub_a6a030.s
4240	sub_a6b350	pseudocode/04240_sub_a6b350.dartpseudo	ir/04240_sub_a6b350.json	asm/04240_sub_a6b350.s
4241	sub_a6b47c	pseudocode/04241_sub_a6b47c.dartpseudo	ir/04241_sub_a6b47c.json	asm/04241_sub_a6b47c.s
4242	sub_a6c08c	pseudocode/04242_sub_a6c08c.dartpseudo	ir/04242_sub_a6c08c.json	asm/04242_sub_a6c08c.s
4243	sub_a6c928	pseudocode/04243_sub_a6c928.dartpseudo	ir/04243_sub_a6c928.json	asm/04243_sub_a6c928.s
4244	sub_a6ca6c	pseudocode/04244_sub_a6ca6c.dartpseudo	ir/04244_sub_a6ca6c.json	asm/04244_sub_a6ca6c.s
4245	sub_a6e320	pseudocode/04245_sub_a6e320.dartpseudo	ir/04245_sub_a6e320.json	asm/04245_sub_a6e320.s
4246	sub_a6e510	pseudocode/04246_sub_a6e510.dartpseudo	ir/04246_sub_a6e510.json	asm/04246_sub_a6e510.s
4247	sub_a6ea9c	pseudocode/04247_sub_a6ea9c.dartpseudo	ir/04247_sub_a6ea9c.json	asm/04247_sub_a6ea9c.s
4248	sub_a6ecc8	pseudocode/04248_sub_a6ecc8.dartpseudo	ir/04248_sub_a6ecc8.json	asm/04248_sub_a6ecc8.s
4249	sub_a6edd4	pseudocode/04249_sub_a6edd4.dartpseudo	ir/04249_sub_a6edd4.json	asm/04249_sub_a6edd4.s
4250	sub_a6f10c	pseudocode/04250_sub_a6f10c.dartpseudo	ir/04250_sub_a6f10c.json	asm/04250_sub_a6f10c.s
4251	sub_a6f584	pseudocode/04251_sub_a6f584.dartpseudo	ir/04251_sub_a6f584.json	asm/04251_sub_a6f584.s
4252	sub_a6fe88	pseudocode/04252_sub_a6fe88.dartpseudo	ir/04252_sub_a6fe88.json	asm/04252_sub_a6fe88.s
4253	sub_a70114	pseudocode/04253_sub_a70114.dartpseudo	ir/04253_sub_a70114.json	asm/04253_sub_a70114.s
4254	sub_a70120	pseudocode/04254_sub_a70120.dartpseudo	ir/04254_sub_a70120.json	asm/04254_sub_a70120.s
4255	sub_a70218	pseudocode/04255_sub_a70218.dartpseudo	ir/04255_sub_a70218.json	asm/04255_sub_a70218.s
4256	sub_a7054c	pseudocode/04256_sub_a7054c.dartpseudo	ir/04256_sub_a7054c.json	asm/04256_sub_a7054c.s
4257	sub_a70d3c	pseudocode/04257_sub_a70d3c.dartpseudo	ir/04257_sub_a70d3c.json	asm/04257_sub_a70d3c.s
4258	sub_a71750	pseudocode/04258_sub_a71750.dartpseudo	ir/04258_sub_a71750.json	asm/04258_sub_a71750.s
4259	sub_a71aa4	pseudocode/04259_sub_a71aa4.dartpseudo	ir/04259_sub_a71aa4.json	asm/04259_sub_a71aa4.s
4260	sub_a71ae0	pseudocode/04260_sub_a71ae0.dartpseudo	ir/04260_sub_a71ae0.json	asm/04260_sub_a71ae0.s
4261	sub_a71ec4	pseudocode/04261_sub_a71ec4.dartpseudo	ir/04261_sub_a71ec4.json	asm/04261_sub_a71ec4.s
4262	sub_a72080	pseudocode/04262_sub_a72080.dartpseudo	ir/04262_sub_a72080.json	asm/04262_sub_a72080.s
4263	sub_a72120	pseudocode/04263_sub_a72120.dartpseudo	ir/04263_sub_a72120.json	asm/04263_sub_a72120.s
4264	sub_a72b44	pseudocode/04264_sub_a72b44.dartpseudo	ir/04264_sub_a72b44.json	asm/04264_sub_a72b44.s
4265	sub_a75238	pseudocode/04265_sub_a75238.dartpseudo	ir/04265_sub_a75238.json	asm/04265_sub_a75238.s
4266	sub_a753cc	pseudocode/04266_sub_a753cc.dartpseudo	ir/04266_sub_a753cc.json	asm/04266_sub_a753cc.s
4267	sub_a7543c	pseudocode/04267_sub_a7543c.dartpseudo	ir/04267_sub_a7543c.json	asm/04267_sub_a7543c.s
4268	sub_a75880	pseudocode/04268_sub_a75880.dartpseudo	ir/04268_sub_a75880.json	asm/04268_sub_a75880.s
4269	sub_a75e08	pseudocode/04269_sub_a75e08.dartpseudo	ir/04269_sub_a75e08.json	asm/04269_sub_a75e08.s
4270	sub_a76004	pseudocode/04270_sub_a76004.dartpseudo	ir/04270_sub_a76004.json	asm/04270_sub_a76004.s
4271	sub_a7621c	pseudocode/04271_sub_a7621c.dartpseudo	ir/04271_sub_a7621c.json	asm/04271_sub_a7621c.s
4272	sub_a77f8c	pseudocode/04272_sub_a77f8c.dartpseudo	ir/04272_sub_a77f8c.json	asm/04272_sub_a77f8c.s
4273	sub_a7ac84	pseudocode/04273_sub_a7ac84.dartpseudo	ir/04273_sub_a7ac84.json	asm/04273_sub_a7ac84.s
4274	sub_a7ad50	pseudocode/04274_sub_a7ad50.dartpseudo	ir/04274_sub_a7ad50.json	asm/04274_sub_a7ad50.s
4275	sub_a7adfc	pseudocode/04275_sub_a7adfc.dartpseudo	ir/04275_sub_a7adfc.json	asm/04275_sub_a7adfc.s
4276	sub_a7c09c	pseudocode/04276_sub_a7c09c.dartpseudo	ir/04276_sub_a7c09c.json	asm/04276_sub_a7c09c.s
4277	sub_a7c92c	pseudocode/04277_sub_a7c92c.dartpseudo	ir/04277_sub_a7c92c.json	asm/04277_sub_a7c92c.s
4278	sub_a7ca90	pseudocode/04278_sub_a7ca90.dartpseudo	ir/04278_sub_a7ca90.json	asm/04278_sub_a7ca90.s
4279	sub_a7cacc	pseudocode/04279_sub_a7cacc.dartpseudo	ir/04279_sub_a7cacc.json	asm/04279_sub_a7cacc.s
4280	sub_a7e1bc	pseudocode/04280_sub_a7e1bc.dartpseudo	ir/04280_sub_a7e1bc.json	asm/04280_sub_a7e1bc.s
4281	sub_a7e26c	pseudocode/04281_sub_a7e26c.dartpseudo	ir/04281_sub_a7e26c.json	asm/04281_sub_a7e26c.s
4282	sub_a7e8dc	pseudocode/04282_sub_a7e8dc.dartpseudo	ir/04282_sub_a7e8dc.json	asm/04282_sub_a7e8dc.s
4283	sub_a7f148	pseudocode/04283_sub_a7f148.dartpseudo	ir/04283_sub_a7f148.json	asm/04283_sub_a7f148.s
4284	sub_a7f288	pseudocode/04284_sub_a7f288.dartpseudo	ir/04284_sub_a7f288.json	asm/04284_sub_a7f288.s
4285	sub_a7f9d0	pseudocode/04285_sub_a7f9d0.dartpseudo	ir/04285_sub_a7f9d0.json	asm/04285_sub_a7f9d0.s
4286	sub_a7fb1c	pseudocode/04286_sub_a7fb1c.dartpseudo	ir/04286_sub_a7fb1c.json	asm/04286_sub_a7fb1c.s
4287	sub_a7fd9c	pseudocode/04287_sub_a7fd9c.dartpseudo	ir/04287_sub_a7fd9c.json	asm/04287_sub_a7fd9c.s
4288	sub_a8014c	pseudocode/04288_sub_a8014c.dartpseudo	ir/04288_sub_a8014c.json	asm/04288_sub_a8014c.s
4289	sub_a80370	pseudocode/04289_sub_a80370.dartpseudo	ir/04289_sub_a80370.json	asm/04289_sub_a80370.s
4290	sub_a80444	pseudocode/04290_sub_a80444.dartpseudo	ir/04290_sub_a80444.json	asm/04290_sub_a80444.s
4291	sub_a804f0	pseudocode/04291_sub_a804f0.dartpseudo	ir/04291_sub_a804f0.json	asm/04291_sub_a804f0.s
4292	sub_a80618	pseudocode/04292_sub_a80618.dartpseudo	ir/04292_sub_a80618.json	asm/04292_sub_a80618.s
4293	sub_a80728	pseudocode/04293_sub_a80728.dartpseudo	ir/04293_sub_a80728.json	asm/04293_sub_a80728.s
4294	sub_a80910	pseudocode/04294_sub_a80910.dartpseudo	ir/04294_sub_a80910.json	asm/04294_sub_a80910.s
4295	sub_a80bac	pseudocode/04295_sub_a80bac.dartpseudo	ir/04295_sub_a80bac.json	asm/04295_sub_a80bac.s
4296	sub_a80d20	pseudocode/04296_sub_a80d20.dartpseudo	ir/04296_sub_a80d20.json	asm/04296_sub_a80d20.s
4297	sub_a815b4	pseudocode/04297_sub_a815b4.dartpseudo	ir/04297_sub_a815b4.json	asm/04297_sub_a815b4.s
4298	sub_a81704	pseudocode/04298_sub_a81704.dartpseudo	ir/04298_sub_a81704.json	asm/04298_sub_a81704.s
4299	sub_a81844	pseudocode/04299_sub_a81844.dartpseudo	ir/04299_sub_a81844.json	asm/04299_sub_a81844.s
4300	sub_a82224	pseudocode/04300_sub_a82224.dartpseudo	ir/04300_sub_a82224.json	asm/04300_sub_a82224.s
4301	sub_a8239c	pseudocode/04301_sub_a8239c.dartpseudo	ir/04301_sub_a8239c.json	asm/04301_sub_a8239c.s
4302	sub_a82658	pseudocode/04302_sub_a82658.dartpseudo	ir/04302_sub_a82658.json	asm/04302_sub_a82658.s
4303	sub_a82764	pseudocode/04303_sub_a82764.dartpseudo	ir/04303_sub_a82764.json	asm/04303_sub_a82764.s
4304	sub_a82f1c	pseudocode/04304_sub_a82f1c.dartpseudo	ir/04304_sub_a82f1c.json	asm/04304_sub_a82f1c.s
4305	sub_a82fa8	pseudocode/04305_sub_a82fa8.dartpseudo	ir/04305_sub_a82fa8.json	asm/04305_sub_a82fa8.s
4306	sub_a8318c	pseudocode/04306_sub_a8318c.dartpseudo	ir/04306_sub_a8318c.json	asm/04306_sub_a8318c.s
4307	sub_a83ac4	pseudocode/04307_sub_a83ac4.dartpseudo	ir/04307_sub_a83ac4.json	asm/04307_sub_a83ac4.s
4308	sub_a83c04	pseudocode/04308_sub_a83c04.dartpseudo	ir/04308_sub_a83c04.json	asm/04308_sub_a83c04.s
4309	sub_a83d18	pseudocode/04309_sub_a83d18.dartpseudo	ir/04309_sub_a83d18.json	asm/04309_sub_a83d18.s
4310	sub_a83e64	pseudocode/04310_sub_a83e64.dartpseudo	ir/04310_sub_a83e64.json	asm/04310_sub_a83e64.s
4311	sub_a83f48	pseudocode/04311_sub_a83f48.dartpseudo	ir/04311_sub_a83f48.json	asm/04311_sub_a83f48.s
4312	sub_a84318	pseudocode/04312_sub_a84318.dartpseudo	ir/04312_sub_a84318.json	asm/04312_sub_a84318.s
4313	sub_a84324	pseudocode/04313_sub_a84324.dartpseudo	ir/04313_sub_a84324.json	asm/04313_sub_a84324.s
4314	sub_a84504	pseudocode/04314_sub_a84504.dartpseudo	ir/04314_sub_a84504.json	asm/04314_sub_a84504.s
4315	sub_a845f8	pseudocode/04315_sub_a845f8.dartpseudo	ir/04315_sub_a845f8.json	asm/04315_sub_a845f8.s
4316	sub_a84700	pseudocode/04316_sub_a84700.dartpseudo	ir/04316_sub_a84700.json	asm/04316_sub_a84700.s
4317	sub_a8533c	pseudocode/04317_sub_a8533c.dartpseudo	ir/04317_sub_a8533c.json	asm/04317_sub_a8533c.s
4318	sub_a85414	pseudocode/04318_sub_a85414.dartpseudo	ir/04318_sub_a85414.json	asm/04318_sub_a85414.s
4319	sub_a856e8	pseudocode/04319_sub_a856e8.dartpseudo	ir/04319_sub_a856e8.json	asm/04319_sub_a856e8.s
4320	sub_a8579c	pseudocode/04320_sub_a8579c.dartpseudo	ir/04320_sub_a8579c.json	asm/04320_sub_a8579c.s
4321	sub_a85c94	pseudocode/04321_sub_a85c94.dartpseudo	ir/04321_sub_a85c94.json	asm/04321_sub_a85c94.s
4322	sub_a85de4	pseudocode/04322_sub_a85de4.dartpseudo	ir/04322_sub_a85de4.json	asm/04322_sub_a85de4.s
4323	sub_a86270	pseudocode/04323_sub_a86270.dartpseudo	ir/04323_sub_a86270.json	asm/04323_sub_a86270.s
4324	sub_a86944	pseudocode/04324_sub_a86944.dartpseudo	ir/04324_sub_a86944.json	asm/04324_sub_a86944.s
4325	sub_a86988	pseudocode/04325_sub_a86988.dartpseudo	ir/04325_sub_a86988.json	asm/04325_sub_a86988.s
4326	sub_a86d68	pseudocode/04326_sub_a86d68.dartpseudo	ir/04326_sub_a86d68.json	asm/04326_sub_a86d68.s
4327	sub_a86da8	pseudocode/04327_sub_a86da8.dartpseudo	ir/04327_sub_a86da8.json	asm/04327_sub_a86da8.s
4328	sub_a86e20	pseudocode/04328_sub_a86e20.dartpseudo	ir/04328_sub_a86e20.json	asm/04328_sub_a86e20.s
4329	sub_a86e4c	pseudocode/04329_sub_a86e4c.dartpseudo	ir/04329_sub_a86e4c.json	asm/04329_sub_a86e4c.s
4330	sub_a87788	pseudocode/04330_sub_a87788.dartpseudo	ir/04330_sub_a87788.json	asm/04330_sub_a87788.s
4331	sub_a878e0	pseudocode/04331_sub_a878e0.dartpseudo	ir/04331_sub_a878e0.json	asm/04331_sub_a878e0.s
4332	sub_a879bc	pseudocode/04332_sub_a879bc.dartpseudo	ir/04332_sub_a879bc.json	asm/04332_sub_a879bc.s
4333	sub_a87b44	pseudocode/04333_sub_a87b44.dartpseudo	ir/04333_sub_a87b44.json	asm/04333_sub_a87b44.s
4334	sub_a87b50	pseudocode/04334_sub_a87b50.dartpseudo	ir/04334_sub_a87b50.json	asm/04334_sub_a87b50.s
4335	sub_a87d28	pseudocode/04335_sub_a87d28.dartpseudo	ir/04335_sub_a87d28.json	asm/04335_sub_a87d28.s
4336	sub_a87d74	pseudocode/04336_sub_a87d74.dartpseudo	ir/04336_sub_a87d74.json	asm/04336_sub_a87d74.s
4337	sub_a88288	pseudocode/04337_sub_a88288.dartpseudo	ir/04337_sub_a88288.json	asm/04337_sub_a88288.s
4338	sub_a8880c	pseudocode/04338_sub_a8880c.dartpseudo	ir/04338_sub_a8880c.json	asm/04338_sub_a8880c.s
4339	sub_a88874	pseudocode/04339_sub_a88874.dartpseudo	ir/04339_sub_a88874.json	asm/04339_sub_a88874.s
4340	sub_a888bc	pseudocode/04340_sub_a888bc.dartpseudo	ir/04340_sub_a888bc.json	asm/04340_sub_a888bc.s
4341	sub_a88b38	pseudocode/04341_sub_a88b38.dartpseudo	ir/04341_sub_a88b38.json	asm/04341_sub_a88b38.s
4342	sub_a895d8	pseudocode/04342_sub_a895d8.dartpseudo	ir/04342_sub_a895d8.json	asm/04342_sub_a895d8.s
4343	sub_a896b4	pseudocode/04343_sub_a896b4.dartpseudo	ir/04343_sub_a896b4.json	asm/04343_sub_a896b4.s
4344	sub_a89790	pseudocode/04344_sub_a89790.dartpseudo	ir/04344_sub_a89790.json	asm/04344_sub_a89790.s
4345	sub_a89a30	pseudocode/04345_sub_a89a30.dartpseudo	ir/04345_sub_a89a30.json	asm/04345_sub_a89a30.s
4346	sub_a89ac4	pseudocode/04346_sub_a89ac4.dartpseudo	ir/04346_sub_a89ac4.json	asm/04346_sub_a89ac4.s
4347	sub_a89be0	pseudocode/04347_sub_a89be0.dartpseudo	ir/04347_sub_a89be0.json	asm/04347_sub_a89be0.s
4348	sub_a89c04	pseudocode/04348_sub_a89c04.dartpseudo	ir/04348_sub_a89c04.json	asm/04348_sub_a89c04.s
4349	sub_a89c10	pseudocode/04349_sub_a89c10.dartpseudo	ir/04349_sub_a89c10.json	asm/04349_sub_a89c10.s
4350	sub_a89d7c	pseudocode/04350_sub_a89d7c.dartpseudo	ir/04350_sub_a89d7c.json	asm/04350_sub_a89d7c.s
4351	sub_a8a4a8	pseudocode/04351_sub_a8a4a8.dartpseudo	ir/04351_sub_a8a4a8.json	asm/04351_sub_a8a4a8.s
4352	sub_a8a550	pseudocode/04352_sub_a8a550.dartpseudo	ir/04352_sub_a8a550.json	asm/04352_sub_a8a550.s
4353	sub_a8b97c	pseudocode/04353_sub_a8b97c.dartpseudo	ir/04353_sub_a8b97c.json	asm/04353_sub_a8b97c.s
4354	sub_a8bac0	pseudocode/04354_sub_a8bac0.dartpseudo	ir/04354_sub_a8bac0.json	asm/04354_sub_a8bac0.s
4355	sub_a8bcc4	pseudocode/04355_sub_a8bcc4.dartpseudo	ir/04355_sub_a8bcc4.json	asm/04355_sub_a8bcc4.s
4356	sub_a8d71c	pseudocode/04356_sub_a8d71c.dartpseudo	ir/04356_sub_a8d71c.json	asm/04356_sub_a8d71c.s
4357	sub_a8d80c	pseudocode/04357_sub_a8d80c.dartpseudo	ir/04357_sub_a8d80c.json	asm/04357_sub_a8d80c.s
4358	sub_a8eac4	pseudocode/04358_sub_a8eac4.dartpseudo	ir/04358_sub_a8eac4.json	asm/04358_sub_a8eac4.s
4359	sub_a8eb58	pseudocode/04359_sub_a8eb58.dartpseudo	ir/04359_sub_a8eb58.json	asm/04359_sub_a8eb58.s
4360	sub_a8ee10	pseudocode/04360_sub_a8ee10.dartpseudo	ir/04360_sub_a8ee10.json	asm/04360_sub_a8ee10.s
4361	sub_a8ee1c	pseudocode/04361_sub_a8ee1c.dartpseudo	ir/04361_sub_a8ee1c.json	asm/04361_sub_a8ee1c.s
4362	sub_a8ee40	pseudocode/04362_sub_a8ee40.dartpseudo	ir/04362_sub_a8ee40.json	asm/04362_sub_a8ee40.s
4363	sub_a8f008	pseudocode/04363_sub_a8f008.dartpseudo	ir/04363_sub_a8f008.json	asm/04363_sub_a8f008.s
4364	sub_a8f014	pseudocode/04364_sub_a8f014.dartpseudo	ir/04364_sub_a8f014.json	asm/04364_sub_a8f014.s
4365	sub_a8f14c	pseudocode/04365_sub_a8f14c.dartpseudo	ir/04365_sub_a8f14c.json	asm/04365_sub_a8f14c.s
4366	sub_a8f884	pseudocode/04366_sub_a8f884.dartpseudo	ir/04366_sub_a8f884.json	asm/04366_sub_a8f884.s
4367	sub_a91104	pseudocode/04367_sub_a91104.dartpseudo	ir/04367_sub_a91104.json	asm/04367_sub_a91104.s
4368	sub_a912fc	pseudocode/04368_sub_a912fc.dartpseudo	ir/04368_sub_a912fc.json	asm/04368_sub_a912fc.s
4369	sub_a91480	pseudocode/04369_sub_a91480.dartpseudo	ir/04369_sub_a91480.json	asm/04369_sub_a91480.s
4370	sub_a91d58	pseudocode/04370_sub_a91d58.dartpseudo	ir/04370_sub_a91d58.json	asm/04370_sub_a91d58.s
4371	sub_a92770	pseudocode/04371_sub_a92770.dartpseudo	ir/04371_sub_a92770.json	asm/04371_sub_a92770.s
4372	sub_a947f0	pseudocode/04372_sub_a947f0.dartpseudo	ir/04372_sub_a947f0.json	asm/04372_sub_a947f0.s
4373	sub_a94854	pseudocode/04373_sub_a94854.dartpseudo	ir/04373_sub_a94854.json	asm/04373_sub_a94854.s
4374	sub_a94a24	pseudocode/04374_sub_a94a24.dartpseudo	ir/04374_sub_a94a24.json	asm/04374_sub_a94a24.s
4375	sub_a956ec	pseudocode/04375_sub_a956ec.dartpseudo	ir/04375_sub_a956ec.json	asm/04375_sub_a956ec.s
4376	sub_a957ec	pseudocode/04376_sub_a957ec.dartpseudo	ir/04376_sub_a957ec.json	asm/04376_sub_a957ec.s
4377	sub_a96730	pseudocode/04377_sub_a96730.dartpseudo	ir/04377_sub_a96730.json	asm/04377_sub_a96730.s
4378	sub_a9673c	pseudocode/04378_sub_a9673c.dartpseudo	ir/04378_sub_a9673c.json	asm/04378_sub_a9673c.s
4379	sub_a96d7c	pseudocode/04379_sub_a96d7c.dartpseudo	ir/04379_sub_a96d7c.json	asm/04379_sub_a96d7c.s
4380	sub_a985f4	pseudocode/04380_sub_a985f4.dartpseudo	ir/04380_sub_a985f4.json	asm/04380_sub_a985f4.s
4381	sub_a9a38c	pseudocode/04381_sub_a9a38c.dartpseudo	ir/04381_sub_a9a38c.json	asm/04381_sub_a9a38c.s
4382	sub_a9a494	pseudocode/04382_sub_a9a494.dartpseudo	ir/04382_sub_a9a494.json	asm/04382_sub_a9a494.s
4383	sub_a9e778	pseudocode/04383_sub_a9e778.dartpseudo	ir/04383_sub_a9e778.json	asm/04383_sub_a9e778.s
4384	sub_a9f798	pseudocode/04384_sub_a9f798.dartpseudo	ir/04384_sub_a9f798.json	asm/04384_sub_a9f798.s
4385	sub_a9f7a4	pseudocode/04385_sub_a9f7a4.dartpseudo	ir/04385_sub_a9f7a4.json	asm/04385_sub_a9f7a4.s
4386	sub_a9f888	pseudocode/04386_sub_a9f888.dartpseudo	ir/04386_sub_a9f888.json	asm/04386_sub_a9f888.s
4387	sub_aa03b0	pseudocode/04387_sub_aa03b0.dartpseudo	ir/04387_sub_aa03b0.json	asm/04387_sub_aa03b0.s
4388	sub_aa0434	pseudocode/04388_sub_aa0434.dartpseudo	ir/04388_sub_aa0434.json	asm/04388_sub_aa0434.s
4389	sub_aa085c	pseudocode/04389_sub_aa085c.dartpseudo	ir/04389_sub_aa085c.json	asm/04389_sub_aa085c.s
4390	sub_aa0a08	pseudocode/04390_sub_aa0a08.dartpseudo	ir/04390_sub_aa0a08.json	asm/04390_sub_aa0a08.s
4391	sub_aa0a14	pseudocode/04391_sub_aa0a14.dartpseudo	ir/04391_sub_aa0a14.json	asm/04391_sub_aa0a14.s
4392	sub_aa0bfc	pseudocode/04392_sub_aa0bfc.dartpseudo	ir/04392_sub_aa0bfc.json	asm/04392_sub_aa0bfc.s
4393	sub_aa122c	pseudocode/04393_sub_aa122c.dartpseudo	ir/04393_sub_aa122c.json	asm/04393_sub_aa122c.s
4394	sub_aa1d74	pseudocode/04394_sub_aa1d74.dartpseudo	ir/04394_sub_aa1d74.json	asm/04394_sub_aa1d74.s
4395	sub_aa2354	pseudocode/04395_sub_aa2354.dartpseudo	ir/04395_sub_aa2354.json	asm/04395_sub_aa2354.s
4396	sub_aa238c	pseudocode/04396_sub_aa238c.dartpseudo	ir/04396_sub_aa238c.json	asm/04396_sub_aa238c.s
4397	sub_aa2d70	pseudocode/04397_sub_aa2d70.dartpseudo	ir/04397_sub_aa2d70.json	asm/04397_sub_aa2d70.s
4398	sub_aa2f5c	pseudocode/04398_sub_aa2f5c.dartpseudo	ir/04398_sub_aa2f5c.json	asm/04398_sub_aa2f5c.s
4399	sub_aa43c8	pseudocode/04399_sub_aa43c8.dartpseudo	ir/04399_sub_aa43c8.json	asm/04399_sub_aa43c8.s
4400	sub_aa45d0	pseudocode/04400_sub_aa45d0.dartpseudo	ir/04400_sub_aa45d0.json	asm/04400_sub_aa45d0.s
4401	sub_aa4ff0	pseudocode/04401_sub_aa4ff0.dartpseudo	ir/04401_sub_aa4ff0.json	asm/04401_sub_aa4ff0.s
4402	sub_aa5198	pseudocode/04402_sub_aa5198.dartpseudo	ir/04402_sub_aa5198.json	asm/04402_sub_aa5198.s
4403	sub_aa520c	pseudocode/04403_sub_aa520c.dartpseudo	ir/04403_sub_aa520c.json	asm/04403_sub_aa520c.s
4404	sub_aa5728	pseudocode/04404_sub_aa5728.dartpseudo	ir/04404_sub_aa5728.json	asm/04404_sub_aa5728.s
4405	sub_aa5cc8	pseudocode/04405_sub_aa5cc8.dartpseudo	ir/04405_sub_aa5cc8.json	asm/04405_sub_aa5cc8.s
4406	sub_aa65c4	pseudocode/04406_sub_aa65c4.dartpseudo	ir/04406_sub_aa65c4.json	asm/04406_sub_aa65c4.s
4407	sub_aa6d44	pseudocode/04407_sub_aa6d44.dartpseudo	ir/04407_sub_aa6d44.json	asm/04407_sub_aa6d44.s
4408	sub_aa80cc	pseudocode/04408_sub_aa80cc.dartpseudo	ir/04408_sub_aa80cc.json	asm/04408_sub_aa80cc.s
4409	sub_aa80d8	pseudocode/04409_sub_aa80d8.dartpseudo	ir/04409_sub_aa80d8.json	asm/04409_sub_aa80d8.s
4410	sub_aa82d0	pseudocode/04410_sub_aa82d0.dartpseudo	ir/04410_sub_aa82d0.json	asm/04410_sub_aa82d0.s
4411	sub_aa8358	pseudocode/04411_sub_aa8358.dartpseudo	ir/04411_sub_aa8358.json	asm/04411_sub_aa8358.s
4412	sub_aa84e0	pseudocode/04412_sub_aa84e0.dartpseudo	ir/04412_sub_aa84e0.json	asm/04412_sub_aa84e0.s
4413	sub_aa8600	pseudocode/04413_sub_aa8600.dartpseudo	ir/04413_sub_aa8600.json	asm/04413_sub_aa8600.s
4414	sub_aa87a8	pseudocode/04414_sub_aa87a8.dartpseudo	ir/04414_sub_aa87a8.json	asm/04414_sub_aa87a8.s
4415	sub_aa8848	pseudocode/04415_sub_aa8848.dartpseudo	ir/04415_sub_aa8848.json	asm/04415_sub_aa8848.s
4416	sub_aa9058	pseudocode/04416_sub_aa9058.dartpseudo	ir/04416_sub_aa9058.json	asm/04416_sub_aa9058.s
4417	sub_aa9450	pseudocode/04417_sub_aa9450.dartpseudo	ir/04417_sub_aa9450.json	asm/04417_sub_aa9450.s
4418	sub_aa9ee8	pseudocode/04418_sub_aa9ee8.dartpseudo	ir/04418_sub_aa9ee8.json	asm/04418_sub_aa9ee8.s
4419	sub_aa9fc4	pseudocode/04419_sub_aa9fc4.dartpseudo	ir/04419_sub_aa9fc4.json	asm/04419_sub_aa9fc4.s
4420	sub_aaab24	pseudocode/04420_sub_aaab24.dartpseudo	ir/04420_sub_aaab24.json	asm/04420_sub_aaab24.s
4421	sub_aab130	pseudocode/04421_sub_aab130.dartpseudo	ir/04421_sub_aab130.json	asm/04421_sub_aab130.s
4422	sub_aab6ac	pseudocode/04422_sub_aab6ac.dartpseudo	ir/04422_sub_aab6ac.json	asm/04422_sub_aab6ac.s
4423	sub_aab840	pseudocode/04423_sub_aab840.dartpseudo	ir/04423_sub_aab840.json	asm/04423_sub_aab840.s
4424	sub_aab8bc	pseudocode/04424_sub_aab8bc.dartpseudo	ir/04424_sub_aab8bc.json	asm/04424_sub_aab8bc.s
4425	sub_aab97c	pseudocode/04425_sub_aab97c.dartpseudo	ir/04425_sub_aab97c.json	asm/04425_sub_aab97c.s
4426	sub_aacf34	pseudocode/04426_sub_aacf34.dartpseudo	ir/04426_sub_aacf34.json	asm/04426_sub_aacf34.s
4427	sub_aacfd0	pseudocode/04427_sub_aacfd0.dartpseudo	ir/04427_sub_aacfd0.json	asm/04427_sub_aacfd0.s
4428	sub_aada94	pseudocode/04428_sub_aada94.dartpseudo	ir/04428_sub_aada94.json	asm/04428_sub_aada94.s
4429	sub_aadb2c	pseudocode/04429_sub_aadb2c.dartpseudo	ir/04429_sub_aadb2c.json	asm/04429_sub_aadb2c.s
4430	sub_aadb98	pseudocode/04430_sub_aadb98.dartpseudo	ir/04430_sub_aadb98.json	asm/04430_sub_aadb98.s
4431	sub_aadf78	pseudocode/04431_sub_aadf78.dartpseudo	ir/04431_sub_aadf78.json	asm/04431_sub_aadf78.s
4432	sub_aafd00	pseudocode/04432_sub_aafd00.dartpseudo	ir/04432_sub_aafd00.json	asm/04432_sub_aafd00.s
4433	sub_ab03f4	pseudocode/04433_sub_ab03f4.dartpseudo	ir/04433_sub_ab03f4.json	asm/04433_sub_ab03f4.s
4434	sub_ab06ac	pseudocode/04434_sub_ab06ac.dartpseudo	ir/04434_sub_ab06ac.json	asm/04434_sub_ab06ac.s
4435	sub_ab0978	pseudocode/04435_sub_ab0978.dartpseudo	ir/04435_sub_ab0978.json	asm/04435_sub_ab0978.s
4436	sub_ab0fd8	pseudocode/04436_sub_ab0fd8.dartpseudo	ir/04436_sub_ab0fd8.json	asm/04436_sub_ab0fd8.s
4437	sub_ab10a8	pseudocode/04437_sub_ab10a8.dartpseudo	ir/04437_sub_ab10a8.json	asm/04437_sub_ab10a8.s
4438	sub_ab1330	pseudocode/04438_sub_ab1330.dartpseudo	ir/04438_sub_ab1330.json	asm/04438_sub_ab1330.s
4439	sub_ab2e1c	pseudocode/04439_sub_ab2e1c.dartpseudo	ir/04439_sub_ab2e1c.json	asm/04439_sub_ab2e1c.s
4440	sub_ab51e8	pseudocode/04440_sub_ab51e8.dartpseudo	ir/04440_sub_ab51e8.json	asm/04440_sub_ab51e8.s
4441	sub_ab5fb8	pseudocode/04441_sub_ab5fb8.dartpseudo	ir/04441_sub_ab5fb8.json	asm/04441_sub_ab5fb8.s
4442	sub_ab5fc4	pseudocode/04442_sub_ab5fc4.dartpseudo	ir/04442_sub_ab5fc4.json	asm/04442_sub_ab5fc4.s
4443	sub_ab6aec	pseudocode/04443_sub_ab6aec.dartpseudo	ir/04443_sub_ab6aec.json	asm/04443_sub_ab6aec.s
4444	sub_ab8458	pseudocode/04444_sub_ab8458.dartpseudo	ir/04444_sub_ab8458.json	asm/04444_sub_ab8458.s
4445	sub_ab847c	pseudocode/04445_sub_ab847c.dartpseudo	ir/04445_sub_ab847c.json	asm/04445_sub_ab847c.s
4446	sub_ab88f8	pseudocode/04446_sub_ab88f8.dartpseudo	ir/04446_sub_ab88f8.json	asm/04446_sub_ab88f8.s
4447	sub_ab8c10	pseudocode/04447_sub_ab8c10.dartpseudo	ir/04447_sub_ab8c10.json	asm/04447_sub_ab8c10.s
4448	sub_ab92d8	pseudocode/04448_sub_ab92d8.dartpseudo	ir/04448_sub_ab92d8.json	asm/04448_sub_ab92d8.s
4449	sub_ab9b80	pseudocode/04449_sub_ab9b80.dartpseudo	ir/04449_sub_ab9b80.json	asm/04449_sub_ab9b80.s
4450	sub_aba29c	pseudocode/04450_sub_aba29c.dartpseudo	ir/04450_sub_aba29c.json	asm/04450_sub_aba29c.s
4451	sub_aba82c	pseudocode/04451_sub_aba82c.dartpseudo	ir/04451_sub_aba82c.json	asm/04451_sub_aba82c.s
4452	sub_abbf10	pseudocode/04452_sub_abbf10.dartpseudo	ir/04452_sub_abbf10.json	asm/04452_sub_abbf10.s
4453	sub_abcc40	pseudocode/04453_sub_abcc40.dartpseudo	ir/04453_sub_abcc40.json	asm/04453_sub_abcc40.s
4454	sub_abe674	pseudocode/04454_sub_abe674.dartpseudo	ir/04454_sub_abe674.json	asm/04454_sub_abe674.s
4455	sub_abf3a0	pseudocode/04455_sub_abf3a0.dartpseudo	ir/04455_sub_abf3a0.json	asm/04455_sub_abf3a0.s
4456	sub_ac011c	pseudocode/04456_sub_ac011c.dartpseudo	ir/04456_sub_ac011c.json	asm/04456_sub_ac011c.s
4457	sub_ac0e0c	pseudocode/04457_sub_ac0e0c.dartpseudo	ir/04457_sub_ac0e0c.json	asm/04457_sub_ac0e0c.s
4458	sub_ac1604	pseudocode/04458_sub_ac1604.dartpseudo	ir/04458_sub_ac1604.json	asm/04458_sub_ac1604.s
4459	sub_ac1bb0	pseudocode/04459_sub_ac1bb0.dartpseudo	ir/04459_sub_ac1bb0.json	asm/04459_sub_ac1bb0.s
4460	sub_ac21a4	pseudocode/04460_sub_ac21a4.dartpseudo	ir/04460_sub_ac21a4.json	asm/04460_sub_ac21a4.s
4461	sub_ac2408	pseudocode/04461_sub_ac2408.dartpseudo	ir/04461_sub_ac2408.json	asm/04461_sub_ac2408.s
4462	sub_ac2aa8	pseudocode/04462_sub_ac2aa8.dartpseudo	ir/04462_sub_ac2aa8.json	asm/04462_sub_ac2aa8.s
4463	sub_ac2cac	pseudocode/04463_sub_ac2cac.dartpseudo	ir/04463_sub_ac2cac.json	asm/04463_sub_ac2cac.s
4464	sub_ac2f4c	pseudocode/04464_sub_ac2f4c.dartpseudo	ir/04464_sub_ac2f4c.json	asm/04464_sub_ac2f4c.s
4465	sub_ac49ac	pseudocode/04465_sub_ac49ac.dartpseudo	ir/04465_sub_ac49ac.json	asm/04465_sub_ac49ac.s
4466	sub_ac595c	pseudocode/04466_sub_ac595c.dartpseudo	ir/04466_sub_ac595c.json	asm/04466_sub_ac595c.s
4467	sub_ac5ebc	pseudocode/04467_sub_ac5ebc.dartpseudo	ir/04467_sub_ac5ebc.json	asm/04467_sub_ac5ebc.s
4468	sub_ac607c	pseudocode/04468_sub_ac607c.dartpseudo	ir/04468_sub_ac607c.json	asm/04468_sub_ac607c.s
4469	sub_ac6768	pseudocode/04469_sub_ac6768.dartpseudo	ir/04469_sub_ac6768.json	asm/04469_sub_ac6768.s
4470	sub_ac6b18	pseudocode/04470_sub_ac6b18.dartpseudo	ir/04470_sub_ac6b18.json	asm/04470_sub_ac6b18.s
4471	sub_ac6b7c	pseudocode/04471_sub_ac6b7c.dartpseudo	ir/04471_sub_ac6b7c.json	asm/04471_sub_ac6b7c.s
4472	sub_ac73d8	pseudocode/04472_sub_ac73d8.dartpseudo	ir/04472_sub_ac73d8.json	asm/04472_sub_ac73d8.s
4473	sub_ac7c94	pseudocode/04473_sub_ac7c94.dartpseudo	ir/04473_sub_ac7c94.json	asm/04473_sub_ac7c94.s
4474	sub_ac7e24	pseudocode/04474_sub_ac7e24.dartpseudo	ir/04474_sub_ac7e24.json	asm/04474_sub_ac7e24.s
4475	sub_aca250	pseudocode/04475_sub_aca250.dartpseudo	ir/04475_sub_aca250.json	asm/04475_sub_aca250.s
4476	sub_acbb90	pseudocode/04476_sub_acbb90.dartpseudo	ir/04476_sub_acbb90.json	asm/04476_sub_acbb90.s
4477	sub_acc41c	pseudocode/04477_sub_acc41c.dartpseudo	ir/04477_sub_acc41c.json	asm/04477_sub_acc41c.s
4478	sub_acc4dc	pseudocode/04478_sub_acc4dc.dartpseudo	ir/04478_sub_acc4dc.json	asm/04478_sub_acc4dc.s
4479	sub_accb00	pseudocode/04479_sub_accb00.dartpseudo	ir/04479_sub_accb00.json	asm/04479_sub_accb00.s
4480	sub_acd490	pseudocode/04480_sub_acd490.dartpseudo	ir/04480_sub_acd490.json	asm/04480_sub_acd490.s
4481	sub_acdb28	pseudocode/04481_sub_acdb28.dartpseudo	ir/04481_sub_acdb28.json	asm/04481_sub_acdb28.s
4482	sub_ace3d8	pseudocode/04482_sub_ace3d8.dartpseudo	ir/04482_sub_ace3d8.json	asm/04482_sub_ace3d8.s
4483	sub_acea94	pseudocode/04483_sub_acea94.dartpseudo	ir/04483_sub_acea94.json	asm/04483_sub_acea94.s
4484	sub_acef9c	pseudocode/04484_sub_acef9c.dartpseudo	ir/04484_sub_acef9c.json	asm/04484_sub_acef9c.s
4485	sub_acf140	pseudocode/04485_sub_acf140.dartpseudo	ir/04485_sub_acf140.json	asm/04485_sub_acf140.s
4486	sub_acf14c	pseudocode/04486_sub_acf14c.dartpseudo	ir/04486_sub_acf14c.json	asm/04486_sub_acf14c.s
4487	sub_ad01c0	pseudocode/04487_sub_ad01c0.dartpseudo	ir/04487_sub_ad01c0.json	asm/04487_sub_ad01c0.s
4488	sub_ad01cc	pseudocode/04488_sub_ad01cc.dartpseudo	ir/04488_sub_ad01cc.json	asm/04488_sub_ad01cc.s
4489	sub_ad089c	pseudocode/04489_sub_ad089c.dartpseudo	ir/04489_sub_ad089c.json	asm/04489_sub_ad089c.s
4490	sub_ad136c	pseudocode/04490_sub_ad136c.dartpseudo	ir/04490_sub_ad136c.json	asm/04490_sub_ad136c.s
4491	sub_ad2950	pseudocode/04491_sub_ad2950.dartpseudo	ir/04491_sub_ad2950.json	asm/04491_sub_ad2950.s
4492	sub_ad383c	pseudocode/04492_sub_ad383c.dartpseudo	ir/04492_sub_ad383c.json	asm/04492_sub_ad383c.s
4493	sub_ad3ccc	pseudocode/04493_sub_ad3ccc.dartpseudo	ir/04493_sub_ad3ccc.json	asm/04493_sub_ad3ccc.s
4494	sub_ad4608	pseudocode/04494_sub_ad4608.dartpseudo	ir/04494_sub_ad4608.json	asm/04494_sub_ad4608.s
4495	sub_ad50b4	pseudocode/04495_sub_ad50b4.dartpseudo	ir/04495_sub_ad50b4.json	asm/04495_sub_ad50b4.s
4496	sub_ad5178	pseudocode/04496_sub_ad5178.dartpseudo	ir/04496_sub_ad5178.json	asm/04496_sub_ad5178.s
4497	sub_ad5244	pseudocode/04497_sub_ad5244.dartpseudo	ir/04497_sub_ad5244.json	asm/04497_sub_ad5244.s
4498	sub_ad538c	pseudocode/04498_sub_ad538c.dartpseudo	ir/04498_sub_ad538c.json	asm/04498_sub_ad538c.s
4499	sub_ad6248	pseudocode/04499_sub_ad6248.dartpseudo	ir/04499_sub_ad6248.json	asm/04499_sub_ad6248.s
4500	sub_ad685c	pseudocode/04500_sub_ad685c.dartpseudo	ir/04500_sub_ad685c.json	asm/04500_sub_ad685c.s
4501	sub_ad6868	pseudocode/04501_sub_ad6868.dartpseudo	ir/04501_sub_ad6868.json	asm/04501_sub_ad6868.s
4502	sub_ad6f14	pseudocode/04502_sub_ad6f14.dartpseudo	ir/04502_sub_ad6f14.json	asm/04502_sub_ad6f14.s
4503	sub_ad7208	pseudocode/04503_sub_ad7208.dartpseudo	ir/04503_sub_ad7208.json	asm/04503_sub_ad7208.s
4504	sub_ad866c	pseudocode/04504_sub_ad866c.dartpseudo	ir/04504_sub_ad866c.json	asm/04504_sub_ad866c.s
4505	sub_ad8e50	pseudocode/04505_sub_ad8e50.dartpseudo	ir/04505_sub_ad8e50.json	asm/04505_sub_ad8e50.s
4506	sub_ad93d8	pseudocode/04506_sub_ad93d8.dartpseudo	ir/04506_sub_ad93d8.json	asm/04506_sub_ad93d8.s
4507	sub_adb278	pseudocode/04507_sub_adb278.dartpseudo	ir/04507_sub_adb278.json	asm/04507_sub_adb278.s
4508	sub_adb5e4	pseudocode/04508_sub_adb5e4.dartpseudo	ir/04508_sub_adb5e4.json	asm/04508_sub_adb5e4.s
4509	sub_add168	pseudocode/04509_sub_add168.dartpseudo	ir/04509_sub_add168.json	asm/04509_sub_add168.s
4510	sub_add340	pseudocode/04510_sub_add340.dartpseudo	ir/04510_sub_add340.json	asm/04510_sub_add340.s
4511	sub_add4a8	pseudocode/04511_sub_add4a8.dartpseudo	ir/04511_sub_add4a8.json	asm/04511_sub_add4a8.s
4512	sub_addc04	pseudocode/04512_sub_addc04.dartpseudo	ir/04512_sub_addc04.json	asm/04512_sub_addc04.s
4513	sub_adde44	pseudocode/04513_sub_adde44.dartpseudo	ir/04513_sub_adde44.json	asm/04513_sub_adde44.s
4514	sub_addf50	pseudocode/04514_sub_addf50.dartpseudo	ir/04514_sub_addf50.json	asm/04514_sub_addf50.s
4515	sub_ade0f8	pseudocode/04515_sub_ade0f8.dartpseudo	ir/04515_sub_ade0f8.json	asm/04515_sub_ade0f8.s
4516	sub_ade494	pseudocode/04516_sub_ade494.dartpseudo	ir/04516_sub_ade494.json	asm/04516_sub_ade494.s
4517	sub_ade7b0	pseudocode/04517_sub_ade7b0.dartpseudo	ir/04517_sub_ade7b0.json	asm/04517_sub_ade7b0.s
4518	sub_ade960	pseudocode/04518_sub_ade960.dartpseudo	ir/04518_sub_ade960.json	asm/04518_sub_ade960.s
4519	sub_adf2a8	pseudocode/04519_sub_adf2a8.dartpseudo	ir/04519_sub_adf2a8.json	asm/04519_sub_adf2a8.s
4520	sub_adf408	pseudocode/04520_sub_adf408.dartpseudo	ir/04520_sub_adf408.json	asm/04520_sub_adf408.s
4521	sub_adf450	pseudocode/04521_sub_adf450.dartpseudo	ir/04521_sub_adf450.json	asm/04521_sub_adf450.s
4522	sub_adf5b8	pseudocode/04522_sub_adf5b8.dartpseudo	ir/04522_sub_adf5b8.json	asm/04522_sub_adf5b8.s
4523	sub_adf644	pseudocode/04523_sub_adf644.dartpseudo	ir/04523_sub_adf644.json	asm/04523_sub_adf644.s
4524	sub_adf7a8	pseudocode/04524_sub_adf7a8.dartpseudo	ir/04524_sub_adf7a8.json	asm/04524_sub_adf7a8.s
4525	sub_adf7b4	pseudocode/04525_sub_adf7b4.dartpseudo	ir/04525_sub_adf7b4.json	asm/04525_sub_adf7b4.s
4526	sub_adfb5c	pseudocode/04526_sub_adfb5c.dartpseudo	ir/04526_sub_adfb5c.json	asm/04526_sub_adfb5c.s
4527	sub_adfbf8	pseudocode/04527_sub_adfbf8.dartpseudo	ir/04527_sub_adfbf8.json	asm/04527_sub_adfbf8.s
4528	sub_adfd9c	pseudocode/04528_sub_adfd9c.dartpseudo	ir/04528_sub_adfd9c.json	asm/04528_sub_adfd9c.s
4529	sub_ae013c	pseudocode/04529_sub_ae013c.dartpseudo	ir/04529_sub_ae013c.json	asm/04529_sub_ae013c.s
4530	sub_ae02a4	pseudocode/04530_sub_ae02a4.dartpseudo	ir/04530_sub_ae02a4.json	asm/04530_sub_ae02a4.s
4531	sub_ae0e24	pseudocode/04531_sub_ae0e24.dartpseudo	ir/04531_sub_ae0e24.json	asm/04531_sub_ae0e24.s
4532	sub_ae0f18	pseudocode/04532_sub_ae0f18.dartpseudo	ir/04532_sub_ae0f18.json	asm/04532_sub_ae0f18.s
4533	sub_ae0f24	pseudocode/04533_sub_ae0f24.dartpseudo	ir/04533_sub_ae0f24.json	asm/04533_sub_ae0f24.s
4534	sub_ae1064	pseudocode/04534_sub_ae1064.dartpseudo	ir/04534_sub_ae1064.json	asm/04534_sub_ae1064.s
4535	sub_ae10f4	pseudocode/04535_sub_ae10f4.dartpseudo	ir/04535_sub_ae10f4.json	asm/04535_sub_ae10f4.s
4536	sub_ae1988	pseudocode/04536_sub_ae1988.dartpseudo	ir/04536_sub_ae1988.json	asm/04536_sub_ae1988.s
4537	sub_ae2614	pseudocode/04537_sub_ae2614.dartpseudo	ir/04537_sub_ae2614.json	asm/04537_sub_ae2614.s
4538	sub_ae26a4	pseudocode/04538_sub_ae26a4.dartpseudo	ir/04538_sub_ae26a4.json	asm/04538_sub_ae26a4.s
4539	sub_ae289c	pseudocode/04539_sub_ae289c.dartpseudo	ir/04539_sub_ae289c.json	asm/04539_sub_ae289c.s
4540	sub_ae28f0	pseudocode/04540_sub_ae28f0.dartpseudo	ir/04540_sub_ae28f0.json	asm/04540_sub_ae28f0.s
4541	sub_ae2dac	pseudocode/04541_sub_ae2dac.dartpseudo	ir/04541_sub_ae2dac.json	asm/04541_sub_ae2dac.s
4542	sub_ae3130	pseudocode/04542_sub_ae3130.dartpseudo	ir/04542_sub_ae3130.json	asm/04542_sub_ae3130.s
4543	sub_ae32ec	pseudocode/04543_sub_ae32ec.dartpseudo	ir/04543_sub_ae32ec.json	asm/04543_sub_ae32ec.s
4544	sub_ae501c	pseudocode/04544_sub_ae501c.dartpseudo	ir/04544_sub_ae501c.json	asm/04544_sub_ae501c.s
4545	sub_ae593c	pseudocode/04545_sub_ae593c.dartpseudo	ir/04545_sub_ae593c.json	asm/04545_sub_ae593c.s
4546	sub_ae6a48	pseudocode/04546_sub_ae6a48.dartpseudo	ir/04546_sub_ae6a48.json	asm/04546_sub_ae6a48.s
4547	sub_ae8414	pseudocode/04547_sub_ae8414.dartpseudo	ir/04547_sub_ae8414.json	asm/04547_sub_ae8414.s
4548	sub_ae97d8	pseudocode/04548_sub_ae97d8.dartpseudo	ir/04548_sub_ae97d8.json	asm/04548_sub_ae97d8.s
4549	sub_ae9ab4	pseudocode/04549_sub_ae9ab4.dartpseudo	ir/04549_sub_ae9ab4.json	asm/04549_sub_ae9ab4.s
4550	sub_ae9eac	pseudocode/04550_sub_ae9eac.dartpseudo	ir/04550_sub_ae9eac.json	asm/04550_sub_ae9eac.s
4551	sub_ae9fbc	pseudocode/04551_sub_ae9fbc.dartpseudo	ir/04551_sub_ae9fbc.json	asm/04551_sub_ae9fbc.s
4552	sub_aea570	pseudocode/04552_sub_aea570.dartpseudo	ir/04552_sub_aea570.json	asm/04552_sub_aea570.s
4553	sub_aeaaf4	pseudocode/04553_sub_aeaaf4.dartpseudo	ir/04553_sub_aeaaf4.json	asm/04553_sub_aeaaf4.s
4554	sub_af1430	pseudocode/04554_sub_af1430.dartpseudo	ir/04554_sub_af1430.json	asm/04554_sub_af1430.s
4555	sub_af186c	pseudocode/04555_sub_af186c.dartpseudo	ir/04555_sub_af186c.json	asm/04555_sub_af186c.s
4556	sub_af1d54	pseudocode/04556_sub_af1d54.dartpseudo	ir/04556_sub_af1d54.json	asm/04556_sub_af1d54.s
4557	sub_af1d60	pseudocode/04557_sub_af1d60.dartpseudo	ir/04557_sub_af1d60.json	asm/04557_sub_af1d60.s
4558	sub_af1d6c	pseudocode/04558_sub_af1d6c.dartpseudo	ir/04558_sub_af1d6c.json	asm/04558_sub_af1d6c.s
4559	sub_af2434	pseudocode/04559_sub_af2434.dartpseudo	ir/04559_sub_af2434.json	asm/04559_sub_af2434.s
4560	sub_af4ff4	pseudocode/04560_sub_af4ff4.dartpseudo	ir/04560_sub_af4ff4.json	asm/04560_sub_af4ff4.s
4561	sub_af5588	pseudocode/04561_sub_af5588.dartpseudo	ir/04561_sub_af5588.json	asm/04561_sub_af5588.s
4562	sub_af59f4	pseudocode/04562_sub_af59f4.dartpseudo	ir/04562_sub_af59f4.json	asm/04562_sub_af59f4.s
4563	sub_af5d54	pseudocode/04563_sub_af5d54.dartpseudo	ir/04563_sub_af5d54.json	asm/04563_sub_af5d54.s
4564	sub_af5e8c	pseudocode/04564_sub_af5e8c.dartpseudo	ir/04564_sub_af5e8c.json	asm/04564_sub_af5e8c.s
4565	sub_af6990	pseudocode/04565_sub_af6990.dartpseudo	ir/04565_sub_af6990.json	asm/04565_sub_af6990.s
4566	sub_af6b34	pseudocode/04566_sub_af6b34.dartpseudo	ir/04566_sub_af6b34.json	asm/04566_sub_af6b34.s
4567	sub_af6ea0	pseudocode/04567_sub_af6ea0.dartpseudo	ir/04567_sub_af6ea0.json	asm/04567_sub_af6ea0.s
4568	sub_af71c8	pseudocode/04568_sub_af71c8.dartpseudo	ir/04568_sub_af71c8.json	asm/04568_sub_af71c8.s
4569	sub_af7520	pseudocode/04569_sub_af7520.dartpseudo	ir/04569_sub_af7520.json	asm/04569_sub_af7520.s
4570	sub_af7bdc	pseudocode/04570_sub_af7bdc.dartpseudo	ir/04570_sub_af7bdc.json	asm/04570_sub_af7bdc.s
4571	sub_af8c28	pseudocode/04571_sub_af8c28.dartpseudo	ir/04571_sub_af8c28.json	asm/04571_sub_af8c28.s
4572	sub_af922c	pseudocode/04572_sub_af922c.dartpseudo	ir/04572_sub_af922c.json	asm/04572_sub_af922c.s
4573	sub_af9468	pseudocode/04573_sub_af9468.dartpseudo	ir/04573_sub_af9468.json	asm/04573_sub_af9468.s
4574	sub_af9980	pseudocode/04574_sub_af9980.dartpseudo	ir/04574_sub_af9980.json	asm/04574_sub_af9980.s
4575	sub_afa168	pseudocode/04575_sub_afa168.dartpseudo	ir/04575_sub_afa168.json	asm/04575_sub_afa168.s
4576	sub_afa4d8	pseudocode/04576_sub_afa4d8.dartpseudo	ir/04576_sub_afa4d8.json	asm/04576_sub_afa4d8.s
4577	sub_afa7d0	pseudocode/04577_sub_afa7d0.dartpseudo	ir/04577_sub_afa7d0.json	asm/04577_sub_afa7d0.s
4578	sub_afa900	pseudocode/04578_sub_afa900.dartpseudo	ir/04578_sub_afa900.json	asm/04578_sub_afa900.s
4579	sub_afac28	pseudocode/04579_sub_afac28.dartpseudo	ir/04579_sub_afac28.json	asm/04579_sub_afac28.s
4580	sub_afad58	pseudocode/04580_sub_afad58.dartpseudo	ir/04580_sub_afad58.json	asm/04580_sub_afad58.s
4581	sub_afafc8	pseudocode/04581_sub_afafc8.dartpseudo	ir/04581_sub_afafc8.json	asm/04581_sub_afafc8.s
4582	sub_afbb70	pseudocode/04582_sub_afbb70.dartpseudo	ir/04582_sub_afbb70.json	asm/04582_sub_afbb70.s
4583	sub_afbd4c	pseudocode/04583_sub_afbd4c.dartpseudo	ir/04583_sub_afbd4c.json	asm/04583_sub_afbd4c.s
4584	sub_afbdfc	pseudocode/04584_sub_afbdfc.dartpseudo	ir/04584_sub_afbdfc.json	asm/04584_sub_afbdfc.s
4585	sub_afbe80	pseudocode/04585_sub_afbe80.dartpseudo	ir/04585_sub_afbe80.json	asm/04585_sub_afbe80.s
4586	sub_afd37c	pseudocode/04586_sub_afd37c.dartpseudo	ir/04586_sub_afd37c.json	asm/04586_sub_afd37c.s
4587	sub_afd800	pseudocode/04587_sub_afd800.dartpseudo	ir/04587_sub_afd800.json	asm/04587_sub_afd800.s
4588	sub_afdca0	pseudocode/04588_sub_afdca0.dartpseudo	ir/04588_sub_afdca0.json	asm/04588_sub_afdca0.s
4589	sub_aff080	pseudocode/04589_sub_aff080.dartpseudo	ir/04589_sub_aff080.json	asm/04589_sub_aff080.s
4590	sub_aff1d8	pseudocode/04590_sub_aff1d8.dartpseudo	ir/04590_sub_aff1d8.json	asm/04590_sub_aff1d8.s
4591	sub_affb84	pseudocode/04591_sub_affb84.dartpseudo	ir/04591_sub_affb84.json	asm/04591_sub_affb84.s
4592	sub_b0072c	pseudocode/04592_sub_b0072c.dartpseudo	ir/04592_sub_b0072c.json	asm/04592_sub_b0072c.s
4593	sub_b00854	pseudocode/04593_sub_b00854.dartpseudo	ir/04593_sub_b00854.json	asm/04593_sub_b00854.s
4594	sub_b00ecc	pseudocode/04594_sub_b00ecc.dartpseudo	ir/04594_sub_b00ecc.json	asm/04594_sub_b00ecc.s
4595	sub_b00f10	pseudocode/04595_sub_b00f10.dartpseudo	ir/04595_sub_b00f10.json	asm/04595_sub_b00f10.s
4596	sub_b012e0	pseudocode/04596_sub_b012e0.dartpseudo	ir/04596_sub_b012e0.json	asm/04596_sub_b012e0.s
4597	sub_b01430	pseudocode/04597_sub_b01430.dartpseudo	ir/04597_sub_b01430.json	asm/04597_sub_b01430.s
4598	sub_b014d0	pseudocode/04598_sub_b014d0.dartpseudo	ir/04598_sub_b014d0.json	asm/04598_sub_b014d0.s
4599	sub_b0211c	pseudocode/04599_sub_b0211c.dartpseudo	ir/04599_sub_b0211c.json	asm/04599_sub_b0211c.s
4600	sub_b02550	pseudocode/04600_sub_b02550.dartpseudo	ir/04600_sub_b02550.json	asm/04600_sub_b02550.s
4601	sub_b0281c	pseudocode/04601_sub_b0281c.dartpseudo	ir/04601_sub_b0281c.json	asm/04601_sub_b0281c.s
4602	sub_b028d8	pseudocode/04602_sub_b028d8.dartpseudo	ir/04602_sub_b028d8.json	asm/04602_sub_b028d8.s
4603	sub_b0296c	pseudocode/04603_sub_b0296c.dartpseudo	ir/04603_sub_b0296c.json	asm/04603_sub_b0296c.s
4604	sub_b06cec	pseudocode/04604_sub_b06cec.dartpseudo	ir/04604_sub_b06cec.json	asm/04604_sub_b06cec.s
4605	sub_b0e1ec	pseudocode/04605_sub_b0e1ec.dartpseudo	ir/04605_sub_b0e1ec.json	asm/04605_sub_b0e1ec.s
4606	sub_b0e1f8	pseudocode/04606_sub_b0e1f8.dartpseudo	ir/04606_sub_b0e1f8.json	asm/04606_sub_b0e1f8.s
4607	sub_b0f66c	pseudocode/04607_sub_b0f66c.dartpseudo	ir/04607_sub_b0f66c.json	asm/04607_sub_b0f66c.s
4608	sub_b0fad4	pseudocode/04608_sub_b0fad4.dartpseudo	ir/04608_sub_b0fad4.json	asm/04608_sub_b0fad4.s
4609	sub_b0ff9c	pseudocode/04609_sub_b0ff9c.dartpseudo	ir/04609_sub_b0ff9c.json	asm/04609_sub_b0ff9c.s
4610	sub_b10000	pseudocode/04610_sub_b10000.dartpseudo	ir/04610_sub_b10000.json	asm/04610_sub_b10000.s
4611	sub_b10954	pseudocode/04611_sub_b10954.dartpseudo	ir/04611_sub_b10954.json	asm/04611_sub_b10954.s
4612	sub_b11198	pseudocode/04612_sub_b11198.dartpseudo	ir/04612_sub_b11198.json	asm/04612_sub_b11198.s
4613	sub_b114f8	pseudocode/04613_sub_b114f8.dartpseudo	ir/04613_sub_b114f8.json	asm/04613_sub_b114f8.s
4614	sub_b1158c	pseudocode/04614_sub_b1158c.dartpseudo	ir/04614_sub_b1158c.json	asm/04614_sub_b1158c.s
4615	sub_b118a4	pseudocode/04615_sub_b118a4.dartpseudo	ir/04615_sub_b118a4.json	asm/04615_sub_b118a4.s
4616	sub_b118b0	pseudocode/04616_sub_b118b0.dartpseudo	ir/04616_sub_b118b0.json	asm/04616_sub_b118b0.s
4617	sub_b123a4	pseudocode/04617_sub_b123a4.dartpseudo	ir/04617_sub_b123a4.json	asm/04617_sub_b123a4.s
4618	sub_b126ac	pseudocode/04618_sub_b126ac.dartpseudo	ir/04618_sub_b126ac.json	asm/04618_sub_b126ac.s
4619	sub_b127a0	pseudocode/04619_sub_b127a0.dartpseudo	ir/04619_sub_b127a0.json	asm/04619_sub_b127a0.s
4620	sub_b12a80	pseudocode/04620_sub_b12a80.dartpseudo	ir/04620_sub_b12a80.json	asm/04620_sub_b12a80.s
4621	sub_b12e20	pseudocode/04621_sub_b12e20.dartpseudo	ir/04621_sub_b12e20.json	asm/04621_sub_b12e20.s
4622	sub_b132cc	pseudocode/04622_sub_b132cc.dartpseudo	ir/04622_sub_b132cc.json	asm/04622_sub_b132cc.s
4623	sub_b1380c	pseudocode/04623_sub_b1380c.dartpseudo	ir/04623_sub_b1380c.json	asm/04623_sub_b1380c.s
4624	sub_b13a90	pseudocode/04624_sub_b13a90.dartpseudo	ir/04624_sub_b13a90.json	asm/04624_sub_b13a90.s
4625	sub_b1497c	pseudocode/04625_sub_b1497c.dartpseudo	ir/04625_sub_b1497c.json	asm/04625_sub_b1497c.s
4626	sub_b14cf4	pseudocode/04626_sub_b14cf4.dartpseudo	ir/04626_sub_b14cf4.json	asm/04626_sub_b14cf4.s
4627	sub_b15310	pseudocode/04627_sub_b15310.dartpseudo	ir/04627_sub_b15310.json	asm/04627_sub_b15310.s
4628	sub_b15a60	pseudocode/04628_sub_b15a60.dartpseudo	ir/04628_sub_b15a60.json	asm/04628_sub_b15a60.s
4629	sub_b17ba8	pseudocode/04629_sub_b17ba8.dartpseudo	ir/04629_sub_b17ba8.json	asm/04629_sub_b17ba8.s
4630	sub_b186c0	pseudocode/04630_sub_b186c0.dartpseudo	ir/04630_sub_b186c0.json	asm/04630_sub_b186c0.s
4631	sub_b1879c	pseudocode/04631_sub_b1879c.dartpseudo	ir/04631_sub_b1879c.json	asm/04631_sub_b1879c.s
4632	sub_b189b4	pseudocode/04632_sub_b189b4.dartpseudo	ir/04632_sub_b189b4.json	asm/04632_sub_b189b4.s
4633	sub_b18bb0	pseudocode/04633_sub_b18bb0.dartpseudo	ir/04633_sub_b18bb0.json	asm/04633_sub_b18bb0.s
4634	sub_b1936c	pseudocode/04634_sub_b1936c.dartpseudo	ir/04634_sub_b1936c.json	asm/04634_sub_b1936c.s
4635	sub_b19580	pseudocode/04635_sub_b19580.dartpseudo	ir/04635_sub_b19580.json	asm/04635_sub_b19580.s
4636	sub_b19890	pseudocode/04636_sub_b19890.dartpseudo	ir/04636_sub_b19890.json	asm/04636_sub_b19890.s
4637	sub_b199ec	pseudocode/04637_sub_b199ec.dartpseudo	ir/04637_sub_b199ec.json	asm/04637_sub_b199ec.s
4638	sub_b19bb0	pseudocode/04638_sub_b19bb0.dartpseudo	ir/04638_sub_b19bb0.json	asm/04638_sub_b19bb0.s
4639	sub_b19bbc	pseudocode/04639_sub_b19bbc.dartpseudo	ir/04639_sub_b19bbc.json	asm/04639_sub_b19bbc.s
4640	sub_b19c04	pseudocode/04640_sub_b19c04.dartpseudo	ir/04640_sub_b19c04.json	asm/04640_sub_b19c04.s
4641	sub_b19d98	pseudocode/04641_sub_b19d98.dartpseudo	ir/04641_sub_b19d98.json	asm/04641_sub_b19d98.s
4642	sub_b1a158	pseudocode/04642_sub_b1a158.dartpseudo	ir/04642_sub_b1a158.json	asm/04642_sub_b1a158.s
4643	sub_b1a7b8	pseudocode/04643_sub_b1a7b8.dartpseudo	ir/04643_sub_b1a7b8.json	asm/04643_sub_b1a7b8.s
4644	sub_b1a8b8	pseudocode/04644_sub_b1a8b8.dartpseudo	ir/04644_sub_b1a8b8.json	asm/04644_sub_b1a8b8.s
4645	sub_b1ad1c	pseudocode/04645_sub_b1ad1c.dartpseudo	ir/04645_sub_b1ad1c.json	asm/04645_sub_b1ad1c.s
4646	sub_b1ae10	pseudocode/04646_sub_b1ae10.dartpseudo	ir/04646_sub_b1ae10.json	asm/04646_sub_b1ae10.s
4647	sub_b1b204	pseudocode/04647_sub_b1b204.dartpseudo	ir/04647_sub_b1b204.json	asm/04647_sub_b1b204.s
4648	sub_b1b3c4	pseudocode/04648_sub_b1b3c4.dartpseudo	ir/04648_sub_b1b3c4.json	asm/04648_sub_b1b3c4.s
4649	sub_b1c508	pseudocode/04649_sub_b1c508.dartpseudo	ir/04649_sub_b1c508.json	asm/04649_sub_b1c508.s
4650	sub_b1dce4	pseudocode/04650_sub_b1dce4.dartpseudo	ir/04650_sub_b1dce4.json	asm/04650_sub_b1dce4.s
4651	sub_b1dfd8	pseudocode/04651_sub_b1dfd8.dartpseudo	ir/04651_sub_b1dfd8.json	asm/04651_sub_b1dfd8.s
4652	sub_b1e044	pseudocode/04652_sub_b1e044.dartpseudo	ir/04652_sub_b1e044.json	asm/04652_sub_b1e044.s
4653	sub_b1e2d0	pseudocode/04653_sub_b1e2d0.dartpseudo	ir/04653_sub_b1e2d0.json	asm/04653_sub_b1e2d0.s
4654	sub_b1e508	pseudocode/04654_sub_b1e508.dartpseudo	ir/04654_sub_b1e508.json	asm/04654_sub_b1e508.s
4655	sub_b1f7b8	pseudocode/04655_sub_b1f7b8.dartpseudo	ir/04655_sub_b1f7b8.json	asm/04655_sub_b1f7b8.s
4656	sub_b20618	pseudocode/04656_sub_b20618.dartpseudo	ir/04656_sub_b20618.json	asm/04656_sub_b20618.s
4657	sub_b20c38	pseudocode/04657_sub_b20c38.dartpseudo	ir/04657_sub_b20c38.json	asm/04657_sub_b20c38.s
4658	sub_b20e54	pseudocode/04658_sub_b20e54.dartpseudo	ir/04658_sub_b20e54.json	asm/04658_sub_b20e54.s
4659	sub_b21168	pseudocode/04659_sub_b21168.dartpseudo	ir/04659_sub_b21168.json	asm/04659_sub_b21168.s
4660	sub_b212b0	pseudocode/04660_sub_b212b0.dartpseudo	ir/04660_sub_b212b0.json	asm/04660_sub_b212b0.s
4661	sub_b21328	pseudocode/04661_sub_b21328.dartpseudo	ir/04661_sub_b21328.json	asm/04661_sub_b21328.s
4662	sub_b21564	pseudocode/04662_sub_b21564.dartpseudo	ir/04662_sub_b21564.json	asm/04662_sub_b21564.s
4663	sub_b23320	pseudocode/04663_sub_b23320.dartpseudo	ir/04663_sub_b23320.json	asm/04663_sub_b23320.s
4664	sub_b2332c	pseudocode/04664_sub_b2332c.dartpseudo	ir/04664_sub_b2332c.json	asm/04664_sub_b2332c.s
4665	sub_b23860	pseudocode/04665_sub_b23860.dartpseudo	ir/04665_sub_b23860.json	asm/04665_sub_b23860.s
4666	sub_b29e2c	pseudocode/04666_sub_b29e2c.dartpseudo	ir/04666_sub_b29e2c.json	asm/04666_sub_b29e2c.s
4667	sub_b29ea0	pseudocode/04667_sub_b29ea0.dartpseudo	ir/04667_sub_b29ea0.json	asm/04667_sub_b29ea0.s
4668	sub_b2a7d4	pseudocode/04668_sub_b2a7d4.dartpseudo	ir/04668_sub_b2a7d4.json	asm/04668_sub_b2a7d4.s
4669	sub_b2a7e0	pseudocode/04669_sub_b2a7e0.dartpseudo	ir/04669_sub_b2a7e0.json	asm/04669_sub_b2a7e0.s
4670	sub_b2b138	pseudocode/04670_sub_b2b138.dartpseudo	ir/04670_sub_b2b138.json	asm/04670_sub_b2b138.s
4671	sub_b3111c	pseudocode/04671_sub_b3111c.dartpseudo	ir/04671_sub_b3111c.json	asm/04671_sub_b3111c.s
4672	sub_b31158	pseudocode/04672_sub_b31158.dartpseudo	ir/04672_sub_b31158.json	asm/04672_sub_b31158.s
4673	sub_b33da8	pseudocode/04673_sub_b33da8.dartpseudo	ir/04673_sub_b33da8.json	asm/04673_sub_b33da8.s
4674	sub_b33db4	pseudocode/04674_sub_b33db4.dartpseudo	ir/04674_sub_b33db4.json	asm/04674_sub_b33db4.s
4675	sub_b342f4	pseudocode/04675_sub_b342f4.dartpseudo	ir/04675_sub_b342f4.json	asm/04675_sub_b342f4.s
4676	sub_b35f34	pseudocode/04676_sub_b35f34.dartpseudo	ir/04676_sub_b35f34.json	asm/04676_sub_b35f34.s
4677	sub_b3603c	pseudocode/04677_sub_b3603c.dartpseudo	ir/04677_sub_b3603c.json	asm/04677_sub_b3603c.s
4678	sub_b36200	pseudocode/04678_sub_b36200.dartpseudo	ir/04678_sub_b36200.json	asm/04678_sub_b36200.s
4679	sub_b36558	pseudocode/04679_sub_b36558.dartpseudo	ir/04679_sub_b36558.json	asm/04679_sub_b36558.s
4680	sub_b3688c	pseudocode/04680_sub_b3688c.dartpseudo	ir/04680_sub_b3688c.json	asm/04680_sub_b3688c.s
4681	sub_b3755c	pseudocode/04681_sub_b3755c.dartpseudo	ir/04681_sub_b3755c.json	asm/04681_sub_b3755c.s
4682	sub_b389b0	pseudocode/04682_sub_b389b0.dartpseudo	ir/04682_sub_b389b0.json	asm/04682_sub_b389b0.s
4683	sub_b38fe4	pseudocode/04683_sub_b38fe4.dartpseudo	ir/04683_sub_b38fe4.json	asm/04683_sub_b38fe4.s
4684	sub_b3a3a4	pseudocode/04684_sub_b3a3a4.dartpseudo	ir/04684_sub_b3a3a4.json	asm/04684_sub_b3a3a4.s
4685	sub_b3c420	pseudocode/04685_sub_b3c420.dartpseudo	ir/04685_sub_b3c420.json	asm/04685_sub_b3c420.s
4686	sub_b3da0c	pseudocode/04686_sub_b3da0c.dartpseudo	ir/04686_sub_b3da0c.json	asm/04686_sub_b3da0c.s
4687	sub_b3e0e4	pseudocode/04687_sub_b3e0e4.dartpseudo	ir/04687_sub_b3e0e4.json	asm/04687_sub_b3e0e4.s
4688	sub_b3e240	pseudocode/04688_sub_b3e240.dartpseudo	ir/04688_sub_b3e240.json	asm/04688_sub_b3e240.s
4689	sub_b3f020	pseudocode/04689_sub_b3f020.dartpseudo	ir/04689_sub_b3f020.json	asm/04689_sub_b3f020.s
4690	sub_b3f048	pseudocode/04690_sub_b3f048.dartpseudo	ir/04690_sub_b3f048.json	asm/04690_sub_b3f048.s
4691	sub_b3fb14	pseudocode/04691_sub_b3fb14.dartpseudo	ir/04691_sub_b3fb14.json	asm/04691_sub_b3fb14.s
4692	sub_b400ec	pseudocode/04692_sub_b400ec.dartpseudo	ir/04692_sub_b400ec.json	asm/04692_sub_b400ec.s
4693	sub_b411ac	pseudocode/04693_sub_b411ac.dartpseudo	ir/04693_sub_b411ac.json	asm/04693_sub_b411ac.s
4694	sub_b41cf8	pseudocode/04694_sub_b41cf8.dartpseudo	ir/04694_sub_b41cf8.json	asm/04694_sub_b41cf8.s
4695	sub_b42a84	pseudocode/04695_sub_b42a84.dartpseudo	ir/04695_sub_b42a84.json	asm/04695_sub_b42a84.s
4696	sub_b481f0	pseudocode/04696_sub_b481f0.dartpseudo	ir/04696_sub_b481f0.json	asm/04696_sub_b481f0.s
4697	sub_b4c800	pseudocode/04697_sub_b4c800.dartpseudo	ir/04697_sub_b4c800.json	asm/04697_sub_b4c800.s
4698	sub_b4d308	pseudocode/04698_sub_b4d308.dartpseudo	ir/04698_sub_b4d308.json	asm/04698_sub_b4d308.s
4699	sub_b4db54	pseudocode/04699_sub_b4db54.dartpseudo	ir/04699_sub_b4db54.json	asm/04699_sub_b4db54.s
4700	sub_b4e714	pseudocode/04700_sub_b4e714.dartpseudo	ir/04700_sub_b4e714.json	asm/04700_sub_b4e714.s
4701	sub_b4ee68	pseudocode/04701_sub_b4ee68.dartpseudo	ir/04701_sub_b4ee68.json	asm/04701_sub_b4ee68.s
4702	sub_b4f848	pseudocode/04702_sub_b4f848.dartpseudo	ir/04702_sub_b4f848.json	asm/04702_sub_b4f848.s
4703	sub_b50514	pseudocode/04703_sub_b50514.dartpseudo	ir/04703_sub_b50514.json	asm/04703_sub_b50514.s
4704	sub_b50c1c	pseudocode/04704_sub_b50c1c.dartpseudo	ir/04704_sub_b50c1c.json	asm/04704_sub_b50c1c.s
4705	sub_b51160	pseudocode/04705_sub_b51160.dartpseudo	ir/04705_sub_b51160.json	asm/04705_sub_b51160.s
4706	sub_b511e0	pseudocode/04706_sub_b511e0.dartpseudo	ir/04706_sub_b511e0.json	asm/04706_sub_b511e0.s
4707	sub_b52790	pseudocode/04707_sub_b52790.dartpseudo	ir/04707_sub_b52790.json	asm/04707_sub_b52790.s
4708	sub_b53480	pseudocode/04708_sub_b53480.dartpseudo	ir/04708_sub_b53480.json	asm/04708_sub_b53480.s
4709	sub_b53548	pseudocode/04709_sub_b53548.dartpseudo	ir/04709_sub_b53548.json	asm/04709_sub_b53548.s
4710	sub_b53734	pseudocode/04710_sub_b53734.dartpseudo	ir/04710_sub_b53734.json	asm/04710_sub_b53734.s
4711	sub_b53a60	pseudocode/04711_sub_b53a60.dartpseudo	ir/04711_sub_b53a60.json	asm/04711_sub_b53a60.s
4712	sub_b53da4	pseudocode/04712_sub_b53da4.dartpseudo	ir/04712_sub_b53da4.json	asm/04712_sub_b53da4.s
4713	sub_b546e0	pseudocode/04713_sub_b546e0.dartpseudo	ir/04713_sub_b546e0.json	asm/04713_sub_b546e0.s
4714	sub_b55ac4	pseudocode/04714_sub_b55ac4.dartpseudo	ir/04714_sub_b55ac4.json	asm/04714_sub_b55ac4.s
4715	sub_b56050	pseudocode/04715_sub_b56050.dartpseudo	ir/04715_sub_b56050.json	asm/04715_sub_b56050.s
4716	sub_b56868	pseudocode/04716_sub_b56868.dartpseudo	ir/04716_sub_b56868.json	asm/04716_sub_b56868.s
4717	sub_b56c38	pseudocode/04717_sub_b56c38.dartpseudo	ir/04717_sub_b56c38.json	asm/04717_sub_b56c38.s
4718	sub_b57364	pseudocode/04718_sub_b57364.dartpseudo	ir/04718_sub_b57364.json	asm/04718_sub_b57364.s
4719	sub_b57590	pseudocode/04719_sub_b57590.dartpseudo	ir/04719_sub_b57590.json	asm/04719_sub_b57590.s
4720	sub_b578f0	pseudocode/04720_sub_b578f0.dartpseudo	ir/04720_sub_b578f0.json	asm/04720_sub_b578f0.s
4721	sub_b57c4c	pseudocode/04721_sub_b57c4c.dartpseudo	ir/04721_sub_b57c4c.json	asm/04721_sub_b57c4c.s
4722	sub_b57dd8	pseudocode/04722_sub_b57dd8.dartpseudo	ir/04722_sub_b57dd8.json	asm/04722_sub_b57dd8.s
4723	sub_b585f8	pseudocode/04723_sub_b585f8.dartpseudo	ir/04723_sub_b585f8.json	asm/04723_sub_b585f8.s
4724	sub_b58c20	pseudocode/04724_sub_b58c20.dartpseudo	ir/04724_sub_b58c20.json	asm/04724_sub_b58c20.s
4725	sub_b5909c	pseudocode/04725_sub_b5909c.dartpseudo	ir/04725_sub_b5909c.json	asm/04725_sub_b5909c.s
4726	sub_b59440	pseudocode/04726_sub_b59440.dartpseudo	ir/04726_sub_b59440.json	asm/04726_sub_b59440.s
4727	sub_b59f28	pseudocode/04727_sub_b59f28.dartpseudo	ir/04727_sub_b59f28.json	asm/04727_sub_b59f28.s
4728	sub_b5a2a8	pseudocode/04728_sub_b5a2a8.dartpseudo	ir/04728_sub_b5a2a8.json	asm/04728_sub_b5a2a8.s
4729	sub_b5a4c0	pseudocode/04729_sub_b5a4c0.dartpseudo	ir/04729_sub_b5a4c0.json	asm/04729_sub_b5a4c0.s
4730	sub_b5a970	pseudocode/04730_sub_b5a970.dartpseudo	ir/04730_sub_b5a970.json	asm/04730_sub_b5a970.s
4731	sub_b5aab0	pseudocode/04731_sub_b5aab0.dartpseudo	ir/04731_sub_b5aab0.json	asm/04731_sub_b5aab0.s
4732	sub_b5ad80	pseudocode/04732_sub_b5ad80.dartpseudo	ir/04732_sub_b5ad80.json	asm/04732_sub_b5ad80.s
4733	sub_b5adfc	pseudocode/04733_sub_b5adfc.dartpseudo	ir/04733_sub_b5adfc.json	asm/04733_sub_b5adfc.s
4734	sub_b5ae94	pseudocode/04734_sub_b5ae94.dartpseudo	ir/04734_sub_b5ae94.json	asm/04734_sub_b5ae94.s
4735	sub_b5b07c	pseudocode/04735_sub_b5b07c.dartpseudo	ir/04735_sub_b5b07c.json	asm/04735_sub_b5b07c.s
4736	sub_b5b428	pseudocode/04736_sub_b5b428.dartpseudo	ir/04736_sub_b5b428.json	asm/04736_sub_b5b428.s
4737	sub_b5b654	pseudocode/04737_sub_b5b654.dartpseudo	ir/04737_sub_b5b654.json	asm/04737_sub_b5b654.s
4738	sub_b5be90	pseudocode/04738_sub_b5be90.dartpseudo	ir/04738_sub_b5be90.json	asm/04738_sub_b5be90.s
4739	sub_b5c71c	pseudocode/04739_sub_b5c71c.dartpseudo	ir/04739_sub_b5c71c.json	asm/04739_sub_b5c71c.s
4740	sub_b5cf40	pseudocode/04740_sub_b5cf40.dartpseudo	ir/04740_sub_b5cf40.json	asm/04740_sub_b5cf40.s
4741	sub_b5d560	pseudocode/04741_sub_b5d560.dartpseudo	ir/04741_sub_b5d560.json	asm/04741_sub_b5d560.s
4742	sub_b5d98c	pseudocode/04742_sub_b5d98c.dartpseudo	ir/04742_sub_b5d98c.json	asm/04742_sub_b5d98c.s
4743	sub_b5daa0	pseudocode/04743_sub_b5daa0.dartpseudo	ir/04743_sub_b5daa0.json	asm/04743_sub_b5daa0.s
4744	sub_b5db48	pseudocode/04744_sub_b5db48.dartpseudo	ir/04744_sub_b5db48.json	asm/04744_sub_b5db48.s
4745	sub_b5e008	pseudocode/04745_sub_b5e008.dartpseudo	ir/04745_sub_b5e008.json	asm/04745_sub_b5e008.s
4746	sub_b5e264	pseudocode/04746_sub_b5e264.dartpseudo	ir/04746_sub_b5e264.json	asm/04746_sub_b5e264.s
4747	sub_b5e29c	pseudocode/04747_sub_b5e29c.dartpseudo	ir/04747_sub_b5e29c.json	asm/04747_sub_b5e29c.s
4748	sub_b5e7ac	pseudocode/04748_sub_b5e7ac.dartpseudo	ir/04748_sub_b5e7ac.json	asm/04748_sub_b5e7ac.s
4749	sub_b5edf4	pseudocode/04749_sub_b5edf4.dartpseudo	ir/04749_sub_b5edf4.json	asm/04749_sub_b5edf4.s
4750	sub_b5f7d0	pseudocode/04750_sub_b5f7d0.dartpseudo	ir/04750_sub_b5f7d0.json	asm/04750_sub_b5f7d0.s
4751	sub_b5fae0	pseudocode/04751_sub_b5fae0.dartpseudo	ir/04751_sub_b5fae0.json	asm/04751_sub_b5fae0.s
4752	sub_b60558	pseudocode/04752_sub_b60558.dartpseudo	ir/04752_sub_b60558.json	asm/04752_sub_b60558.s
4753	sub_b606d8	pseudocode/04753_sub_b606d8.dartpseudo	ir/04753_sub_b606d8.json	asm/04753_sub_b606d8.s
4754	sub_b60730	pseudocode/04754_sub_b60730.dartpseudo	ir/04754_sub_b60730.json	asm/04754_sub_b60730.s
4755	sub_b60780	pseudocode/04755_sub_b60780.dartpseudo	ir/04755_sub_b60780.json	asm/04755_sub_b60780.s
4756	sub_b6113c	pseudocode/04756_sub_b6113c.dartpseudo	ir/04756_sub_b6113c.json	asm/04756_sub_b6113c.s
4757	sub_b611cc	pseudocode/04757_sub_b611cc.dartpseudo	ir/04757_sub_b611cc.json	asm/04757_sub_b611cc.s
4758	sub_b61380	pseudocode/04758_sub_b61380.dartpseudo	ir/04758_sub_b61380.json	asm/04758_sub_b61380.s
4759	sub_b614f4	pseudocode/04759_sub_b614f4.dartpseudo	ir/04759_sub_b614f4.json	asm/04759_sub_b614f4.s
4760	sub_b61500	pseudocode/04760_sub_b61500.dartpseudo	ir/04760_sub_b61500.json	asm/04760_sub_b61500.s
4761	sub_b615cc	pseudocode/04761_sub_b615cc.dartpseudo	ir/04761_sub_b615cc.json	asm/04761_sub_b615cc.s
4762	sub_b61c94	pseudocode/04762_sub_b61c94.dartpseudo	ir/04762_sub_b61c94.json	asm/04762_sub_b61c94.s
4763	sub_b61f78	pseudocode/04763_sub_b61f78.dartpseudo	ir/04763_sub_b61f78.json	asm/04763_sub_b61f78.s
4764	sub_b61f84	pseudocode/04764_sub_b61f84.dartpseudo	ir/04764_sub_b61f84.json	asm/04764_sub_b61f84.s
4765	sub_b6202c	pseudocode/04765_sub_b6202c.dartpseudo	ir/04765_sub_b6202c.json	asm/04765_sub_b6202c.s
4766	sub_b6214c	pseudocode/04766_sub_b6214c.dartpseudo	ir/04766_sub_b6214c.json	asm/04766_sub_b6214c.s
4767	sub_b62408	pseudocode/04767_sub_b62408.dartpseudo	ir/04767_sub_b62408.json	asm/04767_sub_b62408.s
4768	sub_b6262c	pseudocode/04768_sub_b6262c.dartpseudo	ir/04768_sub_b6262c.json	asm/04768_sub_b6262c.s
4769	sub_b628d8	pseudocode/04769_sub_b628d8.dartpseudo	ir/04769_sub_b628d8.json	asm/04769_sub_b628d8.s
4770	sub_b6290c	pseudocode/04770_sub_b6290c.dartpseudo	ir/04770_sub_b6290c.json	asm/04770_sub_b6290c.s
4771	sub_b62f44	pseudocode/04771_sub_b62f44.dartpseudo	ir/04771_sub_b62f44.json	asm/04771_sub_b62f44.s
4772	sub_b62fe8	pseudocode/04772_sub_b62fe8.dartpseudo	ir/04772_sub_b62fe8.json	asm/04772_sub_b62fe8.s
4773	sub_b63048	pseudocode/04773_sub_b63048.dartpseudo	ir/04773_sub_b63048.json	asm/04773_sub_b63048.s
4774	sub_b63220	pseudocode/04774_sub_b63220.dartpseudo	ir/04774_sub_b63220.json	asm/04774_sub_b63220.s
4775	sub_b636c8	pseudocode/04775_sub_b636c8.dartpseudo	ir/04775_sub_b636c8.json	asm/04775_sub_b636c8.s
4776	sub_b6394c	pseudocode/04776_sub_b6394c.dartpseudo	ir/04776_sub_b6394c.json	asm/04776_sub_b6394c.s
4777	sub_b63a48	pseudocode/04777_sub_b63a48.dartpseudo	ir/04777_sub_b63a48.json	asm/04777_sub_b63a48.s
4778	sub_b63a9c	pseudocode/04778_sub_b63a9c.dartpseudo	ir/04778_sub_b63a9c.json	asm/04778_sub_b63a9c.s
4779	sub_b63afc	pseudocode/04779_sub_b63afc.dartpseudo	ir/04779_sub_b63afc.json	asm/04779_sub_b63afc.s
4780	sub_b64388	pseudocode/04780_sub_b64388.dartpseudo	ir/04780_sub_b64388.json	asm/04780_sub_b64388.s
4781	sub_b6462c	pseudocode/04781_sub_b6462c.dartpseudo	ir/04781_sub_b6462c.json	asm/04781_sub_b6462c.s
4782	sub_b64980	pseudocode/04782_sub_b64980.dartpseudo	ir/04782_sub_b64980.json	asm/04782_sub_b64980.s
4783	sub_b653e0	pseudocode/04783_sub_b653e0.dartpseudo	ir/04783_sub_b653e0.json	asm/04783_sub_b653e0.s
4784	sub_b656e0	pseudocode/04784_sub_b656e0.dartpseudo	ir/04784_sub_b656e0.json	asm/04784_sub_b656e0.s
4785	sub_b65ef0	pseudocode/04785_sub_b65ef0.dartpseudo	ir/04785_sub_b65ef0.json	asm/04785_sub_b65ef0.s
4786	sub_b65fc8	pseudocode/04786_sub_b65fc8.dartpseudo	ir/04786_sub_b65fc8.json	asm/04786_sub_b65fc8.s
4787	sub_b66178	pseudocode/04787_sub_b66178.dartpseudo	ir/04787_sub_b66178.json	asm/04787_sub_b66178.s
4788	sub_b66868	pseudocode/04788_sub_b66868.dartpseudo	ir/04788_sub_b66868.json	asm/04788_sub_b66868.s
4789	sub_b669fc	pseudocode/04789_sub_b669fc.dartpseudo	ir/04789_sub_b669fc.json	asm/04789_sub_b669fc.s
4790	sub_b66d38	pseudocode/04790_sub_b66d38.dartpseudo	ir/04790_sub_b66d38.json	asm/04790_sub_b66d38.s
4791	sub_b66e00	pseudocode/04791_sub_b66e00.dartpseudo	ir/04791_sub_b66e00.json	asm/04791_sub_b66e00.s
4792	sub_b66eb8	pseudocode/04792_sub_b66eb8.dartpseudo	ir/04792_sub_b66eb8.json	asm/04792_sub_b66eb8.s
4793	sub_b66f30	pseudocode/04793_sub_b66f30.dartpseudo	ir/04793_sub_b66f30.json	asm/04793_sub_b66f30.s
4794	sub_b694a4	pseudocode/04794_sub_b694a4.dartpseudo	ir/04794_sub_b694a4.json	asm/04794_sub_b694a4.s
4795	sub_b69ed8	pseudocode/04795_sub_b69ed8.dartpseudo	ir/04795_sub_b69ed8.json	asm/04795_sub_b69ed8.s
4796	sub_b6a278	pseudocode/04796_sub_b6a278.dartpseudo	ir/04796_sub_b6a278.json	asm/04796_sub_b6a278.s
4797	sub_b6a4b4	pseudocode/04797_sub_b6a4b4.dartpseudo	ir/04797_sub_b6a4b4.json	asm/04797_sub_b6a4b4.s
4798	sub_b6a65c	pseudocode/04798_sub_b6a65c.dartpseudo	ir/04798_sub_b6a65c.json	asm/04798_sub_b6a65c.s
4799	sub_b6a6b0	pseudocode/04799_sub_b6a6b0.dartpseudo	ir/04799_sub_b6a6b0.json	asm/04799_sub_b6a6b0.s
4800	sub_b6a8a8	pseudocode/04800_sub_b6a8a8.dartpseudo	ir/04800_sub_b6a8a8.json	asm/04800_sub_b6a8a8.s
4801	sub_b6ac34	pseudocode/04801_sub_b6ac34.dartpseudo	ir/04801_sub_b6ac34.json	asm/04801_sub_b6ac34.s
4802	sub_b6b1e4	pseudocode/04802_sub_b6b1e4.dartpseudo	ir/04802_sub_b6b1e4.json	asm/04802_sub_b6b1e4.s
4803	sub_b6b1f0	pseudocode/04803_sub_b6b1f0.dartpseudo	ir/04803_sub_b6b1f0.json	asm/04803_sub_b6b1f0.s
4804	sub_b6b2c0	pseudocode/04804_sub_b6b2c0.dartpseudo	ir/04804_sub_b6b2c0.json	asm/04804_sub_b6b2c0.s
4805	sub_b6b454	pseudocode/04805_sub_b6b454.dartpseudo	ir/04805_sub_b6b454.json	asm/04805_sub_b6b454.s
4806	sub_b6c484	pseudocode/04806_sub_b6c484.dartpseudo	ir/04806_sub_b6c484.json	asm/04806_sub_b6c484.s
4807	sub_b6d7d8	pseudocode/04807_sub_b6d7d8.dartpseudo	ir/04807_sub_b6d7d8.json	asm/04807_sub_b6d7d8.s
4808	sub_b6da80	pseudocode/04808_sub_b6da80.dartpseudo	ir/04808_sub_b6da80.json	asm/04808_sub_b6da80.s
4809	sub_b6dc98	pseudocode/04809_sub_b6dc98.dartpseudo	ir/04809_sub_b6dc98.json	asm/04809_sub_b6dc98.s
4810	sub_b6e000	pseudocode/04810_sub_b6e000.dartpseudo	ir/04810_sub_b6e000.json	asm/04810_sub_b6e000.s
4811	sub_b6e4f4	pseudocode/04811_sub_b6e4f4.dartpseudo	ir/04811_sub_b6e4f4.json	asm/04811_sub_b6e4f4.s
4812	sub_b704dc	pseudocode/04812_sub_b704dc.dartpseudo	ir/04812_sub_b704dc.json	asm/04812_sub_b704dc.s
4813	sub_b70c88	pseudocode/04813_sub_b70c88.dartpseudo	ir/04813_sub_b70c88.json	asm/04813_sub_b70c88.s
4814	sub_b70d14	pseudocode/04814_sub_b70d14.dartpseudo	ir/04814_sub_b70d14.json	asm/04814_sub_b70d14.s
4815	sub_b71abc	pseudocode/04815_sub_b71abc.dartpseudo	ir/04815_sub_b71abc.json	asm/04815_sub_b71abc.s
4816	sub_b71cf4	pseudocode/04816_sub_b71cf4.dartpseudo	ir/04816_sub_b71cf4.json	asm/04816_sub_b71cf4.s
4817	sub_b71e6c	pseudocode/04817_sub_b71e6c.dartpseudo	ir/04817_sub_b71e6c.json	asm/04817_sub_b71e6c.s
4818	sub_b71efc	pseudocode/04818_sub_b71efc.dartpseudo	ir/04818_sub_b71efc.json	asm/04818_sub_b71efc.s
4819	sub_b7200c	pseudocode/04819_sub_b7200c.dartpseudo	ir/04819_sub_b7200c.json	asm/04819_sub_b7200c.s
4820	sub_b72e30	pseudocode/04820_sub_b72e30.dartpseudo	ir/04820_sub_b72e30.json	asm/04820_sub_b72e30.s
4821	sub_b73388	pseudocode/04821_sub_b73388.dartpseudo	ir/04821_sub_b73388.json	asm/04821_sub_b73388.s
4822	sub_b75350	pseudocode/04822_sub_b75350.dartpseudo	ir/04822_sub_b75350.json	asm/04822_sub_b75350.s
4823	sub_b75430	pseudocode/04823_sub_b75430.dartpseudo	ir/04823_sub_b75430.json	asm/04823_sub_b75430.s
4824	sub_b77880	pseudocode/04824_sub_b77880.dartpseudo	ir/04824_sub_b77880.json	asm/04824_sub_b77880.s
4825	sub_b783b4	pseudocode/04825_sub_b783b4.dartpseudo	ir/04825_sub_b783b4.json	asm/04825_sub_b783b4.s
4826	sub_b78444	pseudocode/04826_sub_b78444.dartpseudo	ir/04826_sub_b78444.json	asm/04826_sub_b78444.s
4827	sub_b791c0	pseudocode/04827_sub_b791c0.dartpseudo	ir/04827_sub_b791c0.json	asm/04827_sub_b791c0.s
4828	sub_b7a2c0	pseudocode/04828_sub_b7a2c0.dartpseudo	ir/04828_sub_b7a2c0.json	asm/04828_sub_b7a2c0.s
4829	sub_b7a720	pseudocode/04829_sub_b7a720.dartpseudo	ir/04829_sub_b7a720.json	asm/04829_sub_b7a720.s
4830	sub_b7a8c0	pseudocode/04830_sub_b7a8c0.dartpseudo	ir/04830_sub_b7a8c0.json	asm/04830_sub_b7a8c0.s
4831	sub_b7b850	pseudocode/04831_sub_b7b850.dartpseudo	ir/04831_sub_b7b850.json	asm/04831_sub_b7b850.s
4832	sub_b7bf94	pseudocode/04832_sub_b7bf94.dartpseudo	ir/04832_sub_b7bf94.json	asm/04832_sub_b7bf94.s
4833	sub_b7c0f8	pseudocode/04833_sub_b7c0f8.dartpseudo	ir/04833_sub_b7c0f8.json	asm/04833_sub_b7c0f8.s
4834	sub_b7c92c	pseudocode/04834_sub_b7c92c.dartpseudo	ir/04834_sub_b7c92c.json	asm/04834_sub_b7c92c.s
4835	sub_b7cbbc	pseudocode/04835_sub_b7cbbc.dartpseudo	ir/04835_sub_b7cbbc.json	asm/04835_sub_b7cbbc.s
4836	sub_b7cff4	pseudocode/04836_sub_b7cff4.dartpseudo	ir/04836_sub_b7cff4.json	asm/04836_sub_b7cff4.s
4837	sub_b7df38	pseudocode/04837_sub_b7df38.dartpseudo	ir/04837_sub_b7df38.json	asm/04837_sub_b7df38.s
4838	sub_b82c44	pseudocode/04838_sub_b82c44.dartpseudo	ir/04838_sub_b82c44.json	asm/04838_sub_b82c44.s
4839	sub_b835a8	pseudocode/04839_sub_b835a8.dartpseudo	ir/04839_sub_b835a8.json	asm/04839_sub_b835a8.s
4840	sub_b838f0	pseudocode/04840_sub_b838f0.dartpseudo	ir/04840_sub_b838f0.json	asm/04840_sub_b838f0.s
4841	sub_b849f0	pseudocode/04841_sub_b849f0.dartpseudo	ir/04841_sub_b849f0.json	asm/04841_sub_b849f0.s
4842	sub_b84a8c	pseudocode/04842_sub_b84a8c.dartpseudo	ir/04842_sub_b84a8c.json	asm/04842_sub_b84a8c.s
4843	sub_b84b28	pseudocode/04843_sub_b84b28.dartpseudo	ir/04843_sub_b84b28.json	asm/04843_sub_b84b28.s
4844	sub_b84bc4	pseudocode/04844_sub_b84bc4.dartpseudo	ir/04844_sub_b84bc4.json	asm/04844_sub_b84bc4.s
4845	sub_b84dfc	pseudocode/04845_sub_b84dfc.dartpseudo	ir/04845_sub_b84dfc.json	asm/04845_sub_b84dfc.s
4846	sub_b84e98	pseudocode/04846_sub_b84e98.dartpseudo	ir/04846_sub_b84e98.json	asm/04846_sub_b84e98.s
4847	sub_b84f34	pseudocode/04847_sub_b84f34.dartpseudo	ir/04847_sub_b84f34.json	asm/04847_sub_b84f34.s
4848	sub_b85208	pseudocode/04848_sub_b85208.dartpseudo	ir/04848_sub_b85208.json	asm/04848_sub_b85208.s
4849	sub_b852a4	pseudocode/04849_sub_b852a4.dartpseudo	ir/04849_sub_b852a4.json	asm/04849_sub_b852a4.s
4850	sub_b85340	pseudocode/04850_sub_b85340.dartpseudo	ir/04850_sub_b85340.json	asm/04850_sub_b85340.s
4851	sub_b855f4	pseudocode/04851_sub_b855f4.dartpseudo	ir/04851_sub_b855f4.json	asm/04851_sub_b855f4.s
4852	sub_b85998	pseudocode/04852_sub_b85998.dartpseudo	ir/04852_sub_b85998.json	asm/04852_sub_b85998.s
4853	sub_b86574	pseudocode/04853_sub_b86574.dartpseudo	ir/04853_sub_b86574.json	asm/04853_sub_b86574.s
4854	sub_b86918	pseudocode/04854_sub_b86918.dartpseudo	ir/04854_sub_b86918.json	asm/04854_sub_b86918.s
4855	sub_b86c9c	pseudocode/04855_sub_b86c9c.dartpseudo	ir/04855_sub_b86c9c.json	asm/04855_sub_b86c9c.s
4856	sub_b86e18	pseudocode/04856_sub_b86e18.dartpseudo	ir/04856_sub_b86e18.json	asm/04856_sub_b86e18.s
4857	sub_b86ecc	pseudocode/04857_sub_b86ecc.dartpseudo	ir/04857_sub_b86ecc.json	asm/04857_sub_b86ecc.s
4858	sub_b86f80	pseudocode/04858_sub_b86f80.dartpseudo	ir/04858_sub_b86f80.json	asm/04858_sub_b86f80.s
4859	sub_b87034	pseudocode/04859_sub_b87034.dartpseudo	ir/04859_sub_b87034.json	asm/04859_sub_b87034.s
4860	sub_b871b8	pseudocode/04860_sub_b871b8.dartpseudo	ir/04860_sub_b871b8.json	asm/04860_sub_b871b8.s
4861	sub_b8726c	pseudocode/04861_sub_b8726c.dartpseudo	ir/04861_sub_b8726c.json	asm/04861_sub_b8726c.s
4862	sub_b87320	pseudocode/04862_sub_b87320.dartpseudo	ir/04862_sub_b87320.json	asm/04862_sub_b87320.s
4863	sub_b873d4	pseudocode/04863_sub_b873d4.dartpseudo	ir/04863_sub_b873d4.json	asm/04863_sub_b873d4.s
4864	sub_b87774	pseudocode/04864_sub_b87774.dartpseudo	ir/04864_sub_b87774.json	asm/04864_sub_b87774.s
4865	sub_b87930	pseudocode/04865_sub_b87930.dartpseudo	ir/04865_sub_b87930.json	asm/04865_sub_b87930.s
4866	sub_b87d8c	pseudocode/04866_sub_b87d8c.dartpseudo	ir/04866_sub_b87d8c.json	asm/04866_sub_b87d8c.s
4867	sub_b881fc	pseudocode/04867_sub_b881fc.dartpseudo	ir/04867_sub_b881fc.json	asm/04867_sub_b881fc.s
4868	sub_b88bd4	pseudocode/04868_sub_b88bd4.dartpseudo	ir/04868_sub_b88bd4.json	asm/04868_sub_b88bd4.s
4869	sub_b88e5c	pseudocode/04869_sub_b88e5c.dartpseudo	ir/04869_sub_b88e5c.json	asm/04869_sub_b88e5c.s
4870	sub_b8914c	pseudocode/04870_sub_b8914c.dartpseudo	ir/04870_sub_b8914c.json	asm/04870_sub_b8914c.s
4871	sub_b89428	pseudocode/04871_sub_b89428.dartpseudo	ir/04871_sub_b89428.json	asm/04871_sub_b89428.s
4872	sub_b8a1d8	pseudocode/04872_sub_b8a1d8.dartpseudo	ir/04872_sub_b8a1d8.json	asm/04872_sub_b8a1d8.s
4873	sub_b8a858	pseudocode/04873_sub_b8a858.dartpseudo	ir/04873_sub_b8a858.json	asm/04873_sub_b8a858.s
4874	sub_b8ada4	pseudocode/04874_sub_b8ada4.dartpseudo	ir/04874_sub_b8ada4.json	asm/04874_sub_b8ada4.s
4875	sub_b8b544	pseudocode/04875_sub_b8b544.dartpseudo	ir/04875_sub_b8b544.json	asm/04875_sub_b8b544.s
4876	sub_b8d4f8	pseudocode/04876_sub_b8d4f8.dartpseudo	ir/04876_sub_b8d4f8.json	asm/04876_sub_b8d4f8.s
4877	sub_b8ecfc	pseudocode/04877_sub_b8ecfc.dartpseudo	ir/04877_sub_b8ecfc.json	asm/04877_sub_b8ecfc.s
4878	sub_b90754	pseudocode/04878_sub_b90754.dartpseudo	ir/04878_sub_b90754.json	asm/04878_sub_b90754.s
4879	sub_b909cc	pseudocode/04879_sub_b909cc.dartpseudo	ir/04879_sub_b909cc.json	asm/04879_sub_b909cc.s
4880	sub_b90a3c	pseudocode/04880_sub_b90a3c.dartpseudo	ir/04880_sub_b90a3c.json	asm/04880_sub_b90a3c.s
4881	sub_b90c14	pseudocode/04881_sub_b90c14.dartpseudo	ir/04881_sub_b90c14.json	asm/04881_sub_b90c14.s
4882	sub_b90f94	pseudocode/04882_sub_b90f94.dartpseudo	ir/04882_sub_b90f94.json	asm/04882_sub_b90f94.s
4883	sub_b910b8	pseudocode/04883_sub_b910b8.dartpseudo	ir/04883_sub_b910b8.json	asm/04883_sub_b910b8.s
4884	sub_b911dc	pseudocode/04884_sub_b911dc.dartpseudo	ir/04884_sub_b911dc.json	asm/04884_sub_b911dc.s
4885	sub_b913a4	pseudocode/04885_sub_b913a4.dartpseudo	ir/04885_sub_b913a4.json	asm/04885_sub_b913a4.s
4886	sub_b914c8	pseudocode/04886_sub_b914c8.dartpseudo	ir/04886_sub_b914c8.json	asm/04886_sub_b914c8.s
4887	sub_b92588	pseudocode/04887_sub_b92588.dartpseudo	ir/04887_sub_b92588.json	asm/04887_sub_b92588.s
4888	sub_b92f78	pseudocode/04888_sub_b92f78.dartpseudo	ir/04888_sub_b92f78.json	asm/04888_sub_b92f78.s
4889	sub_b93230	pseudocode/04889_sub_b93230.dartpseudo	ir/04889_sub_b93230.json	asm/04889_sub_b93230.s
4890	sub_b9323c	pseudocode/04890_sub_b9323c.dartpseudo	ir/04890_sub_b9323c.json	asm/04890_sub_b9323c.s
4891	sub_b93448	pseudocode/04891_sub_b93448.dartpseudo	ir/04891_sub_b93448.json	asm/04891_sub_b93448.s
4892	sub_b934a0	pseudocode/04892_sub_b934a0.dartpseudo	ir/04892_sub_b934a0.json	asm/04892_sub_b934a0.s
4893	sub_b934bc	pseudocode/04893_sub_b934bc.dartpseudo	ir/04893_sub_b934bc.json	asm/04893_sub_b934bc.s
4894	sub_b9355c	pseudocode/04894_sub_b9355c.dartpseudo	ir/04894_sub_b9355c.json	asm/04894_sub_b9355c.s
4895	sub_b93fbc	pseudocode/04895_sub_b93fbc.dartpseudo	ir/04895_sub_b93fbc.json	asm/04895_sub_b93fbc.s
4896	sub_b944a8	pseudocode/04896_sub_b944a8.dartpseudo	ir/04896_sub_b944a8.json	asm/04896_sub_b944a8.s
4897	sub_b94668	pseudocode/04897_sub_b94668.dartpseudo	ir/04897_sub_b94668.json	asm/04897_sub_b94668.s
4898	sub_b946cc	pseudocode/04898_sub_b946cc.dartpseudo	ir/04898_sub_b946cc.json	asm/04898_sub_b946cc.s
4899	sub_b947f4	pseudocode/04899_sub_b947f4.dartpseudo	ir/04899_sub_b947f4.json	asm/04899_sub_b947f4.s
4900	sub_b9496c	pseudocode/04900_sub_b9496c.dartpseudo	ir/04900_sub_b9496c.json	asm/04900_sub_b9496c.s
4901	sub_b94a00	pseudocode/04901_sub_b94a00.dartpseudo	ir/04901_sub_b94a00.json	asm/04901_sub_b94a00.s
4902	sub_b94a48	pseudocode/04902_sub_b94a48.dartpseudo	ir/04902_sub_b94a48.json	asm/04902_sub_b94a48.s
4903	sub_b94d2c	pseudocode/04903_sub_b94d2c.dartpseudo	ir/04903_sub_b94d2c.json	asm/04903_sub_b94d2c.s
4904	sub_b953d8	pseudocode/04904_sub_b953d8.dartpseudo	ir/04904_sub_b953d8.json	asm/04904_sub_b953d8.s
4905	sub_b957e8	pseudocode/04905_sub_b957e8.dartpseudo	ir/04905_sub_b957e8.json	asm/04905_sub_b957e8.s
4906	sub_b96234	pseudocode/04906_sub_b96234.dartpseudo	ir/04906_sub_b96234.json	asm/04906_sub_b96234.s
4907	sub_b96318	pseudocode/04907_sub_b96318.dartpseudo	ir/04907_sub_b96318.json	asm/04907_sub_b96318.s
4908	sub_b96604	pseudocode/04908_sub_b96604.dartpseudo	ir/04908_sub_b96604.json	asm/04908_sub_b96604.s
4909	sub_b96970	pseudocode/04909_sub_b96970.dartpseudo	ir/04909_sub_b96970.json	asm/04909_sub_b96970.s
4910	sub_b96ce4	pseudocode/04910_sub_b96ce4.dartpseudo	ir/04910_sub_b96ce4.json	asm/04910_sub_b96ce4.s
4911	sub_b96ddc	pseudocode/04911_sub_b96ddc.dartpseudo	ir/04911_sub_b96ddc.json	asm/04911_sub_b96ddc.s
4912	sub_b97df0	pseudocode/04912_sub_b97df0.dartpseudo	ir/04912_sub_b97df0.json	asm/04912_sub_b97df0.s
4913	sub_b9825c	pseudocode/04913_sub_b9825c.dartpseudo	ir/04913_sub_b9825c.json	asm/04913_sub_b9825c.s
4914	sub_b98330	pseudocode/04914_sub_b98330.dartpseudo	ir/04914_sub_b98330.json	asm/04914_sub_b98330.s
4915	sub_b983c8	pseudocode/04915_sub_b983c8.dartpseudo	ir/04915_sub_b983c8.json	asm/04915_sub_b983c8.s
4916	sub_b986cc	pseudocode/04916_sub_b986cc.dartpseudo	ir/04916_sub_b986cc.json	asm/04916_sub_b986cc.s
4917	sub_b9891c	pseudocode/04917_sub_b9891c.dartpseudo	ir/04917_sub_b9891c.json	asm/04917_sub_b9891c.s
4918	sub_b98b54	pseudocode/04918_sub_b98b54.dartpseudo	ir/04918_sub_b98b54.json	asm/04918_sub_b98b54.s
4919	sub_b98dbc	pseudocode/04919_sub_b98dbc.dartpseudo	ir/04919_sub_b98dbc.json	asm/04919_sub_b98dbc.s
4920	sub_b9900c	pseudocode/04920_sub_b9900c.dartpseudo	ir/04920_sub_b9900c.json	asm/04920_sub_b9900c.s
4921	sub_b99284	pseudocode/04921_sub_b99284.dartpseudo	ir/04921_sub_b99284.json	asm/04921_sub_b99284.s
4922	sub_b99578	pseudocode/04922_sub_b99578.dartpseudo	ir/04922_sub_b99578.json	asm/04922_sub_b99578.s
4923	sub_b9983c	pseudocode/04923_sub_b9983c.dartpseudo	ir/04923_sub_b9983c.json	asm/04923_sub_b9983c.s
4924	sub_b99b30	pseudocode/04924_sub_b99b30.dartpseudo	ir/04924_sub_b99b30.json	asm/04924_sub_b99b30.s
4925	sub_b99d80	pseudocode/04925_sub_b99d80.dartpseudo	ir/04925_sub_b99d80.json	asm/04925_sub_b99d80.s
4926	sub_b9a074	pseudocode/04926_sub_b9a074.dartpseudo	ir/04926_sub_b9a074.json	asm/04926_sub_b9a074.s
4927	sub_b9a348	pseudocode/04927_sub_b9a348.dartpseudo	ir/04927_sub_b9a348.json	asm/04927_sub_b9a348.s
4928	sub_b9a74c	pseudocode/04928_sub_b9a74c.dartpseudo	ir/04928_sub_b9a74c.json	asm/04928_sub_b9a74c.s
4929	sub_b9b548	pseudocode/04929_sub_b9b548.dartpseudo	ir/04929_sub_b9b548.json	asm/04929_sub_b9b548.s
4930	sub_b9b81c	pseudocode/04930_sub_b9b81c.dartpseudo	ir/04930_sub_b9b81c.json	asm/04930_sub_b9b81c.s
4931	sub_b9ba84	pseudocode/04931_sub_b9ba84.dartpseudo	ir/04931_sub_b9ba84.json	asm/04931_sub_b9ba84.s
4932	sub_b9bdd8	pseudocode/04932_sub_b9bdd8.dartpseudo	ir/04932_sub_b9bdd8.json	asm/04932_sub_b9bdd8.s
4933	sub_b9c894	pseudocode/04933_sub_b9c894.dartpseudo	ir/04933_sub_b9c894.json	asm/04933_sub_b9c894.s
4934	sub_b9cab4	pseudocode/04934_sub_b9cab4.dartpseudo	ir/04934_sub_b9cab4.json	asm/04934_sub_b9cab4.s
4935	sub_b9cdf0	pseudocode/04935_sub_b9cdf0.dartpseudo	ir/04935_sub_b9cdf0.json	asm/04935_sub_b9cdf0.s
4936	sub_b9d04c	pseudocode/04936_sub_b9d04c.dartpseudo	ir/04936_sub_b9d04c.json	asm/04936_sub_b9d04c.s
4937	sub_b9d62c	pseudocode/04937_sub_b9d62c.dartpseudo	ir/04937_sub_b9d62c.json	asm/04937_sub_b9d62c.s
4938	sub_b9d918	pseudocode/04938_sub_b9d918.dartpseudo	ir/04938_sub_b9d918.json	asm/04938_sub_b9d918.s
4939	sub_b9d9f8	pseudocode/04939_sub_b9d9f8.dartpseudo	ir/04939_sub_b9d9f8.json	asm/04939_sub_b9d9f8.s
4940	sub_b9dda0	pseudocode/04940_sub_b9dda0.dartpseudo	ir/04940_sub_b9dda0.json	asm/04940_sub_b9dda0.s
4941	sub_b9de14	pseudocode/04941_sub_b9de14.dartpseudo	ir/04941_sub_b9de14.json	asm/04941_sub_b9de14.s
4942	sub_b9f5e0	pseudocode/04942_sub_b9f5e0.dartpseudo	ir/04942_sub_b9f5e0.json	asm/04942_sub_b9f5e0.s
4943	sub_b9f6cc	pseudocode/04943_sub_b9f6cc.dartpseudo	ir/04943_sub_b9f6cc.json	asm/04943_sub_b9f6cc.s
4944	sub_b9f8fc	pseudocode/04944_sub_b9f8fc.dartpseudo	ir/04944_sub_b9f8fc.json	asm/04944_sub_b9f8fc.s
4945	sub_b9f908	pseudocode/04945_sub_b9f908.dartpseudo	ir/04945_sub_b9f908.json	asm/04945_sub_b9f908.s
4946	sub_ba015c	pseudocode/04946_sub_ba015c.dartpseudo	ir/04946_sub_ba015c.json	asm/04946_sub_ba015c.s
4947	sub_ba01fc	pseudocode/04947_sub_ba01fc.dartpseudo	ir/04947_sub_ba01fc.json	asm/04947_sub_ba01fc.s
4948	sub_ba06b4	pseudocode/04948_sub_ba06b4.dartpseudo	ir/04948_sub_ba06b4.json	asm/04948_sub_ba06b4.s
4949	sub_ba0824	pseudocode/04949_sub_ba0824.dartpseudo	ir/04949_sub_ba0824.json	asm/04949_sub_ba0824.s
4950	sub_ba08d4	pseudocode/04950_sub_ba08d4.dartpseudo	ir/04950_sub_ba08d4.json	asm/04950_sub_ba08d4.s
4951	sub_ba090c	pseudocode/04951_sub_ba090c.dartpseudo	ir/04951_sub_ba090c.json	asm/04951_sub_ba090c.s
4952	sub_ba0940	pseudocode/04952_sub_ba0940.dartpseudo	ir/04952_sub_ba0940.json	asm/04952_sub_ba0940.s
4953	sub_ba0b44	pseudocode/04953_sub_ba0b44.dartpseudo	ir/04953_sub_ba0b44.json	asm/04953_sub_ba0b44.s
4954	sub_ba0be4	pseudocode/04954_sub_ba0be4.dartpseudo	ir/04954_sub_ba0be4.json	asm/04954_sub_ba0be4.s
4955	sub_ba0d8c	pseudocode/04955_sub_ba0d8c.dartpseudo	ir/04955_sub_ba0d8c.json	asm/04955_sub_ba0d8c.s
4956	sub_ba0e18	pseudocode/04956_sub_ba0e18.dartpseudo	ir/04956_sub_ba0e18.json	asm/04956_sub_ba0e18.s
4957	sub_ba2d74	pseudocode/04957_sub_ba2d74.dartpseudo	ir/04957_sub_ba2d74.json	asm/04957_sub_ba2d74.s
4958	sub_ba30b0	pseudocode/04958_sub_ba30b0.dartpseudo	ir/04958_sub_ba30b0.json	asm/04958_sub_ba30b0.s
4959	sub_ba34e4	pseudocode/04959_sub_ba34e4.dartpseudo	ir/04959_sub_ba34e4.json	asm/04959_sub_ba34e4.s
4960	sub_ba3874	pseudocode/04960_sub_ba3874.dartpseudo	ir/04960_sub_ba3874.json	asm/04960_sub_ba3874.s
4961	sub_ba3884	pseudocode/04961_sub_ba3884.dartpseudo	ir/04961_sub_ba3884.json	asm/04961_sub_ba3884.s
4962	sub_ba3bb8	pseudocode/04962_sub_ba3bb8.dartpseudo	ir/04962_sub_ba3bb8.json	asm/04962_sub_ba3bb8.s
4963	sub_ba3ee8	pseudocode/04963_sub_ba3ee8.dartpseudo	ir/04963_sub_ba3ee8.json	asm/04963_sub_ba3ee8.s
4964	sub_ba3f6c	pseudocode/04964_sub_ba3f6c.dartpseudo	ir/04964_sub_ba3f6c.json	asm/04964_sub_ba3f6c.s
4965	sub_ba3f9c	pseudocode/04965_sub_ba3f9c.dartpseudo	ir/04965_sub_ba3f9c.json	asm/04965_sub_ba3f9c.s
4966	sub_ba4080	pseudocode/04966_sub_ba4080.dartpseudo	ir/04966_sub_ba4080.json	asm/04966_sub_ba4080.s
4967	sub_ba5300	pseudocode/04967_sub_ba5300.dartpseudo	ir/04967_sub_ba5300.json	asm/04967_sub_ba5300.s
4968	sub_ba53d8	pseudocode/04968_sub_ba53d8.dartpseudo	ir/04968_sub_ba53d8.json	asm/04968_sub_ba53d8.s
4969	sub_ba5410	pseudocode/04969_sub_ba5410.dartpseudo	ir/04969_sub_ba5410.json	asm/04969_sub_ba5410.s
4970	sub_ba5448	pseudocode/04970_sub_ba5448.dartpseudo	ir/04970_sub_ba5448.json	asm/04970_sub_ba5448.s
4971	sub_ba64bc	pseudocode/04971_sub_ba64bc.dartpseudo	ir/04971_sub_ba64bc.json	asm/04971_sub_ba64bc.s
4972	sub_ba6a90	pseudocode/04972_sub_ba6a90.dartpseudo	ir/04972_sub_ba6a90.json	asm/04972_sub_ba6a90.s
4973	sub_ba6d6c	pseudocode/04973_sub_ba6d6c.dartpseudo	ir/04973_sub_ba6d6c.json	asm/04973_sub_ba6d6c.s
4974	sub_ba75c0	pseudocode/04974_sub_ba75c0.dartpseudo	ir/04974_sub_ba75c0.json	asm/04974_sub_ba75c0.s
4975	sub_ba7fc0	pseudocode/04975_sub_ba7fc0.dartpseudo	ir/04975_sub_ba7fc0.json	asm/04975_sub_ba7fc0.s
4976	sub_ba80ec	pseudocode/04976_sub_ba80ec.dartpseudo	ir/04976_sub_ba80ec.json	asm/04976_sub_ba80ec.s
4977	sub_ba8a44	pseudocode/04977_sub_ba8a44.dartpseudo	ir/04977_sub_ba8a44.json	asm/04977_sub_ba8a44.s
4978	sub_ba8bfc	pseudocode/04978_sub_ba8bfc.dartpseudo	ir/04978_sub_ba8bfc.json	asm/04978_sub_ba8bfc.s
4979	sub_ba8c18	pseudocode/04979_sub_ba8c18.dartpseudo	ir/04979_sub_ba8c18.json	asm/04979_sub_ba8c18.s
4980	sub_ba8df4	pseudocode/04980_sub_ba8df4.dartpseudo	ir/04980_sub_ba8df4.json	asm/04980_sub_ba8df4.s
4981	sub_ba8e28	pseudocode/04981_sub_ba8e28.dartpseudo	ir/04981_sub_ba8e28.json	asm/04981_sub_ba8e28.s
4982	sub_ba8f94	pseudocode/04982_sub_ba8f94.dartpseudo	ir/04982_sub_ba8f94.json	asm/04982_sub_ba8f94.s
4983	sub_ba8fa0	pseudocode/04983_sub_ba8fa0.dartpseudo	ir/04983_sub_ba8fa0.json	asm/04983_sub_ba8fa0.s
4984	sub_ba9660	pseudocode/04984_sub_ba9660.dartpseudo	ir/04984_sub_ba9660.json	asm/04984_sub_ba9660.s
4985	sub_ba97d4	pseudocode/04985_sub_ba97d4.dartpseudo	ir/04985_sub_ba97d4.json	asm/04985_sub_ba97d4.s
4986	sub_ba97ec	pseudocode/04986_sub_ba97ec.dartpseudo	ir/04986_sub_ba97ec.json	asm/04986_sub_ba97ec.s
4987	sub_ba97f8	pseudocode/04987_sub_ba97f8.dartpseudo	ir/04987_sub_ba97f8.json	asm/04987_sub_ba97f8.s
4988	sub_ba9c20	pseudocode/04988_sub_ba9c20.dartpseudo	ir/04988_sub_ba9c20.json	asm/04988_sub_ba9c20.s
4989	sub_ba9da4	pseudocode/04989_sub_ba9da4.dartpseudo	ir/04989_sub_ba9da4.json	asm/04989_sub_ba9da4.s
4990	sub_ba9f88	pseudocode/04990_sub_ba9f88.dartpseudo	ir/04990_sub_ba9f88.json	asm/04990_sub_ba9f88.s
4991	sub_baa8bc	pseudocode/04991_sub_baa8bc.dartpseudo	ir/04991_sub_baa8bc.json	asm/04991_sub_baa8bc.s
4992	sub_baae60	pseudocode/04992_sub_baae60.dartpseudo	ir/04992_sub_baae60.json	asm/04992_sub_baae60.s
4993	sub_bab214	pseudocode/04993_sub_bab214.dartpseudo	ir/04993_sub_bab214.json	asm/04993_sub_bab214.s
4994	sub_bab444	pseudocode/04994_sub_bab444.dartpseudo	ir/04994_sub_bab444.json	asm/04994_sub_bab444.s
4995	sub_bab720	pseudocode/04995_sub_bab720.dartpseudo	ir/04995_sub_bab720.json	asm/04995_sub_bab720.s
4996	sub_bab820	pseudocode/04996_sub_bab820.dartpseudo	ir/04996_sub_bab820.json	asm/04996_sub_bab820.s
4997	sub_baba54	pseudocode/04997_sub_baba54.dartpseudo	ir/04997_sub_baba54.json	asm/04997_sub_baba54.s
4998	sub_bac2d0	pseudocode/04998_sub_bac2d0.dartpseudo	ir/04998_sub_bac2d0.json	asm/04998_sub_bac2d0.s
4999	sub_bac594	pseudocode/04999_sub_bac594.dartpseudo	ir/04999_sub_bac594.json	asm/04999_sub_bac594.s
5000	sub_bac9a8	pseudocode/05000_sub_bac9a8.dartpseudo	ir/05000_sub_bac9a8.json	asm/05000_sub_bac9a8.s
5001	sub_bad0e0	pseudocode/05001_sub_bad0e0.dartpseudo	ir/05001_sub_bad0e0.json	asm/05001_sub_bad0e0.s
5002	sub_bad180	pseudocode/05002_sub_bad180.dartpseudo	ir/05002_sub_bad180.json	asm/05002_sub_bad180.s
5003	sub_badd24	pseudocode/05003_sub_badd24.dartpseudo	ir/05003_sub_badd24.json	asm/05003_sub_badd24.s
5004	sub_bae200	pseudocode/05004_sub_bae200.dartpseudo	ir/05004_sub_bae200.json	asm/05004_sub_bae200.s
5005	sub_bae2a8	pseudocode/05005_sub_bae2a8.dartpseudo	ir/05005_sub_bae2a8.json	asm/05005_sub_bae2a8.s
5006	sub_bae380	pseudocode/05006_sub_bae380.dartpseudo	ir/05006_sub_bae380.json	asm/05006_sub_bae380.s
5007	sub_baf274	pseudocode/05007_sub_baf274.dartpseudo	ir/05007_sub_baf274.json	asm/05007_sub_baf274.s
5008	sub_bafcb8	pseudocode/05008_sub_bafcb8.dartpseudo	ir/05008_sub_bafcb8.json	asm/05008_sub_bafcb8.s
5009	sub_bafdac	pseudocode/05009_sub_bafdac.dartpseudo	ir/05009_sub_bafdac.json	asm/05009_sub_bafdac.s
5010	sub_bb00fc	pseudocode/05010_sub_bb00fc.dartpseudo	ir/05010_sub_bb00fc.json	asm/05010_sub_bb00fc.s
5011	sub_bb045c	pseudocode/05011_sub_bb045c.dartpseudo	ir/05011_sub_bb045c.json	asm/05011_sub_bb045c.s
5012	sub_bb04dc	pseudocode/05012_sub_bb04dc.dartpseudo	ir/05012_sub_bb04dc.json	asm/05012_sub_bb04dc.s
5013	sub_bb08fc	pseudocode/05013_sub_bb08fc.dartpseudo	ir/05013_sub_bb08fc.json	asm/05013_sub_bb08fc.s
5014	sub_bb0d38	pseudocode/05014_sub_bb0d38.dartpseudo	ir/05014_sub_bb0d38.json	asm/05014_sub_bb0d38.s
5015	sub_bb0ddc	pseudocode/05015_sub_bb0ddc.dartpseudo	ir/05015_sub_bb0ddc.json	asm/05015_sub_bb0ddc.s
5016	sub_bb10f8	pseudocode/05016_sub_bb10f8.dartpseudo	ir/05016_sub_bb10f8.json	asm/05016_sub_bb10f8.s
5017	sub_bb11c0	pseudocode/05017_sub_bb11c0.dartpseudo	ir/05017_sub_bb11c0.json	asm/05017_sub_bb11c0.s
5018	sub_bb1640	pseudocode/05018_sub_bb1640.dartpseudo	ir/05018_sub_bb1640.json	asm/05018_sub_bb1640.s
5019	sub_bb36c4	pseudocode/05019_sub_bb36c4.dartpseudo	ir/05019_sub_bb36c4.json	asm/05019_sub_bb36c4.s
5020	sub_bb3dcc	pseudocode/05020_sub_bb3dcc.dartpseudo	ir/05020_sub_bb3dcc.json	asm/05020_sub_bb3dcc.s
5021	sub_bb59b4	pseudocode/05021_sub_bb59b4.dartpseudo	ir/05021_sub_bb59b4.json	asm/05021_sub_bb59b4.s
5022	sub_bb5ce8	pseudocode/05022_sub_bb5ce8.dartpseudo	ir/05022_sub_bb5ce8.json	asm/05022_sub_bb5ce8.s
5023	sub_bb6960	pseudocode/05023_sub_bb6960.dartpseudo	ir/05023_sub_bb6960.json	asm/05023_sub_bb6960.s
5024	sub_bb7174	pseudocode/05024_sub_bb7174.dartpseudo	ir/05024_sub_bb7174.json	asm/05024_sub_bb7174.s
5025	sub_bb7558	pseudocode/05025_sub_bb7558.dartpseudo	ir/05025_sub_bb7558.json	asm/05025_sub_bb7558.s
5026	sub_bb790c	pseudocode/05026_sub_bb790c.dartpseudo	ir/05026_sub_bb790c.json	asm/05026_sub_bb790c.s
5027	sub_bb7a78	pseudocode/05027_sub_bb7a78.dartpseudo	ir/05027_sub_bb7a78.json	asm/05027_sub_bb7a78.s
5028	sub_bb7ddc	pseudocode/05028_sub_bb7ddc.dartpseudo	ir/05028_sub_bb7ddc.json	asm/05028_sub_bb7ddc.s
5029	sub_bb8394	pseudocode/05029_sub_bb8394.dartpseudo	ir/05029_sub_bb8394.json	asm/05029_sub_bb8394.s
5030	sub_bb87a8	pseudocode/05030_sub_bb87a8.dartpseudo	ir/05030_sub_bb87a8.json	asm/05030_sub_bb87a8.s
5031	sub_bb8ff8	pseudocode/05031_sub_bb8ff8.dartpseudo	ir/05031_sub_bb8ff8.json	asm/05031_sub_bb8ff8.s
5032	sub_bb9458	pseudocode/05032_sub_bb9458.dartpseudo	ir/05032_sub_bb9458.json	asm/05032_sub_bb9458.s
5033	sub_bb95a8	pseudocode/05033_sub_bb95a8.dartpseudo	ir/05033_sub_bb95a8.json	asm/05033_sub_bb95a8.s
5034	sub_bba018	pseudocode/05034_sub_bba018.dartpseudo	ir/05034_sub_bba018.json	asm/05034_sub_bba018.s
5035	sub_bbaaac	pseudocode/05035_sub_bbaaac.dartpseudo	ir/05035_sub_bbaaac.json	asm/05035_sub_bbaaac.s
5036	sub_bbb20c	pseudocode/05036_sub_bbb20c.dartpseudo	ir/05036_sub_bbb20c.json	asm/05036_sub_bbb20c.s
5037	sub_bbb350	pseudocode/05037_sub_bbb350.dartpseudo	ir/05037_sub_bbb350.json	asm/05037_sub_bbb350.s
5038	sub_bbb9bc	pseudocode/05038_sub_bbb9bc.dartpseudo	ir/05038_sub_bbb9bc.json	asm/05038_sub_bbb9bc.s
5039	sub_bbc488	pseudocode/05039_sub_bbc488.dartpseudo	ir/05039_sub_bbc488.json	asm/05039_sub_bbc488.s
5040	sub_bbd37c	pseudocode/05040_sub_bbd37c.dartpseudo	ir/05040_sub_bbd37c.json	asm/05040_sub_bbd37c.s
5041	sub_bbd624	pseudocode/05041_sub_bbd624.dartpseudo	ir/05041_sub_bbd624.json	asm/05041_sub_bbd624.s
5042	sub_bbd75c	pseudocode/05042_sub_bbd75c.dartpseudo	ir/05042_sub_bbd75c.json	asm/05042_sub_bbd75c.s
5043	sub_bbd820	pseudocode/05043_sub_bbd820.dartpseudo	ir/05043_sub_bbd820.json	asm/05043_sub_bbd820.s
5044	sub_bbe8a0	pseudocode/05044_sub_bbe8a0.dartpseudo	ir/05044_sub_bbe8a0.json	asm/05044_sub_bbe8a0.s
5045	sub_bbf268	pseudocode/05045_sub_bbf268.dartpseudo	ir/05045_sub_bbf268.json	asm/05045_sub_bbf268.s
5046	sub_bbff10	pseudocode/05046_sub_bbff10.dartpseudo	ir/05046_sub_bbff10.json	asm/05046_sub_bbff10.s
5047	sub_bc0294	pseudocode/05047_sub_bc0294.dartpseudo	ir/05047_sub_bc0294.json	asm/05047_sub_bc0294.s
5048	sub_bc0410	pseudocode/05048_sub_bc0410.dartpseudo	ir/05048_sub_bc0410.json	asm/05048_sub_bc0410.s
5049	sub_bc0558	pseudocode/05049_sub_bc0558.dartpseudo	ir/05049_sub_bc0558.json	asm/05049_sub_bc0558.s
5050	sub_bc05e0	pseudocode/05050_sub_bc05e0.dartpseudo	ir/05050_sub_bc05e0.json	asm/05050_sub_bc05e0.s
5051	sub_bc06c0	pseudocode/05051_sub_bc06c0.dartpseudo	ir/05051_sub_bc06c0.json	asm/05051_sub_bc06c0.s
5052	sub_bc0954	pseudocode/05052_sub_bc0954.dartpseudo	ir/05052_sub_bc0954.json	asm/05052_sub_bc0954.s
5053	sub_bc0a04	pseudocode/05053_sub_bc0a04.dartpseudo	ir/05053_sub_bc0a04.json	asm/05053_sub_bc0a04.s
5054	sub_bc0c10	pseudocode/05054_sub_bc0c10.dartpseudo	ir/05054_sub_bc0c10.json	asm/05054_sub_bc0c10.s
5055	sub_bc0d5c	pseudocode/05055_sub_bc0d5c.dartpseudo	ir/05055_sub_bc0d5c.json	asm/05055_sub_bc0d5c.s
5056	sub_bc0f1c	pseudocode/05056_sub_bc0f1c.dartpseudo	ir/05056_sub_bc0f1c.json	asm/05056_sub_bc0f1c.s
5057	sub_bc10e8	pseudocode/05057_sub_bc10e8.dartpseudo	ir/05057_sub_bc10e8.json	asm/05057_sub_bc10e8.s
5058	sub_bc14e0	pseudocode/05058_sub_bc14e0.dartpseudo	ir/05058_sub_bc14e0.json	asm/05058_sub_bc14e0.s
5059	sub_bc1734	pseudocode/05059_sub_bc1734.dartpseudo	ir/05059_sub_bc1734.json	asm/05059_sub_bc1734.s
5060	sub_bc17ac	pseudocode/05060_sub_bc17ac.dartpseudo	ir/05060_sub_bc17ac.json	asm/05060_sub_bc17ac.s
5061	sub_bc20fc	pseudocode/05061_sub_bc20fc.dartpseudo	ir/05061_sub_bc20fc.json	asm/05061_sub_bc20fc.s
5062	sub_bc2190	pseudocode/05062_sub_bc2190.dartpseudo	ir/05062_sub_bc2190.json	asm/05062_sub_bc2190.s
5063	sub_bc26f4	pseudocode/05063_sub_bc26f4.dartpseudo	ir/05063_sub_bc26f4.json	asm/05063_sub_bc26f4.s
5064	sub_bc27ac	pseudocode/05064_sub_bc27ac.dartpseudo	ir/05064_sub_bc27ac.json	asm/05064_sub_bc27ac.s
5065	sub_bc2848	pseudocode/05065_sub_bc2848.dartpseudo	ir/05065_sub_bc2848.json	asm/05065_sub_bc2848.s
5066	sub_bc29f8	pseudocode/05066_sub_bc29f8.dartpseudo	ir/05066_sub_bc29f8.json	asm/05066_sub_bc29f8.s
5067	sub_bc39a8	pseudocode/05067_sub_bc39a8.dartpseudo	ir/05067_sub_bc39a8.json	asm/05067_sub_bc39a8.s
5068	sub_bc41f4	pseudocode/05068_sub_bc41f4.dartpseudo	ir/05068_sub_bc41f4.json	asm/05068_sub_bc41f4.s
5069	sub_bc4600	pseudocode/05069_sub_bc4600.dartpseudo	ir/05069_sub_bc4600.json	asm/05069_sub_bc4600.s
5070	sub_bc48c8	pseudocode/05070_sub_bc48c8.dartpseudo	ir/05070_sub_bc48c8.json	asm/05070_sub_bc48c8.s
5071	sub_bc4d80	pseudocode/05071_sub_bc4d80.dartpseudo	ir/05071_sub_bc4d80.json	asm/05071_sub_bc4d80.s
5072	sub_bc4fe4	pseudocode/05072_sub_bc4fe4.dartpseudo	ir/05072_sub_bc4fe4.json	asm/05072_sub_bc4fe4.s
5073	sub_bc6014	pseudocode/05073_sub_bc6014.dartpseudo	ir/05073_sub_bc6014.json	asm/05073_sub_bc6014.s
5074	sub_bc6358	pseudocode/05074_sub_bc6358.dartpseudo	ir/05074_sub_bc6358.json	asm/05074_sub_bc6358.s
5075	sub_bc6b78	pseudocode/05075_sub_bc6b78.dartpseudo	ir/05075_sub_bc6b78.json	asm/05075_sub_bc6b78.s
5076	sub_bc7088	pseudocode/05076_sub_bc7088.dartpseudo	ir/05076_sub_bc7088.json	asm/05076_sub_bc7088.s
5077	sub_bc7268	pseudocode/05077_sub_bc7268.dartpseudo	ir/05077_sub_bc7268.json	asm/05077_sub_bc7268.s
5078	sub_bc7a28	pseudocode/05078_sub_bc7a28.dartpseudo	ir/05078_sub_bc7a28.json	asm/05078_sub_bc7a28.s
5079	sub_bc7ba8	pseudocode/05079_sub_bc7ba8.dartpseudo	ir/05079_sub_bc7ba8.json	asm/05079_sub_bc7ba8.s
5080	sub_bc7c78	pseudocode/05080_sub_bc7c78.dartpseudo	ir/05080_sub_bc7c78.json	asm/05080_sub_bc7c78.s
5081	sub_bc7f0c	pseudocode/05081_sub_bc7f0c.dartpseudo	ir/05081_sub_bc7f0c.json	asm/05081_sub_bc7f0c.s
5082	sub_bc82f8	pseudocode/05082_sub_bc82f8.dartpseudo	ir/05082_sub_bc82f8.json	asm/05082_sub_bc82f8.s
5083	sub_bc8478	pseudocode/05083_sub_bc8478.dartpseudo	ir/05083_sub_bc8478.json	asm/05083_sub_bc8478.s
5084	sub_bc860c	pseudocode/05084_sub_bc860c.dartpseudo	ir/05084_sub_bc860c.json	asm/05084_sub_bc860c.s
5085	sub_bc8a60	pseudocode/05085_sub_bc8a60.dartpseudo	ir/05085_sub_bc8a60.json	asm/05085_sub_bc8a60.s
5086	sub_bc91ec	pseudocode/05086_sub_bc91ec.dartpseudo	ir/05086_sub_bc91ec.json	asm/05086_sub_bc91ec.s
5087	sub_bca344	pseudocode/05087_sub_bca344.dartpseudo	ir/05087_sub_bca344.json	asm/05087_sub_bca344.s
5088	sub_bca41c	pseudocode/05088_sub_bca41c.dartpseudo	ir/05088_sub_bca41c.json	asm/05088_sub_bca41c.s
5089	sub_bca4d8	pseudocode/05089_sub_bca4d8.dartpseudo	ir/05089_sub_bca4d8.json	asm/05089_sub_bca4d8.s
5090	sub_bca980	pseudocode/05090_sub_bca980.dartpseudo	ir/05090_sub_bca980.json	asm/05090_sub_bca980.s
5091	sub_bcb5dc	pseudocode/05091_sub_bcb5dc.dartpseudo	ir/05091_sub_bcb5dc.json	asm/05091_sub_bcb5dc.s
5092	sub_bcb754	pseudocode/05092_sub_bcb754.dartpseudo	ir/05092_sub_bcb754.json	asm/05092_sub_bcb754.s
5093	sub_bcbc10	pseudocode/05093_sub_bcbc10.dartpseudo	ir/05093_sub_bcbc10.json	asm/05093_sub_bcbc10.s
5094	sub_bcbe70	pseudocode/05094_sub_bcbe70.dartpseudo	ir/05094_sub_bcbe70.json	asm/05094_sub_bcbe70.s
5095	sub_bcc0d0	pseudocode/05095_sub_bcc0d0.dartpseudo	ir/05095_sub_bcc0d0.json	asm/05095_sub_bcc0d0.s
5096	sub_bcc174	pseudocode/05096_sub_bcc174.dartpseudo	ir/05096_sub_bcc174.json	asm/05096_sub_bcc174.s
5097	sub_bccb64	pseudocode/05097_sub_bccb64.dartpseudo	ir/05097_sub_bccb64.json	asm/05097_sub_bccb64.s
5098	sub_bccc18	pseudocode/05098_sub_bccc18.dartpseudo	ir/05098_sub_bccc18.json	asm/05098_sub_bccc18.s
5099	sub_bcce48	pseudocode/05099_sub_bcce48.dartpseudo	ir/05099_sub_bcce48.json	asm/05099_sub_bcce48.s
5100	sub_bcced8	pseudocode/05100_sub_bcced8.dartpseudo	ir/05100_sub_bcced8.json	asm/05100_sub_bcced8.s
5101	sub_bcd2e4	pseudocode/05101_sub_bcd2e4.dartpseudo	ir/05101_sub_bcd2e4.json	asm/05101_sub_bcd2e4.s
5102	sub_bcd3dc	pseudocode/05102_sub_bcd3dc.dartpseudo	ir/05102_sub_bcd3dc.json	asm/05102_sub_bcd3dc.s
5103	sub_bcd6c0	pseudocode/05103_sub_bcd6c0.dartpseudo	ir/05103_sub_bcd6c0.json	asm/05103_sub_bcd6c0.s
5104	sub_bcd744	pseudocode/05104_sub_bcd744.dartpseudo	ir/05104_sub_bcd744.json	asm/05104_sub_bcd744.s
5105	sub_bcd840	pseudocode/05105_sub_bcd840.dartpseudo	ir/05105_sub_bcd840.json	asm/05105_sub_bcd840.s
5106	sub_bcda14	pseudocode/05106_sub_bcda14.dartpseudo	ir/05106_sub_bcda14.json	asm/05106_sub_bcda14.s
5107	sub_bcdadc	pseudocode/05107_sub_bcdadc.dartpseudo	ir/05107_sub_bcdadc.json	asm/05107_sub_bcdadc.s
5108	sub_bce314	pseudocode/05108_sub_bce314.dartpseudo	ir/05108_sub_bce314.json	asm/05108_sub_bce314.s
5109	sub_bce3f8	pseudocode/05109_sub_bce3f8.dartpseudo	ir/05109_sub_bce3f8.json	asm/05109_sub_bce3f8.s
5110	sub_bce4f0	pseudocode/05110_sub_bce4f0.dartpseudo	ir/05110_sub_bce4f0.json	asm/05110_sub_bce4f0.s
5111	sub_bce5d4	pseudocode/05111_sub_bce5d4.dartpseudo	ir/05111_sub_bce5d4.json	asm/05111_sub_bce5d4.s
5112	sub_bce8d0	pseudocode/05112_sub_bce8d0.dartpseudo	ir/05112_sub_bce8d0.json	asm/05112_sub_bce8d0.s
5113	sub_bcef44	pseudocode/05113_sub_bcef44.dartpseudo	ir/05113_sub_bcef44.json	asm/05113_sub_bcef44.s
5114	sub_bcf088	pseudocode/05114_sub_bcf088.dartpseudo	ir/05114_sub_bcf088.json	asm/05114_sub_bcf088.s
5115	sub_bcf990	pseudocode/05115_sub_bcf990.dartpseudo	ir/05115_sub_bcf990.json	asm/05115_sub_bcf990.s
5116	sub_bcfaf0	pseudocode/05116_sub_bcfaf0.dartpseudo	ir/05116_sub_bcfaf0.json	asm/05116_sub_bcfaf0.s
5117	sub_bd09ec	pseudocode/05117_sub_bd09ec.dartpseudo	ir/05117_sub_bd09ec.json	asm/05117_sub_bd09ec.s
5118	sub_bd10bc	pseudocode/05118_sub_bd10bc.dartpseudo	ir/05118_sub_bd10bc.json	asm/05118_sub_bd10bc.s
5119	sub_bd12dc	pseudocode/05119_sub_bd12dc.dartpseudo	ir/05119_sub_bd12dc.json	asm/05119_sub_bd12dc.s
5120	sub_bd1330	pseudocode/05120_sub_bd1330.dartpseudo	ir/05120_sub_bd1330.json	asm/05120_sub_bd1330.s
5121	sub_bd1fa0	pseudocode/05121_sub_bd1fa0.dartpseudo	ir/05121_sub_bd1fa0.json	asm/05121_sub_bd1fa0.s
5122	sub_bd2a90	pseudocode/05122_sub_bd2a90.dartpseudo	ir/05122_sub_bd2a90.json	asm/05122_sub_bd2a90.s
5123	sub_bd3ec0	pseudocode/05123_sub_bd3ec0.dartpseudo	ir/05123_sub_bd3ec0.json	asm/05123_sub_bd3ec0.s
5124	sub_bd4740	pseudocode/05124_sub_bd4740.dartpseudo	ir/05124_sub_bd4740.json	asm/05124_sub_bd4740.s
5125	sub_bd4b70	pseudocode/05125_sub_bd4b70.dartpseudo	ir/05125_sub_bd4b70.json	asm/05125_sub_bd4b70.s
5126	sub_bd50ac	pseudocode/05126_sub_bd50ac.dartpseudo	ir/05126_sub_bd50ac.json	asm/05126_sub_bd50ac.s
5127	sub_bd5288	pseudocode/05127_sub_bd5288.dartpseudo	ir/05127_sub_bd5288.json	asm/05127_sub_bd5288.s
5128	sub_bd5c1c	pseudocode/05128_sub_bd5c1c.dartpseudo	ir/05128_sub_bd5c1c.json	asm/05128_sub_bd5c1c.s
5129	sub_bd7094	pseudocode/05129_sub_bd7094.dartpseudo	ir/05129_sub_bd7094.json	asm/05129_sub_bd7094.s
5130	sub_bd719c	pseudocode/05130_sub_bd719c.dartpseudo	ir/05130_sub_bd719c.json	asm/05130_sub_bd719c.s
5131	sub_bd7868	pseudocode/05131_sub_bd7868.dartpseudo	ir/05131_sub_bd7868.json	asm/05131_sub_bd7868.s
5132	sub_bd78b4	pseudocode/05132_sub_bd78b4.dartpseudo	ir/05132_sub_bd78b4.json	asm/05132_sub_bd78b4.s
5133	sub_bd7ae4	pseudocode/05133_sub_bd7ae4.dartpseudo	ir/05133_sub_bd7ae4.json	asm/05133_sub_bd7ae4.s
5134	sub_bd7e10	pseudocode/05134_sub_bd7e10.dartpseudo	ir/05134_sub_bd7e10.json	asm/05134_sub_bd7e10.s
5135	sub_bd83ec	pseudocode/05135_sub_bd83ec.dartpseudo	ir/05135_sub_bd83ec.json	asm/05135_sub_bd83ec.s
5136	sub_bd8824	pseudocode/05136_sub_bd8824.dartpseudo	ir/05136_sub_bd8824.json	asm/05136_sub_bd8824.s
5137	sub_bd89e4	pseudocode/05137_sub_bd89e4.dartpseudo	ir/05137_sub_bd89e4.json	asm/05137_sub_bd89e4.s
5138	sub_bd9104	pseudocode/05138_sub_bd9104.dartpseudo	ir/05138_sub_bd9104.json	asm/05138_sub_bd9104.s
5139	sub_bd9110	pseudocode/05139_sub_bd9110.dartpseudo	ir/05139_sub_bd9110.json	asm/05139_sub_bd9110.s
5140	sub_bd9de4	pseudocode/05140_sub_bd9de4.dartpseudo	ir/05140_sub_bd9de4.json	asm/05140_sub_bd9de4.s
5141	sub_bd9df0	pseudocode/05141_sub_bd9df0.dartpseudo	ir/05141_sub_bd9df0.json	asm/05141_sub_bd9df0.s
5142	sub_bda96c	pseudocode/05142_sub_bda96c.dartpseudo	ir/05142_sub_bda96c.json	asm/05142_sub_bda96c.s
5143	sub_bdaa68	pseudocode/05143_sub_bdaa68.dartpseudo	ir/05143_sub_bdaa68.json	asm/05143_sub_bdaa68.s
5144	sub_bdaab0	pseudocode/05144_sub_bdaab0.dartpseudo	ir/05144_sub_bdaab0.json	asm/05144_sub_bdaab0.s
5145	sub_bdab44	pseudocode/05145_sub_bdab44.dartpseudo	ir/05145_sub_bdab44.json	asm/05145_sub_bdab44.s
5146	sub_bdab5c	pseudocode/05146_sub_bdab5c.dartpseudo	ir/05146_sub_bdab5c.json	asm/05146_sub_bdab5c.s
5147	sub_bdb3d8	pseudocode/05147_sub_bdb3d8.dartpseudo	ir/05147_sub_bdb3d8.json	asm/05147_sub_bdb3d8.s
5148	sub_bdcf2c	pseudocode/05148_sub_bdcf2c.dartpseudo	ir/05148_sub_bdcf2c.json	asm/05148_sub_bdcf2c.s
5149	sub_bdd098	pseudocode/05149_sub_bdd098.dartpseudo	ir/05149_sub_bdd098.json	asm/05149_sub_bdd098.s
5150	sub_be0604	pseudocode/05150_sub_be0604.dartpseudo	ir/05150_sub_be0604.json	asm/05150_sub_be0604.s
5151	sub_be09e8	pseudocode/05151_sub_be09e8.dartpseudo	ir/05151_sub_be09e8.json	asm/05151_sub_be09e8.s
5152	sub_be0bac	pseudocode/05152_sub_be0bac.dartpseudo	ir/05152_sub_be0bac.json	asm/05152_sub_be0bac.s
5153	sub_be0bb8	pseudocode/05153_sub_be0bb8.dartpseudo	ir/05153_sub_be0bb8.json	asm/05153_sub_be0bb8.s
5154	sub_be10fc	pseudocode/05154_sub_be10fc.dartpseudo	ir/05154_sub_be10fc.json	asm/05154_sub_be10fc.s
5155	sub_be15a4	pseudocode/05155_sub_be15a4.dartpseudo	ir/05155_sub_be15a4.json	asm/05155_sub_be15a4.s
5156	sub_be2514	pseudocode/05156_sub_be2514.dartpseudo	ir/05156_sub_be2514.json	asm/05156_sub_be2514.s
5157	sub_be2640	pseudocode/05157_sub_be2640.dartpseudo	ir/05157_sub_be2640.json	asm/05157_sub_be2640.s
5158	sub_be2694	pseudocode/05158_sub_be2694.dartpseudo	ir/05158_sub_be2694.json	asm/05158_sub_be2694.s
5159	sub_be26e8	pseudocode/05159_sub_be26e8.dartpseudo	ir/05159_sub_be26e8.json	asm/05159_sub_be26e8.s
5160	sub_be2768	pseudocode/05160_sub_be2768.dartpseudo	ir/05160_sub_be2768.json	asm/05160_sub_be2768.s
5161	sub_be27bc	pseudocode/05161_sub_be27bc.dartpseudo	ir/05161_sub_be27bc.json	asm/05161_sub_be27bc.s
5162	sub_be2810	pseudocode/05162_sub_be2810.dartpseudo	ir/05162_sub_be2810.json	asm/05162_sub_be2810.s
5163	sub_be32f8	pseudocode/05163_sub_be32f8.dartpseudo	ir/05163_sub_be32f8.json	asm/05163_sub_be32f8.s
5164	sub_be3594	pseudocode/05164_sub_be3594.dartpseudo	ir/05164_sub_be3594.json	asm/05164_sub_be3594.s
5165	sub_be5b18	pseudocode/05165_sub_be5b18.dartpseudo	ir/05165_sub_be5b18.json	asm/05165_sub_be5b18.s
5166	sub_be61cc	pseudocode/05166_sub_be61cc.dartpseudo	ir/05166_sub_be61cc.json	asm/05166_sub_be61cc.s
5167	sub_be6ef0	pseudocode/05167_sub_be6ef0.dartpseudo	ir/05167_sub_be6ef0.json	asm/05167_sub_be6ef0.s
5168	sub_be6f94	pseudocode/05168_sub_be6f94.dartpseudo	ir/05168_sub_be6f94.json	asm/05168_sub_be6f94.s
5169	sub_be7048	pseudocode/05169_sub_be7048.dartpseudo	ir/05169_sub_be7048.json	asm/05169_sub_be7048.s
5170	sub_be755c	pseudocode/05170_sub_be755c.dartpseudo	ir/05170_sub_be755c.json	asm/05170_sub_be755c.s
5171	sub_be7ed8	pseudocode/05171_sub_be7ed8.dartpseudo	ir/05171_sub_be7ed8.json	asm/05171_sub_be7ed8.s
5172	sub_be807c	pseudocode/05172_sub_be807c.dartpseudo	ir/05172_sub_be807c.json	asm/05172_sub_be807c.s
5173	sub_be822c	pseudocode/05173_sub_be822c.dartpseudo	ir/05173_sub_be822c.json	asm/05173_sub_be822c.s
5174	sub_be83d0	pseudocode/05174_sub_be83d0.dartpseudo	ir/05174_sub_be83d0.json	asm/05174_sub_be83d0.s
5175	sub_be8608	pseudocode/05175_sub_be8608.dartpseudo	ir/05175_sub_be8608.json	asm/05175_sub_be8608.s
5176	sub_be9188	pseudocode/05176_sub_be9188.dartpseudo	ir/05176_sub_be9188.json	asm/05176_sub_be9188.s
5177	sub_bea2ec	pseudocode/05177_sub_bea2ec.dartpseudo	ir/05177_sub_bea2ec.json	asm/05177_sub_bea2ec.s
5178	sub_bea99c	pseudocode/05178_sub_bea99c.dartpseudo	ir/05178_sub_bea99c.json	asm/05178_sub_bea99c.s
5179	sub_beaaa8	pseudocode/05179_sub_beaaa8.dartpseudo	ir/05179_sub_beaaa8.json	asm/05179_sub_beaaa8.s
5180	sub_beab48	pseudocode/05180_sub_beab48.dartpseudo	ir/05180_sub_beab48.json	asm/05180_sub_beab48.s
5181	sub_beabe4	pseudocode/05181_sub_beabe4.dartpseudo	ir/05181_sub_beabe4.json	asm/05181_sub_beabe4.s
5182	sub_beac3c	pseudocode/05182_sub_beac3c.dartpseudo	ir/05182_sub_beac3c.json	asm/05182_sub_beac3c.s
5183	sub_beacb4	pseudocode/05183_sub_beacb4.dartpseudo	ir/05183_sub_beacb4.json	asm/05183_sub_beacb4.s
5184	sub_bead3c	pseudocode/05184_sub_bead3c.dartpseudo	ir/05184_sub_bead3c.json	asm/05184_sub_bead3c.s
5185	sub_beae5c	pseudocode/05185_sub_beae5c.dartpseudo	ir/05185_sub_beae5c.json	asm/05185_sub_beae5c.s
5186	sub_beaf04	pseudocode/05186_sub_beaf04.dartpseudo	ir/05186_sub_beaf04.json	asm/05186_sub_beaf04.s
5187	sub_beaff4	pseudocode/05187_sub_beaff4.dartpseudo	ir/05187_sub_beaff4.json	asm/05187_sub_beaff4.s
5188	sub_beb778	pseudocode/05188_sub_beb778.dartpseudo	ir/05188_sub_beb778.json	asm/05188_sub_beb778.s
5189	sub_bebac4	pseudocode/05189_sub_bebac4.dartpseudo	ir/05189_sub_bebac4.json	asm/05189_sub_bebac4.s
5190	sub_bebb0c	pseudocode/05190_sub_bebb0c.dartpseudo	ir/05190_sub_bebb0c.json	asm/05190_sub_bebb0c.s
5191	sub_bed15c	pseudocode/05191_sub_bed15c.dartpseudo	ir/05191_sub_bed15c.json	asm/05191_sub_bed15c.s
5192	sub_bed6ec	pseudocode/05192_sub_bed6ec.dartpseudo	ir/05192_sub_bed6ec.json	asm/05192_sub_bed6ec.s
5193	sub_bed9a8	pseudocode/05193_sub_bed9a8.dartpseudo	ir/05193_sub_bed9a8.json	asm/05193_sub_bed9a8.s
5194	sub_bee010	pseudocode/05194_sub_bee010.dartpseudo	ir/05194_sub_bee010.json	asm/05194_sub_bee010.s
5195	sub_bee1a4	pseudocode/05195_sub_bee1a4.dartpseudo	ir/05195_sub_bee1a4.json	asm/05195_sub_bee1a4.s
5196	sub_bee240	pseudocode/05196_sub_bee240.dartpseudo	ir/05196_sub_bee240.json	asm/05196_sub_bee240.s
5197	sub_bee4b4	pseudocode/05197_sub_bee4b4.dartpseudo	ir/05197_sub_bee4b4.json	asm/05197_sub_bee4b4.s
5198	sub_bee4e0	pseudocode/05198_sub_bee4e0.dartpseudo	ir/05198_sub_bee4e0.json	asm/05198_sub_bee4e0.s
5199	sub_bee4ec	pseudocode/05199_sub_bee4ec.dartpseudo	ir/05199_sub_bee4ec.json	asm/05199_sub_bee4ec.s
5200	sub_bef028	pseudocode/05200_sub_bef028.dartpseudo	ir/05200_sub_bef028.json	asm/05200_sub_bef028.s
5201	sub_bef034	pseudocode/05201_sub_bef034.dartpseudo	ir/05201_sub_bef034.json	asm/05201_sub_bef034.s
5202	sub_befd78	pseudocode/05202_sub_befd78.dartpseudo	ir/05202_sub_befd78.json	asm/05202_sub_befd78.s
5203	sub_bf1410	pseudocode/05203_sub_bf1410.dartpseudo	ir/05203_sub_bf1410.json	asm/05203_sub_bf1410.s
5204	sub_bf1678	pseudocode/05204_sub_bf1678.dartpseudo	ir/05204_sub_bf1678.json	asm/05204_sub_bf1678.s
5205	sub_bf1b80	pseudocode/05205_sub_bf1b80.dartpseudo	ir/05205_sub_bf1b80.json	asm/05205_sub_bf1b80.s
5206	sub_bf2034	pseudocode/05206_sub_bf2034.dartpseudo	ir/05206_sub_bf2034.json	asm/05206_sub_bf2034.s
5207	sub_bf2070	pseudocode/05207_sub_bf2070.dartpseudo	ir/05207_sub_bf2070.json	asm/05207_sub_bf2070.s
5208	sub_bf28f4	pseudocode/05208_sub_bf28f4.dartpseudo	ir/05208_sub_bf28f4.json	asm/05208_sub_bf28f4.s
5209	sub_bf2cc8	pseudocode/05209_sub_bf2cc8.dartpseudo	ir/05209_sub_bf2cc8.json	asm/05209_sub_bf2cc8.s
5210	sub_bf7c08	pseudocode/05210_sub_bf7c08.dartpseudo	ir/05210_sub_bf7c08.json	asm/05210_sub_bf7c08.s
5211	sub_bf7c58	pseudocode/05211_sub_bf7c58.dartpseudo	ir/05211_sub_bf7c58.json	asm/05211_sub_bf7c58.s
5212	sub_bf7f68	pseudocode/05212_sub_bf7f68.dartpseudo	ir/05212_sub_bf7f68.json	asm/05212_sub_bf7f68.s
5213	sub_bf7fdc	pseudocode/05213_sub_bf7fdc.dartpseudo	ir/05213_sub_bf7fdc.json	asm/05213_sub_bf7fdc.s
5214	sub_bf8b60	pseudocode/05214_sub_bf8b60.dartpseudo	ir/05214_sub_bf8b60.json	asm/05214_sub_bf8b60.s
5215	sub_bf8ee4	pseudocode/05215_sub_bf8ee4.dartpseudo	ir/05215_sub_bf8ee4.json	asm/05215_sub_bf8ee4.s
5216	sub_bf9960	pseudocode/05216_sub_bf9960.dartpseudo	ir/05216_sub_bf9960.json	asm/05216_sub_bf9960.s
5217	sub_bf9ce0	pseudocode/05217_sub_bf9ce0.dartpseudo	ir/05217_sub_bf9ce0.json	asm/05217_sub_bf9ce0.s
5218	sub_bfa740	pseudocode/05218_sub_bfa740.dartpseudo	ir/05218_sub_bfa740.json	asm/05218_sub_bfa740.s
5219	sub_bfcb40	pseudocode/05219_sub_bfcb40.dartpseudo	ir/05219_sub_bfcb40.json	asm/05219_sub_bfcb40.s
5220	sub_bfcf08	pseudocode/05220_sub_bfcf08.dartpseudo	ir/05220_sub_bfcf08.json	asm/05220_sub_bfcf08.s
5221	sub_bfd388	pseudocode/05221_sub_bfd388.dartpseudo	ir/05221_sub_bfd388.json	asm/05221_sub_bfd388.s
5222	sub_bfd590	pseudocode/05222_sub_bfd590.dartpseudo	ir/05222_sub_bfd590.json	asm/05222_sub_bfd590.s
5223	sub_bfd59c	pseudocode/05223_sub_bfd59c.dartpseudo	ir/05223_sub_bfd59c.json	asm/05223_sub_bfd59c.s
5224	sub_bfd61c	pseudocode/05224_sub_bfd61c.dartpseudo	ir/05224_sub_bfd61c.json	asm/05224_sub_bfd61c.s
5225	sub_bfdd48	pseudocode/05225_sub_bfdd48.dartpseudo	ir/05225_sub_bfdd48.json	asm/05225_sub_bfdd48.s
5226	sub_bfde70	pseudocode/05226_sub_bfde70.dartpseudo	ir/05226_sub_bfde70.json	asm/05226_sub_bfde70.s
5227	sub_bfe0bc	pseudocode/05227_sub_bfe0bc.dartpseudo	ir/05227_sub_bfe0bc.json	asm/05227_sub_bfe0bc.s
5228	sub_bfe128	pseudocode/05228_sub_bfe128.dartpseudo	ir/05228_sub_bfe128.json	asm/05228_sub_bfe128.s
5229	sub_bfe390	pseudocode/05229_sub_bfe390.dartpseudo	ir/05229_sub_bfe390.json	asm/05229_sub_bfe390.s
5230	sub_bfe8b0	pseudocode/05230_sub_bfe8b0.dartpseudo	ir/05230_sub_bfe8b0.json	asm/05230_sub_bfe8b0.s
5231	sub_bfeb30	pseudocode/05231_sub_bfeb30.dartpseudo	ir/05231_sub_bfeb30.json	asm/05231_sub_bfeb30.s
5232	sub_bfeb8c	pseudocode/05232_sub_bfeb8c.dartpseudo	ir/05232_sub_bfeb8c.json	asm/05232_sub_bfeb8c.s
5233	sub_bfee0c	pseudocode/05233_sub_bfee0c.dartpseudo	ir/05233_sub_bfee0c.json	asm/05233_sub_bfee0c.s
5234	sub_bff074	pseudocode/05234_sub_bff074.dartpseudo	ir/05234_sub_bff074.json	asm/05234_sub_bff074.s
5235	sub_bff9f8	pseudocode/05235_sub_bff9f8.dartpseudo	ir/05235_sub_bff9f8.json	asm/05235_sub_bff9f8.s
5236	sub_c00f98	pseudocode/05236_sub_c00f98.dartpseudo	ir/05236_sub_c00f98.json	asm/05236_sub_c00f98.s
5237	sub_c010d0	pseudocode/05237_sub_c010d0.dartpseudo	ir/05237_sub_c010d0.json	asm/05237_sub_c010d0.s
5238	sub_c01154	pseudocode/05238_sub_c01154.dartpseudo	ir/05238_sub_c01154.json	asm/05238_sub_c01154.s
5239	sub_c02000	pseudocode/05239_sub_c02000.dartpseudo	ir/05239_sub_c02000.json	asm/05239_sub_c02000.s
5240	sub_c02150	pseudocode/05240_sub_c02150.dartpseudo	ir/05240_sub_c02150.json	asm/05240_sub_c02150.s
5241	sub_c02220	pseudocode/05241_sub_c02220.dartpseudo	ir/05241_sub_c02220.json	asm/05241_sub_c02220.s
5242	sub_c024e8	pseudocode/05242_sub_c024e8.dartpseudo	ir/05242_sub_c024e8.json	asm/05242_sub_c024e8.s
5243	sub_c02e68	pseudocode/05243_sub_c02e68.dartpseudo	ir/05243_sub_c02e68.json	asm/05243_sub_c02e68.s
5244	sub_c03460	pseudocode/05244_sub_c03460.dartpseudo	ir/05244_sub_c03460.json	asm/05244_sub_c03460.s
5245	sub_c035dc	pseudocode/05245_sub_c035dc.dartpseudo	ir/05245_sub_c035dc.json	asm/05245_sub_c035dc.s
5246	sub_c036a0	pseudocode/05246_sub_c036a0.dartpseudo	ir/05246_sub_c036a0.json	asm/05246_sub_c036a0.s
5247	sub_c037cc	pseudocode/05247_sub_c037cc.dartpseudo	ir/05247_sub_c037cc.json	asm/05247_sub_c037cc.s
5248	sub_c03918	pseudocode/05248_sub_c03918.dartpseudo	ir/05248_sub_c03918.json	asm/05248_sub_c03918.s
5249	sub_c03b50	pseudocode/05249_sub_c03b50.dartpseudo	ir/05249_sub_c03b50.json	asm/05249_sub_c03b50.s
5250	sub_c041f8	pseudocode/05250_sub_c041f8.dartpseudo	ir/05250_sub_c041f8.json	asm/05250_sub_c041f8.s
5251	sub_c0440c	pseudocode/05251_sub_c0440c.dartpseudo	ir/05251_sub_c0440c.json	asm/05251_sub_c0440c.s
5252	sub_c0447c	pseudocode/05252_sub_c0447c.dartpseudo	ir/05252_sub_c0447c.json	asm/05252_sub_c0447c.s
5253	sub_c04f2c	pseudocode/05253_sub_c04f2c.dartpseudo	ir/05253_sub_c04f2c.json	asm/05253_sub_c04f2c.s
5254	sub_c05598	pseudocode/05254_sub_c05598.dartpseudo	ir/05254_sub_c05598.json	asm/05254_sub_c05598.s
5255	sub_c05674	pseudocode/05255_sub_c05674.dartpseudo	ir/05255_sub_c05674.json	asm/05255_sub_c05674.s
5256	sub_c059e8	pseudocode/05256_sub_c059e8.dartpseudo	ir/05256_sub_c059e8.json	asm/05256_sub_c059e8.s
5257	sub_c06134	pseudocode/05257_sub_c06134.dartpseudo	ir/05257_sub_c06134.json	asm/05257_sub_c06134.s
5258	sub_c06284	pseudocode/05258_sub_c06284.dartpseudo	ir/05258_sub_c06284.json	asm/05258_sub_c06284.s
5259	sub_c06c30	pseudocode/05259_sub_c06c30.dartpseudo	ir/05259_sub_c06c30.json	asm/05259_sub_c06c30.s
5260	sub_c07cb8	pseudocode/05260_sub_c07cb8.dartpseudo	ir/05260_sub_c07cb8.json	asm/05260_sub_c07cb8.s
5261	sub_c08748	pseudocode/05261_sub_c08748.dartpseudo	ir/05261_sub_c08748.json	asm/05261_sub_c08748.s
5262	sub_c09844	pseudocode/05262_sub_c09844.dartpseudo	ir/05262_sub_c09844.json	asm/05262_sub_c09844.s
5263	sub_c09878	pseudocode/05263_sub_c09878.dartpseudo	ir/05263_sub_c09878.json	asm/05263_sub_c09878.s
5264	sub_c09e58	pseudocode/05264_sub_c09e58.dartpseudo	ir/05264_sub_c09e58.json	asm/05264_sub_c09e58.s
5265	sub_c0a390	pseudocode/05265_sub_c0a390.dartpseudo	ir/05265_sub_c0a390.json	asm/05265_sub_c0a390.s
5266	sub_c0a434	pseudocode/05266_sub_c0a434.dartpseudo	ir/05266_sub_c0a434.json	asm/05266_sub_c0a434.s
5267	sub_c0acf0	pseudocode/05267_sub_c0acf0.dartpseudo	ir/05267_sub_c0acf0.json	asm/05267_sub_c0acf0.s
5268	sub_c0b5e0	pseudocode/05268_sub_c0b5e0.dartpseudo	ir/05268_sub_c0b5e0.json	asm/05268_sub_c0b5e0.s
5269	sub_c0c200	pseudocode/05269_sub_c0c200.dartpseudo	ir/05269_sub_c0c200.json	asm/05269_sub_c0c200.s
5270	sub_c0c7c0	pseudocode/05270_sub_c0c7c0.dartpseudo	ir/05270_sub_c0c7c0.json	asm/05270_sub_c0c7c0.s
5271	sub_c0d194	pseudocode/05271_sub_c0d194.dartpseudo	ir/05271_sub_c0d194.json	asm/05271_sub_c0d194.s
5272	sub_c0d5cc	pseudocode/05272_sub_c0d5cc.dartpseudo	ir/05272_sub_c0d5cc.json	asm/05272_sub_c0d5cc.s
5273	sub_c0d6a4	pseudocode/05273_sub_c0d6a4.dartpseudo	ir/05273_sub_c0d6a4.json	asm/05273_sub_c0d6a4.s
5274	sub_c0ed34	pseudocode/05274_sub_c0ed34.dartpseudo	ir/05274_sub_c0ed34.json	asm/05274_sub_c0ed34.s
5275	sub_c0ee90	pseudocode/05275_sub_c0ee90.dartpseudo	ir/05275_sub_c0ee90.json	asm/05275_sub_c0ee90.s
5276	sub_c0f158	pseudocode/05276_sub_c0f158.dartpseudo	ir/05276_sub_c0f158.json	asm/05276_sub_c0f158.s
5277	sub_c0f434	pseudocode/05277_sub_c0f434.dartpseudo	ir/05277_sub_c0f434.json	asm/05277_sub_c0f434.s
5278	sub_c1000c	pseudocode/05278_sub_c1000c.dartpseudo	ir/05278_sub_c1000c.json	asm/05278_sub_c1000c.s
5279	sub_c10254	pseudocode/05279_sub_c10254.dartpseudo	ir/05279_sub_c10254.json	asm/05279_sub_c10254.s
5280	sub_c10c94	pseudocode/05280_sub_c10c94.dartpseudo	ir/05280_sub_c10c94.json	asm/05280_sub_c10c94.s
5281	sub_c117e8	pseudocode/05281_sub_c117e8.dartpseudo	ir/05281_sub_c117e8.json	asm/05281_sub_c117e8.s
5282	sub_c11abc	pseudocode/05282_sub_c11abc.dartpseudo	ir/05282_sub_c11abc.json	asm/05282_sub_c11abc.s
5283	sub_c11bf0	pseudocode/05283_sub_c11bf0.dartpseudo	ir/05283_sub_c11bf0.json	asm/05283_sub_c11bf0.s
5284	sub_c1277c	pseudocode/05284_sub_c1277c.dartpseudo	ir/05284_sub_c1277c.json	asm/05284_sub_c1277c.s
5285	sub_c12d34	pseudocode/05285_sub_c12d34.dartpseudo	ir/05285_sub_c12d34.json	asm/05285_sub_c12d34.s
5286	sub_c13ccc	pseudocode/05286_sub_c13ccc.dartpseudo	ir/05286_sub_c13ccc.json	asm/05286_sub_c13ccc.s
5287	sub_c140b8	pseudocode/05287_sub_c140b8.dartpseudo	ir/05287_sub_c140b8.json	asm/05287_sub_c140b8.s
5288	sub_c148a8	pseudocode/05288_sub_c148a8.dartpseudo	ir/05288_sub_c148a8.json	asm/05288_sub_c148a8.s
5289	sub_c15644	pseudocode/05289_sub_c15644.dartpseudo	ir/05289_sub_c15644.json	asm/05289_sub_c15644.s
5290	sub_c15960	pseudocode/05290_sub_c15960.dartpseudo	ir/05290_sub_c15960.json	asm/05290_sub_c15960.s
5291	sub_c15b6c	pseudocode/05291_sub_c15b6c.dartpseudo	ir/05291_sub_c15b6c.json	asm/05291_sub_c15b6c.s
5292	sub_c16138	pseudocode/05292_sub_c16138.dartpseudo	ir/05292_sub_c16138.json	asm/05292_sub_c16138.s
5293	sub_c16480	pseudocode/05293_sub_c16480.dartpseudo	ir/05293_sub_c16480.json	asm/05293_sub_c16480.s
5294	sub_c16b04	pseudocode/05294_sub_c16b04.dartpseudo	ir/05294_sub_c16b04.json	asm/05294_sub_c16b04.s
5295	sub_c1be78	pseudocode/05295_sub_c1be78.dartpseudo	ir/05295_sub_c1be78.json	asm/05295_sub_c1be78.s
5296	sub_c1d7ec	pseudocode/05296_sub_c1d7ec.dartpseudo	ir/05296_sub_c1d7ec.json	asm/05296_sub_c1d7ec.s
5297	sub_c1ec38	pseudocode/05297_sub_c1ec38.dartpseudo	ir/05297_sub_c1ec38.json	asm/05297_sub_c1ec38.s
5298	sub_c1f9cc	pseudocode/05298_sub_c1f9cc.dartpseudo	ir/05298_sub_c1f9cc.json	asm/05298_sub_c1f9cc.s
5299	sub_c2437c	pseudocode/05299_sub_c2437c.dartpseudo	ir/05299_sub_c2437c.json	asm/05299_sub_c2437c.s
5300	sub_c245e4	pseudocode/05300_sub_c245e4.dartpseudo	ir/05300_sub_c245e4.json	asm/05300_sub_c245e4.s
5301	sub_c25f68	pseudocode/05301_sub_c25f68.dartpseudo	ir/05301_sub_c25f68.json	asm/05301_sub_c25f68.s
5302	sub_c262b0	pseudocode/05302_sub_c262b0.dartpseudo	ir/05302_sub_c262b0.json	asm/05302_sub_c262b0.s
5303	sub_c26e60	pseudocode/05303_sub_c26e60.dartpseudo	ir/05303_sub_c26e60.json	asm/05303_sub_c26e60.s
5304	sub_c278fc	pseudocode/05304_sub_c278fc.dartpseudo	ir/05304_sub_c278fc.json	asm/05304_sub_c278fc.s
5305	sub_c27a3c	pseudocode/05305_sub_c27a3c.dartpseudo	ir/05305_sub_c27a3c.json	asm/05305_sub_c27a3c.s
5306	sub_c27dc4	pseudocode/05306_sub_c27dc4.dartpseudo	ir/05306_sub_c27dc4.json	asm/05306_sub_c27dc4.s
5307	sub_c27ef4	pseudocode/05307_sub_c27ef4.dartpseudo	ir/05307_sub_c27ef4.json	asm/05307_sub_c27ef4.s
5308	sub_c292e4	pseudocode/05308_sub_c292e4.dartpseudo	ir/05308_sub_c292e4.json	asm/05308_sub_c292e4.s
5309	sub_c2a758	pseudocode/05309_sub_c2a758.dartpseudo	ir/05309_sub_c2a758.json	asm/05309_sub_c2a758.s
5310	sub_c2b8bc	pseudocode/05310_sub_c2b8bc.dartpseudo	ir/05310_sub_c2b8bc.json	asm/05310_sub_c2b8bc.s
5311	sub_c2bab0	pseudocode/05311_sub_c2bab0.dartpseudo	ir/05311_sub_c2bab0.json	asm/05311_sub_c2bab0.s
5312	sub_c2c708	pseudocode/05312_sub_c2c708.dartpseudo	ir/05312_sub_c2c708.json	asm/05312_sub_c2c708.s
5313	sub_c2c7a4	pseudocode/05313_sub_c2c7a4.dartpseudo	ir/05313_sub_c2c7a4.json	asm/05313_sub_c2c7a4.s
5314	sub_c2cbfc	pseudocode/05314_sub_c2cbfc.dartpseudo	ir/05314_sub_c2cbfc.json	asm/05314_sub_c2cbfc.s
5315	sub_c2db3c	pseudocode/05315_sub_c2db3c.dartpseudo	ir/05315_sub_c2db3c.json	asm/05315_sub_c2db3c.s
5316	sub_c2e238	pseudocode/05316_sub_c2e238.dartpseudo	ir/05316_sub_c2e238.json	asm/05316_sub_c2e238.s
5317	sub_c2e3b0	pseudocode/05317_sub_c2e3b0.dartpseudo	ir/05317_sub_c2e3b0.json	asm/05317_sub_c2e3b0.s
5318	sub_c2ed9c	pseudocode/05318_sub_c2ed9c.dartpseudo	ir/05318_sub_c2ed9c.json	asm/05318_sub_c2ed9c.s
5319	sub_c2f1a4	pseudocode/05319_sub_c2f1a4.dartpseudo	ir/05319_sub_c2f1a4.json	asm/05319_sub_c2f1a4.s
5320	sub_c2f68c	pseudocode/05320_sub_c2f68c.dartpseudo	ir/05320_sub_c2f68c.json	asm/05320_sub_c2f68c.s
5321	sub_c2f8e0	pseudocode/05321_sub_c2f8e0.dartpseudo	ir/05321_sub_c2f8e0.json	asm/05321_sub_c2f8e0.s
5322	sub_c30268	pseudocode/05322_sub_c30268.dartpseudo	ir/05322_sub_c30268.json	asm/05322_sub_c30268.s
5323	sub_c30528	pseudocode/05323_sub_c30528.dartpseudo	ir/05323_sub_c30528.json	asm/05323_sub_c30528.s
5324	sub_c309d0	pseudocode/05324_sub_c309d0.dartpseudo	ir/05324_sub_c309d0.json	asm/05324_sub_c309d0.s
5325	sub_c30b74	pseudocode/05325_sub_c30b74.dartpseudo	ir/05325_sub_c30b74.json	asm/05325_sub_c30b74.s
5326	sub_c30bf0	pseudocode/05326_sub_c30bf0.dartpseudo	ir/05326_sub_c30bf0.json	asm/05326_sub_c30bf0.s
5327	sub_c31390	pseudocode/05327_sub_c31390.dartpseudo	ir/05327_sub_c31390.json	asm/05327_sub_c31390.s
5328	sub_c31bf0	pseudocode/05328_sub_c31bf0.dartpseudo	ir/05328_sub_c31bf0.json	asm/05328_sub_c31bf0.s
5329	sub_c3212c	pseudocode/05329_sub_c3212c.dartpseudo	ir/05329_sub_c3212c.json	asm/05329_sub_c3212c.s
5330	sub_c32214	pseudocode/05330_sub_c32214.dartpseudo	ir/05330_sub_c32214.json	asm/05330_sub_c32214.s
5331	sub_c322fc	pseudocode/05331_sub_c322fc.dartpseudo	ir/05331_sub_c322fc.json	asm/05331_sub_c322fc.s
5332	sub_c323c4	pseudocode/05332_sub_c323c4.dartpseudo	ir/05332_sub_c323c4.json	asm/05332_sub_c323c4.s
5333	sub_c325a8	pseudocode/05333_sub_c325a8.dartpseudo	ir/05333_sub_c325a8.json	asm/05333_sub_c325a8.s
5334	sub_c328ac	pseudocode/05334_sub_c328ac.dartpseudo	ir/05334_sub_c328ac.json	asm/05334_sub_c328ac.s
5335	sub_c32f58	pseudocode/05335_sub_c32f58.dartpseudo	ir/05335_sub_c32f58.json	asm/05335_sub_c32f58.s
5336	sub_c3340c	pseudocode/05336_sub_c3340c.dartpseudo	ir/05336_sub_c3340c.json	asm/05336_sub_c3340c.s
5337	sub_c335c8	pseudocode/05337_sub_c335c8.dartpseudo	ir/05337_sub_c335c8.json	asm/05337_sub_c335c8.s
5338	sub_c33624	pseudocode/05338_sub_c33624.dartpseudo	ir/05338_sub_c33624.json	asm/05338_sub_c33624.s
5339	sub_c33ddc	pseudocode/05339_sub_c33ddc.dartpseudo	ir/05339_sub_c33ddc.json	asm/05339_sub_c33ddc.s
5340	sub_c33de8	pseudocode/05340_sub_c33de8.dartpseudo	ir/05340_sub_c33de8.json	asm/05340_sub_c33de8.s
5341	sub_c33eec	pseudocode/05341_sub_c33eec.dartpseudo	ir/05341_sub_c33eec.json	asm/05341_sub_c33eec.s
5342	sub_c34104	pseudocode/05342_sub_c34104.dartpseudo	ir/05342_sub_c34104.json	asm/05342_sub_c34104.s
5343	sub_c34898	pseudocode/05343_sub_c34898.dartpseudo	ir/05343_sub_c34898.json	asm/05343_sub_c34898.s
5344	sub_c348f8	pseudocode/05344_sub_c348f8.dartpseudo	ir/05344_sub_c348f8.json	asm/05344_sub_c348f8.s
5345	sub_c34938	pseudocode/05345_sub_c34938.dartpseudo	ir/05345_sub_c34938.json	asm/05345_sub_c34938.s
5346	sub_c34b54	pseudocode/05346_sub_c34b54.dartpseudo	ir/05346_sub_c34b54.json	asm/05346_sub_c34b54.s
5347	sub_c34d44	pseudocode/05347_sub_c34d44.dartpseudo	ir/05347_sub_c34d44.json	asm/05347_sub_c34d44.s
5348	sub_c34df4	pseudocode/05348_sub_c34df4.dartpseudo	ir/05348_sub_c34df4.json	asm/05348_sub_c34df4.s
5349	sub_c35698	pseudocode/05349_sub_c35698.dartpseudo	ir/05349_sub_c35698.json	asm/05349_sub_c35698.s
5350	sub_c359d8	pseudocode/05350_sub_c359d8.dartpseudo	ir/05350_sub_c359d8.json	asm/05350_sub_c359d8.s
5351	sub_c35c88	pseudocode/05351_sub_c35c88.dartpseudo	ir/05351_sub_c35c88.json	asm/05351_sub_c35c88.s
5352	sub_c35dac	pseudocode/05352_sub_c35dac.dartpseudo	ir/05352_sub_c35dac.json	asm/05352_sub_c35dac.s
5353	sub_c36d28	pseudocode/05353_sub_c36d28.dartpseudo	ir/05353_sub_c36d28.json	asm/05353_sub_c36d28.s
5354	sub_c36eb4	pseudocode/05354_sub_c36eb4.dartpseudo	ir/05354_sub_c36eb4.json	asm/05354_sub_c36eb4.s
5355	sub_c370dc	pseudocode/05355_sub_c370dc.dartpseudo	ir/05355_sub_c370dc.json	asm/05355_sub_c370dc.s
5356	sub_c37600	pseudocode/05356_sub_c37600.dartpseudo	ir/05356_sub_c37600.json	asm/05356_sub_c37600.s
5357	sub_c3784c	pseudocode/05357_sub_c3784c.dartpseudo	ir/05357_sub_c3784c.json	asm/05357_sub_c3784c.s
5358	sub_c38390	pseudocode/05358_sub_c38390.dartpseudo	ir/05358_sub_c38390.json	asm/05358_sub_c38390.s
5359	sub_c3839c	pseudocode/05359_sub_c3839c.dartpseudo	ir/05359_sub_c3839c.json	asm/05359_sub_c3839c.s
5360	sub_c383a8	pseudocode/05360_sub_c383a8.dartpseudo	ir/05360_sub_c383a8.json	asm/05360_sub_c383a8.s
5361	sub_c3926c	pseudocode/05361_sub_c3926c.dartpseudo	ir/05361_sub_c3926c.json	asm/05361_sub_c3926c.s
5362	sub_c39b70	pseudocode/05362_sub_c39b70.dartpseudo	ir/05362_sub_c39b70.json	asm/05362_sub_c39b70.s
5363	sub_c39ce0	pseudocode/05363_sub_c39ce0.dartpseudo	ir/05363_sub_c39ce0.json	asm/05363_sub_c39ce0.s
5364	sub_c39ed0	pseudocode/05364_sub_c39ed0.dartpseudo	ir/05364_sub_c39ed0.json	asm/05364_sub_c39ed0.s
5365	sub_c3a03c	pseudocode/05365_sub_c3a03c.dartpseudo	ir/05365_sub_c3a03c.json	asm/05365_sub_c3a03c.s
5366	sub_c3a414	pseudocode/05366_sub_c3a414.dartpseudo	ir/05366_sub_c3a414.json	asm/05366_sub_c3a414.s
5367	sub_c3aa48	pseudocode/05367_sub_c3aa48.dartpseudo	ir/05367_sub_c3aa48.json	asm/05367_sub_c3aa48.s
5368	sub_c3abb8	pseudocode/05368_sub_c3abb8.dartpseudo	ir/05368_sub_c3abb8.json	asm/05368_sub_c3abb8.s
5369	sub_c3add4	pseudocode/05369_sub_c3add4.dartpseudo	ir/05369_sub_c3add4.json	asm/05369_sub_c3add4.s
5370	sub_c3af78	pseudocode/05370_sub_c3af78.dartpseudo	ir/05370_sub_c3af78.json	asm/05370_sub_c3af78.s
5371	sub_c3be9c	pseudocode/05371_sub_c3be9c.dartpseudo	ir/05371_sub_c3be9c.json	asm/05371_sub_c3be9c.s
5372	sub_c3dcdc	pseudocode/05372_sub_c3dcdc.dartpseudo	ir/05372_sub_c3dcdc.json	asm/05372_sub_c3dcdc.s
5373	sub_c3dce8	pseudocode/05373_sub_c3dce8.dartpseudo	ir/05373_sub_c3dce8.json	asm/05373_sub_c3dce8.s
5374	sub_c3ddd8	pseudocode/05374_sub_c3ddd8.dartpseudo	ir/05374_sub_c3ddd8.json	asm/05374_sub_c3ddd8.s
5375	sub_c3de3c	pseudocode/05375_sub_c3de3c.dartpseudo	ir/05375_sub_c3de3c.json	asm/05375_sub_c3de3c.s
5376	sub_c3dffc	pseudocode/05376_sub_c3dffc.dartpseudo	ir/05376_sub_c3dffc.json	asm/05376_sub_c3dffc.s
5377	sub_c3e0d0	pseudocode/05377_sub_c3e0d0.dartpseudo	ir/05377_sub_c3e0d0.json	asm/05377_sub_c3e0d0.s
5378	sub_c3e0dc	pseudocode/05378_sub_c3e0dc.dartpseudo	ir/05378_sub_c3e0dc.json	asm/05378_sub_c3e0dc.s
5379	sub_c3e320	pseudocode/05379_sub_c3e320.dartpseudo	ir/05379_sub_c3e320.json	asm/05379_sub_c3e320.s
5380	sub_c3f598	pseudocode/05380_sub_c3f598.dartpseudo	ir/05380_sub_c3f598.json	asm/05380_sub_c3f598.s
5381	sub_c40468	pseudocode/05381_sub_c40468.dartpseudo	ir/05381_sub_c40468.json	asm/05381_sub_c40468.s
5382	sub_c4047c	pseudocode/05382_sub_c4047c.dartpseudo	ir/05382_sub_c4047c.json	asm/05382_sub_c4047c.s
5383	sub_c406f8	pseudocode/05383_sub_c406f8.dartpseudo	ir/05383_sub_c406f8.json	asm/05383_sub_c406f8.s
5384	sub_c40838	pseudocode/05384_sub_c40838.dartpseudo	ir/05384_sub_c40838.json	asm/05384_sub_c40838.s
5385	sub_c40eb8	pseudocode/05385_sub_c40eb8.dartpseudo	ir/05385_sub_c40eb8.json	asm/05385_sub_c40eb8.s
5386	sub_c40f30	pseudocode/05386_sub_c40f30.dartpseudo	ir/05386_sub_c40f30.json	asm/05386_sub_c40f30.s
5387	sub_c41074	pseudocode/05387_sub_c41074.dartpseudo	ir/05387_sub_c41074.json	asm/05387_sub_c41074.s
5388	sub_c416d8	pseudocode/05388_sub_c416d8.dartpseudo	ir/05388_sub_c416d8.json	asm/05388_sub_c416d8.s
5389	sub_c41bd4	pseudocode/05389_sub_c41bd4.dartpseudo	ir/05389_sub_c41bd4.json	asm/05389_sub_c41bd4.s
5390	sub_c41e54	pseudocode/05390_sub_c41e54.dartpseudo	ir/05390_sub_c41e54.json	asm/05390_sub_c41e54.s
5391	sub_c41f0c	pseudocode/05391_sub_c41f0c.dartpseudo	ir/05391_sub_c41f0c.json	asm/05391_sub_c41f0c.s
5392	sub_c42760	pseudocode/05392_sub_c42760.dartpseudo	ir/05392_sub_c42760.json	asm/05392_sub_c42760.s
5393	sub_c42980	pseudocode/05393_sub_c42980.dartpseudo	ir/05393_sub_c42980.json	asm/05393_sub_c42980.s
5394	sub_c42fb8	pseudocode/05394_sub_c42fb8.dartpseudo	ir/05394_sub_c42fb8.json	asm/05394_sub_c42fb8.s
5395	sub_c43218	pseudocode/05395_sub_c43218.dartpseudo	ir/05395_sub_c43218.json	asm/05395_sub_c43218.s
5396	sub_c45924	pseudocode/05396_sub_c45924.dartpseudo	ir/05396_sub_c45924.json	asm/05396_sub_c45924.s
5397	sub_c45998	pseudocode/05397_sub_c45998.dartpseudo	ir/05397_sub_c45998.json	asm/05397_sub_c45998.s
5398	sub_c45f74	pseudocode/05398_sub_c45f74.dartpseudo	ir/05398_sub_c45f74.json	asm/05398_sub_c45f74.s
5399	sub_c46238	pseudocode/05399_sub_c46238.dartpseudo	ir/05399_sub_c46238.json	asm/05399_sub_c46238.s
5400	sub_c46404	pseudocode/05400_sub_c46404.dartpseudo	ir/05400_sub_c46404.json	asm/05400_sub_c46404.s
5401	sub_c48194	pseudocode/05401_sub_c48194.dartpseudo	ir/05401_sub_c48194.json	asm/05401_sub_c48194.s
5402	sub_c48744	pseudocode/05402_sub_c48744.dartpseudo	ir/05402_sub_c48744.json	asm/05402_sub_c48744.s
5403	sub_c489e0	pseudocode/05403_sub_c489e0.dartpseudo	ir/05403_sub_c489e0.json	asm/05403_sub_c489e0.s
5404	sub_c48a50	pseudocode/05404_sub_c48a50.dartpseudo	ir/05404_sub_c48a50.json	asm/05404_sub_c48a50.s
5405	sub_c48b10	pseudocode/05405_sub_c48b10.dartpseudo	ir/05405_sub_c48b10.json	asm/05405_sub_c48b10.s
5406	sub_c48c00	pseudocode/05406_sub_c48c00.dartpseudo	ir/05406_sub_c48c00.json	asm/05406_sub_c48c00.s
5407	sub_c49ca0	pseudocode/05407_sub_c49ca0.dartpseudo	ir/05407_sub_c49ca0.json	asm/05407_sub_c49ca0.s
5408	sub_c4a36c	pseudocode/05408_sub_c4a36c.dartpseudo	ir/05408_sub_c4a36c.json	asm/05408_sub_c4a36c.s
5409	sub_c4a738	pseudocode/05409_sub_c4a738.dartpseudo	ir/05409_sub_c4a738.json	asm/05409_sub_c4a738.s
5410	sub_c4aabc	pseudocode/05410_sub_c4aabc.dartpseudo	ir/05410_sub_c4aabc.json	asm/05410_sub_c4aabc.s
5411	sub_c4b180	pseudocode/05411_sub_c4b180.dartpseudo	ir/05411_sub_c4b180.json	asm/05411_sub_c4b180.s
5412	sub_c4ba74	pseudocode/05412_sub_c4ba74.dartpseudo	ir/05412_sub_c4ba74.json	asm/05412_sub_c4ba74.s
5413	sub_c4be50	pseudocode/05413_sub_c4be50.dartpseudo	ir/05413_sub_c4be50.json	asm/05413_sub_c4be50.s
5414	sub_c4d014	pseudocode/05414_sub_c4d014.dartpseudo	ir/05414_sub_c4d014.json	asm/05414_sub_c4d014.s
5415	sub_c4d49c	pseudocode/05415_sub_c4d49c.dartpseudo	ir/05415_sub_c4d49c.json	asm/05415_sub_c4d49c.s
5416	sub_c4da3c	pseudocode/05416_sub_c4da3c.dartpseudo	ir/05416_sub_c4da3c.json	asm/05416_sub_c4da3c.s
5417	sub_c50054	pseudocode/05417_sub_c50054.dartpseudo	ir/05417_sub_c50054.json	asm/05417_sub_c50054.s
5418	sub_c50138	pseudocode/05418_sub_c50138.dartpseudo	ir/05418_sub_c50138.json	asm/05418_sub_c50138.s
5419	sub_c50150	pseudocode/05419_sub_c50150.dartpseudo	ir/05419_sub_c50150.json	asm/05419_sub_c50150.s
5420	sub_c5039c	pseudocode/05420_sub_c5039c.dartpseudo	ir/05420_sub_c5039c.json	asm/05420_sub_c5039c.s
5421	sub_c503a8	pseudocode/05421_sub_c503a8.dartpseudo	ir/05421_sub_c503a8.json	asm/05421_sub_c503a8.s
5422	sub_c50458	pseudocode/05422_sub_c50458.dartpseudo	ir/05422_sub_c50458.json	asm/05422_sub_c50458.s
5423	sub_c51090	pseudocode/05423_sub_c51090.dartpseudo	ir/05423_sub_c51090.json	asm/05423_sub_c51090.s
5424	sub_c511bc	pseudocode/05424_sub_c511bc.dartpseudo	ir/05424_sub_c511bc.json	asm/05424_sub_c511bc.s
5425	sub_c51a94	pseudocode/05425_sub_c51a94.dartpseudo	ir/05425_sub_c51a94.json	asm/05425_sub_c51a94.s
5426	sub_c526ac	pseudocode/05426_sub_c526ac.dartpseudo	ir/05426_sub_c526ac.json	asm/05426_sub_c526ac.s
5427	sub_c52e2c	pseudocode/05427_sub_c52e2c.dartpseudo	ir/05427_sub_c52e2c.json	asm/05427_sub_c52e2c.s
5428	sub_c53470	pseudocode/05428_sub_c53470.dartpseudo	ir/05428_sub_c53470.json	asm/05428_sub_c53470.s
5429	sub_c557c0	pseudocode/05429_sub_c557c0.dartpseudo	ir/05429_sub_c557c0.json	asm/05429_sub_c557c0.s
5430	sub_c55ac0	pseudocode/05430_sub_c55ac0.dartpseudo	ir/05430_sub_c55ac0.json	asm/05430_sub_c55ac0.s
5431	sub_c55bcc	pseudocode/05431_sub_c55bcc.dartpseudo	ir/05431_sub_c55bcc.json	asm/05431_sub_c55bcc.s
5432	sub_c55bfc	pseudocode/05432_sub_c55bfc.dartpseudo	ir/05432_sub_c55bfc.json	asm/05432_sub_c55bfc.s
5433	sub_c56294	pseudocode/05433_sub_c56294.dartpseudo	ir/05433_sub_c56294.json	asm/05433_sub_c56294.s
5434	sub_c56614	pseudocode/05434_sub_c56614.dartpseudo	ir/05434_sub_c56614.json	asm/05434_sub_c56614.s
5435	sub_c56734	pseudocode/05435_sub_c56734.dartpseudo	ir/05435_sub_c56734.json	asm/05435_sub_c56734.s
5436	sub_c5a390	pseudocode/05436_sub_c5a390.dartpseudo	ir/05436_sub_c5a390.json	asm/05436_sub_c5a390.s
5437	sub_c5a698	pseudocode/05437_sub_c5a698.dartpseudo	ir/05437_sub_c5a698.json	asm/05437_sub_c5a698.s
5438	sub_c5a7bc	pseudocode/05438_sub_c5a7bc.dartpseudo	ir/05438_sub_c5a7bc.json	asm/05438_sub_c5a7bc.s
5439	sub_c5a9d0	pseudocode/05439_sub_c5a9d0.dartpseudo	ir/05439_sub_c5a9d0.json	asm/05439_sub_c5a9d0.s
5440	sub_c5ae18	pseudocode/05440_sub_c5ae18.dartpseudo	ir/05440_sub_c5ae18.json	asm/05440_sub_c5ae18.s
5441	sub_c5af7c	pseudocode/05441_sub_c5af7c.dartpseudo	ir/05441_sub_c5af7c.json	asm/05441_sub_c5af7c.s
5442	sub_c5b078	pseudocode/05442_sub_c5b078.dartpseudo	ir/05442_sub_c5b078.json	asm/05442_sub_c5b078.s
5443	sub_c5b1c0	pseudocode/05443_sub_c5b1c0.dartpseudo	ir/05443_sub_c5b1c0.json	asm/05443_sub_c5b1c0.s
5444	sub_c5f590	pseudocode/05444_sub_c5f590.dartpseudo	ir/05444_sub_c5f590.json	asm/05444_sub_c5f590.s
5445	sub_c5f5fc	pseudocode/05445_sub_c5f5fc.dartpseudo	ir/05445_sub_c5f5fc.json	asm/05445_sub_c5f5fc.s
5446	sub_c61608	pseudocode/05446_sub_c61608.dartpseudo	ir/05446_sub_c61608.json	asm/05446_sub_c61608.s
5447	sub_c616d8	pseudocode/05447_sub_c616d8.dartpseudo	ir/05447_sub_c616d8.json	asm/05447_sub_c616d8.s
5448	sub_c61788	pseudocode/05448_sub_c61788.dartpseudo	ir/05448_sub_c61788.json	asm/05448_sub_c61788.s
5449	sub_c6186c	pseudocode/05449_sub_c6186c.dartpseudo	ir/05449_sub_c6186c.json	asm/05449_sub_c6186c.s
5450	sub_c618fc	pseudocode/05450_sub_c618fc.dartpseudo	ir/05450_sub_c618fc.json	asm/05450_sub_c618fc.s
5451	sub_c646d8	pseudocode/05451_sub_c646d8.dartpseudo	ir/05451_sub_c646d8.json	asm/05451_sub_c646d8.s
5452	sub_c647e4	pseudocode/05452_sub_c647e4.dartpseudo	ir/05452_sub_c647e4.json	asm/05452_sub_c647e4.s
5453	sub_c64c14	pseudocode/05453_sub_c64c14.dartpseudo	ir/05453_sub_c64c14.json	asm/05453_sub_c64c14.s
5454	sub_c693f8	pseudocode/05454_sub_c693f8.dartpseudo	ir/05454_sub_c693f8.json	asm/05454_sub_c693f8.s
5455	sub_c69810	pseudocode/05455_sub_c69810.dartpseudo	ir/05455_sub_c69810.json	asm/05455_sub_c69810.s
5456	sub_c698b8	pseudocode/05456_sub_c698b8.dartpseudo	ir/05456_sub_c698b8.json	asm/05456_sub_c698b8.s
5457	sub_c69944	pseudocode/05457_sub_c69944.dartpseudo	ir/05457_sub_c69944.json	asm/05457_sub_c69944.s
5458	sub_c6997c	pseudocode/05458_sub_c6997c.dartpseudo	ir/05458_sub_c6997c.json	asm/05458_sub_c6997c.s
5459	sub_c69a94	pseudocode/05459_sub_c69a94.dartpseudo	ir/05459_sub_c69a94.json	asm/05459_sub_c69a94.s
5460	sub_c69acc	pseudocode/05460_sub_c69acc.dartpseudo	ir/05460_sub_c69acc.json	asm/05460_sub_c69acc.s
5461	sub_c69d0c	pseudocode/05461_sub_c69d0c.dartpseudo	ir/05461_sub_c69d0c.json	asm/05461_sub_c69d0c.s
5462	sub_c69d50	pseudocode/05462_sub_c69d50.dartpseudo	ir/05462_sub_c69d50.json	asm/05462_sub_c69d50.s
5463	sub_c69ee8	pseudocode/05463_sub_c69ee8.dartpseudo	ir/05463_sub_c69ee8.json	asm/05463_sub_c69ee8.s
5464	sub_c6a090	pseudocode/05464_sub_c6a090.dartpseudo	ir/05464_sub_c6a090.json	asm/05464_sub_c6a090.s
5465	sub_c6a148	pseudocode/05465_sub_c6a148.dartpseudo	ir/05465_sub_c6a148.json	asm/05465_sub_c6a148.s
5466	sub_c6a8c8	pseudocode/05466_sub_c6a8c8.dartpseudo	ir/05466_sub_c6a8c8.json	asm/05466_sub_c6a8c8.s
5467	sub_c6af40	pseudocode/05467_sub_c6af40.dartpseudo	ir/05467_sub_c6af40.json	asm/05467_sub_c6af40.s
5468	sub_c6afbc	pseudocode/05468_sub_c6afbc.dartpseudo	ir/05468_sub_c6afbc.json	asm/05468_sub_c6afbc.s
5469	sub_c6afc8	pseudocode/05469_sub_c6afc8.dartpseudo	ir/05469_sub_c6afc8.json	asm/05469_sub_c6afc8.s
5470	sub_c6b664	pseudocode/05470_sub_c6b664.dartpseudo	ir/05470_sub_c6b664.json	asm/05470_sub_c6b664.s
5471	sub_c6b8e4	pseudocode/05471_sub_c6b8e4.dartpseudo	ir/05471_sub_c6b8e4.json	asm/05471_sub_c6b8e4.s
5472	sub_c6b930	pseudocode/05472_sub_c6b930.dartpseudo	ir/05472_sub_c6b930.json	asm/05472_sub_c6b930.s
5473	sub_c6ba90	pseudocode/05473_sub_c6ba90.dartpseudo	ir/05473_sub_c6ba90.json	asm/05473_sub_c6ba90.s
5474	sub_c6bd98	pseudocode/05474_sub_c6bd98.dartpseudo	ir/05474_sub_c6bd98.json	asm/05474_sub_c6bd98.s
5475	sub_c6c300	pseudocode/05475_sub_c6c300.dartpseudo	ir/05475_sub_c6c300.json	asm/05475_sub_c6c300.s
5476	sub_c6c7f0	pseudocode/05476_sub_c6c7f0.dartpseudo	ir/05476_sub_c6c7f0.json	asm/05476_sub_c6c7f0.s
5477	sub_c6d510	pseudocode/05477_sub_c6d510.dartpseudo	ir/05477_sub_c6d510.json	asm/05477_sub_c6d510.s
5478	sub_c6d60c	pseudocode/05478_sub_c6d60c.dartpseudo	ir/05478_sub_c6d60c.json	asm/05478_sub_c6d60c.s
5479	sub_c6db2c	pseudocode/05479_sub_c6db2c.dartpseudo	ir/05479_sub_c6db2c.json	asm/05479_sub_c6db2c.s
5480	sub_c72b94	pseudocode/05480_sub_c72b94.dartpseudo	ir/05480_sub_c72b94.json	asm/05480_sub_c72b94.s
5481	sub_c72c28	pseudocode/05481_sub_c72c28.dartpseudo	ir/05481_sub_c72c28.json	asm/05481_sub_c72c28.s
5482	sub_c749e4	pseudocode/05482_sub_c749e4.dartpseudo	ir/05482_sub_c749e4.json	asm/05482_sub_c749e4.s
5483	sub_c74ad0	pseudocode/05483_sub_c74ad0.dartpseudo	ir/05483_sub_c74ad0.json	asm/05483_sub_c74ad0.s
5484	sub_c74f44	pseudocode/05484_sub_c74f44.dartpseudo	ir/05484_sub_c74f44.json	asm/05484_sub_c74f44.s
5485	sub_c74fe0	pseudocode/05485_sub_c74fe0.dartpseudo	ir/05485_sub_c74fe0.json	asm/05485_sub_c74fe0.s
5486	sub_c76b04	pseudocode/05486_sub_c76b04.dartpseudo	ir/05486_sub_c76b04.json	asm/05486_sub_c76b04.s
5487	sub_c76bac	pseudocode/05487_sub_c76bac.dartpseudo	ir/05487_sub_c76bac.json	asm/05487_sub_c76bac.s
5488	sub_c7bda0	pseudocode/05488_sub_c7bda0.dartpseudo	ir/05488_sub_c7bda0.json	asm/05488_sub_c7bda0.s
5489	sub_c7c164	pseudocode/05489_sub_c7c164.dartpseudo	ir/05489_sub_c7c164.json	asm/05489_sub_c7c164.s
5490	sub_c7c584	pseudocode/05490_sub_c7c584.dartpseudo	ir/05490_sub_c7c584.json	asm/05490_sub_c7c584.s
5491	sub_c7c684	pseudocode/05491_sub_c7c684.dartpseudo	ir/05491_sub_c7c684.json	asm/05491_sub_c7c684.s
5492	sub_c7c804	pseudocode/05492_sub_c7c804.dartpseudo	ir/05492_sub_c7c804.json	asm/05492_sub_c7c804.s
5493	sub_c7cb9c	pseudocode/05493_sub_c7cb9c.dartpseudo	ir/05493_sub_c7cb9c.json	asm/05493_sub_c7cb9c.s
5494	sub_c7d2c8	pseudocode/05494_sub_c7d2c8.dartpseudo	ir/05494_sub_c7d2c8.json	asm/05494_sub_c7d2c8.s
5495	sub_c7d630	pseudocode/05495_sub_c7d630.dartpseudo	ir/05495_sub_c7d630.json	asm/05495_sub_c7d630.s
5496	sub_c7db00	pseudocode/05496_sub_c7db00.dartpseudo	ir/05496_sub_c7db00.json	asm/05496_sub_c7db00.s
5497	sub_c7dfc8	pseudocode/05497_sub_c7dfc8.dartpseudo	ir/05497_sub_c7dfc8.json	asm/05497_sub_c7dfc8.s
5498	sub_c7e274	pseudocode/05498_sub_c7e274.dartpseudo	ir/05498_sub_c7e274.json	asm/05498_sub_c7e274.s
5499	sub_c7e65c	pseudocode/05499_sub_c7e65c.dartpseudo	ir/05499_sub_c7e65c.json	asm/05499_sub_c7e65c.s
5500	sub_c7ed58	pseudocode/05500_sub_c7ed58.dartpseudo	ir/05500_sub_c7ed58.json	asm/05500_sub_c7ed58.s
5501	sub_c7ee94	pseudocode/05501_sub_c7ee94.dartpseudo	ir/05501_sub_c7ee94.json	asm/05501_sub_c7ee94.s
5502	sub_c7f15c	pseudocode/05502_sub_c7f15c.dartpseudo	ir/05502_sub_c7f15c.json	asm/05502_sub_c7f15c.s
5503	sub_c800e0	pseudocode/05503_sub_c800e0.dartpseudo	ir/05503_sub_c800e0.json	asm/05503_sub_c800e0.s
5504	sub_c80310	pseudocode/05504_sub_c80310.dartpseudo	ir/05504_sub_c80310.json	asm/05504_sub_c80310.s
5505	sub_c80d80	pseudocode/05505_sub_c80d80.dartpseudo	ir/05505_sub_c80d80.json	asm/05505_sub_c80d80.s
5506	sub_c80ee4	pseudocode/05506_sub_c80ee4.dartpseudo	ir/05506_sub_c80ee4.json	asm/05506_sub_c80ee4.s
5507	sub_c81400	pseudocode/05507_sub_c81400.dartpseudo	ir/05507_sub_c81400.json	asm/05507_sub_c81400.s
5508	sub_c81698	pseudocode/05508_sub_c81698.dartpseudo	ir/05508_sub_c81698.json	asm/05508_sub_c81698.s
5509	sub_c81718	pseudocode/05509_sub_c81718.dartpseudo	ir/05509_sub_c81718.json	asm/05509_sub_c81718.s
5510	sub_c8172c	pseudocode/05510_sub_c8172c.dartpseudo	ir/05510_sub_c8172c.json	asm/05510_sub_c8172c.s
5511	sub_c81ce8	pseudocode/05511_sub_c81ce8.dartpseudo	ir/05511_sub_c81ce8.json	asm/05511_sub_c81ce8.s
5512	sub_c83d90	pseudocode/05512_sub_c83d90.dartpseudo	ir/05512_sub_c83d90.json	asm/05512_sub_c83d90.s
5513	sub_c83da8	pseudocode/05513_sub_c83da8.dartpseudo	ir/05513_sub_c83da8.json	asm/05513_sub_c83da8.s
5514	sub_c84ea8	pseudocode/05514_sub_c84ea8.dartpseudo	ir/05514_sub_c84ea8.json	asm/05514_sub_c84ea8.s
5515	sub_c85de0	pseudocode/05515_sub_c85de0.dartpseudo	ir/05515_sub_c85de0.json	asm/05515_sub_c85de0.s
5516	sub_c8613c	pseudocode/05516_sub_c8613c.dartpseudo	ir/05516_sub_c8613c.json	asm/05516_sub_c8613c.s
5517	sub_c880e4	pseudocode/05517_sub_c880e4.dartpseudo	ir/05517_sub_c880e4.json	asm/05517_sub_c880e4.s
5518	sub_c88324	pseudocode/05518_sub_c88324.dartpseudo	ir/05518_sub_c88324.json	asm/05518_sub_c88324.s
5519	sub_c88664	pseudocode/05519_sub_c88664.dartpseudo	ir/05519_sub_c88664.json	asm/05519_sub_c88664.s
5520	sub_c88ba8	pseudocode/05520_sub_c88ba8.dartpseudo	ir/05520_sub_c88ba8.json	asm/05520_sub_c88ba8.s
5521	sub_c88bb4	pseudocode/05521_sub_c88bb4.dartpseudo	ir/05521_sub_c88bb4.json	asm/05521_sub_c88bb4.s
5522	sub_c88c8c	pseudocode/05522_sub_c88c8c.dartpseudo	ir/05522_sub_c88c8c.json	asm/05522_sub_c88c8c.s
5523	sub_c89328	pseudocode/05523_sub_c89328.dartpseudo	ir/05523_sub_c89328.json	asm/05523_sub_c89328.s
5524	sub_c896c4	pseudocode/05524_sub_c896c4.dartpseudo	ir/05524_sub_c896c4.json	asm/05524_sub_c896c4.s
5525	sub_c8a0d0	pseudocode/05525_sub_c8a0d0.dartpseudo	ir/05525_sub_c8a0d0.json	asm/05525_sub_c8a0d0.s
5526	sub_c8a2a4	pseudocode/05526_sub_c8a2a4.dartpseudo	ir/05526_sub_c8a2a4.json	asm/05526_sub_c8a2a4.s
5527	sub_c8a458	pseudocode/05527_sub_c8a458.dartpseudo	ir/05527_sub_c8a458.json	asm/05527_sub_c8a458.s
5528	sub_c8b27c	pseudocode/05528_sub_c8b27c.dartpseudo	ir/05528_sub_c8b27c.json	asm/05528_sub_c8b27c.s
5529	sub_c8b6b8	pseudocode/05529_sub_c8b6b8.dartpseudo	ir/05529_sub_c8b6b8.json	asm/05529_sub_c8b6b8.s
5530	sub_c8b9b8	pseudocode/05530_sub_c8b9b8.dartpseudo	ir/05530_sub_c8b9b8.json	asm/05530_sub_c8b9b8.s
5531	sub_c8be88	pseudocode/05531_sub_c8be88.dartpseudo	ir/05531_sub_c8be88.json	asm/05531_sub_c8be88.s
5532	sub_c8cb5c	pseudocode/05532_sub_c8cb5c.dartpseudo	ir/05532_sub_c8cb5c.json	asm/05532_sub_c8cb5c.s
5533	sub_c8d344	pseudocode/05533_sub_c8d344.dartpseudo	ir/05533_sub_c8d344.json	asm/05533_sub_c8d344.s
5534	sub_c901c8	pseudocode/05534_sub_c901c8.dartpseudo	ir/05534_sub_c901c8.json	asm/05534_sub_c901c8.s
5535	sub_c90310	pseudocode/05535_sub_c90310.dartpseudo	ir/05535_sub_c90310.json	asm/05535_sub_c90310.s
5536	sub_c9073c	pseudocode/05536_sub_c9073c.dartpseudo	ir/05536_sub_c9073c.json	asm/05536_sub_c9073c.s
5537	sub_c917ec	pseudocode/05537_sub_c917ec.dartpseudo	ir/05537_sub_c917ec.json	asm/05537_sub_c917ec.s
5538	sub_c91978	pseudocode/05538_sub_c91978.dartpseudo	ir/05538_sub_c91978.json	asm/05538_sub_c91978.s
5539	sub_c91a38	pseudocode/05539_sub_c91a38.dartpseudo	ir/05539_sub_c91a38.json	asm/05539_sub_c91a38.s
5540	sub_c91c2c	pseudocode/05540_sub_c91c2c.dartpseudo	ir/05540_sub_c91c2c.json	asm/05540_sub_c91c2c.s
5541	sub_c91c9c	pseudocode/05541_sub_c91c9c.dartpseudo	ir/05541_sub_c91c9c.json	asm/05541_sub_c91c9c.s
5542	sub_c91f38	pseudocode/05542_sub_c91f38.dartpseudo	ir/05542_sub_c91f38.json	asm/05542_sub_c91f38.s
5543	sub_c92064	pseudocode/05543_sub_c92064.dartpseudo	ir/05543_sub_c92064.json	asm/05543_sub_c92064.s
5544	sub_c92a70	pseudocode/05544_sub_c92a70.dartpseudo	ir/05544_sub_c92a70.json	asm/05544_sub_c92a70.s
5545	sub_c93160	pseudocode/05545_sub_c93160.dartpseudo	ir/05545_sub_c93160.json	asm/05545_sub_c93160.s
5546	sub_c93224	pseudocode/05546_sub_c93224.dartpseudo	ir/05546_sub_c93224.json	asm/05546_sub_c93224.s
5547	sub_c93a40	pseudocode/05547_sub_c93a40.dartpseudo	ir/05547_sub_c93a40.json	asm/05547_sub_c93a40.s
5548	sub_c93e0c	pseudocode/05548_sub_c93e0c.dartpseudo	ir/05548_sub_c93e0c.json	asm/05548_sub_c93e0c.s
5549	sub_caea34	pseudocode/05549_sub_caea34.dartpseudo	ir/05549_sub_caea34.json	asm/05549_sub_caea34.s
5550	sub_caee00	pseudocode/05550_sub_caee00.dartpseudo	ir/05550_sub_caee00.json	asm/05550_sub_caee00.s
5551	sub_caf23c	pseudocode/05551_sub_caf23c.dartpseudo	ir/05551_sub_caf23c.json	asm/05551_sub_caf23c.s
5552	sub_caf2d8	pseudocode/05552_sub_caf2d8.dartpseudo	ir/05552_sub_caf2d8.json	asm/05552_sub_caf2d8.s
5553	sub_caf770	pseudocode/05553_sub_caf770.dartpseudo	ir/05553_sub_caf770.json	asm/05553_sub_caf770.s
5554	sub_cf002c	pseudocode/05554_sub_cf002c.dartpseudo	ir/05554_sub_cf002c.json	asm/05554_sub_cf002c.s
5555	sub_cf00cc	pseudocode/05555_sub_cf00cc.dartpseudo	ir/05555_sub_cf00cc.json	asm/05555_sub_cf00cc.s
5556	sub_cf0180	pseudocode/05556_sub_cf0180.dartpseudo	ir/05556_sub_cf0180.json	asm/05556_sub_cf0180.s
5557	sub_cf0300	pseudocode/05557_sub_cf0300.dartpseudo	ir/05557_sub_cf0300.json	asm/05557_sub_cf0300.s
5558	sub_cf0650	pseudocode/05558_sub_cf0650.dartpseudo	ir/05558_sub_cf0650.json	asm/05558_sub_cf0650.s
5559	sub_cf0ef4	pseudocode/05559_sub_cf0ef4.dartpseudo	ir/05559_sub_cf0ef4.json	asm/05559_sub_cf0ef4.s
5560	sub_cf2874	pseudocode/05560_sub_cf2874.dartpseudo	ir/05560_sub_cf2874.json	asm/05560_sub_cf2874.s
5561	sub_cf2974	pseudocode/05561_sub_cf2974.dartpseudo	ir/05561_sub_cf2974.json	asm/05561_sub_cf2974.s
5562	sub_cf2a20	pseudocode/05562_sub_cf2a20.dartpseudo	ir/05562_sub_cf2a20.json	asm/05562_sub_cf2a20.s
5563	sub_cf2ba0	pseudocode/05563_sub_cf2ba0.dartpseudo	ir/05563_sub_cf2ba0.json	asm/05563_sub_cf2ba0.s
5564	sub_cf2c58	pseudocode/05564_sub_cf2c58.dartpseudo	ir/05564_sub_cf2c58.json	asm/05564_sub_cf2c58.s
5565	sub_cf2dd8	pseudocode/05565_sub_cf2dd8.dartpseudo	ir/05565_sub_cf2dd8.json	asm/05565_sub_cf2dd8.s
5566	sub_cf2ef8	pseudocode/05566_sub_cf2ef8.dartpseudo	ir/05566_sub_cf2ef8.json	asm/05566_sub_cf2ef8.s
5567	sub_cf300c	pseudocode/05567_sub_cf300c.dartpseudo	ir/05567_sub_cf300c.json	asm/05567_sub_cf300c.s
5568	sub_cf384c	pseudocode/05568_sub_cf384c.dartpseudo	ir/05568_sub_cf384c.json	asm/05568_sub_cf384c.s
5569	sub_cf4a7c	pseudocode/05569_sub_cf4a7c.dartpseudo	ir/05569_sub_cf4a7c.json	asm/05569_sub_cf4a7c.s
5570	sub_cf582c	pseudocode/05570_sub_cf582c.dartpseudo	ir/05570_sub_cf582c.json	asm/05570_sub_cf582c.s
5571	sub_cf5f24	pseudocode/05571_sub_cf5f24.dartpseudo	ir/05571_sub_cf5f24.json	asm/05571_sub_cf5f24.s
5572	sub_cf677c	pseudocode/05572_sub_cf677c.dartpseudo	ir/05572_sub_cf677c.json	asm/05572_sub_cf677c.s
5573	sub_cf6ccc	pseudocode/05573_sub_cf6ccc.dartpseudo	ir/05573_sub_cf6ccc.json	asm/05573_sub_cf6ccc.s
5574	sub_cf6dbc	pseudocode/05574_sub_cf6dbc.dartpseudo	ir/05574_sub_cf6dbc.json	asm/05574_sub_cf6dbc.s
5575	sub_cf724c	pseudocode/05575_sub_cf724c.dartpseudo	ir/05575_sub_cf724c.json	asm/05575_sub_cf724c.s
5576	sub_cf7284	pseudocode/05576_sub_cf7284.dartpseudo	ir/05576_sub_cf7284.json	asm/05576_sub_cf7284.s
5577	sub_cf75b4	pseudocode/05577_sub_cf75b4.dartpseudo	ir/05577_sub_cf75b4.json	asm/05577_sub_cf75b4.s
5578	sub_cf7660	pseudocode/05578_sub_cf7660.dartpseudo	ir/05578_sub_cf7660.json	asm/05578_sub_cf7660.s
5579	sub_cf78a4	pseudocode/05579_sub_cf78a4.dartpseudo	ir/05579_sub_cf78a4.json	asm/05579_sub_cf78a4.s
5580	sub_cf835c	pseudocode/05580_sub_cf835c.dartpseudo	ir/05580_sub_cf835c.json	asm/05580_sub_cf835c.s
5581	sub_cf8368	pseudocode/05581_sub_cf8368.dartpseudo	ir/05581_sub_cf8368.json	asm/05581_sub_cf8368.s
5582	sub_cf8630	pseudocode/05582_sub_cf8630.dartpseudo	ir/05582_sub_cf8630.json	asm/05582_sub_cf8630.s
5583	sub_cf9dc8	pseudocode/05583_sub_cf9dc8.dartpseudo	ir/05583_sub_cf9dc8.json	asm/05583_sub_cf9dc8.s
5584	sub_cf9dd4	pseudocode/05584_sub_cf9dd4.dartpseudo	ir/05584_sub_cf9dd4.json	asm/05584_sub_cf9dd4.s
5585	sub_cfa440	pseudocode/05585_sub_cfa440.dartpseudo	ir/05585_sub_cfa440.json	asm/05585_sub_cfa440.s
5586	sub_cfa510	pseudocode/05586_sub_cfa510.dartpseudo	ir/05586_sub_cfa510.json	asm/05586_sub_cfa510.s
5587	sub_cfb2f8	pseudocode/05587_sub_cfb2f8.dartpseudo	ir/05587_sub_cfb2f8.json	asm/05587_sub_cfb2f8.s
5588	sub_cfbee4	pseudocode/05588_sub_cfbee4.dartpseudo	ir/05588_sub_cfbee4.json	asm/05588_sub_cfbee4.s
5589	sub_cfc350	pseudocode/05589_sub_cfc350.dartpseudo	ir/05589_sub_cfc350.json	asm/05589_sub_cfc350.s
5590	sub_cfc480	pseudocode/05590_sub_cfc480.dartpseudo	ir/05590_sub_cfc480.json	asm/05590_sub_cfc480.s
5591	sub_cfc64c	pseudocode/05591_sub_cfc64c.dartpseudo	ir/05591_sub_cfc64c.json	asm/05591_sub_cfc64c.s
5592	sub_cfcaf8	pseudocode/05592_sub_cfcaf8.dartpseudo	ir/05592_sub_cfcaf8.json	asm/05592_sub_cfcaf8.s
5593	sub_cfcd60	pseudocode/05593_sub_cfcd60.dartpseudo	ir/05593_sub_cfcd60.json	asm/05593_sub_cfcd60.s
5594	sub_cfd198	pseudocode/05594_sub_cfd198.dartpseudo	ir/05594_sub_cfd198.json	asm/05594_sub_cfd198.s
5595	sub_cff660	pseudocode/05595_sub_cff660.dartpseudo	ir/05595_sub_cff660.json	asm/05595_sub_cff660.s
5596	sub_d0a1f8	pseudocode/05596_sub_d0a1f8.dartpseudo	ir/05596_sub_d0a1f8.json	asm/05596_sub_d0a1f8.s
5597	sub_d0a22c	pseudocode/05597_sub_d0a22c.dartpseudo	ir/05597_sub_d0a22c.json	asm/05597_sub_d0a22c.s
5598	sub_d0e7b8	pseudocode/05598_sub_d0e7b8.dartpseudo	ir/05598_sub_d0e7b8.json	asm/05598_sub_d0e7b8.s
5599	sub_d0e810	pseudocode/05599_sub_d0e810.dartpseudo	ir/05599_sub_d0e810.json	asm/05599_sub_d0e810.s
5600	sub_d0e860	pseudocode/05600_sub_d0e860.dartpseudo	ir/05600_sub_d0e860.json	asm/05600_sub_d0e860.s
5601	sub_d0e8b8	pseudocode/05601_sub_d0e8b8.dartpseudo	ir/05601_sub_d0e8b8.json	asm/05601_sub_d0e8b8.s
5602	sub_d0e910	pseudocode/05602_sub_d0e910.dartpseudo	ir/05602_sub_d0e910.json	asm/05602_sub_d0e910.s
5603	sub_d0e960	pseudocode/05603_sub_d0e960.dartpseudo	ir/05603_sub_d0e960.json	asm/05603_sub_d0e960.s
5604	sub_d0e9b8	pseudocode/05604_sub_d0e9b8.dartpseudo	ir/05604_sub_d0e9b8.json	asm/05604_sub_d0e9b8.s
5605	sub_d13530	pseudocode/05605_sub_d13530.dartpseudo	ir/05605_sub_d13530.json	asm/05605_sub_d13530.s
5606	sub_d13540	pseudocode/05606_sub_d13540.dartpseudo	ir/05606_sub_d13540.json	asm/05606_sub_d13540.s
5607	sub_d13550	pseudocode/05607_sub_d13550.dartpseudo	ir/05607_sub_d13550.json	asm/05607_sub_d13550.s
5608	sub_d13564	pseudocode/05608_sub_d13564.dartpseudo	ir/05608_sub_d13564.json	asm/05608_sub_d13564.s
5609	sub_d13578	pseudocode/05609_sub_d13578.dartpseudo	ir/05609_sub_d13578.json	asm/05609_sub_d13578.s
5610	sub_d13588	pseudocode/05610_sub_d13588.dartpseudo	ir/05610_sub_d13588.json	asm/05610_sub_d13588.s
5611	sub_d135a0	pseudocode/05611_sub_d135a0.dartpseudo	ir/05611_sub_d135a0.json	asm/05611_sub_d135a0.s
5612	sub_d20aac	pseudocode/05612_sub_d20aac.dartpseudo	ir/05612_sub_d20aac.json	asm/05612_sub_d20aac.s
5613	sub_d20fc8	pseudocode/05613_sub_d20fc8.dartpseudo	ir/05613_sub_d20fc8.json	asm/05613_sub_d20fc8.s
5614	sub_d2108c	pseudocode/05614_sub_d2108c.dartpseudo	ir/05614_sub_d2108c.json	asm/05614_sub_d2108c.s
5615	sub_d21678	pseudocode/05615_sub_d21678.dartpseudo	ir/05615_sub_d21678.json	asm/05615_sub_d21678.s
5616	sub_d21d84	pseudocode/05616_sub_d21d84.dartpseudo	ir/05616_sub_d21d84.json	asm/05616_sub_d21d84.s
5617	sub_d2241c	pseudocode/05617_sub_d2241c.dartpseudo	ir/05617_sub_d2241c.json	asm/05617_sub_d2241c.s
5618	sub_d231dc	pseudocode/05618_sub_d231dc.dartpseudo	ir/05618_sub_d231dc.json	asm/05618_sub_d231dc.s
5619	sub_d2328c	pseudocode/05619_sub_d2328c.dartpseudo	ir/05619_sub_d2328c.json	asm/05619_sub_d2328c.s
5620	sub_d261c4	pseudocode/05620_sub_d261c4.dartpseudo	ir/05620_sub_d261c4.json	asm/05620_sub_d261c4.s
5621	sub_d263d8	pseudocode/05621_sub_d263d8.dartpseudo	ir/05621_sub_d263d8.json	asm/05621_sub_d263d8.s
5622	sub_d26f2c	pseudocode/05622_sub_d26f2c.dartpseudo	ir/05622_sub_d26f2c.json	asm/05622_sub_d26f2c.s
5623	sub_d274b8	pseudocode/05623_sub_d274b8.dartpseudo	ir/05623_sub_d274b8.json	asm/05623_sub_d274b8.s
5624	sub_d2897c	pseudocode/05624_sub_d2897c.dartpseudo	ir/05624_sub_d2897c.json	asm/05624_sub_d2897c.s
5625	sub_d293c8	pseudocode/05625_sub_d293c8.dartpseudo	ir/05625_sub_d293c8.json	asm/05625_sub_d293c8.s
5626	sub_d29494	pseudocode/05626_sub_d29494.dartpseudo	ir/05626_sub_d29494.json	asm/05626_sub_d29494.s
5627	sub_d2a1b0	pseudocode/05627_sub_d2a1b0.dartpseudo	ir/05627_sub_d2a1b0.json	asm/05627_sub_d2a1b0.s
5628	sub_d2a230	pseudocode/05628_sub_d2a230.dartpseudo	ir/05628_sub_d2a230.json	asm/05628_sub_d2a230.s
5629	sub_d2a2f0	pseudocode/05629_sub_d2a2f0.dartpseudo	ir/05629_sub_d2a2f0.json	asm/05629_sub_d2a2f0.s
5630	sub_d2a5e8	pseudocode/05630_sub_d2a5e8.dartpseudo	ir/05630_sub_d2a5e8.json	asm/05630_sub_d2a5e8.s
5631	sub_d2c3b4	pseudocode/05631_sub_d2c3b4.dartpseudo	ir/05631_sub_d2c3b4.json	asm/05631_sub_d2c3b4.s
5632	sub_d2c480	pseudocode/05632_sub_d2c480.dartpseudo	ir/05632_sub_d2c480.json	asm/05632_sub_d2c480.s
5633	sub_d2c5ac	pseudocode/05633_sub_d2c5ac.dartpseudo	ir/05633_sub_d2c5ac.json	asm/05633_sub_d2c5ac.s
5634	sub_d2d26c	pseudocode/05634_sub_d2d26c.dartpseudo	ir/05634_sub_d2d26c.json	asm/05634_sub_d2d26c.s
5635	sub_d2de88	pseudocode/05635_sub_d2de88.dartpseudo	ir/05635_sub_d2de88.json	asm/05635_sub_d2de88.s
5636	sub_d2e154	pseudocode/05636_sub_d2e154.dartpseudo	ir/05636_sub_d2e154.json	asm/05636_sub_d2e154.s
5637	sub_d2f324	pseudocode/05637_sub_d2f324.dartpseudo	ir/05637_sub_d2f324.json	asm/05637_sub_d2f324.s
5638	sub_d2f810	pseudocode/05638_sub_d2f810.dartpseudo	ir/05638_sub_d2f810.json	asm/05638_sub_d2f810.s
5639	sub_d2fb7c	pseudocode/05639_sub_d2fb7c.dartpseudo	ir/05639_sub_d2fb7c.json	asm/05639_sub_d2fb7c.s
5640	sub_d30b3c	pseudocode/05640_sub_d30b3c.dartpseudo	ir/05640_sub_d30b3c.json	asm/05640_sub_d30b3c.s
5641	sub_d3100c	pseudocode/05641_sub_d3100c.dartpseudo	ir/05641_sub_d3100c.json	asm/05641_sub_d3100c.s
5642	sub_d31090	pseudocode/05642_sub_d31090.dartpseudo	ir/05642_sub_d31090.json	asm/05642_sub_d31090.s
5643	sub_d31370	pseudocode/05643_sub_d31370.dartpseudo	ir/05643_sub_d31370.json	asm/05643_sub_d31370.s
5644	sub_d314ec	pseudocode/05644_sub_d314ec.dartpseudo	ir/05644_sub_d314ec.json	asm/05644_sub_d314ec.s
5645	sub_d32214	pseudocode/05645_sub_d32214.dartpseudo	ir/05645_sub_d32214.json	asm/05645_sub_d32214.s
5646	sub_d33aa4	pseudocode/05646_sub_d33aa4.dartpseudo	ir/05646_sub_d33aa4.json	asm/05646_sub_d33aa4.s
5647	sub_d34014	pseudocode/05647_sub_d34014.dartpseudo	ir/05647_sub_d34014.json	asm/05647_sub_d34014.s
5648	sub_d34d74	pseudocode/05648_sub_d34d74.dartpseudo	ir/05648_sub_d34d74.json	asm/05648_sub_d34d74.s
5649	sub_d34dec	pseudocode/05649_sub_d34dec.dartpseudo	ir/05649_sub_d34dec.json	asm/05649_sub_d34dec.s
5650	sub_d35188	pseudocode/05650_sub_d35188.dartpseudo	ir/05650_sub_d35188.json	asm/05650_sub_d35188.s
5651	sub_d35268	pseudocode/05651_sub_d35268.dartpseudo	ir/05651_sub_d35268.json	asm/05651_sub_d35268.s
5652	sub_d35ed0	pseudocode/05652_sub_d35ed0.dartpseudo	ir/05652_sub_d35ed0.json	asm/05652_sub_d35ed0.s
5653	sub_d35f14	pseudocode/05653_sub_d35f14.dartpseudo	ir/05653_sub_d35f14.json	asm/05653_sub_d35f14.s
5654	sub_d36060	pseudocode/05654_sub_d36060.dartpseudo	ir/05654_sub_d36060.json	asm/05654_sub_d36060.s
5655	sub_d361fc	pseudocode/05655_sub_d361fc.dartpseudo	ir/05655_sub_d361fc.json	asm/05655_sub_d361fc.s
5656	sub_d36c0c	pseudocode/05656_sub_d36c0c.dartpseudo	ir/05656_sub_d36c0c.json	asm/05656_sub_d36c0c.s
5657	sub_d38794	pseudocode/05657_sub_d38794.dartpseudo	ir/05657_sub_d38794.json	asm/05657_sub_d38794.s
5658	sub_d38870	pseudocode/05658_sub_d38870.dartpseudo	ir/05658_sub_d38870.json	asm/05658_sub_d38870.s
5659	sub_d398e0	pseudocode/05659_sub_d398e0.dartpseudo	ir/05659_sub_d398e0.json	asm/05659_sub_d398e0.s
5660	sub_d39a3c	pseudocode/05660_sub_d39a3c.dartpseudo	ir/05660_sub_d39a3c.json	asm/05660_sub_d39a3c.s
5661	sub_d39b98	pseudocode/05661_sub_d39b98.dartpseudo	ir/05661_sub_d39b98.json	asm/05661_sub_d39b98.s
5662	sub_d39f40	pseudocode/05662_sub_d39f40.dartpseudo	ir/05662_sub_d39f40.json	asm/05662_sub_d39f40.s
5663	sub_d3a040	pseudocode/05663_sub_d3a040.dartpseudo	ir/05663_sub_d3a040.json	asm/05663_sub_d3a040.s
5664	sub_d3a0a0	pseudocode/05664_sub_d3a0a0.dartpseudo	ir/05664_sub_d3a0a0.json	asm/05664_sub_d3a0a0.s
5665	sub_d3a218	pseudocode/05665_sub_d3a218.dartpseudo	ir/05665_sub_d3a218.json	asm/05665_sub_d3a218.s
5666	sub_d3a964	pseudocode/05666_sub_d3a964.dartpseudo	ir/05666_sub_d3a964.json	asm/05666_sub_d3a964.s
5667	sub_d3c144	pseudocode/05667_sub_d3c144.dartpseudo	ir/05667_sub_d3c144.json	asm/05667_sub_d3c144.s
5668	sub_d3d89c	pseudocode/05668_sub_d3d89c.dartpseudo	ir/05668_sub_d3d89c.json	asm/05668_sub_d3d89c.s
5669	sub_d3e024	pseudocode/05669_sub_d3e024.dartpseudo	ir/05669_sub_d3e024.json	asm/05669_sub_d3e024.s
5670	sub_d3e42c	pseudocode/05670_sub_d3e42c.dartpseudo	ir/05670_sub_d3e42c.json	asm/05670_sub_d3e42c.s
5671	sub_d3f47c	pseudocode/05671_sub_d3f47c.dartpseudo	ir/05671_sub_d3f47c.json	asm/05671_sub_d3f47c.s
5672	sub_d3f808	pseudocode/05672_sub_d3f808.dartpseudo	ir/05672_sub_d3f808.json	asm/05672_sub_d3f808.s
5673	sub_d40e34	pseudocode/05673_sub_d40e34.dartpseudo	ir/05673_sub_d40e34.json	asm/05673_sub_d40e34.s
5674	sub_d41a28	pseudocode/05674_sub_d41a28.dartpseudo	ir/05674_sub_d41a28.json	asm/05674_sub_d41a28.s
5675	sub_d427fc	pseudocode/05675_sub_d427fc.dartpseudo	ir/05675_sub_d427fc.json	asm/05675_sub_d427fc.s
5676	sub_d42a64	pseudocode/05676_sub_d42a64.dartpseudo	ir/05676_sub_d42a64.json	asm/05676_sub_d42a64.s
5677	sub_d43f8c	pseudocode/05677_sub_d43f8c.dartpseudo	ir/05677_sub_d43f8c.json	asm/05677_sub_d43f8c.s
5678	sub_d45d90	pseudocode/05678_sub_d45d90.dartpseudo	ir/05678_sub_d45d90.json	asm/05678_sub_d45d90.s
5679	sub_d46b64	pseudocode/05679_sub_d46b64.dartpseudo	ir/05679_sub_d46b64.json	asm/05679_sub_d46b64.s
5680	sub_d476f8	pseudocode/05680_sub_d476f8.dartpseudo	ir/05680_sub_d476f8.json	asm/05680_sub_d476f8.s
5681	sub_d483ac	pseudocode/05681_sub_d483ac.dartpseudo	ir/05681_sub_d483ac.json	asm/05681_sub_d483ac.s
5682	sub_d483f8	pseudocode/05682_sub_d483f8.dartpseudo	ir/05682_sub_d483f8.json	asm/05682_sub_d483f8.s
5683	sub_d490e8	pseudocode/05683_sub_d490e8.dartpseudo	ir/05683_sub_d490e8.json	asm/05683_sub_d490e8.s
5684	sub_d499ac	pseudocode/05684_sub_d499ac.dartpseudo	ir/05684_sub_d499ac.json	asm/05684_sub_d499ac.s
5685	sub_d49a70	pseudocode/05685_sub_d49a70.dartpseudo	ir/05685_sub_d49a70.json	asm/05685_sub_d49a70.s
5686	sub_d4aa3c	pseudocode/05686_sub_d4aa3c.dartpseudo	ir/05686_sub_d4aa3c.json	asm/05686_sub_d4aa3c.s
5687	sub_d4adec	pseudocode/05687_sub_d4adec.dartpseudo	ir/05687_sub_d4adec.json	asm/05687_sub_d4adec.s
5688	sub_d4b3b0	pseudocode/05688_sub_d4b3b0.dartpseudo	ir/05688_sub_d4b3b0.json	asm/05688_sub_d4b3b0.s
5689	sub_d4c8bc	pseudocode/05689_sub_d4c8bc.dartpseudo	ir/05689_sub_d4c8bc.json	asm/05689_sub_d4c8bc.s
5690	sub_d4ca8c	pseudocode/05690_sub_d4ca8c.dartpseudo	ir/05690_sub_d4ca8c.json	asm/05690_sub_d4ca8c.s
5691	sub_d4cb9c	pseudocode/05691_sub_d4cb9c.dartpseudo	ir/05691_sub_d4cb9c.json	asm/05691_sub_d4cb9c.s
5692	sub_d4cd20	pseudocode/05692_sub_d4cd20.dartpseudo	ir/05692_sub_d4cd20.json	asm/05692_sub_d4cd20.s
5693	sub_d4cdd0	pseudocode/05693_sub_d4cdd0.dartpseudo	ir/05693_sub_d4cdd0.json	asm/05693_sub_d4cdd0.s
5694	sub_d4ced8	pseudocode/05694_sub_d4ced8.dartpseudo	ir/05694_sub_d4ced8.json	asm/05694_sub_d4ced8.s
5695	sub_d4cee0	pseudocode/05695_sub_d4cee0.dartpseudo	ir/05695_sub_d4cee0.json	asm/05695_sub_d4cee0.s
5696	sub_d4cfdc	pseudocode/05696_sub_d4cfdc.dartpseudo	ir/05696_sub_d4cfdc.json	asm/05696_sub_d4cfdc.s
5697	sub_d4d050	pseudocode/05697_sub_d4d050.dartpseudo	ir/05697_sub_d4d050.json	asm/05697_sub_d4d050.s
5698	sub_d4d184	pseudocode/05698_sub_d4d184.dartpseudo	ir/05698_sub_d4d184.json	asm/05698_sub_d4d184.s
5699	sub_d4d200	pseudocode/05699_sub_d4d200.dartpseudo	ir/05699_sub_d4d200.json	asm/05699_sub_d4d200.s
5700	sub_d4d2fc	pseudocode/05700_sub_d4d2fc.dartpseudo	ir/05700_sub_d4d2fc.json	asm/05700_sub_d4d2fc.s
5701	sub_d4d304	pseudocode/05701_sub_d4d304.dartpseudo	ir/05701_sub_d4d304.json	asm/05701_sub_d4d304.s
5702	sub_d4d3a8	pseudocode/05702_sub_d4d3a8.dartpseudo	ir/05702_sub_d4d3a8.json	asm/05702_sub_d4d3a8.s
5703	sub_d4d834	pseudocode/05703_sub_d4d834.dartpseudo	ir/05703_sub_d4d834.json	asm/05703_sub_d4d834.s
5704	sub_d4df58	pseudocode/05704_sub_d4df58.dartpseudo	ir/05704_sub_d4df58.json	asm/05704_sub_d4df58.s
5705	sub_d4e080	pseudocode/05705_sub_d4e080.dartpseudo	ir/05705_sub_d4e080.json	asm/05705_sub_d4e080.s
5706	sub_d4ea74	pseudocode/05706_sub_d4ea74.dartpseudo	ir/05706_sub_d4ea74.json	asm/05706_sub_d4ea74.s
5707	sub_d4eb60	pseudocode/05707_sub_d4eb60.dartpseudo	ir/05707_sub_d4eb60.json	asm/05707_sub_d4eb60.s
5708	sub_d4ec40	pseudocode/05708_sub_d4ec40.dartpseudo	ir/05708_sub_d4ec40.json	asm/05708_sub_d4ec40.s
5709	sub_d4ef20	pseudocode/05709_sub_d4ef20.dartpseudo	ir/05709_sub_d4ef20.json	asm/05709_sub_d4ef20.s
5710	sub_d4f048	pseudocode/05710_sub_d4f048.dartpseudo	ir/05710_sub_d4f048.json	asm/05710_sub_d4f048.s
5711	sub_d4f190	pseudocode/05711_sub_d4f190.dartpseudo	ir/05711_sub_d4f190.json	asm/05711_sub_d4f190.s
5712	sub_d4f4ac	pseudocode/05712_sub_d4f4ac.dartpseudo	ir/05712_sub_d4f4ac.json	asm/05712_sub_d4f4ac.s
5713	sub_d4f5a8	pseudocode/05713_sub_d4f5a8.dartpseudo	ir/05713_sub_d4f5a8.json	asm/05713_sub_d4f5a8.s
5714	sub_d4f8c0	pseudocode/05714_sub_d4f8c0.dartpseudo	ir/05714_sub_d4f8c0.json	asm/05714_sub_d4f8c0.s
5715	sub_d4f8d8	pseudocode/05715_sub_d4f8d8.dartpseudo	ir/05715_sub_d4f8d8.json	asm/05715_sub_d4f8d8.s
5716	sub_d4fa4c	pseudocode/05716_sub_d4fa4c.dartpseudo	ir/05716_sub_d4fa4c.json	asm/05716_sub_d4fa4c.s
5717	sub_d4faec	pseudocode/05717_sub_d4faec.dartpseudo	ir/05717_sub_d4faec.json	asm/05717_sub_d4faec.s
5718	sub_d4fb90	pseudocode/05718_sub_d4fb90.dartpseudo	ir/05718_sub_d4fb90.json	asm/05718_sub_d4fb90.s
5719	sub_d4fbf8	pseudocode/05719_sub_d4fbf8.dartpseudo	ir/05719_sub_d4fbf8.json	asm/05719_sub_d4fbf8.s
5720	sub_d4fca4	pseudocode/05720_sub_d4fca4.dartpseudo	ir/05720_sub_d4fca4.json	asm/05720_sub_d4fca4.s
5721	sub_d4fcc8	pseudocode/05721_sub_d4fcc8.dartpseudo	ir/05721_sub_d4fcc8.json	asm/05721_sub_d4fcc8.s
5722	sub_d4fcf4	pseudocode/05722_sub_d4fcf4.dartpseudo	ir/05722_sub_d4fcf4.json	asm/05722_sub_d4fcf4.s
5723	sub_d4fd18	pseudocode/05723_sub_d4fd18.dartpseudo	ir/05723_sub_d4fd18.json	asm/05723_sub_d4fd18.s
5724	sub_d50264	pseudocode/05724_sub_d50264.dartpseudo	ir/05724_sub_d50264.json	asm/05724_sub_d50264.s
5725	sub_d50284	pseudocode/05725_sub_d50284.dartpseudo	ir/05725_sub_d50284.json	asm/05725_sub_d50284.s
5726	sub_d502a4	pseudocode/05726_sub_d502a4.dartpseudo	ir/05726_sub_d502a4.json	asm/05726_sub_d502a4.s
5727	sub_d502c4	pseudocode/05727_sub_d502c4.dartpseudo	ir/05727_sub_d502c4.json	asm/05727_sub_d502c4.s
5728	sub_d502e4	pseudocode/05728_sub_d502e4.dartpseudo	ir/05728_sub_d502e4.json	asm/05728_sub_d502e4.s
5729	sub_d50304	pseudocode/05729_sub_d50304.dartpseudo	ir/05729_sub_d50304.json	asm/05729_sub_d50304.s
5730	sub_d50324	pseudocode/05730_sub_d50324.dartpseudo	ir/05730_sub_d50324.json	asm/05730_sub_d50324.s
5731	sub_d50344	pseudocode/05731_sub_d50344.dartpseudo	ir/05731_sub_d50344.json	asm/05731_sub_d50344.s
5732	sub_d50364	pseudocode/05732_sub_d50364.dartpseudo	ir/05732_sub_d50364.json	asm/05732_sub_d50364.s
5733	sub_d50384	pseudocode/05733_sub_d50384.dartpseudo	ir/05733_sub_d50384.json	asm/05733_sub_d50384.s
5734	sub_d503c4	pseudocode/05734_sub_d503c4.dartpseudo	ir/05734_sub_d503c4.json	asm/05734_sub_d503c4.s
5735	sub_d504c4	pseudocode/05735_sub_d504c4.dartpseudo	ir/05735_sub_d504c4.json	asm/05735_sub_d504c4.s
5736	sub_d505c4	pseudocode/05736_sub_d505c4.dartpseudo	ir/05736_sub_d505c4.json	asm/05736_sub_d505c4.s
5737	sub_d50680	pseudocode/05737_sub_d50680.dartpseudo	ir/05737_sub_d50680.json	asm/05737_sub_d50680.s
5738	sub_d50744	pseudocode/05738_sub_d50744.dartpseudo	ir/05738_sub_d50744.json	asm/05738_sub_d50744.s
5739	sub_d507fc	pseudocode/05739_sub_d507fc.dartpseudo	ir/05739_sub_d507fc.json	asm/05739_sub_d507fc.s
5740	sub_d508bc	pseudocode/05740_sub_d508bc.dartpseudo	ir/05740_sub_d508bc.json	asm/05740_sub_d508bc.s
5741	sub_d50a6c	pseudocode/05741_sub_d50a6c.dartpseudo	ir/05741_sub_d50a6c.json	asm/05741_sub_d50a6c.s
5742	sub_d50aa8	pseudocode/05742_sub_d50aa8.dartpseudo	ir/05742_sub_d50aa8.json	asm/05742_sub_d50aa8.s
5743	sub_d50cb0	pseudocode/05743_sub_d50cb0.dartpseudo	ir/05743_sub_d50cb0.json	asm/05743_sub_d50cb0.s
5744	sub_d50d8c	pseudocode/05744_sub_d50d8c.dartpseudo	ir/05744_sub_d50d8c.json	asm/05744_sub_d50d8c.s
5745	sub_d50e6c	pseudocode/05745_sub_d50e6c.dartpseudo	ir/05745_sub_d50e6c.json	asm/05745_sub_d50e6c.s
5746	sub_d50f44	pseudocode/05746_sub_d50f44.dartpseudo	ir/05746_sub_d50f44.json	asm/05746_sub_d50f44.s
5747	sub_d51000	pseudocode/05747_sub_d51000.dartpseudo	ir/05747_sub_d51000.json	asm/05747_sub_d51000.s
5748	sub_d510bc	pseudocode/05748_sub_d510bc.dartpseudo	ir/05748_sub_d510bc.json	asm/05748_sub_d510bc.s
5749	sub_d51178	pseudocode/05749_sub_d51178.dartpseudo	ir/05749_sub_d51178.json	asm/05749_sub_d51178.s
5750	sub_d51234	pseudocode/05750_sub_d51234.dartpseudo	ir/05750_sub_d51234.json	asm/05750_sub_d51234.s
5751	sub_d512f0	pseudocode/05751_sub_d512f0.dartpseudo	ir/05751_sub_d512f0.json	asm/05751_sub_d512f0.s
5752	sub_d513ac	pseudocode/05752_sub_d513ac.dartpseudo	ir/05752_sub_d513ac.json	asm/05752_sub_d513ac.s
5753	sub_d51468	pseudocode/05753_sub_d51468.dartpseudo	ir/05753_sub_d51468.json	asm/05753_sub_d51468.s
5754	sub_d51524	pseudocode/05754_sub_d51524.dartpseudo	ir/05754_sub_d51524.json	asm/05754_sub_d51524.s
5755	sub_d515e0	pseudocode/05755_sub_d515e0.dartpseudo	ir/05755_sub_d515e0.json	asm/05755_sub_d515e0.s
5756	sub_d516a0	pseudocode/05756_sub_d516a0.dartpseudo	ir/05756_sub_d516a0.json	asm/05756_sub_d516a0.s
5757	sub_d51760	pseudocode/05757_sub_d51760.dartpseudo	ir/05757_sub_d51760.json	asm/05757_sub_d51760.s
5758	sub_d51820	pseudocode/05758_sub_d51820.dartpseudo	ir/05758_sub_d51820.json	asm/05758_sub_d51820.s
5759	sub_d518e0	pseudocode/05759_sub_d518e0.dartpseudo	ir/05759_sub_d518e0.json	asm/05759_sub_d518e0.s
5760	sub_d519a0	pseudocode/05760_sub_d519a0.dartpseudo	ir/05760_sub_d519a0.json	asm/05760_sub_d519a0.s
5761	sub_d519f4	pseudocode/05761_sub_d519f4.dartpseudo	ir/05761_sub_d519f4.json	asm/05761_sub_d519f4.s
5762	sub_d51a48	pseudocode/05762_sub_d51a48.dartpseudo	ir/05762_sub_d51a48.json	asm/05762_sub_d51a48.s
5763	sub_d51a9c	pseudocode/05763_sub_d51a9c.dartpseudo	ir/05763_sub_d51a9c.json	asm/05763_sub_d51a9c.s
5764	sub_d51af0	pseudocode/05764_sub_d51af0.dartpseudo	ir/05764_sub_d51af0.json	asm/05764_sub_d51af0.s
5765	sub_d51b44	pseudocode/05765_sub_d51b44.dartpseudo	ir/05765_sub_d51b44.json	asm/05765_sub_d51b44.s
5766	sub_d51c4c	pseudocode/05766_sub_d51c4c.dartpseudo	ir/05766_sub_d51c4c.json	asm/05766_sub_d51c4c.s
5767	sub_d51ccc	pseudocode/05767_sub_d51ccc.dartpseudo	ir/05767_sub_d51ccc.json	asm/05767_sub_d51ccc.s
5768	sub_d51dcc	pseudocode/05768_sub_d51dcc.dartpseudo	ir/05768_sub_d51dcc.json	asm/05768_sub_d51dcc.s
5769	sub_d51e80	pseudocode/05769_sub_d51e80.dartpseudo	ir/05769_sub_d51e80.json	asm/05769_sub_d51e80.s
5770	sub_d52094	pseudocode/05770_sub_d52094.dartpseudo	ir/05770_sub_d52094.json	asm/05770_sub_d52094.s
5771	sub_d52124	pseudocode/05771_sub_d52124.dartpseudo	ir/05771_sub_d52124.json	asm/05771_sub_d52124.s
5772	sub_d521f4	pseudocode/05772_sub_d521f4.dartpseudo	ir/05772_sub_d521f4.json	asm/05772_sub_d521f4.s
5773	sub_d52240	pseudocode/05773_sub_d52240.dartpseudo	ir/05773_sub_d52240.json	asm/05773_sub_d52240.s
5774	sub_d523a4	pseudocode/05774_sub_d523a4.dartpseudo	ir/05774_sub_d523a4.json	asm/05774_sub_d523a4.s
5775	sub_d523f0	pseudocode/05775_sub_d523f0.dartpseudo	ir/05775_sub_d523f0.json	asm/05775_sub_d523f0.s
5776	sub_d5247c	pseudocode/05776_sub_d5247c.dartpseudo	ir/05776_sub_d5247c.json	asm/05776_sub_d5247c.s
5777	sub_d524cc	pseudocode/05777_sub_d524cc.dartpseudo	ir/05777_sub_d524cc.json	asm/05777_sub_d524cc.s
5778	sub_d52734	pseudocode/05778_sub_d52734.dartpseudo	ir/05778_sub_d52734.json	asm/05778_sub_d52734.s
5779	sub_d533cc	pseudocode/05779_sub_d533cc.dartpseudo	ir/05779_sub_d533cc.json	asm/05779_sub_d533cc.s
5780	sub_d53448	pseudocode/05780_sub_d53448.dartpseudo	ir/05780_sub_d53448.json	asm/05780_sub_d53448.s
5781	sub_d53554	pseudocode/05781_sub_d53554.dartpseudo	ir/05781_sub_d53554.json	asm/05781_sub_d53554.s
5782	sub_d54200	pseudocode/05782_sub_d54200.dartpseudo	ir/05782_sub_d54200.json	asm/05782_sub_d54200.s
5783	sub_d54264	pseudocode/05783_sub_d54264.dartpseudo	ir/05783_sub_d54264.json	asm/05783_sub_d54264.s
5784	sub_d548fc	pseudocode/05784_sub_d548fc.dartpseudo	ir/05784_sub_d548fc.json	asm/05784_sub_d548fc.s
5785	sub_d5630c	pseudocode/05785_sub_d5630c.dartpseudo	ir/05785_sub_d5630c.json	asm/05785_sub_d5630c.s
5786	sub_d5632c	pseudocode/05786_sub_d5632c.dartpseudo	ir/05786_sub_d5632c.json	asm/05786_sub_d5632c.s
5787	sub_d56350	pseudocode/05787_sub_d56350.dartpseudo	ir/05787_sub_d56350.json	asm/05787_sub_d56350.s
5788	sub_d56370	pseudocode/05788_sub_d56370.dartpseudo	ir/05788_sub_d56370.json	asm/05788_sub_d56370.s
5789	sub_d56390	pseudocode/05789_sub_d56390.dartpseudo	ir/05789_sub_d56390.json	asm/05789_sub_d56390.s
5790	sub_d563b0	pseudocode/05790_sub_d563b0.dartpseudo	ir/05790_sub_d563b0.json	asm/05790_sub_d563b0.s
5791	sub_d563dc	pseudocode/05791_sub_d563dc.dartpseudo	ir/05791_sub_d563dc.json	asm/05791_sub_d563dc.s
5792	sub_d56a6c	pseudocode/05792_sub_d56a6c.dartpseudo	ir/05792_sub_d56a6c.json	asm/05792_sub_d56a6c.s
5793	sub_d56aa8	pseudocode/05793_sub_d56aa8.dartpseudo	ir/05793_sub_d56aa8.json	asm/05793_sub_d56aa8.s
5794	sub_d56ad8	pseudocode/05794_sub_d56ad8.dartpseudo	ir/05794_sub_d56ad8.json	asm/05794_sub_d56ad8.s
5795	sub_d71554	pseudocode/05795_sub_d71554.dartpseudo	ir/05795_sub_d71554.json	asm/05795_sub_d71554.s
5796	sub_d71584	pseudocode/05796_sub_d71584.dartpseudo	ir/05796_sub_d71584.json	asm/05796_sub_d71584.s
5797	sub_d715cc	pseudocode/05797_sub_d715cc.dartpseudo	ir/05797_sub_d715cc.json	asm/05797_sub_d715cc.s
5798	sub_d71b08	pseudocode/05798_sub_d71b08.dartpseudo	ir/05798_sub_d71b08.json	asm/05798_sub_d71b08.s
5799	sub_d71b54	pseudocode/05799_sub_d71b54.dartpseudo	ir/05799_sub_d71b54.json	asm/05799_sub_d71b54.s
