run	case	phase	nanos	alloc_count	alloc_bytes
0	linear/64/base	ir	138692	3008	229014
0	linear/64/base	cfg	112713	0	0
0	linear/64/base	emission_exclusive	3500875	132901	2319001
0	linear/64/base	serialization	1167369	12094	341915
0	linear/64/base	combined	4919890	148003	2889930
0	linear/64/light	ir	131519	3415	247192
0	linear/64/light	cfg	88507	0	0
0	linear/64/light	emission_exclusive	3688671	147950	2532872
0	linear/64/light	serialization	1182969	12094	341531
0	linear/64/light	combined	5091776	163459	3121595
0	linear/64/heavy	ir	487853	9622	905081
0	linear/64/heavy	cfg	91614	0	0
0	linear/64/heavy	emission_exclusive	10455687	304273	7017602
0	linear/64/heavy	serialization	4151396	12096	1167973
0	linear/64/heavy	combined	15186711	325991	9090656
0	linear/256/base	ir	617419	12035	920903
0	linear/256/base	cfg	1404819	0	0
0	linear/256/base	emission_exclusive	13136048	526712	12403352
0	linear/256/base	serialization	4580338	47424	1346537
0	linear/256/base	combined	19738764	586171	14670792
0	linear/256/light	ir	703973	13656	991497
0	linear/256/light	cfg	1274682	0	0
0	linear/256/light	emission_exclusive	14252813	587752	13275990
0	linear/256/light	serialization	4696718	47424	1345097
0	linear/256/light	combined	20928346	648832	15612584
0	linear/256/heavy	ir	2764772	38488	3624490
0	linear/256/heavy	cfg	1105873	0	0
0	linear/256/heavy	emission_exclusive	40754906	1209433	31175155
0	linear/256/heavy	serialization	16470179	47426	4650931
0	linear/256/heavy	combined	61095880	1295347	39450576
0	linear/1024/base	ir	5899624	48137	3687888
0	linear/1024/base	cfg	22812811	0	0
0	linear/1024/base	emission_exclusive	51913604	2101884	101426946
0	linear/1024/base	serialization	17894524	188738	5365343
0	linear/1024/base	combined	98520843	2338759	110480177
0	linear/1024/light	ir	6814446	54622	3970450
0	linear/1024/light	cfg	21373619	0	0
0	linear/1024/light	emission_exclusive	56793717	2346883	104935712
0	linear/1024/light	serialization	17699876	188738	5359679
0	linear/1024/light	combined	102681918	2590243	114265841
0	linear/1024/heavy	ir	26404519	153950	14502323
0	linear/1024/heavy	cfg	21534232	0	0
0	linear/1024/heavy	emission_exclusive	160581339	4830132	176508472
0	linear/1024/heavy	serialization	64850915	188740	18583081
0	linear/1024/heavy	combined	273371376	5172822	209593876
0	diamond-chain/64/base	ir	132521	3014	230397
0	diamond-chain/64/base	cfg	111381	0	0
0	diamond-chain/64/base	emission_exclusive	5295121	225845	3714034
0	diamond-chain/64/base	serialization	1420037	17982	373065
0	diamond-chain/64/base	combined	6959190	246841	4317496
0	diamond-chain/64/light	ir	129555	3421	248575
0	diamond-chain/64/light	cfg	103456	0	0
0	diamond-chain/64/light	emission_exclusive	5504106	242545	3960954
0	diamond-chain/64/light	serialization	1418715	17982	372681
0	diamond-chain/64/light	combined	7155942	263948	4582210
0	diamond-chain/64/heavy	ir	394026	9628	906464
0	diamond-chain/64/heavy	cfg	101011	0	0
0	diamond-chain/64/heavy	emission_exclusive	14082510	486163	9978456
0	diamond-chain/64/heavy	serialization	4463507	17984	1199123
0	diamond-chain/64/heavy	combined	19041184	513775	12084043
0	diamond-chain/256/base	ir	650761	12045	926798
0	diamond-chain/256/base	cfg	1226340	0	0
0	diamond-chain/256/base	emission_exclusive	20275331	897470	17597948
0	diamond-chain/256/base	serialization	5454913	70976	1471095
0	diamond-chain/256/base	combined	27607466	980491	19995841
0	diamond-chain/256/light	ir	721055	13666	997392
0	diamond-chain/256/light	cfg	1175484	0	0
0	diamond-chain/256/light	emission_exclusive	21639091	965199	18603715
0	diamond-chain/256/light	serialization	5412443	70976	1469655
0	diamond-chain/256/light	combined	28948193	1049841	21070762
0	diamond-chain/256/heavy	ir	2323326	38498	3630385
0	diamond-chain/256/heavy	cfg	1192276	0	0
0	diamond-chain/256/heavy	emission_exclusive	55920897	1938175	42664308
0	diamond-chain/256/heavy	serialization	17124146	70978	4775489
0	diamond-chain/256/heavy	combined	76560805	2047651	51070182
0	diamond-chain/1024/base	ir	5837687	48151	3711831
0	diamond-chain/1024/base	cfg	20775956	0	0
0	diamond-chain/1024/base	emission_exclusive	83415669	3585414	116314962
0	diamond-chain/1024/base	serialization	21835272	282946	5863533
0	diamond-chain/1024/base	combined	131864714	3916511	125890326
0	diamond-chain/1024/light	ir	7114483	54636	3994393
0	diamond-chain/1024/light	cfg	18835485	0	0
0	diamond-chain/1024/light	emission_exclusive	88793776	3857263	120357625
0	diamond-chain/1024/light	serialization	22747900	282946	5857869
0	diamond-chain/1024/light	combined	137491804	4194845	130209887
0	diamond-chain/1024/heavy	ir	24302560	153964	14526266
0	diamond-chain/1024/heavy	cfg	20420745	0	0
0	diamond-chain/1024/heavy	emission_exclusive	226688762	7747807	216606437
0	diamond-chain/1024/heavy	serialization	70768384	282948	19081271
0	diamond-chain/1024/heavy	combined	342180622	8184719	250213974
0	fan-in/64/base	ir	117493	3012	231834
0	fan-in/64/base	cfg	66115	0	0
0	fan-in/64/base	emission_exclusive	20666400	361039	7738269
0	fan-in/64/base	serialization	3894741	23502	433675
0	fan-in/64/base	combined	24744889	387553	8403778
0	fan-in/256/base	ir	665469	12041	932555
0	fan-in/256/base	cfg	521928	0	0
0	fan-in/256/base	emission_exclusive	79229416	3324668	63227648
0	fan-in/256/base	serialization	967050	8140	1101612
0	fan-in/256/base	combined	81384014	3344849	65261815
0	fan-in/1024/base	ir	7032499	48145	3734868
0	fan-in/1024/base	cfg	11371761	0	0
0	fan-in/1024/base	emission_exclusive	783390750	31527604	618738748
0	fan-in/1024/base	serialization	1835293	8142	4248310
0	fan-in/1024/base	combined	803630583	31583891	626721926
0	nested-loop/64/base	ir	114106	3009	229111
0	nested-loop/64/base	cfg	182876	0	0
0	nested-loop/64/base	emission_exclusive	3987626	149718	2837421
0	nested-loop/64/base	serialization	1290763	13198	348803
0	nested-loop/64/base	combined	5575481	165925	3415335
0	nested-loop/256/base	ir	619342	12036	921000
0	nested-loop/256/base	cfg	2417044	0	0
0	nested-loop/256/base	emission_exclusive	15119312	576567	15976260
0	nested-loop/256/base	serialization	4936813	48528	1356497
0	nested-loop/256/base	combined	23092641	637131	18253757
0	nested-loop/1024/base	ir	5732388	48138	3687985
0	nested-loop/1024/base	cfg	40203302	0	0
0	nested-loop/1024/base	emission_exclusive	59265115	2283847	143759634
0	nested-loop/1024/base	serialization	20521225	189842	5387591
0	nested-loop/1024/base	combined	125722190	2521827	152835210
0	multi-exit/64/base	ir	118524	2990	231132
0	multi-exit/64/base	cfg	78679	0	0
0	multi-exit/64/base	emission_exclusive	25687100	1038325	19436690
0	multi-exit/64/base	serialization	5745874	46594	569880
0	multi-exit/64/base	combined	31630358	1087909	20237702
0	multi-exit/256/base	ir	672302	12025	931853
0	multi-exit/256/base	cfg	573876	0	0
0	multi-exit/256/base	emission_exclusive	112205511	4980175	93574527
0	multi-exit/256/base	serialization	924420	8140	1101950
0	multi-exit/256/base	combined	114376259	5000340	95608330
0	multi-exit/1024/base	ir	6803695	48135	3734166
0	multi-exit/1024/base	cfg	12345183	0	0
0	multi-exit/1024/base	emission_exclusive	889121146	37208916	724828775
0	multi-exit/1024/base	serialization	1857656	8142	4248630
0	multi-exit/1024/base	combined	910127860	37265193	732811571
0	no-exit/64/base	ir	116671	3018	229199
0	no-exit/64/base	cfg	125908	0	0
0	no-exit/64/base	emission_exclusive	3686046	137678	2442687
0	no-exit/64/base	serialization	1218546	12278	343391
0	no-exit/64/base	combined	5147291	152974	3015277
0	no-exit/256/base	ir	629701	12045	921088
0	no-exit/256/base	cfg	1534484	0	0
0	no-exit/256/base	emission_exclusive	14236102	547235	13059068
0	no-exit/256/base	serialization	4814481	47608	1349547
0	no-exit/256/base	combined	21214878	606888	15329703
0	no-exit/1024/base	ir	5551034	48147	3688073
0	no-exit/1024/base	cfg	28421235	0	0
0	no-exit/1024/base	emission_exclusive	57131186	2185382	106422336
0	no-exit/1024/base	serialization	18540015	188922	5374495
0	no-exit/1024/base	combined	109643822	2422451	115484904
0	irreducible/64/base	ir	118234	3014	231355
0	irreducible/64/base	cfg	88337	0	0
0	irreducible/64/base	emission_exclusive	370541131	13761714	204732406
0	irreducible/64/base	serialization	4875526	61038	628259
0	irreducible/64/base	combined	375623489	13825766	205592020
0	irreducible/256/base	ir	651964	12045	930636
0	irreducible/256/base	cfg	1144275	0	0
0	irreducible/256/base	emission_exclusive	1080754407	38938265	424485411
0	irreducible/256/base	serialization	5128034	61040	1417299
0	irreducible/256/base	combined	1087679081	39011350	426833346
0	irreducible/1024/base	ir	5966201	48151	3727189
0	irreducible/1024/base	cfg	19501665	0	0
0	irreducible/1024/base	emission_exclusive	2981227172	106343842	1096707811
0	irreducible/1024/base	serialization	6720198	61042	4573269
0	irreducible/1024/base	combined	3013415506	106453035	1105008269
1	linear/64/base	ir	137340	3008	229014
1	linear/64/base	cfg	118184	0	0
1	linear/64/base	emission_exclusive	3480707	132901	2319001
1	linear/64/base	serialization	1177548	12094	341915
1	linear/64/base	combined	4916444	148003	2889930
1	linear/64/light	ir	124125	3415	247192
1	linear/64/light	cfg	89259	0	0
1	linear/64/light	emission_exclusive	3657060	147950	2532872
1	linear/64/light	serialization	1195964	12094	341531
1	linear/64/light	combined	5066518	163459	3121595
1	linear/64/heavy	ir	462375	9622	905081
1	linear/64/heavy	cfg	90922	0	0
1	linear/64/heavy	emission_exclusive	10296305	304273	7017602
1	linear/64/heavy	serialization	4178197	12096	1167973
1	linear/64/heavy	combined	15027929	325991	9090656
1	linear/256/base	ir	613802	12035	920903
1	linear/256/base	cfg	1439544	0	0
1	linear/256/base	emission_exclusive	13076206	526712	12403352
1	linear/256/base	serialization	4442267	47424	1346537
1	linear/256/base	combined	19571939	586171	14670792
1	linear/256/light	ir	696529	13656	991497
1	linear/256/light	cfg	1284471	0	0
1	linear/256/light	emission_exclusive	14276837	587752	13275990
1	linear/256/light	serialization	4382764	47424	1345097
1	linear/256/light	combined	20640701	648832	15612584
1	linear/256/heavy	ir	2810579	38488	3624490
1	linear/256/heavy	cfg	1097006	0	0
1	linear/256/heavy	emission_exclusive	39894247	1209433	31175155
1	linear/256/heavy	serialization	16094066	47426	4650931
1	linear/256/heavy	combined	59896019	1295347	39450576
1	linear/1024/base	ir	5884807	48137	3687888
1	linear/1024/base	cfg	22689938	0	0
1	linear/1024/base	emission_exclusive	51766244	2101884	101426946
1	linear/1024/base	serialization	18403768	188738	5365343
1	linear/1024/base	combined	98744867	2338759	110480177
1	linear/1024/light	ir	6804347	54622	3970450
1	linear/1024/light	cfg	21403875	0	0
1	linear/1024/light	emission_exclusive	56482258	2346883	104935712
1	linear/1024/light	serialization	17778744	188738	5359679
1	linear/1024/light	combined	102469705	2590243	114265841
1	linear/1024/heavy	ir	26688667	153950	14502323
1	linear/1024/heavy	cfg	21434493	0	0
1	linear/1024/heavy	emission_exclusive	161184208	4830132	176508472
1	linear/1024/heavy	serialization	64886182	188740	18583081
1	linear/1024/heavy	combined	274193660	5172822	209593876
1	diamond-chain/64/base	ir	121730	3014	230397
1	diamond-chain/64/base	cfg	107743	0	0
1	diamond-chain/64/base	emission_exclusive	5246860	225845	3714034
1	diamond-chain/64/base	serialization	1365735	17982	373065
1	diamond-chain/64/base	combined	6842188	246841	4317496
1	diamond-chain/64/light	ir	127351	3421	248575
1	diamond-chain/64/light	cfg	102203	0	0
1	diamond-chain/64/light	emission_exclusive	5566565	242545	3960954
1	diamond-chain/64/light	serialization	1372718	17982	372681
1	diamond-chain/64/light	combined	7168937	263948	4582210
1	diamond-chain/64/heavy	ir	387594	9628	906464
1	diamond-chain/64/heavy	cfg	99779	0	0
1	diamond-chain/64/heavy	emission_exclusive	14274753	486163	9978456
1	diamond-chain/64/heavy	serialization	4300308	17984	1199123
1	diamond-chain/64/heavy	combined	19062534	513775	12084043
1	diamond-chain/256/base	ir	642055	12045	926798
1	diamond-chain/256/base	cfg	1210982	0	0
1	diamond-chain/256/base	emission_exclusive	20496297	897470	17597948
1	diamond-chain/256/base	serialization	5726057	70976	1471095
1	diamond-chain/256/base	combined	28075501	980491	19995841
1	diamond-chain/256/light	ir	719682	13666	997392
1	diamond-chain/256/light	cfg	1191805	0	0
1	diamond-chain/256/light	emission_exclusive	21824692	965199	18603715
1	diamond-chain/256/light	serialization	5500980	70976	1469655
1	diamond-chain/256/light	combined	29237289	1049841	21070762
1	diamond-chain/256/heavy	ir	2259886	38498	3630385
1	diamond-chain/256/heavy	cfg	1223395	0	0
1	diamond-chain/256/heavy	emission_exclusive	56001729	1938175	42664308
1	diamond-chain/256/heavy	serialization	16589905	70978	4775489
1	diamond-chain/256/heavy	combined	76075066	2047651	51070182
1	diamond-chain/1024/base	ir	5997029	48151	3711831
1	diamond-chain/1024/base	cfg	20948323	0	0
1	diamond-chain/1024/base	emission_exclusive	82710924	3585414	116314962
1	diamond-chain/1024/base	serialization	22265616	282946	5863533
1	diamond-chain/1024/base	combined	131922032	3916511	125890326
1	diamond-chain/1024/light	ir	6818413	54636	3994393
1	diamond-chain/1024/light	cfg	18587226	0	0
1	diamond-chain/1024/light	emission_exclusive	88344995	3857263	120357625
1	diamond-chain/1024/light	serialization	21790657	282946	5857869
1	diamond-chain/1024/light	combined	135541411	4194845	130209887
1	diamond-chain/1024/heavy	ir	24518911	153964	14526266
1	diamond-chain/1024/heavy	cfg	20530683	0	0
1	diamond-chain/1024/heavy	emission_exclusive	225635476	7747807	216606437
1	diamond-chain/1024/heavy	serialization	73372582	282948	19081271
1	diamond-chain/1024/heavy	combined	344057912	8184719	250213974
1	fan-in/64/base	ir	141027	3012	231834
1	fan-in/64/base	cfg	75623	0	0
1	fan-in/64/base	emission_exclusive	20841332	361039	7738269
1	fan-in/64/base	serialization	3861127	23502	433675
1	fan-in/64/base	combined	24919329	387553	8403778
1	fan-in/256/base	ir	677733	12041	932555
1	fan-in/256/base	cfg	594265	0	0
1	fan-in/256/base	emission_exclusive	78379406	3324668	63227648
1	fan-in/256/base	serialization	935220	8140	1101612
1	fan-in/256/base	combined	80586714	3344849	65261815
1	fan-in/1024/base	ir	6675362	48145	3734868
1	fan-in/1024/base	cfg	10828381	0	0
1	fan-in/1024/base	emission_exclusive	775438565	31527604	618738748
1	fan-in/1024/base	serialization	1820475	8142	4248310
1	fan-in/1024/base	combined	794763044	31583891	626721926
1	nested-loop/64/base	ir	113264	3009	229111
1	nested-loop/64/base	cfg	182485	0	0
1	nested-loop/64/base	emission_exclusive	4102394	149718	2837421
1	nested-loop/64/base	serialization	1265535	13198	348803
1	nested-loop/64/base	combined	5663818	165925	3415335
1	nested-loop/256/base	ir	634671	12036	921000
1	nested-loop/256/base	cfg	2321403	0	0
1	nested-loop/256/base	emission_exclusive	15268765	576567	15976260
1	nested-loop/256/base	serialization	4934388	48528	1356497
1	nested-loop/256/base	combined	23159417	637131	18253757
1	nested-loop/1024/base	ir	5421660	48138	3687985
1	nested-loop/1024/base	cfg	41615273	0	0
1	nested-loop/1024/base	emission_exclusive	56845625	2283847	143759634
1	nested-loop/1024/base	serialization	19107990	189842	5387591
1	nested-loop/1024/base	combined	122990720	2521827	152835210
1	multi-exit/64/base	ir	115679	2990	231132
1	multi-exit/64/base	cfg	79370	0	0
1	multi-exit/64/base	emission_exclusive	24890623	1038325	19436690
1	multi-exit/64/base	serialization	5363982	46594	569880
1	multi-exit/64/base	combined	30449774	1087909	20237702
1	multi-exit/256/base	ir	669176	12025	931853
1	multi-exit/256/base	cfg	574718	0	0
1	multi-exit/256/base	emission_exclusive	109268722	4980175	93574527
1	multi-exit/256/base	serialization	919360	8140	1101950
1	multi-exit/256/base	combined	111432116	5000340	95608330
1	multi-exit/1024/base	ir	6871473	48135	3734166
1	multi-exit/1024/base	cfg	12324583	0	0
1	multi-exit/1024/base	emission_exclusive	883545737	37208916	724828775
1	multi-exit/1024/base	serialization	1817519	8142	4248630
1	multi-exit/1024/base	combined	904559493	37265193	732811571
1	no-exit/64/base	ir	112523	3018	229199
1	no-exit/64/base	cfg	120899	0	0
1	no-exit/64/base	emission_exclusive	3624930	137678	2442687
1	no-exit/64/base	serialization	1258191	12278	343391
1	no-exit/64/base	combined	5116653	152974	3015277
1	no-exit/256/base	ir	618451	12045	921088
1	no-exit/256/base	cfg	1509707	0	0
1	no-exit/256/base	emission_exclusive	14026605	547235	13059068
1	no-exit/256/base	serialization	4778713	47608	1349547
1	no-exit/256/base	combined	20933566	606888	15329703
1	no-exit/1024/base	ir	5659731	48147	3688073
1	no-exit/1024/base	cfg	27879550	0	0
1	no-exit/1024/base	emission_exclusive	56566607	2185382	106422336
1	no-exit/1024/base	serialization	18876633	188922	5374495
1	no-exit/1024/base	combined	108982691	2422451	115484904
1	irreducible/64/base	ir	116941	3014	231355
1	irreducible/64/base	cfg	88678	0	0
1	irreducible/64/base	emission_exclusive	369263310	13761714	204732406
1	irreducible/64/base	serialization	4729971	61038	628259
1	irreducible/64/base	combined	374199050	13825766	205592020
1	irreducible/256/base	ir	649830	12045	930636
1	irreducible/256/base	cfg	1134357	0	0
1	irreducible/256/base	emission_exclusive	1073915283	38938265	424485411
1	irreducible/256/base	serialization	4982820	61040	1417299
1	irreducible/256/base	combined	1080682450	39011350	426833346
1	irreducible/1024/base	ir	6177871	48151	3727189
1	irreducible/1024/base	cfg	19399171	0	0
1	irreducible/1024/base	emission_exclusive	2976775799	106343842	1096707811
1	irreducible/1024/base	serialization	6569613	61042	4573269
1	irreducible/1024/base	combined	3008922634	106453035	1105008269
2	linear/64/base	ir	138101	3008	229014
2	linear/64/base	cfg	113455	0	0
2	linear/64/base	emission_exclusive	3476309	132901	2319001
2	linear/64/base	serialization	1165896	12094	341915
2	linear/64/base	combined	4896696	148003	2889930
2	linear/64/light	ir	131589	3415	247192
2	linear/64/light	cfg	90301	0	0
2	linear/64/light	emission_exclusive	3691326	147950	2532872
2	linear/64/light	serialization	1206633	12094	341531
2	linear/64/light	combined	5119959	163459	3121595
2	linear/64/heavy	ir	466422	9622	905081
2	linear/64/heavy	cfg	90993	0	0
2	linear/64/heavy	emission_exclusive	10282107	304273	7017602
2	linear/64/heavy	serialization	4150965	12096	1167973
2	linear/64/heavy	combined	14990628	325991	9090656
2	linear/256/base	ir	606207	12035	920903
2	linear/256/base	cfg	1391143	0	0
2	linear/256/base	emission_exclusive	12990984	526712	12403352
2	linear/256/base	serialization	4785536	47424	1346537
2	linear/256/base	combined	19774000	586171	14670792
2	linear/256/light	ir	692450	13656	991497
2	linear/256/light	cfg	1274953	0	0
2	linear/256/light	emission_exclusive	14365315	587752	13275990
2	linear/256/light	serialization	4453538	47424	1345097
2	linear/256/light	combined	20786366	648832	15612584
2	linear/256/heavy	ir	2759622	38488	3624490
2	linear/256/heavy	cfg	1123777	0	0
2	linear/256/heavy	emission_exclusive	41013543	1209433	31175155
2	linear/256/heavy	serialization	16128621	47426	4650931
2	linear/256/heavy	combined	61025724	1295347	39450576
2	linear/1024/base	ir	5626097	48137	3687888
2	linear/1024/base	cfg	22710908	0	0
2	linear/1024/base	emission_exclusive	51913191	2101884	101426946
2	linear/1024/base	serialization	18579870	188738	5365343
2	linear/1024/base	combined	98830257	2338759	110480177
2	linear/1024/light	ir	6989016	54622	3970450
2	linear/1024/light	cfg	21907527	0	0
2	linear/1024/light	emission_exclusive	58647194	2346883	104935712
2	linear/1024/light	serialization	18968807	188738	5359679
2	linear/1024/light	combined	106512914	2590243	114265841
2	linear/1024/heavy	ir	26476484	153950	14502323
2	linear/1024/heavy	cfg	21623290	0	0
2	linear/1024/heavy	emission_exclusive	164479189	4830132	176508472
2	linear/1024/heavy	serialization	69269095	188740	18583081
2	linear/1024/heavy	combined	281848248	5172822	209593876
2	diamond-chain/64/base	ir	115619	3014	230397
2	diamond-chain/64/base	cfg	103736	0	0
2	diamond-chain/64/base	emission_exclusive	5242922	225845	3714034
2	diamond-chain/64/base	serialization	1467958	17982	373065
2	diamond-chain/64/base	combined	6930375	246841	4317496
2	diamond-chain/64/light	ir	134234	3421	248575
2	diamond-chain/64/light	cfg	103065	0	0
2	diamond-chain/64/light	emission_exclusive	5588436	242545	3960954
2	diamond-chain/64/light	serialization	1445676	17982	372681
2	diamond-chain/64/light	combined	7271511	263948	4582210
2	diamond-chain/64/heavy	ir	381041	9628	906464
2	diamond-chain/64/heavy	cfg	101833	0	0
2	diamond-chain/64/heavy	emission_exclusive	14149936	486163	9978456
2	diamond-chain/64/heavy	serialization	4427990	17984	1199123
2	diamond-chain/64/heavy	combined	19060910	513775	12084043
2	diamond-chain/256/base	ir	643107	12045	926798
2	diamond-chain/256/base	cfg	1209218	0	0
2	diamond-chain/256/base	emission_exclusive	20515243	897470	17597948
2	diamond-chain/256/base	serialization	5643189	70976	1471095
2	diamond-chain/256/base	combined	28010868	980491	19995841
2	diamond-chain/256/light	ir	721816	13666	997392
2	diamond-chain/256/light	cfg	1175705	0	0
2	diamond-chain/256/light	emission_exclusive	21803090	965199	18603715
2	diamond-chain/256/light	serialization	5618341	70976	1469655
2	diamond-chain/256/light	combined	29319063	1049841	21070762
2	diamond-chain/256/heavy	ir	2351800	38498	3630385
2	diamond-chain/256/heavy	cfg	1182969	0	0
2	diamond-chain/256/heavy	emission_exclusive	56156270	1938175	42664308
2	diamond-chain/256/heavy	serialization	17534191	70978	4775489
2	diamond-chain/256/heavy	combined	77225381	2047651	51070182
2	diamond-chain/1024/base	ir	5901708	48151	3711831
2	diamond-chain/1024/base	cfg	20546612	0	0
2	diamond-chain/1024/base	emission_exclusive	83322380	3585414	116314962
2	diamond-chain/1024/base	serialization	22377927	282946	5863533
2	diamond-chain/1024/base	combined	132148857	3916511	125890326
2	diamond-chain/1024/light	ir	7278163	54636	3994393
2	diamond-chain/1024/light	cfg	18839021	0	0
2	diamond-chain/1024/light	emission_exclusive	87559286	3857263	120357625
2	diamond-chain/1024/light	serialization	22038425	282946	5857869
2	diamond-chain/1024/light	combined	135715146	4194845	130209887
2	diamond-chain/1024/heavy	ir	24167304	153964	14526266
2	diamond-chain/1024/heavy	cfg	20986074	0	0
2	diamond-chain/1024/heavy	emission_exclusive	225336445	7747807	216606437
2	diamond-chain/1024/heavy	serialization	70581337	282948	19081271
2	diamond-chain/1024/heavy	combined	341071410	8184719	250213974
2	fan-in/64/base	ir	123634	3012	231834
2	fan-in/64/base	cfg	73860	0	0
2	fan-in/64/base	emission_exclusive	20717736	361039	7738269
2	fan-in/64/base	serialization	3919016	23502	433675
2	fan-in/64/base	combined	24834397	387553	8403778
2	fan-in/256/base	ir	681650	12041	932555
2	fan-in/256/base	cfg	561743	0	0
2	fan-in/256/base	emission_exclusive	79288515	3324668	63227648
2	fan-in/256/base	serialization	914701	8140	1101612
2	fan-in/256/base	combined	81446789	3344849	65261815
2	fan-in/1024/base	ir	6905438	48145	3734868
2	fan-in/1024/base	cfg	10627701	0	0
2	fan-in/1024/base	emission_exclusive	783462267	31527604	618738748
2	fan-in/1024/base	serialization	1799986	8142	4248310
2	fan-in/1024/base	combined	802795663	31583891	626721926
2	nested-loop/64/base	ir	112774	3009	229111
2	nested-loop/64/base	cfg	181513	0	0
2	nested-loop/64/base	emission_exclusive	4022603	149718	2837421
2	nested-loop/64/base	serialization	1309498	13198	348803
2	nested-loop/64/base	combined	5626498	165925	3415335
2	nested-loop/256/base	ir	631365	12036	921000
2	nested-loop/256/base	cfg	2282369	0	0
2	nested-loop/256/base	emission_exclusive	15044661	576567	15976260
2	nested-loop/256/base	serialization	4901606	48528	1356497
2	nested-loop/256/base	combined	22860101	637131	18253757
2	nested-loop/1024/base	ir	5576002	48138	3687985
2	nested-loop/1024/base	cfg	40322286	0	0
2	nested-loop/1024/base	emission_exclusive	59053762	2283847	143759634
2	nested-loop/1024/base	serialization	19293881	189842	5387591
2	nested-loop/1024/base	combined	124246081	2521827	152835210
2	multi-exit/64/base	ir	115859	2990	231132
2	multi-exit/64/base	cfg	80362	0	0
2	multi-exit/64/base	emission_exclusive	25624963	1038325	19436690
2	multi-exit/64/base	serialization	5423103	46594	569880
2	multi-exit/64/base	combined	31244407	1087909	20237702
2	multi-exit/256/base	ir	671751	12025	931853
2	multi-exit/256/base	cfg	560751	0	0
2	multi-exit/256/base	emission_exclusive	110834803	4980175	93574527
2	multi-exit/256/base	serialization	911696	8140	1101950
2	multi-exit/256/base	combined	112979151	5000340	95608330
2	multi-exit/1024/base	ir	6702074	48135	3734166
2	multi-exit/1024/base	cfg	11861366	0	0
2	multi-exit/1024/base	emission_exclusive	883577412	37208916	724828775
2	multi-exit/1024/base	serialization	1830354	8142	4248630
2	multi-exit/1024/base	combined	903971456	37265193	732811571
2	no-exit/64/base	ir	116931	3018	229199
2	no-exit/64/base	cfg	120829	0	0
2	no-exit/64/base	emission_exclusive	3640599	137678	2442687
2	no-exit/64/base	serialization	1239606	12278	343391
2	no-exit/64/base	combined	5118096	152974	3015277
2	no-exit/256/base	ir	634762	12045	921088
2	no-exit/256/base	cfg	1510107	0	0
2	no-exit/256/base	emission_exclusive	14223708	547235	13059068
2	no-exit/256/base	serialization	4830631	47608	1349547
2	no-exit/256/base	combined	21199308	606888	15329703
2	no-exit/1024/base	ir	5943508	48147	3688073
2	no-exit/1024/base	cfg	27754993	0	0
2	no-exit/1024/base	emission_exclusive	56953077	2185382	106422336
2	no-exit/1024/base	serialization	18951524	188922	5374495
2	no-exit/1024/base	combined	109603252	2422451	115484904
2	irreducible/64/base	ir	115599	3014	231355
2	irreducible/64/base	cfg	89128	0	0
2	irreducible/64/base	emission_exclusive	372718208	13761714	204732406
2	irreducible/64/base	serialization	4820080	61038	628259
2	irreducible/64/base	combined	377743246	13825766	205592020
2	irreducible/256/base	ir	660299	12045	930636
2	irreducible/256/base	cfg	1284901	0	0
2	irreducible/256/base	emission_exclusive	1084878532	38938265	424485411
2	irreducible/256/base	serialization	5201434	61040	1417299
2	irreducible/256/base	combined	1092025416	39011350	426833346
2	irreducible/1024/base	ir	6474943	48151	3727189
2	irreducible/1024/base	cfg	19655406	0	0
2	irreducible/1024/base	emission_exclusive	2979027960	106343842	1096707811
2	irreducible/1024/base	serialization	6558972	61042	4573269
2	irreducible/1024/base	combined	3011717542	106453035	1105008269
3	linear/64/base	ir	138091	3008	229014
3	linear/64/base	cfg	109898	0	0
3	linear/64/base	emission_exclusive	3511445	132901	2319001
3	linear/64/base	serialization	1159544	12094	341915
3	linear/64/base	combined	4921563	148003	2889930
3	linear/64/light	ir	133533	3415	247192
3	linear/64/light	cfg	89299	0	0
3	linear/64/light	emission_exclusive	3682769	147950	2532872
3	linear/64/light	serialization	1172549	12094	341531
3	linear/64/light	combined	5078230	163459	3121595
3	linear/64/heavy	ir	488284	9622	905081
3	linear/64/heavy	cfg	91072	0	0
3	linear/64/heavy	emission_exclusive	10347522	304273	7017602
3	linear/64/heavy	serialization	4208384	12096	1167973
3	linear/64/heavy	combined	15135402	325991	9090656
3	linear/256/base	ir	634561	12035	920903
3	linear/256/base	cfg	1477095	0	0
3	linear/256/base	emission_exclusive	13177307	526712	12403352
3	linear/256/base	serialization	4413051	47424	1346537
3	linear/256/base	combined	19702204	586171	14670792
3	linear/256/light	ir	729741	13656	991497
3	linear/256/light	cfg	1300080	0	0
3	linear/256/light	emission_exclusive	14163393	587752	13275990
3	linear/256/light	serialization	4491019	47424	1345097
3	linear/256/light	combined	20684383	648832	15612584
3	linear/256/heavy	ir	2853871	38488	3624490
3	linear/256/heavy	cfg	1124428	0	0
3	linear/256/heavy	emission_exclusive	41226797	1209433	31175155
3	linear/256/heavy	serialization	17510466	47426	4650931
3	linear/256/heavy	combined	62715762	1295347	39450576
3	linear/1024/base	ir	5864277	48137	3687888
3	linear/1024/base	cfg	22946433	0	0
3	linear/1024/base	emission_exclusive	52412555	2101884	101426946
3	linear/1024/base	serialization	18384230	188738	5365343
3	linear/1024/base	combined	99607736	2338759	110480177
3	linear/1024/light	ir	6967876	54622	3970450
3	linear/1024/light	cfg	22045970	0	0
3	linear/1024/light	emission_exclusive	58358106	2346883	104935712
3	linear/1024/light	serialization	18585460	188738	5359679
3	linear/1024/light	combined	105957742	2590243	114265841
3	linear/1024/heavy	ir	26959748	153950	14502323
3	linear/1024/heavy	cfg	21310808	0	0
3	linear/1024/heavy	emission_exclusive	160384019	4830132	176508472
3	linear/1024/heavy	serialization	67926783	188740	18583081
3	linear/1024/heavy	combined	276581648	5172822	209593876
3	diamond-chain/64/base	ir	117743	3014	230397
3	diamond-chain/64/base	cfg	102433	0	0
3	diamond-chain/64/base	emission_exclusive	5196765	225845	3714034
3	diamond-chain/64/base	serialization	1432942	17982	373065
3	diamond-chain/64/base	combined	6849993	246841	4317496
3	diamond-chain/64/light	ir	131699	3421	248575
3	diamond-chain/64/light	cfg	101402	0	0
3	diamond-chain/64/light	emission_exclusive	5518583	242545	3960954
3	diamond-chain/64/light	serialization	1415509	17982	372681
3	diamond-chain/64/light	combined	7167293	263948	4582210
3	diamond-chain/64/heavy	ir	392773	9628	906464
3	diamond-chain/64/heavy	cfg	101482	0	0
3	diamond-chain/64/heavy	emission_exclusive	13959677	486163	9978456
3	diamond-chain/64/heavy	serialization	4455622	17984	1199123
3	diamond-chain/64/heavy	combined	18909654	513775	12084043
3	diamond-chain/256/base	ir	641865	12045	926798
3	diamond-chain/256/base	cfg	1195963	0	0
3	diamond-chain/256/base	emission_exclusive	20440963	897470	17597948
3	diamond-chain/256/base	serialization	5634232	70976	1471095
3	diamond-chain/256/base	combined	27913173	980491	19995841
3	diamond-chain/256/light	ir	729801	13666	997392
3	diamond-chain/256/light	cfg	1191004	0	0
3	diamond-chain/256/light	emission_exclusive	21791978	965199	18603715
3	diamond-chain/256/light	serialization	5569780	70976	1469655
3	diamond-chain/256/light	combined	29282663	1049841	21070762
3	diamond-chain/256/heavy	ir	2418056	38498	3630385
3	diamond-chain/256/heavy	cfg	1238023	0	0
3	diamond-chain/256/heavy	emission_exclusive	55962001	1938175	42664308
3	diamond-chain/256/heavy	serialization	17729692	70978	4775489
3	diamond-chain/256/heavy	combined	77347932	2047651	51070182
3	diamond-chain/1024/base	ir	5912700	48151	3711831
3	diamond-chain/1024/base	cfg	21477964	0	0
3	diamond-chain/1024/base	emission_exclusive	82019422	3585414	116314962
3	diamond-chain/1024/base	serialization	21151127	282946	5863533
3	diamond-chain/1024/base	combined	130561383	3916511	125890326
3	diamond-chain/1024/light	ir	7068987	54636	3994393
3	diamond-chain/1024/light	cfg	18407815	0	0
3	diamond-chain/1024/light	emission_exclusive	87416175	3857263	120357625
3	diamond-chain/1024/light	serialization	20883770	282946	5857869
3	diamond-chain/1024/light	combined	133776937	4194845	130209887
3	diamond-chain/1024/heavy	ir	24471870	153964	14526266
3	diamond-chain/1024/heavy	cfg	20741631	0	0
3	diamond-chain/1024/heavy	emission_exclusive	221547963	7747807	216606437
3	diamond-chain/1024/heavy	serialization	65378571	282948	19081271
3	diamond-chain/1024/heavy	combined	332140327	8184719	250213974
3	fan-in/64/base	ir	121259	3012	231834
3	fan-in/64/base	cfg	69572	0	0
3	fan-in/64/base	emission_exclusive	20597830	361039	7738269
3	fan-in/64/base	serialization	3726672	23502	433675
3	fan-in/64/base	combined	24515493	387553	8403778
3	fan-in/256/base	ir	677923	12041	932555
3	fan-in/256/base	cfg	544230	0	0
3	fan-in/256/base	emission_exclusive	78713125	3324668	63227648
3	fan-in/256/base	serialization	950528	8140	1101612
3	fan-in/256/base	combined	80885946	3344849	65261815
3	fan-in/1024/base	ir	6889187	48145	3734868
3	fan-in/1024/base	cfg	10531119	0	0
3	fan-in/1024/base	emission_exclusive	782708845	31527604	618738748
3	fan-in/1024/base	serialization	1821577	8142	4248310
3	fan-in/1024/base	combined	801950888	31583891	626721926
3	nested-loop/64/base	ir	116160	3009	229111
3	nested-loop/64/base	cfg	182105	0	0
3	nested-loop/64/base	emission_exclusive	4003305	149718	2837421
3	nested-loop/64/base	serialization	1356066	13198	348803
3	nested-loop/64/base	combined	5657756	165925	3415335
3	nested-loop/256/base	ir	629231	12036	921000
3	nested-loop/256/base	cfg	2303920	0	0
3	nested-loop/256/base	emission_exclusive	15141854	576567	15976260
3	nested-loop/256/base	serialization	5269892	48528	1356497
3	nested-loop/256/base	combined	23344997	637131	18253757
3	nested-loop/1024/base	ir	5844851	48138	3687985
3	nested-loop/1024/base	cfg	40141623	0	0
3	nested-loop/1024/base	emission_exclusive	59640894	2283847	143759634
3	nested-loop/1024/base	serialization	19470686	189842	5387591
3	nested-loop/1024/base	combined	125098274	2521827	152835210
3	multi-exit/64/base	ir	126159	2990	231132
3	multi-exit/64/base	cfg	80904	0	0
3	multi-exit/64/base	emission_exclusive	25831612	1038325	19436690
3	multi-exit/64/base	serialization	5522270	46594	569880
3	multi-exit/64/base	combined	31561055	1087909	20237702
3	multi-exit/256/base	ir	689095	12025	931853
3	multi-exit/256/base	cfg	558537	0	0
3	multi-exit/256/base	emission_exclusive	111112677	4980175	93574527
3	multi-exit/256/base	serialization	928307	8140	1101950
3	multi-exit/256/base	combined	113288746	5000340	95608330
3	multi-exit/1024/base	ir	6717832	48135	3734166
3	multi-exit/1024/base	cfg	12104296	0	0
3	multi-exit/1024/base	emission_exclusive	887533692	37208916	724828775
3	multi-exit/1024/base	serialization	1834171	8142	4248630
3	multi-exit/1024/base	combined	908190352	37265193	732811571
3	no-exit/64/base	ir	115679	3018	229199
3	no-exit/64/base	cfg	121891	0	0
3	no-exit/64/base	emission_exclusive	3688219	137678	2442687
3	no-exit/64/base	serialization	1236921	12278	343391
3	no-exit/64/base	combined	5162830	152974	3015277
3	no-exit/256/base	ir	639811	12045	921088
3	no-exit/256/base	cfg	1511070	0	0
3	no-exit/256/base	emission_exclusive	14274882	547235	13059068
3	no-exit/256/base	serialization	4800204	47608	1349547
3	no-exit/256/base	combined	21226067	606888	15329703
3	no-exit/1024/base	ir	5678266	48147	3688073
3	no-exit/1024/base	cfg	27741498	0	0
3	no-exit/1024/base	emission_exclusive	57594069	2185382	106422336
3	no-exit/1024/base	serialization	18466877	188922	5374495
3	no-exit/1024/base	combined	109480860	2422451	115484904
3	irreducible/64/base	ir	120338	3014	231355
3	irreducible/64/base	cfg	87115	0	0
3	irreducible/64/base	emission_exclusive	374601368	13761714	204732406
3	irreducible/64/base	serialization	4528821	61038	628259
3	irreducible/64/base	combined	379337862	13825766	205592020
3	irreducible/256/base	ir	676240	12045	930636
3	irreducible/256/base	cfg	1147852	0	0
3	irreducible/256/base	emission_exclusive	1082631980	38938265	424485411
3	irreducible/256/base	serialization	4928838	61040	1417299
3	irreducible/256/base	combined	1089385080	39011350	426833346
3	irreducible/1024/base	ir	6209481	48151	3727189
3	irreducible/1024/base	cfg	20551652	0	0
3	irreducible/1024/base	emission_exclusive	2972199712	106343842	1096707811
3	irreducible/1024/base	serialization	6744934	61042	4573269
3	irreducible/1024/base	combined	3005706089	106453035	1105008269
4	linear/64/base	ir	140395	3008	229014
4	linear/64/base	cfg	112713	0	0
4	linear/64/base	emission_exclusive	3523358	132901	2319001
4	linear/64/base	serialization	1151649	12094	341915
4	linear/64/base	combined	4928426	148003	2889930
4	linear/64/light	ir	131169	3415	247192
4	linear/64/light	cfg	88427	0	0
4	linear/64/light	emission_exclusive	3657310	147950	2532872
4	linear/64/light	serialization	1179813	12094	341531
4	linear/64/light	combined	5056829	163459	3121595
4	linear/64/heavy	ir	465891	9622	905081
4	linear/64/heavy	cfg	96222	0	0
4	linear/64/heavy	emission_exclusive	10502155	304273	7017602
4	linear/64/heavy	serialization	4237098	12096	1167973
4	linear/64/heavy	combined	15301496	325991	9090656
4	linear/256/base	ir	618420	12035	920903
4	linear/256/base	cfg	1412383	0	0
4	linear/256/base	emission_exclusive	13527879	526712	12403352
4	linear/256/base	serialization	4646303	47424	1346537
4	linear/256/base	combined	20205115	586171	14670792
4	linear/256/light	ir	703691	13656	991497
4	linear/256/light	cfg	1266777	0	0
4	linear/256/light	emission_exclusive	14527482	587752	13275990
4	linear/256/light	serialization	4588001	47424	1345097
4	linear/256/light	combined	21086061	648832	15612584
4	linear/256/heavy	ir	2768940	38488	3624490
4	linear/256/heavy	cfg	1117525	0	0
4	linear/256/heavy	emission_exclusive	41370838	1209433	31175155
4	linear/256/heavy	serialization	16823706	47426	4650931
4	linear/256/heavy	combined	62081191	1295347	39450576
4	linear/1024/base	ir	5728270	48137	3687888
4	linear/1024/base	cfg	23098961	0	0
4	linear/1024/base	emission_exclusive	53291437	2101884	101426946
4	linear/1024/base	serialization	18890307	188738	5365343
4	linear/1024/base	combined	101009356	2338759	110480177
4	linear/1024/light	ir	6948729	54622	3970450
4	linear/1024/light	cfg	23072782	0	0
4	linear/1024/light	emission_exclusive	59240435	2346883	104935712
4	linear/1024/light	serialization	18674770	188738	5359679
4	linear/1024/light	combined	107937066	2590243	114265841
4	linear/1024/heavy	ir	26407162	153950	14502323
4	linear/1024/heavy	cfg	21544169	0	0
4	linear/1024/heavy	emission_exclusive	164196438	4830132	176508472
4	linear/1024/heavy	serialization	67053148	188740	18583081
4	linear/1024/heavy	combined	279201278	5172822	209593876
4	diamond-chain/64/base	ir	118324	3014	230397
4	diamond-chain/64/base	cfg	105269	0	0
4	diamond-chain/64/base	emission_exclusive	5277587	225845	3714034
4	diamond-chain/64/base	serialization	1461656	17982	373065
4	diamond-chain/64/base	combined	6962956	246841	4317496
4	diamond-chain/64/light	ir	131349	3421	248575
4	diamond-chain/64/light	cfg	102594	0	0
4	diamond-chain/64/light	emission_exclusive	5558188	242545	3960954
4	diamond-chain/64/light	serialization	1434485	17982	372681
4	diamond-chain/64/light	combined	7226716	263948	4582210
4	diamond-chain/64/heavy	ir	387083	9628	906464
4	diamond-chain/64/heavy	cfg	101362	0	0
4	diamond-chain/64/heavy	emission_exclusive	14137973	486163	9978456
4	diamond-chain/64/heavy	serialization	4439532	17984	1199123
4	diamond-chain/64/heavy	combined	19066070	513775	12084043
4	diamond-chain/256/base	ir	639490	12045	926798
4	diamond-chain/256/base	cfg	1220189	0	0
4	diamond-chain/256/base	emission_exclusive	20472381	897470	17597948
4	diamond-chain/256/base	serialization	5675911	70976	1471095
4	diamond-chain/256/base	combined	28008091	980491	19995841
4	diamond-chain/256/light	ir	740982	13666	997392
4	diamond-chain/256/light	cfg	1192497	0	0
4	diamond-chain/256/light	emission_exclusive	22193729	965199	18603715
4	diamond-chain/256/light	serialization	5685719	70976	1469655
4	diamond-chain/256/light	combined	29813018	1049841	21070762
4	diamond-chain/256/heavy	ir	2304811	38498	3630385
4	diamond-chain/256/heavy	cfg	1209488	0	0
4	diamond-chain/256/heavy	emission_exclusive	56359172	1938175	42664308
4	diamond-chain/256/heavy	serialization	18045118	70978	4775489
4	diamond-chain/256/heavy	combined	77918739	2047651	51070182
4	diamond-chain/1024/base	ir	5856112	48151	3711831
4	diamond-chain/1024/base	cfg	21936652	0	0
4	diamond-chain/1024/base	emission_exclusive	82550675	3585414	116314962
4	diamond-chain/1024/base	serialization	22017826	282946	5863533
4	diamond-chain/1024/base	combined	132361506	3916511	125890326
4	diamond-chain/1024/light	ir	7074748	54636	3994393
4	diamond-chain/1024/light	cfg	18633871	0	0
4	diamond-chain/1024/light	emission_exclusive	88347987	3857263	120357625
4	diamond-chain/1024/light	serialization	21055955	282946	5857869
4	diamond-chain/1024/light	combined	135112752	4194845	130209887
4	diamond-chain/1024/heavy	ir	24348616	153964	14526266
4	diamond-chain/1024/heavy	cfg	20507397	0	0
4	diamond-chain/1024/heavy	emission_exclusive	228638707	7747807	216606437
4	diamond-chain/1024/heavy	serialization	72988661	282948	19081271
4	diamond-chain/1024/heavy	combined	346484132	8184719	250213974
4	fan-in/64/base	ir	140776	3012	231834
4	fan-in/64/base	cfg	76936	0	0
4	fan-in/64/base	emission_exclusive	20859112	361039	7738269
4	fan-in/64/base	serialization	3934846	23502	433675
4	fan-in/64/base	combined	25011810	387553	8403778
4	fan-in/256/base	ir	685287	12041	932555
4	fan-in/256/base	cfg	598934	0	0
4	fan-in/256/base	emission_exclusive	78800989	3324668	63227648
4	fan-in/256/base	serialization	956320	8140	1101612
4	fan-in/256/base	combined	81041740	3344849	65261815
4	fan-in/1024/base	ir	6928100	48145	3734868
4	fan-in/1024/base	cfg	11128398	0	0
4	fan-in/1024/base	emission_exclusive	784648306	31527604	618738748
4	fan-in/1024/base	serialization	1872283	8142	4248310
4	fan-in/1024/base	combined	804577367	31583891	626721926
4	nested-loop/64/base	ir	114998	3009	229111
4	nested-loop/64/base	cfg	186814	0	0
4	nested-loop/64/base	emission_exclusive	4031177	149718	2837421
4	nested-loop/64/base	serialization	1295422	13198	348803
4	nested-loop/64/base	combined	5628531	165925	3415335
4	nested-loop/256/base	ir	644560	12036	921000
4	nested-loop/256/base	cfg	2287198	0	0
4	nested-loop/256/base	emission_exclusive	15172071	576567	15976260
4	nested-loop/256/base	serialization	4963272	48528	1356497
4	nested-loop/256/base	combined	23067241	637131	18253757
4	nested-loop/1024/base	ir	5905897	48138	3687985
4	nested-loop/1024/base	cfg	40591103	0	0
4	nested-loop/1024/base	emission_exclusive	59467333	2283847	143759634
4	nested-loop/1024/base	serialization	19464103	189842	5387591
4	nested-loop/1024/base	combined	125428646	2521827	152835210
4	multi-exit/64/base	ir	116841	2990	231132
4	multi-exit/64/base	cfg	79821	0	0
4	multi-exit/64/base	emission_exclusive	25907125	1038325	19436690
4	multi-exit/64/base	serialization	5704134	46594	569880
4	multi-exit/64/base	combined	31808021	1087909	20237702
4	multi-exit/256/base	ir	670238	12025	931853
4	multi-exit/256/base	cfg	564708	0	0
4	multi-exit/256/base	emission_exclusive	112343294	4980175	93574527
4	multi-exit/256/base	serialization	977710	8140	1101950
4	multi-exit/256/base	combined	114556070	5000340	95608330
4	multi-exit/1024/base	ir	6928431	48135	3734166
4	multi-exit/1024/base	cfg	12173506	0	0
4	multi-exit/1024/base	emission_exclusive	891494544	37208916	724828775
4	multi-exit/1024/base	serialization	1836505	8142	4248630
4	multi-exit/1024/base	combined	912433207	37265193	732811571
4	no-exit/64/base	ir	112643	3018	229199
4	no-exit/64/base	cfg	121941	0	0
4	no-exit/64/base	emission_exclusive	3623286	137678	2442687
4	no-exit/64/base	serialization	1215491	12278	343391
4	no-exit/64/base	combined	5073482	152974	3015277
4	no-exit/256/base	ir	622197	12045	921088
4	no-exit/256/base	cfg	1504227	0	0
4	no-exit/256/base	emission_exclusive	14075154	547235	13059068
4	no-exit/256/base	serialization	4755960	47608	1349547
4	no-exit/256/base	combined	20957629	606888	15329703
4	no-exit/1024/base	ir	5643319	48147	3688073
4	no-exit/1024/base	cfg	27660484	0	0
4	no-exit/1024/base	emission_exclusive	56171345	2185382	106422336
4	no-exit/1024/base	serialization	18753368	188922	5374495
4	no-exit/1024/base	combined	108228737	2422451	115484904
4	irreducible/64/base	ir	116751	3014	231355
4	irreducible/64/base	cfg	89299	0	0
4	irreducible/64/base	emission_exclusive	366780169	13761714	204732406
4	irreducible/64/base	serialization	4639500	61038	628259
4	irreducible/64/base	combined	371625879	13825766	205592020
4	irreducible/256/base	ir	655109	12045	930636
4	irreducible/256/base	cfg	1148393	0	0
4	irreducible/256/base	emission_exclusive	1077632562	38938265	424485411
4	irreducible/256/base	serialization	5225779	61040	1417299
4	irreducible/256/base	combined	1084662003	39011350	426833346
4	irreducible/1024/base	ir	6143435	48151	3727189
4	irreducible/1024/base	cfg	19787054	0	0
4	irreducible/1024/base	emission_exclusive	2975969209	106343842	1096707811
4	irreducible/1024/base	serialization	6512754	61042	4573269
4	irreducible/1024/base	combined	3008412743	106453035	1105008269
5	linear/64/base	ir	144082	3008	229014
5	linear/64/base	cfg	109497	0	0
5	linear/64/base	emission_exclusive	3460669	132901	2319001
5	linear/64/base	serialization	1167589	12094	341915
5	linear/64/base	combined	4882048	148003	2889930
5	linear/64/light	ir	134454	3415	247192
5	linear/64/light	cfg	88157	0	0
5	linear/64/light	emission_exclusive	3645188	147950	2532872
5	linear/64/light	serialization	1222012	12094	341531
5	linear/64/light	combined	5089911	163459	3121595
5	linear/64/heavy	ir	494536	9622	905081
5	linear/64/heavy	cfg	91393	0	0
5	linear/64/heavy	emission_exclusive	10393779	304273	7017602
5	linear/64/heavy	serialization	4278627	12096	1167973
5	linear/64/heavy	combined	15258445	325991	9090656
5	linear/256/base	ir	665118	12035	920903
5	linear/256/base	cfg	1441097	0	0
5	linear/256/base	emission_exclusive	13355784	526712	12403352
5	linear/256/base	serialization	4775447	47424	1346537
5	linear/256/base	combined	20237566	586171	14670792
5	linear/256/light	ir	719382	13656	991497
5	linear/256/light	cfg	1272098	0	0
5	linear/256/light	emission_exclusive	14498475	587752	13275990
5	linear/256/light	serialization	4730793	47424	1345097
5	linear/256/light	combined	21220838	648832	15612584
5	linear/256/heavy	ir	2572768	38488	3624490
5	linear/256/heavy	cfg	1161157	0	0
5	linear/256/heavy	emission_exclusive	41790152	1209433	31175155
5	linear/256/heavy	serialization	17163930	47426	4650931
5	linear/256/heavy	combined	62688178	1295347	39450576
5	linear/1024/base	ir	5866481	48137	3687888
5	linear/1024/base	cfg	23730136	0	0
5	linear/1024/base	emission_exclusive	53494320	2101884	101426946
5	linear/1024/base	serialization	19221715	188738	5365343
5	linear/1024/base	combined	102313102	2338759	110480177
5	linear/1024/light	ir	6792283	54622	3970450
5	linear/1024/light	cfg	21986816	0	0
5	linear/1024/light	emission_exclusive	57789539	2346883	104935712
5	linear/1024/light	serialization	19184773	188738	5359679
5	linear/1024/light	combined	105753642	2590243	114265841
5	linear/1024/heavy	ir	27231311	153950	14502323
5	linear/1024/heavy	cfg	21925391	0	0
5	linear/1024/heavy	emission_exclusive	164166279	4830132	176508472
5	linear/1024/heavy	serialization	67907124	188740	18583081
5	linear/1024/heavy	combined	281230526	5172822	209593876
5	diamond-chain/64/base	ir	126118	3014	230397
5	diamond-chain/64/base	cfg	106922	0	0
5	diamond-chain/64/base	emission_exclusive	5320489	225845	3714034
5	diamond-chain/64/base	serialization	1424256	17982	373065
5	diamond-chain/64/base	combined	6977885	246841	4317496
5	diamond-chain/64/light	ir	132421	3421	248575
5	diamond-chain/64/light	cfg	102794	0	0
5	diamond-chain/64/light	emission_exclusive	5550874	242545	3960954
5	diamond-chain/64/light	serialization	1404017	17982	372681
5	diamond-chain/64/light	combined	7190206	263948	4582210
5	diamond-chain/64/heavy	ir	413773	9628	906464
5	diamond-chain/64/heavy	cfg	102383	0	0
5	diamond-chain/64/heavy	emission_exclusive	14221674	486163	9978456
5	diamond-chain/64/heavy	serialization	4331086	17984	1199123
5	diamond-chain/64/heavy	combined	19069026	513775	12084043
5	diamond-chain/256/base	ir	655009	12045	926798
5	diamond-chain/256/base	cfg	1228014	0	0
5	diamond-chain/256/base	emission_exclusive	20631001	897470	17597948
5	diamond-chain/256/base	serialization	5713011	70976	1471095
5	diamond-chain/256/base	combined	28227115	980491	19995841
5	diamond-chain/256/light	ir	749078	13666	997392
5	diamond-chain/256/light	cfg	1198217	0	0
5	diamond-chain/256/light	emission_exclusive	22141440	965199	18603715
5	diamond-chain/256/light	serialization	5470042	70976	1469655
5	diamond-chain/256/light	combined	29558877	1049841	21070762
5	diamond-chain/256/heavy	ir	2416743	38498	3630385
5	diamond-chain/256/heavy	cfg	1209659	0	0
5	diamond-chain/256/heavy	emission_exclusive	56487865	1938175	42664308
5	diamond-chain/256/heavy	serialization	17031660	70978	4775489
5	diamond-chain/256/heavy	combined	77146057	2047651	51070182
5	diamond-chain/1024/base	ir	5955360	48151	3711831
5	diamond-chain/1024/base	cfg	20877377	0	0
5	diamond-chain/1024/base	emission_exclusive	83646088	3585414	116314962
5	diamond-chain/1024/base	serialization	21989922	282946	5863533
5	diamond-chain/1024/base	combined	132468878	3916511	125890326
5	diamond-chain/1024/light	ir	7442283	54636	3994393
5	diamond-chain/1024/light	cfg	18038615	0	0
5	diamond-chain/1024/light	emission_exclusive	88669013	3857263	120357625
5	diamond-chain/1024/light	serialization	21891937	282946	5857869
5	diamond-chain/1024/light	combined	136042009	4194845	130209887
5	diamond-chain/1024/heavy	ir	25065172	153964	14526266
5	diamond-chain/1024/heavy	cfg	21595466	0	0
5	diamond-chain/1024/heavy	emission_exclusive	227054146	7747807	216606437
5	diamond-chain/1024/heavy	serialization	70319329	282948	19081271
5	diamond-chain/1024/heavy	combined	344034343	8184719	250213974
5	fan-in/64/base	ir	124646	3012	231834
5	fan-in/64/base	cfg	70944	0	0
5	fan-in/64/base	emission_exclusive	20701826	361039	7738269
5	fan-in/64/base	serialization	3775644	23502	433675
5	fan-in/64/base	combined	24673160	387553	8403778
5	fan-in/256/base	ir	689235	12041	932555
5	fan-in/256/base	cfg	555852	0	0
5	fan-in/256/base	emission_exclusive	79158034	3324668	63227648
5	fan-in/256/base	serialization	953525	8140	1101612
5	fan-in/256/base	combined	81356736	3344849	65261815
5	fan-in/1024/base	ir	7202180	48145	3734868
5	fan-in/1024/base	cfg	10669320	0	0
5	fan-in/1024/base	emission_exclusive	781651917	31527604	618738748
5	fan-in/1024/base	serialization	1833359	8142	4248310
5	fan-in/1024/base	combined	801356946	31583891	626721926
5	nested-loop/64/base	ir	118133	3009	229111
5	nested-loop/64/base	cfg	186913	0	0
5	nested-loop/64/base	emission_exclusive	4014607	149718	2837421
5	nested-loop/64/base	serialization	1315940	13198	348803
5	nested-loop/64/base	combined	5635694	165925	3415335
5	nested-loop/256/base	ir	642285	12036	921000
5	nested-loop/256/base	cfg	2283471	0	0
5	nested-loop/256/base	emission_exclusive	15131895	576567	15976260
5	nested-loop/256/base	serialization	5132703	48528	1356497
5	nested-loop/256/base	combined	23190444	637131	18253757
5	nested-loop/1024/base	ir	6022647	48138	3687985
5	nested-loop/1024/base	cfg	40238345	0	0
5	nested-loop/1024/base	emission_exclusive	59716264	2283847	143759634
5	nested-loop/1024/base	serialization	19487748	189842	5387591
5	nested-loop/1024/base	combined	125465224	2521827	152835210
5	multi-exit/64/base	ir	120999	2990	231132
5	multi-exit/64/base	cfg	79169	0	0
5	multi-exit/64/base	emission_exclusive	25842814	1038325	19436690
5	multi-exit/64/base	serialization	5389429	46594	569880
5	multi-exit/64/base	combined	31432501	1087909	20237702
5	multi-exit/256/base	ir	701317	12025	931853
5	multi-exit/256/base	cfg	569378	0	0
5	multi-exit/256/base	emission_exclusive	111561653	4980175	93574527
5	multi-exit/256/base	serialization	925491	8140	1101950
5	multi-exit/256/base	combined	113757959	5000340	95608330
5	multi-exit/1024/base	ir	7145652	48135	3734166
5	multi-exit/1024/base	cfg	12405205	0	0
5	multi-exit/1024/base	emission_exclusive	882835641	37208916	724828775
5	multi-exit/1024/base	serialization	1836034	8142	4248630
5	multi-exit/1024/base	combined	904222693	37265193	732811571
5	no-exit/64/base	ir	118464	3018	229199
5	no-exit/64/base	cfg	121710	0	0
5	no-exit/64/base	emission_exclusive	3673682	137678	2442687
5	no-exit/64/base	serialization	1221652	12278	343391
5	no-exit/64/base	combined	5135648	152974	3015277
5	no-exit/256/base	ir	639721	12045	921088
5	no-exit/256/base	cfg	1499488	0	0
5	no-exit/256/base	emission_exclusive	14393998	547235	13059068
5	no-exit/256/base	serialization	4781489	47608	1349547
5	no-exit/256/base	combined	21314806	606888	15329703
5	no-exit/1024/base	ir	5787140	48147	3688073
5	no-exit/1024/base	cfg	27852817	0	0
5	no-exit/1024/base	emission_exclusive	56836596	2185382	106422336
5	no-exit/1024/base	serialization	19260688	188922	5374495
5	no-exit/1024/base	combined	109737741	2422451	115484904
5	irreducible/64/base	ir	120628	3014	231355
5	irreducible/64/base	cfg	89089	0	0
5	irreducible/64/base	emission_exclusive	371696368	13761714	204732406
5	irreducible/64/base	serialization	4580709	61038	628259
5	irreducible/64/base	combined	376486934	13825766	205592020
5	irreducible/256/base	ir	668976	12045	930636
5	irreducible/256/base	cfg	1140138	0	0
5	irreducible/256/base	emission_exclusive	1075452587	38938265	424485411
5	irreducible/256/base	serialization	4915151	61040	1417299
5	irreducible/256/base	combined	1082177023	39011350	426833346
5	irreducible/1024/base	ir	6344125	48151	3727189
5	irreducible/1024/base	cfg	20319331	0	0
5	irreducible/1024/base	emission_exclusive	2972636608	106343842	1096707811
5	irreducible/1024/base	serialization	6591363	61042	4573269
5	irreducible/1024/base	combined	3005891618	106453035	1105008269
6	linear/64/base	ir	141468	3008	229014
6	linear/64/base	cfg	119776	0	0
6	linear/64/base	emission_exclusive	3478423	132901	2319001
6	linear/64/base	serialization	1180314	12094	341915
6	linear/64/base	combined	4920221	148003	2889930
6	linear/64/light	ir	252388	3415	247192
6	linear/64/light	cfg	116651	0	0
6	linear/64/light	emission_exclusive	4315276	147950	2532872
6	linear/64/light	serialization	1322362	12094	341531
6	linear/64/light	combined	6006957	163459	3121595
6	linear/64/heavy	ir	473155	9622	905081
6	linear/64/heavy	cfg	94910	0	0
6	linear/64/heavy	emission_exclusive	10376385	304273	7017602
6	linear/64/heavy	serialization	4143942	12096	1167973
6	linear/64/heavy	combined	15088553	325991	9090656
6	linear/256/base	ir	610265	12035	920903
6	linear/256/base	cfg	1413445	0	0
6	linear/256/base	emission_exclusive	13349521	526712	12403352
6	linear/256/base	serialization	4742033	47424	1346537
6	linear/256/base	combined	20115374	586171	14670792
6	linear/256/light	ir	693322	13656	991497
6	linear/256/light	cfg	1557056	0	0
6	linear/256/light	emission_exclusive	14623994	587752	13275990
6	linear/256/light	serialization	4661181	47424	1345097
6	linear/256/light	combined	21535703	648832	15612584
6	linear/256/heavy	ir	2953799	38488	3624490
6	linear/256/heavy	cfg	1119268	0	0
6	linear/256/heavy	emission_exclusive	40801761	1209433	31175155
6	linear/256/heavy	serialization	15605801	47426	4650931
6	linear/256/heavy	combined	60480850	1295347	39450576
6	linear/1024/base	ir	5564449	48137	3687888
6	linear/1024/base	cfg	22848968	0	0
6	linear/1024/base	emission_exclusive	52363789	2101884	101426946
6	linear/1024/base	serialization	17951941	188738	5365343
6	linear/1024/base	combined	98729548	2338759	110480177
6	linear/1024/light	ir	7000186	54622	3970450
6	linear/1024/light	cfg	21653786	0	0
6	linear/1024/light	emission_exclusive	56859267	2346883	104935712
6	linear/1024/light	serialization	17870046	188738	5359679
6	linear/1024/light	combined	103383515	2590243	114265841
6	linear/1024/heavy	ir	26861982	153950	14502323
6	linear/1024/heavy	cfg	21515765	0	0
6	linear/1024/heavy	emission_exclusive	160173360	4830132	176508472
6	linear/1024/heavy	serialization	62846877	188740	18583081
6	linear/1024/heavy	combined	271398314	5172822	209593876
6	diamond-chain/64/base	ir	115288	3014	230397
6	diamond-chain/64/base	cfg	106551	0	0
6	diamond-chain/64/base	emission_exclusive	5263441	225845	3714034
6	diamond-chain/64/base	serialization	1367247	17982	373065
6	diamond-chain/64/base	combined	6852687	246841	4317496
6	diamond-chain/64/light	ir	134625	3421	248575
6	diamond-chain/64/light	cfg	106391	0	0
6	diamond-chain/64/light	emission_exclusive	5568599	242545	3960954
6	diamond-chain/64/light	serialization	1347399	17982	372681
6	diamond-chain/64/light	combined	7157164	263948	4582210
6	diamond-chain/64/heavy	ir	373807	9628	906464
6	diamond-chain/64/heavy	cfg	127952	0	0
6	diamond-chain/64/heavy	emission_exclusive	15291156	486163	9978456
6	diamond-chain/64/heavy	serialization	4158920	17984	1199123
6	diamond-chain/64/heavy	combined	19951965	513775	12084043
6	diamond-chain/256/base	ir	625533	12045	926798
6	diamond-chain/256/base	cfg	1247841	0	0
6	diamond-chain/256/base	emission_exclusive	21254581	897470	17597948
6	diamond-chain/256/base	serialization	5164272	70976	1471095
6	diamond-chain/256/base	combined	28292408	980491	19995841
6	diamond-chain/256/light	ir	1018658	13666	997392
6	diamond-chain/256/light	cfg	1334115	0	0
6	diamond-chain/256/light	emission_exclusive	23357871	965199	18603715
6	diamond-chain/256/light	serialization	5841163	70976	1469655
6	diamond-chain/256/light	combined	31552057	1049841	21070762
6	diamond-chain/256/heavy	ir	2304120	38498	3630385
6	diamond-chain/256/heavy	cfg	1234135	0	0
6	diamond-chain/256/heavy	emission_exclusive	59235974	1938175	42664308
6	diamond-chain/256/heavy	serialization	16052947	70978	4775489
6	diamond-chain/256/heavy	combined	78827367	2047651	51070182
6	diamond-chain/1024/base	ir	5724663	48151	3711831
6	diamond-chain/1024/base	cfg	21148049	0	0
6	diamond-chain/1024/base	emission_exclusive	81935639	3585414	116314962
6	diamond-chain/1024/base	serialization	20356992	282946	5863533
6	diamond-chain/1024/base	combined	129165603	3916511	125890326
6	diamond-chain/1024/light	ir	7120965	54636	3994393
6	diamond-chain/1024/light	cfg	18806969	0	0
6	diamond-chain/1024/light	emission_exclusive	85875114	3857263	120357625
6	diamond-chain/1024/light	serialization	20422977	282946	5857869
6	diamond-chain/1024/light	combined	132226215	4194845	130209887
6	diamond-chain/1024/heavy	ir	25151736	153964	14526266
6	diamond-chain/1024/heavy	cfg	21948584	0	0
6	diamond-chain/1024/heavy	emission_exclusive	218564835	7747807	216606437
6	diamond-chain/1024/heavy	serialization	64370619	282948	19081271
6	diamond-chain/1024/heavy	combined	330036055	8184719	250213974
6	fan-in/64/base	ir	117462	3012	231834
6	fan-in/64/base	cfg	75372	0	0
6	fan-in/64/base	emission_exclusive	20506066	361039	7738269
6	fan-in/64/base	serialization	3567711	23502	433675
6	fan-in/64/base	combined	24266751	387553	8403778
6	fan-in/256/base	ir	662294	12041	932555
6	fan-in/256/base	cfg	540032	0	0
6	fan-in/256/base	emission_exclusive	78963895	3324668	63227648
6	fan-in/256/base	serialization	926774	8140	1101612
6	fan-in/256/base	combined	81093115	3344849	65261815
6	fan-in/1024/base	ir	6764861	48145	3734868
6	fan-in/1024/base	cfg	10633472	0	0
6	fan-in/1024/base	emission_exclusive	787567583	31527604	618738748
6	fan-in/1024/base	serialization	1814554	8142	4248310
6	fan-in/1024/base	combined	806780690	31583891	626721926
6	nested-loop/64/base	ir	112643	3009	229111
6	nested-loop/64/base	cfg	189208	0	0
6	nested-loop/64/base	emission_exclusive	3982527	149718	2837421
6	nested-loop/64/base	serialization	1327682	13198	348803
6	nested-loop/64/base	combined	5612180	165925	3415335
6	nested-loop/256/base	ir	618570	12036	921000
6	nested-loop/256/base	cfg	2311955	0	0
6	nested-loop/256/base	emission_exclusive	15064838	576567	15976260
6	nested-loop/256/base	serialization	5145657	48528	1356497
6	nested-loop/256/base	combined	23141110	637131	18253757
6	nested-loop/1024/base	ir	5639903	48138	3687985
6	nested-loop/1024/base	cfg	40265055	0	0
6	nested-loop/1024/base	emission_exclusive	59143528	2283847	143759634
6	nested-loop/1024/base	serialization	20031215	189842	5387591
6	nested-loop/1024/base	combined	125079802	2521827	152835210
6	multi-exit/64/base	ir	117552	2990	231132
6	multi-exit/64/base	cfg	82667	0	0
6	multi-exit/64/base	emission_exclusive	25687939	1038325	19436690
6	multi-exit/64/base	serialization	5540685	46594	569880
6	multi-exit/64/base	combined	31428943	1087909	20237702
6	multi-exit/256/base	ir	670869	12025	931853
6	multi-exit/256/base	cfg	578124	0	0
6	multi-exit/256/base	emission_exclusive	112425415	4980175	93574527
6	multi-exit/256/base	serialization	947994	8140	1101950
6	multi-exit/256/base	combined	114622533	5000340	95608330
6	multi-exit/1024/base	ir	6830426	48135	3734166
6	multi-exit/1024/base	cfg	11923362	0	0
6	multi-exit/1024/base	emission_exclusive	899164750	37208916	724828775
6	multi-exit/1024/base	serialization	1821426	8142	4248630
6	multi-exit/1024/base	combined	919740206	37265193	732811571
6	no-exit/64/base	ir	113585	3018	229199
6	no-exit/64/base	cfg	123905	0	0
6	no-exit/64/base	emission_exclusive	3658562	137678	2442687
6	no-exit/64/base	serialization	1233544	12278	343391
6	no-exit/64/base	combined	5129706	152974	3015277
6	no-exit/256/base	ir	623239	12045	921088
6	no-exit/256/base	cfg	1509517	0	0
6	no-exit/256/base	emission_exclusive	14206053	547235	13059068
6	no-exit/256/base	serialization	4807176	47608	1349547
6	no-exit/256/base	combined	21146085	606888	15329703
6	no-exit/1024/base	ir	5633451	48147	3688073
6	no-exit/1024/base	cfg	27712982	0	0
6	no-exit/1024/base	emission_exclusive	57124979	2185382	106422336
6	no-exit/1024/base	serialization	19122646	188922	5374495
6	no-exit/1024/base	combined	109594318	2422451	115484904
6	irreducible/64/base	ir	124586	3014	231355
6	irreducible/64/base	cfg	93657	0	0
6	irreducible/64/base	emission_exclusive	373316204	13761714	204732406
6	irreducible/64/base	serialization	4565078	61038	628259
6	irreducible/64/base	combined	378099736	13825766	205592020
6	irreducible/256/base	ir	742285	12045	930636
6	irreducible/256/base	cfg	1147361	0	0
6	irreducible/256/base	emission_exclusive	1080856017	38938265	424485411
6	irreducible/256/base	serialization	5193537	61040	1417299
6	irreducible/256/base	combined	1087939360	39011350	426833346
6	irreducible/1024/base	ir	5988874	48151	3727189
6	irreducible/1024/base	cfg	19918522	0	0
6	irreducible/1024/base	emission_exclusive	2967185301	106343842	1096707811
6	irreducible/1024/base	serialization	6591593	61042	4573269
6	irreducible/1024/base	combined	2999684540	106453035	1105008269
7	linear/64/base	ir	144634	3008	229014
7	linear/64/base	cfg	111491	0	0
7	linear/64/base	emission_exclusive	3447133	132901	2319001
7	linear/64/base	serialization	1150056	12094	341915
7	linear/64/base	combined	4853675	148003	2889930
7	linear/64/light	ir	131058	3415	247192
7	linear/64/light	cfg	91734	0	0
7	linear/64/light	emission_exclusive	3633425	147950	2532872
7	linear/64/light	serialization	1166748	12094	341531
7	linear/64/light	combined	5023105	163459	3121595
7	linear/64/heavy	ir	473847	9622	905081
7	linear/64/heavy	cfg	89329	0	0
7	linear/64/heavy	emission_exclusive	10271387	304273	7017602
7	linear/64/heavy	serialization	4186342	12096	1167973
7	linear/64/heavy	combined	15021045	325991	9090656
7	linear/256/base	ir	618180	12035	920903
7	linear/256/base	cfg	1422352	0	0
7	linear/256/base	emission_exclusive	13120708	526712	12403352
7	linear/256/base	serialization	4717918	47424	1346537
7	linear/256/base	combined	19879268	586171	14670792
7	linear/256/light	ir	712478	13656	991497
7	linear/256/light	cfg	1266266	0	0
7	linear/256/light	emission_exclusive	14142071	587752	13275990
7	linear/256/light	serialization	4703691	47424	1345097
7	linear/256/light	combined	20824657	648832	15612584
7	linear/256/heavy	ir	2824605	38488	3624490
7	linear/256/heavy	cfg	1118176	0	0
7	linear/256/heavy	emission_exclusive	40125039	1209433	31175155
7	linear/256/heavy	serialization	16835589	47426	4650931
7	linear/256/heavy	combined	60903549	1295347	39450576
7	linear/1024/base	ir	5875038	48137	3687888
7	linear/1024/base	cfg	23354323	0	0
7	linear/1024/base	emission_exclusive	52652405	2101884	101426946
7	linear/1024/base	serialization	18517361	188738	5365343
7	linear/1024/base	combined	100399428	2338759	110480177
7	linear/1024/light	ir	7063807	54622	3970450
7	linear/1024/light	cfg	22454761	0	0
7	linear/1024/light	emission_exclusive	56685558	2346883	104935712
7	linear/1024/light	serialization	19063645	188738	5359679
7	linear/1024/light	combined	105268071	2590243	114265841
7	linear/1024/heavy	ir	26515185	153950	14502323
7	linear/1024/heavy	cfg	21694552	0	0
7	linear/1024/heavy	emission_exclusive	163249631	4830132	176508472
7	linear/1024/heavy	serialization	64061284	188740	18583081
7	linear/1024/heavy	combined	275520963	5172822	209593876
7	diamond-chain/64/base	ir	120879	3014	230397
7	diamond-chain/64/base	cfg	104919	0	0
7	diamond-chain/64/base	emission_exclusive	5217893	225845	3714034
7	diamond-chain/64/base	serialization	1424246	17982	373065
7	diamond-chain/64/base	combined	6868057	246841	4317496
7	diamond-chain/64/light	ir	133593	3421	248575
7	diamond-chain/64/light	cfg	102334	0	0
7	diamond-chain/64/light	emission_exclusive	5519625	242545	3960954
7	diamond-chain/64/light	serialization	1407193	17982	372681
7	diamond-chain/64/light	combined	7162845	263948	4582210
7	diamond-chain/64/heavy	ir	387694	9628	906464
7	diamond-chain/64/heavy	cfg	101181	0	0
7	diamond-chain/64/heavy	emission_exclusive	14168532	486163	9978456
7	diamond-chain/64/heavy	serialization	4331947	17984	1199123
7	diamond-chain/64/heavy	combined	18989474	513775	12084043
7	diamond-chain/256/base	ir	631435	12045	926798
7	diamond-chain/256/base	cfg	1211553	0	0
7	diamond-chain/256/base	emission_exclusive	20739565	897470	17597948
7	diamond-chain/256/base	serialization	5626418	70976	1471095
7	diamond-chain/256/base	combined	28209081	980491	19995841
7	diamond-chain/256/light	ir	752223	13666	997392
7	diamond-chain/256/light	cfg	1229998	0	0
7	diamond-chain/256/light	emission_exclusive	22288056	965199	18603715
7	diamond-chain/256/light	serialization	5578135	70976	1469655
7	diamond-chain/256/light	combined	29848552	1049841	21070762
7	diamond-chain/256/heavy	ir	2333927	38498	3630385
7	diamond-chain/256/heavy	cfg	1229596	0	0
7	diamond-chain/256/heavy	emission_exclusive	56826795	1938175	42664308
7	diamond-chain/256/heavy	serialization	16754304	70978	4775489
7	diamond-chain/256/heavy	combined	77144843	2047651	51070182
7	diamond-chain/1024/base	ir	5610427	48151	3711831
7	diamond-chain/1024/base	cfg	21092934	0	0
7	diamond-chain/1024/base	emission_exclusive	82722869	3585414	116314962
7	diamond-chain/1024/base	serialization	22049674	282946	5863533
7	diamond-chain/1024/base	combined	131476065	3916511	125890326
7	diamond-chain/1024/light	ir	7309603	54636	3994393
7	diamond-chain/1024/light	cfg	18559240	0	0
7	diamond-chain/1024/light	emission_exclusive	88136762	3857263	120357625
7	diamond-chain/1024/light	serialization	21196320	282946	5857869
7	diamond-chain/1024/light	combined	135202066	4194845	130209887
7	diamond-chain/1024/heavy	ir	24564253	153964	14526266
7	diamond-chain/1024/heavy	cfg	19535737	0	0
7	diamond-chain/1024/heavy	emission_exclusive	225443130	7747807	216606437
7	diamond-chain/1024/heavy	serialization	67789860	282948	19081271
7	diamond-chain/1024/heavy	combined	337333111	8184719	250213974
7	fan-in/64/base	ir	116670	3012	231834
7	fan-in/64/base	cfg	66876	0	0
7	fan-in/64/base	emission_exclusive	20735678	361039	7738269
7	fan-in/64/base	serialization	3802376	23502	433675
7	fan-in/64/base	combined	24721711	387553	8403778
7	fan-in/256/base	ir	669818	12041	932555
7	fan-in/256/base	cfg	527498	0	0
7	fan-in/256/base	emission_exclusive	79578538	3324668	63227648
7	fan-in/256/base	serialization	945259	8140	1101612
7	fan-in/256/base	combined	81721253	3344849	65261815
7	fan-in/1024/base	ir	6678998	48145	3734868
7	fan-in/1024/base	cfg	7747711	0	0
7	fan-in/1024/base	emission_exclusive	783539304	31527604	618738748
7	fan-in/1024/base	serialization	1801610	8142	4248310
7	fan-in/1024/base	combined	799767813	31583891	626721926
7	nested-loop/64/base	ir	117372	3009	229111
7	nested-loop/64/base	cfg	180702	0	0
7	nested-loop/64/base	emission_exclusive	4013605	149718	2837421
7	nested-loop/64/base	serialization	1254153	13198	348803
7	nested-loop/64/base	combined	5565973	165925	3415335
7	nested-loop/256/base	ir	617819	12036	921000
7	nested-loop/256/base	cfg	2267461	0	0
7	nested-loop/256/base	emission_exclusive	15043376	576567	15976260
7	nested-loop/256/base	serialization	4873633	48528	1356497
7	nested-loop/256/base	combined	22802399	637131	18253757
7	nested-loop/1024/base	ir	5585258	48138	3687985
7	nested-loop/1024/base	cfg	35698222	0	0
7	nested-loop/1024/base	emission_exclusive	58917852	2283847	143759634
7	nested-loop/1024/base	serialization	19522733	189842	5387591
7	nested-loop/1024/base	combined	119724226	2521827	152835210
7	multi-exit/64/base	ir	117022	2990	231132
7	multi-exit/64/base	cfg	77827	0	0
7	multi-exit/64/base	emission_exclusive	25653975	1038325	19436690
7	multi-exit/64/base	serialization	5403015	46594	569880
7	multi-exit/64/base	combined	31251949	1087909	20237702
7	multi-exit/256/base	ir	701838	12025	931853
7	multi-exit/256/base	cfg	609193	0	0
7	multi-exit/256/base	emission_exclusive	113096514	4980175	93574527
7	multi-exit/256/base	serialization	933888	8140	1101950
7	multi-exit/256/base	combined	115341583	5000340	95608330
7	multi-exit/1024/base	ir	6679329	48135	3734166
7	multi-exit/1024/base	cfg	8142658	0	0
7	multi-exit/1024/base	emission_exclusive	886913379	37208916	724828775
7	multi-exit/1024/base	serialization	1865941	8142	4248630
7	multi-exit/1024/base	combined	903601568	37265193	732811571
7	no-exit/64/base	ir	114076	3018	229199
7	no-exit/64/base	cfg	122752	0	0
7	no-exit/64/base	emission_exclusive	3647583	137678	2442687
7	no-exit/64/base	serialization	1196284	12278	343391
7	no-exit/64/base	combined	5080835	152974	3015277
7	no-exit/256/base	ir	619201	12045	921088
7	no-exit/256/base	cfg	1504146	0	0
7	no-exit/256/base	emission_exclusive	14149786	547235	13059068
7	no-exit/256/base	serialization	4724660	47608	1349547
7	no-exit/256/base	combined	20997934	606888	15329703
7	no-exit/1024/base	ir	5571954	48147	3688073
7	no-exit/1024/base	cfg	24666136	0	0
7	no-exit/1024/base	emission_exclusive	55852241	2185382	106422336
7	no-exit/1024/base	serialization	18365724	188922	5374495
7	no-exit/1024/base	combined	104456365	2422451	115484904
7	irreducible/64/base	ir	116460	3014	231355
7	irreducible/64/base	cfg	87887	0	0
7	irreducible/64/base	emission_exclusive	370931287	13761714	204732406
7	irreducible/64/base	serialization	4581140	61038	628259
7	irreducible/64/base	combined	375716934	13825766	205592020
7	irreducible/256/base	ir	655350	12045	930636
7	irreducible/256/base	cfg	1166207	0	0
7	irreducible/256/base	emission_exclusive	1071953101	38938265	424485411
7	irreducible/256/base	serialization	5191734	61040	1417299
7	irreducible/256/base	combined	1078966642	39011350	426833346
7	irreducible/1024/base	ir	6086398	48151	3727189
7	irreducible/1024/base	cfg	18035249	0	0
7	irreducible/1024/base	emission_exclusive	2972169639	106343842	1096707811
7	irreducible/1024/base	serialization	6768489	61042	4573269
7	irreducible/1024/base	combined	3003060025	106453035	1105008269
8	linear/64/base	ir	145506	3008	229014
8	linear/64/base	cfg	113786	0	0
8	linear/64/base	emission_exclusive	3503068	132901	2319001
8	linear/64/base	serialization	1169493	12094	341915
8	linear/64/base	combined	4932063	148003	2889930
8	linear/64/light	ir	131539	3415	247192
8	linear/64/light	cfg	89900	0	0
8	linear/64/light	emission_exclusive	3664264	147950	2532872
8	linear/64/light	serialization	1171257	12094	341531
8	linear/64/light	combined	5057060	163459	3121595
8	linear/64/heavy	ir	473396	9622	905081
8	linear/64/heavy	cfg	90071	0	0
8	linear/64/heavy	emission_exclusive	10433422	304273	7017602
8	linear/64/heavy	serialization	4053141	12096	1167973
8	linear/64/heavy	combined	15050130	325991	9090656
8	linear/256/base	ir	614382	12035	920903
8	linear/256/base	cfg	1381574	0	0
8	linear/256/base	emission_exclusive	13144403	526712	12403352
8	linear/256/base	serialization	4471482	47424	1346537
8	linear/256/base	combined	19611971	586171	14670792
8	linear/256/light	ir	703932	13656	991497
8	linear/256/light	cfg	1276706	0	0
8	linear/256/light	emission_exclusive	14347389	587752	13275990
8	linear/256/light	serialization	4438689	47424	1345097
8	linear/256/light	combined	20766866	648832	15612584
8	linear/256/heavy	ir	2708385	38488	3624490
8	linear/256/heavy	cfg	1098288	0	0
8	linear/256/heavy	emission_exclusive	40315740	1209433	31175155
8	linear/256/heavy	serialization	16237196	47426	4650931
8	linear/256/heavy	combined	60359739	1295347	39450576
8	linear/1024/base	ir	6315370	48137	3687888
8	linear/1024/base	cfg	23360695	0	0
8	linear/1024/base	emission_exclusive	52531455	2101884	101426946
8	linear/1024/base	serialization	17959214	188738	5365343
8	linear/1024/base	combined	100167085	2338759	110480177
8	linear/1024/light	ir	6960912	54622	3970450
8	linear/1024/light	cfg	22114908	0	0
8	linear/1024/light	emission_exclusive	58219258	2346883	104935712
8	linear/1024/light	serialization	17989372	188738	5359679
8	linear/1024/light	combined	105284810	2590243	114265841
8	linear/1024/heavy	ir	26690567	153950	14502323
8	linear/1024/heavy	cfg	21545760	0	0
8	linear/1024/heavy	emission_exclusive	165690105	4830132	176508472
8	linear/1024/heavy	serialization	64596747	188740	18583081
8	linear/1024/heavy	combined	278523609	5172822	209593876
8	diamond-chain/64/base	ir	116451	3014	230397
8	diamond-chain/64/base	cfg	104117	0	0
8	diamond-chain/64/base	emission_exclusive	5516128	225845	3714034
8	diamond-chain/64/base	serialization	1430066	17982	373065
8	diamond-chain/64/base	combined	7166882	246841	4317496
8	diamond-chain/64/light	ir	130176	3421	248575
8	diamond-chain/64/light	cfg	100601	0	0
8	diamond-chain/64/light	emission_exclusive	5633891	242545	3960954
8	diamond-chain/64/light	serialization	1491101	17982	372681
8	diamond-chain/64/light	combined	7355859	263948	4582210
8	diamond-chain/64/heavy	ir	383706	9628	906464
8	diamond-chain/64/heavy	cfg	101181	0	0
8	diamond-chain/64/heavy	emission_exclusive	14367759	486163	9978456
8	diamond-chain/64/heavy	serialization	4410175	17984	1199123
8	diamond-chain/64/heavy	combined	19262992	513775	12084043
8	diamond-chain/256/base	ir	640743	12045	926798
8	diamond-chain/256/base	cfg	1214748	0	0
8	diamond-chain/256/base	emission_exclusive	20774983	897470	17597948
8	diamond-chain/256/base	serialization	5726786	70976	1471095
8	diamond-chain/256/base	combined	28357370	980491	19995841
8	diamond-chain/256/light	ir	722908	13666	997392
8	diamond-chain/256/light	cfg	1177618	0	0
8	diamond-chain/256/light	emission_exclusive	22127221	965199	18603715
8	diamond-chain/256/light	serialization	5654961	70976	1469655
8	diamond-chain/256/light	combined	29682829	1049841	21070762
8	diamond-chain/256/heavy	ir	2293220	38498	3630385
8	diamond-chain/256/heavy	cfg	1197656	0	0
8	diamond-chain/256/heavy	emission_exclusive	56843585	1938175	42664308
8	diamond-chain/256/heavy	serialization	17692038	70978	4775489
8	diamond-chain/256/heavy	combined	78026639	2047651	51070182
8	diamond-chain/1024/base	ir	5861272	48151	3711831
8	diamond-chain/1024/base	cfg	20791774	0	0
8	diamond-chain/1024/base	emission_exclusive	86318850	3585414	116314962
8	diamond-chain/1024/base	serialization	23219738	282946	5863533
8	diamond-chain/1024/base	combined	136191875	3916511	125890326
8	diamond-chain/1024/light	ir	7259607	54636	3994393
8	diamond-chain/1024/light	cfg	18869767	0	0
8	diamond-chain/1024/light	emission_exclusive	88973635	3857263	120357625
8	diamond-chain/1024/light	serialization	22433941	282946	5857869
8	diamond-chain/1024/light	combined	137537150	4194845	130209887
8	diamond-chain/1024/heavy	ir	24321513	153964	14526266
8	diamond-chain/1024/heavy	cfg	20538154	0	0
8	diamond-chain/1024/heavy	emission_exclusive	227909191	7747807	216606437
8	diamond-chain/1024/heavy	serialization	67172441	282948	19081271
8	diamond-chain/1024/heavy	combined	339941449	8184719	250213974
8	fan-in/64/base	ir	125317	3012	231834
8	fan-in/64/base	cfg	72668	0	0
8	fan-in/64/base	emission_exclusive	20809056	361039	7738269
8	fan-in/64/base	serialization	3518308	23502	433675
8	fan-in/64/base	combined	24525500	387553	8403778
8	fan-in/256/base	ir	675277	12041	932555
8	fan-in/256/base	cfg	558396	0	0
8	fan-in/256/base	emission_exclusive	79149163	3324668	63227648
8	fan-in/256/base	serialization	947824	8140	1101612
8	fan-in/256/base	combined	81330832	3344849	65261815
8	fan-in/1024/base	ir	6832389	48145	3734868
8	fan-in/1024/base	cfg	10961783	0	0
8	fan-in/1024/base	emission_exclusive	777230067	31527604	618738748
8	fan-in/1024/base	serialization	1820054	8142	4248310
8	fan-in/1024/base	combined	796844493	31583891	626721926
8	nested-loop/64/base	ir	113565	3009	229111
8	nested-loop/64/base	cfg	182706	0	0
8	nested-loop/64/base	emission_exclusive	4294025	149718	2837421
8	nested-loop/64/base	serialization	1216992	13198	348803
8	nested-loop/64/base	combined	5807449	165925	3415335
8	nested-loop/256/base	ir	986236	12036	921000
8	nested-loop/256/base	cfg	2315923	0	0
8	nested-loop/256/base	emission_exclusive	14777153	576567	15976260
8	nested-loop/256/base	serialization	4675006	48528	1356497
8	nested-loop/256/base	combined	22754538	637131	18253757
8	nested-loop/1024/base	ir	5705507	48138	3687985
8	nested-loop/1024/base	cfg	40809464	0	0
8	nested-loop/1024/base	emission_exclusive	57126740	2283847	143759634
8	nested-loop/1024/base	serialization	18652556	189842	5387591
8	nested-loop/1024/base	combined	122294487	2521827	152835210
8	multi-exit/64/base	ir	116470	2990	231132
8	multi-exit/64/base	cfg	79280	0	0
8	multi-exit/64/base	emission_exclusive	24895460	1038325	19436690
8	multi-exit/64/base	serialization	5385210	46594	569880
8	multi-exit/64/base	combined	30476560	1087909	20237702
8	multi-exit/256/base	ir	675749	12025	931853
8	multi-exit/256/base	cfg	568195	0	0
8	multi-exit/256/base	emission_exclusive	109626947	4980175	93574527
8	multi-exit/256/base	serialization	921473	8140	1101950
8	multi-exit/256/base	combined	111792494	5000340	95608330
8	multi-exit/1024/base	ir	6721880	48135	3734166
8	multi-exit/1024/base	cfg	12298263	0	0
8	multi-exit/1024/base	emission_exclusive	876285126	37208916	724828775
8	multi-exit/1024/base	serialization	1840012	8142	4248630
8	multi-exit/1024/base	combined	897145541	37265193	732811571
8	no-exit/64/base	ir	117212	3018	229199
8	no-exit/64/base	cfg	121009	0	0
8	no-exit/64/base	emission_exclusive	3643966	137678	2442687
8	no-exit/64/base	serialization	1240357	12278	343391
8	no-exit/64/base	combined	5122644	152974	3015277
8	no-exit/256/base	ir	635102	12045	921088
8	no-exit/256/base	cfg	1529324	0	0
8	no-exit/256/base	emission_exclusive	14085173	547235	13059068
8	no-exit/256/base	serialization	4966487	47608	1349547
8	no-exit/256/base	combined	21216207	606888	15329703
8	no-exit/1024/base	ir	5921415	48147	3688073
8	no-exit/1024/base	cfg	27822398	0	0
8	no-exit/1024/base	emission_exclusive	56353177	2185382	106422336
8	no-exit/1024/base	serialization	19635686	188922	5374495
8	no-exit/1024/base	combined	109732976	2422451	115484904
8	irreducible/64/base	ir	118343	3014	231355
8	irreducible/64/base	cfg	87325	0	0
8	irreducible/64/base	emission_exclusive	369695912	13761714	204732406
8	irreducible/64/base	serialization	4766420	61038	628259
8	irreducible/64/base	combined	374668242	13825766	205592020
8	irreducible/256/base	ir	656211	12045	930636
8	irreducible/256/base	cfg	1140227	0	0
8	irreducible/256/base	emission_exclusive	1077353476	38938265	424485411
8	irreducible/256/base	serialization	5045537	61040	1417299
8	irreducible/256/base	combined	1084195662	39011350	426833346
8	irreducible/1024/base	ir	6073944	48151	3727189
8	irreducible/1024/base	cfg	19508566	0	0
8	irreducible/1024/base	emission_exclusive	2971553116	106343842	1096707811
8	irreducible/1024/base	serialization	6533683	61042	4573269
8	irreducible/1024/base	combined	3003669600	106453035	1105008269
9	linear/64/base	ir	141808	3008	229014
9	linear/64/base	cfg	112002	0	0
9	linear/64/base	emission_exclusive	3482660	132901	2319001
9	linear/64/base	serialization	1163362	12094	341915
9	linear/64/base	combined	4900062	148003	2889930
9	linear/64/light	ir	131038	3415	247192
9	linear/64/light	cfg	88227	0	0
9	linear/64/light	emission_exclusive	3656950	147950	2532872
9	linear/64/light	serialization	1191805	12094	341531
9	linear/64/light	combined	5068120	163459	3121595
9	linear/64/heavy	ir	466272	9622	905081
9	linear/64/heavy	cfg	89228	0	0
9	linear/64/heavy	emission_exclusive	10296025	304273	7017602
9	linear/64/heavy	serialization	4164380	12096	1167973
9	linear/64/heavy	combined	15016085	325991	9090656
9	linear/256/base	ir	617579	12035	920903
9	linear/256/base	cfg	1395490	0	0
9	linear/256/base	emission_exclusive	13082596	526712	12403352
9	linear/256/base	serialization	4545662	47424	1346537
9	linear/256/base	combined	19641477	586171	14670792
9	linear/256/light	ir	703872	13656	991497
9	linear/256/light	cfg	1267889	0	0
9	linear/256/light	emission_exclusive	14244666	587752	13275990
9	linear/256/light	serialization	4659797	47424	1345097
9	linear/256/light	combined	20876374	648832	15612584
9	linear/256/heavy	ir	2748662	38488	3624490
9	linear/256/heavy	cfg	1105853	0	0
9	linear/256/heavy	emission_exclusive	40073520	1209433	31175155
9	linear/256/heavy	serialization	16149990	47426	4650931
9	linear/256/heavy	combined	60078186	1295347	39450576
9	linear/1024/base	ir	5584207	48137	3687888
9	linear/1024/base	cfg	22732206	0	0
9	linear/1024/base	emission_exclusive	53298366	2101884	101426946
9	linear/1024/base	serialization	19518815	188738	5365343
9	linear/1024/base	combined	101133904	2338759	110480177
9	linear/1024/light	ir	6931056	54622	3970450
9	linear/1024/light	cfg	22257447	0	0
9	linear/1024/light	emission_exclusive	56433138	2346883	104935712
9	linear/1024/light	serialization	18310769	188738	5359679
9	linear/1024/light	combined	103932751	2590243	114265841
9	linear/1024/heavy	ir	26956178	153950	14502323
9	linear/1024/heavy	cfg	21574104	0	0
9	linear/1024/heavy	emission_exclusive	164088512	4830132	176508472
9	linear/1024/heavy	serialization	62739030	188740	18583081
9	linear/1024/heavy	combined	275358277	5172822	209593876
9	diamond-chain/64/base	ir	117372	3014	230397
9	diamond-chain/64/base	cfg	103576	0	0
9	diamond-chain/64/base	emission_exclusive	5281053	225845	3714034
9	diamond-chain/64/base	serialization	1338153	17982	373065
9	diamond-chain/64/base	combined	6840284	246841	4317496
9	diamond-chain/64/light	ir	126510	3421	248575
9	diamond-chain/64/light	cfg	103155	0	0
9	diamond-chain/64/light	emission_exclusive	5537779	242545	3960954
9	diamond-chain/64/light	serialization	1329686	17982	372681
9	diamond-chain/64/light	combined	7097230	263948	4582210
9	diamond-chain/64/heavy	ir	382173	9628	906464
9	diamond-chain/64/heavy	cfg	100370	0	0
9	diamond-chain/64/heavy	emission_exclusive	14166337	486163	9978456
9	diamond-chain/64/heavy	serialization	4327839	17984	1199123
9	diamond-chain/64/heavy	combined	18976829	513775	12084043
9	diamond-chain/256/base	ir	627327	12045	926798
9	diamond-chain/256/base	cfg	1215160	0	0
9	diamond-chain/256/base	emission_exclusive	20482448	897470	17597948
9	diamond-chain/256/base	serialization	5366395	70976	1471095
9	diamond-chain/256/base	combined	27691460	980491	19995841
9	diamond-chain/256/light	ir	734861	13666	997392
9	diamond-chain/256/light	cfg	1185012	0	0
9	diamond-chain/256/light	emission_exclusive	21771037	965199	18603715
9	diamond-chain/256/light	serialization	5476453	70976	1469655
9	diamond-chain/256/light	combined	29167493	1049841	21070762
9	diamond-chain/256/heavy	ir	2341842	38498	3630385
9	diamond-chain/256/heavy	cfg	1193188	0	0
9	diamond-chain/256/heavy	emission_exclusive	56045764	1938175	42664308
9	diamond-chain/256/heavy	serialization	16730770	70978	4775489
9	diamond-chain/256/heavy	combined	76311694	2047651	51070182
9	diamond-chain/1024/base	ir	6373200	48151	3711831
9	diamond-chain/1024/base	cfg	22237199	0	0
9	diamond-chain/1024/base	emission_exclusive	81565034	3585414	116314962
9	diamond-chain/1024/base	serialization	20467581	282946	5863533
9	diamond-chain/1024/base	combined	130643365	3916511	125890326
9	diamond-chain/1024/light	ir	7008432	54636	3994393
9	diamond-chain/1024/light	cfg	18557977	0	0
9	diamond-chain/1024/light	emission_exclusive	86222227	3857263	120357625
9	diamond-chain/1024/light	serialization	20982936	282946	5857869
9	diamond-chain/1024/light	combined	132771862	4194845	130209887
9	diamond-chain/1024/heavy	ir	24327625	153964	14526266
9	diamond-chain/1024/heavy	cfg	20933543	0	0
9	diamond-chain/1024/heavy	emission_exclusive	217684470	7747807	216606437
9	diamond-chain/1024/heavy	serialization	70457246	282948	19081271
9	diamond-chain/1024/heavy	combined	333403154	8184719	250213974
9	fan-in/64/base	ir	120909	3012	231834
9	fan-in/64/base	cfg	70252	0	0
9	fan-in/64/base	emission_exclusive	20583310	361039	7738269
9	fan-in/64/base	serialization	3481709	23502	433675
9	fan-in/64/base	combined	24256330	387553	8403778
9	fan-in/256/base	ir	662203	12041	932555
9	fan-in/256/base	cfg	540603	0	0
9	fan-in/256/base	emission_exclusive	77432775	3324668	63227648
9	fan-in/256/base	serialization	885676	8140	1101612
9	fan-in/256/base	combined	79521427	3344849	65261815
9	fan-in/1024/base	ir	7008552	48145	3734868
9	fan-in/1024/base	cfg	10694647	0	0
9	fan-in/1024/base	emission_exclusive	774095691	31527604	618738748
9	fan-in/1024/base	serialization	1784397	8142	4248310
9	fan-in/1024/base	combined	793583557	31583891	626721926
9	nested-loop/64/base	ir	111601	3009	229111
9	nested-loop/64/base	cfg	183227	0	0
9	nested-loop/64/base	emission_exclusive	3888979	149718	2837421
9	nested-loop/64/base	serialization	1274221	13198	348803
9	nested-loop/64/base	combined	5458158	165925	3415335
9	nested-loop/256/base	ir	613120	12036	921000
9	nested-loop/256/base	cfg	2258303	0	0
9	nested-loop/256/base	emission_exclusive	14563949	576567	15976260
9	nested-loop/256/base	serialization	4849637	48528	1356497
9	nested-loop/256/base	combined	22285109	637131	18253757
9	nested-loop/1024/base	ir	5590389	48138	3687985
9	nested-loop/1024/base	cfg	40071997	0	0
9	nested-loop/1024/base	emission_exclusive	57498013	2283847	143759634
9	nested-loop/1024/base	serialization	18559871	189842	5387591
9	nested-loop/1024/base	combined	121720440	2521827	152835210
9	multi-exit/64/base	ir	115870	2990	231132
9	multi-exit/64/base	cfg	79721	0	0
9	multi-exit/64/base	emission_exclusive	25126176	1038325	19436690
9	multi-exit/64/base	serialization	5227652	46594	569880
9	multi-exit/64/base	combined	30549549	1087909	20237702
9	multi-exit/256/base	ir	672523	12025	931853
9	multi-exit/256/base	cfg	557996	0	0
9	multi-exit/256/base	emission_exclusive	110543901	4980175	93574527
9	multi-exit/256/base	serialization	914560	8140	1101950
9	multi-exit/256/base	combined	112689130	5000340	95608330
9	multi-exit/1024/base	ir	6930103	48135	3734166
9	multi-exit/1024/base	cfg	11716281	0	0
9	multi-exit/1024/base	emission_exclusive	874225533	37208916	724828775
9	multi-exit/1024/base	serialization	1822508	8142	4248630
9	multi-exit/1024/base	combined	894694696	37265193	732811571
9	no-exit/64/base	ir	110820	3018	229199
9	no-exit/64/base	cfg	120779	0	0
9	no-exit/64/base	emission_exclusive	3529318	137678	2442687
9	no-exit/64/base	serialization	1207455	12278	343391
9	no-exit/64/base	combined	4968492	152974	3015277
9	no-exit/256/base	ir	614622	12045	921088
9	no-exit/256/base	cfg	1496241	0	0
9	no-exit/256/base	emission_exclusive	13700085	547235	13059068
9	no-exit/256/base	serialization	4594253	47608	1349547
9	no-exit/256/base	combined	20405343	606888	15329703
9	no-exit/1024/base	ir	5508834	48147	3688073
9	no-exit/1024/base	cfg	27754900	0	0
9	no-exit/1024/base	emission_exclusive	55158236	2185382	106422336
9	no-exit/1024/base	serialization	18632458	188922	5374495
9	no-exit/1024/base	combined	107054768	2422451	115484904
9	irreducible/64/base	ir	114326	3014	231355
9	irreducible/64/base	cfg	88047	0	0
9	irreducible/64/base	emission_exclusive	370722241	13761714	204732406
9	irreducible/64/base	serialization	4639619	61038	628259
9	irreducible/64/base	combined	375564464	13825766	205592020
9	irreducible/256/base	ir	651503	12045	930636
9	irreducible/256/base	cfg	1123356	0	0
9	irreducible/256/base	emission_exclusive	1067015525	38938265	424485411
9	irreducible/256/base	serialization	5005953	61040	1417299
9	irreducible/256/base	combined	1073796587	39011350	426833346
9	irreducible/1024/base	ir	6165527	48151	3727189
9	irreducible/1024/base	cfg	19382198	0	0
9	irreducible/1024/base	emission_exclusive	2968666470	106343842	1096707811
9	irreducible/1024/base	serialization	6484781	61042	4573269
9	irreducible/1024/base	combined	3000699247	106453035	1105008269
10	linear/64/base	ir	138593	3008	229014
10	linear/64/base	cfg	115158	0	0
10	linear/64/base	emission_exclusive	3469995	132901	2319001
10	linear/64/base	serialization	1163152	12094	341915
10	linear/64/base	combined	4890104	148003	2889930
10	linear/64/light	ir	131649	3415	247192
10	linear/64/light	cfg	88908	0	0
10	linear/64/light	emission_exclusive	3679122	147950	2532872
10	linear/64/light	serialization	1212825	12094	341531
10	linear/64/light	combined	5112594	163459	3121595
10	linear/64/heavy	ir	471342	9622	905081
10	linear/64/heavy	cfg	89119	0	0
10	linear/64/heavy	emission_exclusive	10395581	304273	7017602
10	linear/64/heavy	serialization	4181553	12096	1167973
10	linear/64/heavy	combined	15137745	325991	9090656
10	linear/256/base	ir	618320	12035	920903
10	linear/256/base	cfg	1422021	0	0
10	linear/256/base	emission_exclusive	13414423	526712	12403352
10	linear/256/base	serialization	4658565	47424	1346537
10	linear/256/base	combined	20113489	586171	14670792
10	linear/256/light	ir	709393	13656	991497
10	linear/256/light	cfg	1324346	0	0
10	linear/256/light	emission_exclusive	14651805	587752	13275990
10	linear/256/light	serialization	4651873	47424	1345097
10	linear/256/light	combined	21337537	648832	15612584
10	linear/256/heavy	ir	2845324	38488	3624490
10	linear/256/heavy	cfg	1133084	0	0
10	linear/256/heavy	emission_exclusive	41823701	1209433	31175155
10	linear/256/heavy	serialization	17579485	47426	4650931
10	linear/256/heavy	combined	63381765	1295347	39450576
10	linear/1024/base	ir	5779286	48137	3687888
10	linear/1024/base	cfg	23965809	0	0
10	linear/1024/base	emission_exclusive	53753337	2101884	101426946
10	linear/1024/base	serialization	19354775	188738	5365343
10	linear/1024/base	combined	102853517	2338759	110480177
10	linear/1024/light	ir	7046174	54622	3970450
10	linear/1024/light	cfg	23090594	0	0
10	linear/1024/light	emission_exclusive	58498885	2346883	104935712
10	linear/1024/light	serialization	18710786	188738	5359679
10	linear/1024/light	combined	107346769	2590243	114265841
10	linear/1024/heavy	ir	27346667	153950	14502323
10	linear/1024/heavy	cfg	22524744	0	0
10	linear/1024/heavy	emission_exclusive	166878668	4830132	176508472
10	linear/1024/heavy	serialization	69266441	188740	18583081
10	linear/1024/heavy	combined	286016930	5172822	209593876
10	diamond-chain/64/base	ir	144443	3014	230397
10	diamond-chain/64/base	cfg	115379	0	0
10	diamond-chain/64/base	emission_exclusive	5356064	225845	3714034
10	diamond-chain/64/base	serialization	1461235	17982	373065
10	diamond-chain/64/base	combined	7077532	246841	4317496
10	diamond-chain/64/light	ir	133623	3421	248575
10	diamond-chain/64/light	cfg	104768	0	0
10	diamond-chain/64/light	emission_exclusive	5620236	242545	3960954
10	diamond-chain/64/light	serialization	1461715	17982	372681
10	diamond-chain/64/light	combined	7320452	263948	4582210
10	diamond-chain/64/heavy	ir	399296	9628	906464
10	diamond-chain/64/heavy	cfg	103296	0	0
10	diamond-chain/64/heavy	emission_exclusive	14303315	486163	9978456
10	diamond-chain/64/heavy	serialization	4486941	17984	1199123
10	diamond-chain/64/heavy	combined	19292958	513775	12084043
10	diamond-chain/256/base	ir	647826	12045	926798
10	diamond-chain/256/base	cfg	1266507	0	0
10	diamond-chain/256/base	emission_exclusive	20599279	897470	17597948
10	diamond-chain/256/base	serialization	5733429	70976	1471095
10	diamond-chain/256/base	combined	28247161	980491	19995841
10	diamond-chain/256/light	ir	731554	13666	997392
10	diamond-chain/256/light	cfg	1234907	0	0
10	diamond-chain/256/light	emission_exclusive	21986434	965199	18603715
10	diamond-chain/256/light	serialization	5680930	70976	1469655
10	diamond-chain/256/light	combined	29633935	1049841	21070762
10	diamond-chain/256/heavy	ir	2353554	38498	3630385
10	diamond-chain/256/heavy	cfg	1247771	0	0
10	diamond-chain/256/heavy	emission_exclusive	56539097	1938175	42664308
10	diamond-chain/256/heavy	serialization	17972268	70978	4775489
10	diamond-chain/256/heavy	combined	78112870	2047651	51070182
10	diamond-chain/1024/base	ir	5848246	48151	3711831
10	diamond-chain/1024/base	cfg	21813528	0	0
10	diamond-chain/1024/base	emission_exclusive	85131410	3585414	116314962
10	diamond-chain/1024/base	serialization	21989880	282946	5863533
10	diamond-chain/1024/base	combined	134783335	3916511	125890326
10	diamond-chain/1024/light	ir	7199384	54636	3994393
10	diamond-chain/1024/light	cfg	23905936	0	0
10	diamond-chain/1024/light	emission_exclusive	88438619	3857263	120357625
10	diamond-chain/1024/light	serialization	22473667	282946	5857869
10	diamond-chain/1024/light	combined	142018197	4194845	130209887
10	diamond-chain/1024/heavy	ir	24611462	153964	14526266
10	diamond-chain/1024/heavy	cfg	21283544	0	0
10	diamond-chain/1024/heavy	emission_exclusive	224004405	7747807	216606437
10	diamond-chain/1024/heavy	serialization	70108403	282948	19081271
10	diamond-chain/1024/heavy	combined	340008126	8184719	250213974
10	fan-in/64/base	ir	147319	3012	231834
10	fan-in/64/base	cfg	78168	0	0
10	fan-in/64/base	emission_exclusive	20800841	361039	7738269
10	fan-in/64/base	serialization	3896173	23502	433675
10	fan-in/64/base	combined	24922721	387553	8403778
10	fan-in/256/base	ir	671792	12041	932555
10	fan-in/256/base	cfg	594805	0	0
10	fan-in/256/base	emission_exclusive	78973689	3324668	63227648
10	fan-in/256/base	serialization	960397	8140	1101612
10	fan-in/256/base	combined	81200834	3344849	65261815
10	fan-in/1024/base	ir	7080468	48145	3734868
10	fan-in/1024/base	cfg	11013190	0	0
10	fan-in/1024/base	emission_exclusive	780689420	31527604	618738748
10	fan-in/1024/base	serialization	1902249	8142	4248310
10	fan-in/1024/base	combined	800685738	31583891	626721926
10	nested-loop/64/base	ir	120828	3009	229111
10	nested-loop/64/base	cfg	188988	0	0
10	nested-loop/64/base	emission_exclusive	4015960	149718	2837421
10	nested-loop/64/base	serialization	1338733	13198	348803
10	nested-loop/64/base	combined	5664629	165925	3415335
10	nested-loop/256/base	ir	621426	12036	921000
10	nested-loop/256/base	cfg	2282950	0	0
10	nested-loop/256/base	emission_exclusive	15013971	576567	15976260
10	nested-loop/256/base	serialization	5067368	48528	1356497
10	nested-loop/256/base	combined	22985815	637131	18253757
10	nested-loop/1024/base	ir	5961200	48138	3687985
10	nested-loop/1024/base	cfg	41810646	0	0
10	nested-loop/1024/base	emission_exclusive	59453963	2283847	143759634
10	nested-loop/1024/base	serialization	20147975	189842	5387591
10	nested-loop/1024/base	combined	127374105	2521827	152835210
10	multi-exit/64/base	ir	120719	2990	231132
10	multi-exit/64/base	cfg	83909	0	0
10	multi-exit/64/base	emission_exclusive	25743043	1038325	19436690
10	multi-exit/64/base	serialization	5404577	46594	569880
10	multi-exit/64/base	combined	31352378	1087909	20237702
10	multi-exit/256/base	ir	671490	12025	931853
10	multi-exit/256/base	cfg	596408	0	0
10	multi-exit/256/base	emission_exclusive	111597241	4980175	93574527
10	multi-exit/256/base	serialization	927044	8140	1101950
10	multi-exit/256/base	combined	113792364	5000340	95608330
10	multi-exit/1024/base	ir	6996369	48135	3734166
10	multi-exit/1024/base	cfg	12367323	0	0
10	multi-exit/1024/base	emission_exclusive	887213951	37208916	724828775
10	multi-exit/1024/base	serialization	1866973	8142	4248630
10	multi-exit/1024/base	combined	908444866	37265193	732811571
10	no-exit/64/base	ir	116901	3018	229199
10	no-exit/64/base	cfg	122492	0	0
10	no-exit/64/base	emission_exclusive	3672740	137678	2442687
10	no-exit/64/base	serialization	1241119	12278	343391
10	no-exit/64/base	combined	5153372	152974	3015277
10	no-exit/256/base	ir	630163	12045	921088
10	no-exit/256/base	cfg	1537079	0	0
10	no-exit/256/base	emission_exclusive	14197986	547235	13059068
10	no-exit/256/base	serialization	4795454	47608	1349547
10	no-exit/256/base	combined	21160792	606888	15329703
10	no-exit/1024/base	ir	5829300	48147	3688073
10	no-exit/1024/base	cfg	28651436	0	0
10	no-exit/1024/base	emission_exclusive	57259100	2185382	106422336
10	no-exit/1024/base	serialization	19140018	188922	5374495
10	no-exit/1024/base	combined	110880155	2422451	115484904
10	irreducible/64/base	ir	118564	3014	231355
10	irreducible/64/base	cfg	89389	0	0
10	irreducible/64/base	emission_exclusive	381454192	13761714	204732406
10	irreducible/64/base	serialization	4733968	61038	628259
10	irreducible/64/base	combined	386396234	13825766	205592020
10	irreducible/256/base	ir	660741	12045	930636
10	irreducible/256/base	cfg	1145017	0	0
10	irreducible/256/base	emission_exclusive	1080183399	38938265	424485411
10	irreducible/256/base	serialization	5110992	61040	1417299
10	irreducible/256/base	combined	1087100269	39011350	426833346
10	irreducible/1024/base	ir	6244456	48151	3727189
10	irreducible/1024/base	cfg	19850301	0	0
10	irreducible/1024/base	emission_exclusive	2971821991	106343842	1096707811
10	irreducible/1024/base	serialization	6503457	61042	4573269
10	irreducible/1024/base	combined	3004420375	106453035	1105008269
11	linear/64/base	ir	135576	3008	229014
11	linear/64/base	cfg	119166	0	0
11	linear/64/base	emission_exclusive	3476799	132901	2319001
11	linear/64/base	serialization	1165245	12094	341915
11	linear/64/base	combined	4896997	148003	2889930
11	linear/64/light	ir	131619	3415	247192
11	linear/64/light	cfg	88187	0	0
11	linear/64/light	emission_exclusive	3639096	147950	2532872
11	linear/64/light	serialization	1152631	12094	341531
11	linear/64/light	combined	5011664	163459	3121595
11	linear/64/heavy	ir	463277	9622	905081
11	linear/64/heavy	cfg	90181	0	0
11	linear/64/heavy	emission_exclusive	10364261	304273	7017602
11	linear/64/heavy	serialization	4121059	12096	1167973
11	linear/64/heavy	combined	15038938	325991	9090656
11	linear/256/base	ir	611447	12035	920903
11	linear/256/base	cfg	1432370	0	0
11	linear/256/base	emission_exclusive	13373306	526712	12403352
11	linear/256/base	serialization	4649438	47424	1346537
11	linear/256/base	combined	20066691	586171	14670792
11	linear/256/light	ir	693312	13656	991497
11	linear/256/light	cfg	1297234	0	0
11	linear/256/light	emission_exclusive	14485291	587752	13275990
11	linear/256/light	serialization	4617768	47424	1345097
11	linear/256/light	combined	21093715	648832	15612584
11	linear/256/heavy	ir	2694809	38488	3624490
11	linear/256/heavy	cfg	1121562	0	0
11	linear/256/heavy	emission_exclusive	41464131	1209433	31175155
11	linear/256/heavy	serialization	16170289	47426	4650931
11	linear/256/heavy	combined	61450931	1295347	39450576
11	linear/1024/base	ir	5546745	48137	3687888
11	linear/1024/base	cfg	23526749	0	0
11	linear/1024/base	emission_exclusive	53409024	2101884	101426946
11	linear/1024/base	serialization	19728872	188738	5365343
11	linear/1024/base	combined	102211660	2338759	110480177
11	linear/1024/light	ir	6646287	54622	3970450
11	linear/1024/light	cfg	22223483	0	0
11	linear/1024/light	emission_exclusive	57599523	2346883	104935712
11	linear/1024/light	serialization	18919470	188738	5359679
11	linear/1024/light	combined	105388933	2590243	114265841
11	linear/1024/heavy	ir	26345553	153950	14502323
11	linear/1024/heavy	cfg	22007223	0	0
11	linear/1024/heavy	emission_exclusive	166446189	4830132	176508472
11	linear/1024/heavy	serialization	68945694	188740	18583081
11	linear/1024/heavy	combined	283744919	5172822	209593876
11	diamond-chain/64/base	ir	125448	3014	230397
11	diamond-chain/64/base	cfg	111090	0	0
11	diamond-chain/64/base	emission_exclusive	5282696	225845	3714034
11	diamond-chain/64/base	serialization	1407323	17982	373065
11	diamond-chain/64/base	combined	6926707	246841	4317496
11	diamond-chain/64/light	ir	124986	3421	248575
11	diamond-chain/64/light	cfg	103266	0	0
11	diamond-chain/64/light	emission_exclusive	5559790	242545	3960954
11	diamond-chain/64/light	serialization	1404398	17982	372681
11	diamond-chain/64/light	combined	7192520	263948	4582210
11	diamond-chain/64/heavy	ir	388896	9628	906464
11	diamond-chain/64/heavy	cfg	101382	0	0
11	diamond-chain/64/heavy	emission_exclusive	14240226	486163	9978456
11	diamond-chain/64/heavy	serialization	4461101	17984	1199123
11	diamond-chain/64/heavy	combined	19191715	513775	12084043
11	diamond-chain/256/base	ir	624401	12045	926798
11	diamond-chain/256/base	cfg	1218657	0	0
11	diamond-chain/256/base	emission_exclusive	20749543	897470	17597948
11	diamond-chain/256/base	serialization	5568838	70976	1471095
11	diamond-chain/256/base	combined	28161599	980491	19995841
11	diamond-chain/256/light	ir	724961	13666	997392
11	diamond-chain/256/light	cfg	1207445	0	0
11	diamond-chain/256/light	emission_exclusive	21896935	965199	18603715
11	diamond-chain/256/light	serialization	5319276	70976	1469655
11	diamond-chain/256/light	combined	29148787	1049841	21070762
11	diamond-chain/256/heavy	ir	2301355	38498	3630385
11	diamond-chain/256/heavy	cfg	1198418	0	0
11	diamond-chain/256/heavy	emission_exclusive	56467882	1938175	42664308
11	diamond-chain/256/heavy	serialization	17708128	70978	4775489
11	diamond-chain/256/heavy	combined	77675973	2047651	51070182
11	diamond-chain/1024/base	ir	5717869	48151	3711831
11	diamond-chain/1024/base	cfg	20715890	0	0
11	diamond-chain/1024/base	emission_exclusive	82480374	3585414	116314962
11	diamond-chain/1024/base	serialization	21909488	282946	5863533
11	diamond-chain/1024/base	combined	130823792	3916511	125890326
11	diamond-chain/1024/light	ir	7035643	54636	3994393
11	diamond-chain/1024/light	cfg	18153020	0	0
11	diamond-chain/1024/light	emission_exclusive	87804889	3857263	120357625
11	diamond-chain/1024/light	serialization	21597489	282946	5857869
11	diamond-chain/1024/light	combined	134591222	4194845	130209887
11	diamond-chain/1024/heavy	ir	24376286	153964	14526266
11	diamond-chain/1024/heavy	cfg	20268242	0	0
11	diamond-chain/1024/heavy	emission_exclusive	228117668	7747807	216606437
11	diamond-chain/1024/heavy	serialization	71643448	282948	19081271
11	diamond-chain/1024/heavy	combined	344405985	8184719	250213974
11	fan-in/64/base	ir	128995	3012	231834
11	fan-in/64/base	cfg	75142	0	0
11	fan-in/64/base	emission_exclusive	20773148	361039	7738269
11	fan-in/64/base	serialization	3714058	23502	433675
11	fan-in/64/base	combined	24691473	387553	8403778
11	fan-in/256/base	ir	672953	12041	932555
11	fan-in/256/base	cfg	563146	0	0
11	fan-in/256/base	emission_exclusive	78673651	3324668	63227648
11	fan-in/256/base	serialization	937424	8140	1101612
11	fan-in/256/base	combined	80847334	3344849	65261815
11	fan-in/1024/base	ir	6899566	48145	3734868
11	fan-in/1024/base	cfg	10542089	0	0
11	fan-in/1024/base	emission_exclusive	779611395	31527604	618738748
11	fan-in/1024/base	serialization	1855160	8142	4248310
11	fan-in/1024/base	combined	798908380	31583891	626721926
11	nested-loop/64/base	ir	114887	3009	229111
11	nested-loop/64/base	cfg	185160	0	0
11	nested-loop/64/base	emission_exclusive	4028684	149718	2837421
11	nested-loop/64/base	serialization	1243734	13198	348803
11	nested-loop/64/base	combined	5572615	165925	3415335
11	nested-loop/256/base	ir	614082	12036	921000
11	nested-loop/256/base	cfg	2275686	0	0
11	nested-loop/256/base	emission_exclusive	15144537	576567	15976260
11	nested-loop/256/base	serialization	5076276	48528	1356497
11	nested-loop/256/base	combined	23110691	637131	18253757
11	nested-loop/1024/base	ir	5453600	48138	3687985
11	nested-loop/1024/base	cfg	39996754	0	0
11	nested-loop/1024/base	emission_exclusive	59852967	2283847	143759634
11	nested-loop/1024/base	serialization	19366106	189842	5387591
11	nested-loop/1024/base	combined	124669627	2521827	152835210
11	multi-exit/64/base	ir	117121	2990	231132
11	multi-exit/64/base	cfg	80723	0	0
11	multi-exit/64/base	emission_exclusive	25734195	1038325	19436690
11	multi-exit/64/base	serialization	5715285	46594	569880
11	multi-exit/64/base	combined	31647465	1087909	20237702
11	multi-exit/256/base	ir	669838	12025	931853
11	multi-exit/256/base	cfg	569568	0	0
11	multi-exit/256/base	emission_exclusive	111293515	4980175	93574527
11	multi-exit/256/base	serialization	930039	8140	1101950
11	multi-exit/256/base	combined	113463131	5000340	95608330
11	multi-exit/1024/base	ir	6893143	48135	3734166
11	multi-exit/1024/base	cfg	12481108	0	0
11	multi-exit/1024/base	emission_exclusive	887298526	37208916	724828775
11	multi-exit/1024/base	serialization	1884426	8142	4248630
11	multi-exit/1024/base	combined	908557363	37265193	732811571
11	no-exit/64/base	ir	111962	3018	229199
11	no-exit/64/base	cfg	121189	0	0
11	no-exit/64/base	emission_exclusive	3679532	137678	2442687
11	no-exit/64/base	serialization	1266356	12278	343391
11	no-exit/64/base	combined	5179159	152974	3015277
11	no-exit/256/base	ir	625634	12045	921088
11	no-exit/256/base	cfg	1501191	0	0
11	no-exit/256/base	emission_exclusive	14298837	547235	13059068
11	no-exit/256/base	serialization	4946791	47608	1349547
11	no-exit/256/base	combined	21372573	606888	15329703
11	no-exit/1024/base	ir	5590579	48147	3688073
11	no-exit/1024/base	cfg	28033777	0	0
11	no-exit/1024/base	emission_exclusive	57725382	2185382	106422336
11	no-exit/1024/base	serialization	19443812	188922	5374495
11	no-exit/1024/base	combined	110793800	2422451	115484904
11	irreducible/64/base	ir	118705	3014	231355
11	irreducible/64/base	cfg	90631	0	0
11	irreducible/64/base	emission_exclusive	372910222	13761714	204732406
11	irreducible/64/base	serialization	4752774	61038	628259
11	irreducible/64/base	combined	377872452	13825766	205592020
11	irreducible/256/base	ir	651573	12045	930636
11	irreducible/256/base	cfg	1151569	0	0
11	irreducible/256/base	emission_exclusive	1069255775	38938265	424485411
11	irreducible/256/base	serialization	5075784	61040	1417299
11	irreducible/256/base	combined	1076134922	39011350	426833346
11	irreducible/1024/base	ir	6251710	48151	3727189
11	irreducible/1024/base	cfg	19689407	0	0
11	irreducible/1024/base	emission_exclusive	2969685718	106343842	1096707811
11	irreducible/1024/base	serialization	6477868	61042	4573269
11	irreducible/1024/base	combined	3002104903	106453035	1105008269
12	linear/64/base	ir	137600	3008	229014
12	linear/64/base	cfg	111802	0	0
12	linear/64/base	emission_exclusive	3466700	132901	2319001
12	linear/64/base	serialization	1160526	12094	341915
12	linear/64/base	combined	4876858	148003	2889930
12	linear/64/light	ir	130467	3415	247192
12	linear/64/light	cfg	89439	0	0
12	linear/64/light	emission_exclusive	3664755	147950	2532872
12	linear/64/light	serialization	1168030	12094	341531
12	linear/64/light	combined	5052801	163459	3121595
12	linear/64/heavy	ir	462956	9622	905081
12	linear/64/heavy	cfg	89640	0	0
12	linear/64/heavy	emission_exclusive	10229917	304273	7017602
12	linear/64/heavy	serialization	4012032	12096	1167973
12	linear/64/heavy	combined	14794705	325991	9090656
12	linear/256/base	ir	613351	12035	920903
12	linear/256/base	cfg	1441148	0	0
12	linear/256/base	emission_exclusive	13064971	526712	12403352
12	linear/256/base	serialization	4370811	47424	1346537
12	linear/256/base	combined	19490451	586171	14670792
12	linear/256/light	ir	689524	13656	991497
12	linear/256/light	cfg	1257469	0	0
12	linear/256/light	emission_exclusive	14154013	587752	13275990
12	linear/256/light	serialization	4395618	47424	1345097
12	linear/256/light	combined	20496765	648832	15612584
12	linear/256/heavy	ir	2479331	38488	3624490
12	linear/256/heavy	cfg	1112125	0	0
12	linear/256/heavy	emission_exclusive	40406228	1209433	31175155
12	linear/256/heavy	serialization	16239408	47426	4650931
12	linear/256/heavy	combined	60237263	1295347	39450576
12	linear/1024/base	ir	5510958	48137	3687888
12	linear/1024/base	cfg	23370993	0	0
12	linear/1024/base	emission_exclusive	52235491	2101884	101426946
12	linear/1024/base	serialization	17778522	188738	5365343
12	linear/1024/base	combined	98896315	2338759	110480177
12	linear/1024/light	ir	6716490	54622	3970450
12	linear/1024/light	cfg	22210166	0	0
12	linear/1024/light	emission_exclusive	56615401	2346883	104935712
12	linear/1024/light	serialization	17821702	188738	5359679
12	linear/1024/light	combined	103363949	2590243	114265841
12	linear/1024/heavy	ir	26498031	153950	14502323
12	linear/1024/heavy	cfg	21476759	0	0
12	linear/1024/heavy	emission_exclusive	160486509	4830132	176508472
12	linear/1024/heavy	serialization	62936210	188740	18583081
12	linear/1024/heavy	combined	271397850	5172822	209593876
12	diamond-chain/64/base	ir	138842	3014	230397
12	diamond-chain/64/base	cfg	111110	0	0
12	diamond-chain/64/base	emission_exclusive	5347779	225845	3714034
12	diamond-chain/64/base	serialization	1341769	17982	373065
12	diamond-chain/64/base	combined	6939721	246841	4317496
12	diamond-chain/64/light	ir	131720	3421	248575
12	diamond-chain/64/light	cfg	103345	0	0
12	diamond-chain/64/light	emission_exclusive	5576733	242545	3960954
12	diamond-chain/64/light	serialization	1322412	17982	372681
12	diamond-chain/64/light	combined	7134320	263948	4582210
12	diamond-chain/64/heavy	ir	400618	9628	906464
12	diamond-chain/64/heavy	cfg	100921	0	0
12	diamond-chain/64/heavy	emission_exclusive	14130879	486163	9978456
12	diamond-chain/64/heavy	serialization	4148399	17984	1199123
12	diamond-chain/64/heavy	combined	18780958	513775	12084043
12	diamond-chain/256/base	ir	639450	12045	926798
12	diamond-chain/256/base	cfg	1234877	0	0
12	diamond-chain/256/base	emission_exclusive	20437303	897470	17597948
12	diamond-chain/256/base	serialization	5319415	70976	1471095
12	diamond-chain/256/base	combined	27631155	980491	19995841
12	diamond-chain/256/light	ir	732316	13666	997392
12	diamond-chain/256/light	cfg	1206894	0	0
12	diamond-chain/256/light	emission_exclusive	21788429	965199	18603715
12	diamond-chain/256/light	serialization	5299488	70976	1469655
12	diamond-chain/256/light	combined	29027247	1049841	21070762
12	diamond-chain/256/heavy	ir	2357852	38498	3630385
12	diamond-chain/256/heavy	cfg	1229998	0	0
12	diamond-chain/256/heavy	emission_exclusive	55930443	1938175	42664308
12	diamond-chain/256/heavy	serialization	17222939	70978	4775489
12	diamond-chain/256/heavy	combined	76741463	2047651	51070182
12	diamond-chain/1024/base	ir	6116104	48151	3711831
12	diamond-chain/1024/base	cfg	21768181	0	0
12	diamond-chain/1024/base	emission_exclusive	84230274	3585414	116314962
12	diamond-chain/1024/base	serialization	22610594	282946	5863533
12	diamond-chain/1024/base	combined	134725563	3916511	125890326
12	diamond-chain/1024/light	ir	7253756	54636	3994393
12	diamond-chain/1024/light	cfg	19212445	0	0
12	diamond-chain/1024/light	emission_exclusive	89319583	3857263	120357625
12	diamond-chain/1024/light	serialization	21875814	282946	5857869
12	diamond-chain/1024/light	combined	137661869	4194845	130209887
12	diamond-chain/1024/heavy	ir	24514908	153964	14526266
12	diamond-chain/1024/heavy	cfg	20572498	0	0
12	diamond-chain/1024/heavy	emission_exclusive	231413439	7747807	216606437
12	diamond-chain/1024/heavy	serialization	72350254	282948	19081271
12	diamond-chain/1024/heavy	combined	348851400	8184719	250213974
12	fan-in/64/base	ir	123995	3012	231834
12	fan-in/64/base	cfg	72207	0	0
12	fan-in/64/base	emission_exclusive	20697053	361039	7738269
12	fan-in/64/base	serialization	3828866	23502	433675
12	fan-in/64/base	combined	24722261	387553	8403778
12	fan-in/256/base	ir	681620	12041	932555
12	fan-in/256/base	cfg	550952	0	0
12	fan-in/256/base	emission_exclusive	78548223	3324668	63227648
12	fan-in/256/base	serialization	958063	8140	1101612
12	fan-in/256/base	combined	80738998	3344849	65261815
12	fan-in/1024/base	ir	6927959	48145	3734868
12	fan-in/1024/base	cfg	10455945	0	0
12	fan-in/1024/base	emission_exclusive	781274577	31527604	618738748
12	fan-in/1024/base	serialization	1848618	8142	4248310
12	fan-in/1024/base	combined	800507389	31583891	626721926
12	nested-loop/64/base	ir	116391	3009	229111
12	nested-loop/64/base	cfg	181754	0	0
12	nested-loop/64/base	emission_exclusive	4049372	149718	2837421
12	nested-loop/64/base	serialization	1258902	13198	348803
12	nested-loop/64/base	combined	5606579	165925	3415335
12	nested-loop/256/base	ir	631645	12036	921000
12	nested-loop/256/base	cfg	2268874	0	0
12	nested-loop/256/base	emission_exclusive	15274252	576567	15976260
12	nested-loop/256/base	serialization	5138674	48528	1356497
12	nested-loop/256/base	combined	23313555	637131	18253757
12	nested-loop/1024/base	ir	5847765	48138	3687985
12	nested-loop/1024/base	cfg	40426086	0	0
12	nested-loop/1024/base	emission_exclusive	60687836	2283847	143759634
12	nested-loop/1024/base	serialization	20424278	189842	5387591
12	nested-loop/1024/base	combined	127386255	2521827	152835210
12	multi-exit/64/base	ir	121921	2990	231132
12	multi-exit/64/base	cfg	83949	0	0
12	multi-exit/64/base	emission_exclusive	26096090	1038325	19436690
12	multi-exit/64/base	serialization	5601349	46594	569880
12	multi-exit/64/base	combined	31903449	1087909	20237702
12	multi-exit/256/base	ir	681900	12025	931853
12	multi-exit/256/base	cfg	567875	0	0
12	multi-exit/256/base	emission_exclusive	112053722	4980175	93574527
12	multi-exit/256/base	serialization	965297	8140	1101950
12	multi-exit/256/base	combined	114268964	5000340	95608330
12	multi-exit/1024/base	ir	7059819	48135	3734166
12	multi-exit/1024/base	cfg	12536311	0	0
12	multi-exit/1024/base	emission_exclusive	890404906	37208916	724828775
12	multi-exit/1024/base	serialization	1846725	8142	4248630
12	multi-exit/1024/base	combined	911848052	37265193	732811571
12	no-exit/64/base	ir	115048	3018	229199
12	no-exit/64/base	cfg	122441	0	0
12	no-exit/64/base	emission_exclusive	3702517	137678	2442687
12	no-exit/64/base	serialization	1237992	12278	343391
12	no-exit/64/base	combined	5178108	152974	3015277
12	no-exit/256/base	ir	625654	12045	921088
12	no-exit/256/base	cfg	1516430	0	0
12	no-exit/256/base	emission_exclusive	14457156	547235	13059068
12	no-exit/256/base	serialization	5005081	47608	1349547
12	no-exit/256/base	combined	21604481	606888	15329703
12	no-exit/1024/base	ir	5825132	48147	3688073
12	no-exit/1024/base	cfg	28301734	0	0
12	no-exit/1024/base	emission_exclusive	58085442	2185382	106422336
12	no-exit/1024/base	serialization	19773726	188922	5374495
12	no-exit/1024/base	combined	111986595	2422451	115484904
12	irreducible/64/base	ir	123323	3014	231355
12	irreducible/64/base	cfg	94278	0	0
12	irreducible/64/base	emission_exclusive	381391493	13761714	204732406
12	irreducible/64/base	serialization	4699213	61038	628259
12	irreducible/64/base	combined	386308457	13825766	205592020
12	irreducible/256/base	ir	664397	12045	930636
12	irreducible/256/base	cfg	1151659	0	0
12	irreducible/256/base	emission_exclusive	1076910658	38938265	424485411
12	irreducible/256/base	serialization	5275874	61040	1417299
12	irreducible/256/base	combined	1084002749	39011350	426833346
12	irreducible/1024/base	ir	6322745	48151	3727189
12	irreducible/1024/base	cfg	21401847	0	0
12	irreducible/1024/base	emission_exclusive	2975450036	106343842	1096707811
12	irreducible/1024/base	serialization	6454283	61042	4573269
12	irreducible/1024/base	combined	3009629091	106453035	1105008269
13	linear/64/base	ir	141578	3008	229014
13	linear/64/base	cfg	115529	0	0
13	linear/64/base	emission_exclusive	3503510	132901	2319001
13	linear/64/base	serialization	1166337	12094	341915
13	linear/64/base	combined	4927304	148003	2889930
13	linear/64/light	ir	131448	3415	247192
13	linear/64/light	cfg	88527	0	0
13	linear/64/light	emission_exclusive	3656990	147950	2532872
13	linear/64/light	serialization	1182007	12094	341531
13	linear/64/light	combined	5059052	163459	3121595
13	linear/64/heavy	ir	468676	9622	905081
13	linear/64/heavy	cfg	91744	0	0
13	linear/64/heavy	emission_exclusive	10314778	304273	7017602
13	linear/64/heavy	serialization	3995340	12096	1167973
13	linear/64/heavy	combined	14870648	325991	9090656
13	linear/256/base	ir	615234	12035	920903
13	linear/256/base	cfg	1384770	0	0
13	linear/256/base	emission_exclusive	13061606	526712	12403352
13	linear/256/base	serialization	4555200	47424	1346537
13	linear/256/base	combined	19616920	586171	14670792
13	linear/256/light	ir	689875	13656	991497
13	linear/256/light	cfg	1252880	0	0
13	linear/256/light	emission_exclusive	14117875	587752	13275990
13	linear/256/light	serialization	4758524	47424	1345097
13	linear/256/light	combined	20819254	648832	15612584
13	linear/256/heavy	ir	2775061	38488	3624490
13	linear/256/heavy	cfg	1099310	0	0
13	linear/256/heavy	emission_exclusive	40145335	1209433	31175155
13	linear/256/heavy	serialization	16753932	47426	4650931
13	linear/256/heavy	combined	60773758	1295347	39450576
13	linear/1024/base	ir	5706709	48137	3687888
13	linear/1024/base	cfg	22778904	0	0
13	linear/1024/base	emission_exclusive	52448815	2101884	101426946
13	linear/1024/base	serialization	18842164	188738	5365343
13	linear/1024/base	combined	99776792	2338759	110480177
13	linear/1024/light	ir	6917059	54622	3970450
13	linear/1024/light	cfg	21396507	0	0
13	linear/1024/light	emission_exclusive	57122199	2346883	104935712
13	linear/1024/light	serialization	18717658	188738	5359679
13	linear/1024/light	combined	104153593	2590243	114265841
13	linear/1024/heavy	ir	26647694	153950	14502323
13	linear/1024/heavy	cfg	21314281	0	0
13	linear/1024/heavy	emission_exclusive	160439379	4830132	176508472
13	linear/1024/heavy	serialization	68564260	188740	18583081
13	linear/1024/heavy	combined	276965914	5172822	209593876
13	diamond-chain/64/base	ir	138112	3014	230397
13	diamond-chain/64/base	cfg	110920	0	0
13	diamond-chain/64/base	emission_exclusive	5377034	225845	3714034
13	diamond-chain/64/base	serialization	1362208	17982	373065
13	diamond-chain/64/base	combined	6988464	246841	4317496
13	diamond-chain/64/light	ir	132100	3421	248575
13	diamond-chain/64/light	cfg	104598	0	0
13	diamond-chain/64/light	emission_exclusive	5655231	242545	3960954
13	diamond-chain/64/light	serialization	1356616	17982	372681
13	diamond-chain/64/light	combined	7248647	263948	4582210
13	diamond-chain/64/heavy	ir	394707	9628	906464
13	diamond-chain/64/heavy	cfg	101382	0	0
13	diamond-chain/64/heavy	emission_exclusive	14448991	486163	9978456
13	diamond-chain/64/heavy	serialization	4212772	17984	1199123
13	diamond-chain/64/heavy	combined	19157942	513775	12084043
13	diamond-chain/256/base	ir	652214	12045	926798
13	diamond-chain/256/base	cfg	1219267	0	0
13	diamond-chain/256/base	emission_exclusive	20746257	897470	17597948
13	diamond-chain/256/base	serialization	5567715	70976	1471095
13	diamond-chain/256/base	combined	28185543	980491	19995841
13	diamond-chain/256/light	ir	722006	13666	997392
13	diamond-chain/256/light	cfg	1187627	0	0
13	diamond-chain/256/light	emission_exclusive	22153460	965199	18603715
13	diamond-chain/256/light	serialization	5642817	70976	1469655
13	diamond-chain/256/light	combined	29706011	1049841	21070762
13	diamond-chain/256/heavy	ir	2336060	38498	3630385
13	diamond-chain/256/heavy	cfg	1212595	0	0
13	diamond-chain/256/heavy	emission_exclusive	57365008	1938175	42664308
13	diamond-chain/256/heavy	serialization	17742232	70978	4775489
13	diamond-chain/256/heavy	combined	78655995	2047651	51070182
13	diamond-chain/1024/base	ir	6007398	48151	3711831
13	diamond-chain/1024/base	cfg	21395777	0	0
13	diamond-chain/1024/base	emission_exclusive	83529646	3585414	116314962
13	diamond-chain/1024/base	serialization	21975994	282946	5863533
13	diamond-chain/1024/base	combined	132909065	3916511	125890326
13	diamond-chain/1024/light	ir	6900858	54636	3994393
13	diamond-chain/1024/light	cfg	18153741	0	0
13	diamond-chain/1024/light	emission_exclusive	88647942	3857263	120357625
13	diamond-chain/1024/light	serialization	22191902	282946	5857869
13	diamond-chain/1024/light	combined	135894624	4194845	130209887
13	diamond-chain/1024/heavy	ir	24448011	153964	14526266
13	diamond-chain/1024/heavy	cfg	19706619	0	0
13	diamond-chain/1024/heavy	emission_exclusive	226693147	7747807	216606437
13	diamond-chain/1024/heavy	serialization	67942913	282948	19081271
13	diamond-chain/1024/heavy	combined	338790841	8184719	250213974
13	fan-in/64/base	ir	118394	3012	231834
13	fan-in/64/base	cfg	68279	0	0
13	fan-in/64/base	emission_exclusive	20788057	361039	7738269
13	fan-in/64/base	serialization	3781004	23502	433675
13	fan-in/64/base	combined	24755834	387553	8403778
13	fan-in/256/base	ir	666592	12041	932555
13	fan-in/256/base	cfg	532828	0	0
13	fan-in/256/base	emission_exclusive	78888586	3324668	63227648
13	fan-in/256/base	serialization	932875	8140	1101612
13	fan-in/256/base	combined	81021011	3344849	65261815
13	fan-in/1024/base	ir	6860622	48145	3734868
13	fan-in/1024/base	cfg	7055130	0	0
13	fan-in/1024/base	emission_exclusive	781939620	31527604	618738748
13	fan-in/1024/base	serialization	1814503	8142	4248310
13	fan-in/1024/base	combined	797670035	31583891	626721926
13	nested-loop/64/base	ir	114086	3009	229111
13	nested-loop/64/base	cfg	183187	0	0
13	nested-loop/64/base	emission_exclusive	4032440	149718	2837421
13	nested-loop/64/base	serialization	1283328	13198	348803
13	nested-loop/64/base	combined	5613171	165925	3415335
13	nested-loop/256/base	ir	619272	12036	921000
13	nested-loop/256/base	cfg	2271027	0	0
13	nested-loop/256/base	emission_exclusive	15113628	576567	15976260
13	nested-loop/256/base	serialization	5125770	48528	1356497
13	nested-loop/256/base	combined	23129787	637131	18253757
13	nested-loop/1024/base	ir	5684967	48138	3687985
13	nested-loop/1024/base	cfg	35637935	0	0
13	nested-loop/1024/base	emission_exclusive	59500820	2283847	143759634
13	nested-loop/1024/base	serialization	19697031	189842	5387591
13	nested-loop/1024/base	combined	120520873	2521827	152835210
13	multi-exit/64/base	ir	116490	2990	231132
13	multi-exit/64/base	cfg	79300	0	0
13	multi-exit/64/base	emission_exclusive	25948100	1038325	19436690
13	multi-exit/64/base	serialization	5539242	46594	569880
13	multi-exit/64/base	combined	31683263	1087909	20237702
13	multi-exit/256/base	ir	676500	12025	931853
13	multi-exit/256/base	cfg	563546	0	0
13	multi-exit/256/base	emission_exclusive	111175379	4980175	93574527
13	multi-exit/256/base	serialization	951410	8140	1101950
13	multi-exit/256/base	combined	113366956	5000340	95608330
13	multi-exit/1024/base	ir	6962976	48135	3734166
13	multi-exit/1024/base	cfg	7867547	0	0
13	multi-exit/1024/base	emission_exclusive	882400806	37208916	724828775
13	multi-exit/1024/base	serialization	1844400	8142	4248630
13	multi-exit/1024/base	combined	899075969	37265193	732811571
13	no-exit/64/base	ir	112794	3018	229199
13	no-exit/64/base	cfg	120518	0	0
13	no-exit/64/base	emission_exclusive	3660427	137678	2442687
13	no-exit/64/base	serialization	1228033	12278	343391
13	no-exit/64/base	combined	5121862	152974	3015277
13	no-exit/256/base	ir	624121	12045	921088
13	no-exit/256/base	cfg	1500238	0	0
13	no-exit/256/base	emission_exclusive	14199078	547235	13059068
13	no-exit/256/base	serialization	4790435	47608	1349547
13	no-exit/256/base	combined	21113962	606888	15329703
13	no-exit/1024/base	ir	5719923	48147	3688073
13	no-exit/1024/base	cfg	24331230	0	0
13	no-exit/1024/base	emission_exclusive	56721601	2185382	106422336
13	no-exit/1024/base	serialization	19135759	188922	5374495
13	no-exit/1024/base	combined	105908703	2422451	115484904
13	irreducible/64/base	ir	119746	3014	231355
13	irreducible/64/base	cfg	90391	0	0
13	irreducible/64/base	emission_exclusive	371732573	13761714	204732406
13	irreducible/64/base	serialization	4624652	61038	628259
13	irreducible/64/base	combined	376567482	13825766	205592020
13	irreducible/256/base	ir	649098	12045	930636
13	irreducible/256/base	cfg	1137512	0	0
13	irreducible/256/base	emission_exclusive	1077046068	38938265	424485411
13	irreducible/256/base	serialization	5087917	61040	1417299
13	irreducible/256/base	combined	1083920756	39011350	426833346
13	irreducible/1024/base	ir	6034169	48151	3727189
13	irreducible/1024/base	cfg	18111251	0	0
13	irreducible/1024/base	emission_exclusive	2972102332	106343842	1096707811
13	irreducible/1024/base	serialization	6540396	61042	4573269
13	irreducible/1024/base	combined	3002788348	106453035	1105008269
14	linear/64/base	ir	138412	3008	229014
14	linear/64/base	cfg	116059	0	0
14	linear/64/base	emission_exclusive	3459877	132901	2319001
14	linear/64/base	serialization	1151198	12094	341915
14	linear/64/base	combined	4865837	148003	2889930
14	linear/64/light	ir	131148	3415	247192
14	linear/64/light	cfg	94168	0	0
14	linear/64/light	emission_exclusive	3627094	147950	2532872
14	linear/64/light	serialization	1203237	12094	341531
14	linear/64/light	combined	5055767	163459	3121595
14	linear/64/heavy	ir	469879	9622	905081
14	linear/64/heavy	cfg	90521	0	0
14	linear/64/heavy	emission_exclusive	10250416	304273	7017602
14	linear/64/heavy	serialization	4157337	12096	1167973
14	linear/64/heavy	combined	14968293	325991	9090656
14	linear/256/base	ir	616597	12035	920903
14	linear/256/base	cfg	1379130	0	0
14	linear/256/base	emission_exclusive	13015508	526712	12403352
14	linear/256/base	serialization	4578534	47424	1346537
14	linear/256/base	combined	19589899	586171	14670792
14	linear/256/light	ir	695085	13656	991497
14	linear/256/light	cfg	1251498	0	0
14	linear/256/light	emission_exclusive	14193838	587752	13275990
14	linear/256/light	serialization	4657092	47424	1345097
14	linear/256/light	combined	20797623	648832	15612584
14	linear/256/heavy	ir	2818654	38488	3624490
14	linear/256/heavy	cfg	1110751	0	0
14	linear/256/heavy	emission_exclusive	40028062	1209433	31175155
14	linear/256/heavy	serialization	16898976	47426	4650931
14	linear/256/heavy	combined	60856553	1295347	39450576
14	linear/1024/base	ir	5720264	48137	3687888
14	linear/1024/base	cfg	23045226	0	0
14	linear/1024/base	emission_exclusive	52338095	2101884	101426946
14	linear/1024/base	serialization	19026953	188738	5365343
14	linear/1024/base	combined	100130920	2338759	110480177
14	linear/1024/light	ir	7249528	54622	3970450
14	linear/1024/light	cfg	21702585	0	0
14	linear/1024/light	emission_exclusive	56712062	2346883	104935712
14	linear/1024/light	serialization	18824030	188738	5359679
14	linear/1024/light	combined	104488355	2590243	114265841
14	linear/1024/heavy	ir	26694362	153950	14502323
14	linear/1024/heavy	cfg	22196230	0	0
14	linear/1024/heavy	emission_exclusive	160600751	4830132	176508472
14	linear/1024/heavy	serialization	63973251	188740	18583081
14	linear/1024/heavy	combined	273464964	5172822	209593876
14	diamond-chain/64/base	ir	123734	3014	230397
14	diamond-chain/64/base	cfg	110539	0	0
14	diamond-chain/64/base	emission_exclusive	5308275	225845	3714034
14	diamond-chain/64/base	serialization	1408075	17982	373065
14	diamond-chain/64/base	combined	6950833	246841	4317496
14	diamond-chain/64/light	ir	136448	3421	248575
14	diamond-chain/64/light	cfg	102784	0	0
14	diamond-chain/64/light	emission_exclusive	5574669	242545	3960954
14	diamond-chain/64/light	serialization	1404187	17982	372681
14	diamond-chain/64/light	combined	7218198	263948	4582210
14	diamond-chain/64/heavy	ir	379839	9628	906464
14	diamond-chain/64/heavy	cfg	100290	0	0
14	diamond-chain/64/heavy	emission_exclusive	14118405	486163	9978456
14	diamond-chain/64/heavy	serialization	4319212	17984	1199123
14	diamond-chain/64/heavy	combined	18917857	513775	12084043
14	diamond-chain/256/base	ir	644519	12045	926798
14	diamond-chain/256/base	cfg	1215730	0	0
14	diamond-chain/256/base	emission_exclusive	20507946	897470	17597948
14	diamond-chain/256/base	serialization	5499386	70976	1471095
14	diamond-chain/256/base	combined	27867691	980491	19995841
14	diamond-chain/256/light	ir	720503	13666	997392
14	diamond-chain/256/light	cfg	1180434	0	0
14	diamond-chain/256/light	emission_exclusive	21843642	965199	18603715
14	diamond-chain/256/light	serialization	5498585	70976	1469655
14	diamond-chain/256/light	combined	29243284	1049841	21070762
14	diamond-chain/256/heavy	ir	2312766	38498	3630385
14	diamond-chain/256/heavy	cfg	1211212	0	0
14	diamond-chain/256/heavy	emission_exclusive	55716518	1938175	42664308
14	diamond-chain/256/heavy	serialization	16959220	70978	4775489
14	diamond-chain/256/heavy	combined	76199856	2047651	51070182
14	diamond-chain/1024/base	ir	5846624	48151	3711831
14	diamond-chain/1024/base	cfg	20607754	0	0
14	diamond-chain/1024/base	emission_exclusive	83160697	3585414	116314962
14	diamond-chain/1024/base	serialization	21765785	282946	5863533
14	diamond-chain/1024/base	combined	131381031	3916511	125890326
14	diamond-chain/1024/light	ir	7112148	54636	3994393
14	diamond-chain/1024/light	cfg	18305778	0	0
14	diamond-chain/1024/light	emission_exclusive	85982227	3857263	120357625
14	diamond-chain/1024/light	serialization	21343807	282946	5857869
14	diamond-chain/1024/light	combined	132744140	4194845	130209887
14	diamond-chain/1024/heavy	ir	24240438	153964	14526266
14	diamond-chain/1024/heavy	cfg	21163085	0	0
14	diamond-chain/1024/heavy	emission_exclusive	220840588	7747807	216606437
14	diamond-chain/1024/heavy	serialization	69374611	282948	19081271
14	diamond-chain/1024/heavy	combined	335618883	8184719	250213974
14	fan-in/64/base	ir	123263	3012	231834
14	fan-in/64/base	cfg	71565	0	0
14	fan-in/64/base	emission_exclusive	20620018	361039	7738269
14	fan-in/64/base	serialization	3777257	23502	433675
14	fan-in/64/base	combined	24592263	387553	8403778
14	fan-in/256/base	ir	667734	12041	932555
14	fan-in/256/base	cfg	558817	0	0
14	fan-in/256/base	emission_exclusive	78894796	3324668	63227648
14	fan-in/256/base	serialization	949607	8140	1101612
14	fan-in/256/base	combined	81071084	3344849	65261815
14	fan-in/1024/base	ir	6801519	48145	3734868
14	fan-in/1024/base	cfg	10586913	0	0
14	fan-in/1024/base	emission_exclusive	783532839	31527604	618738748
14	fan-in/1024/base	serialization	1829702	8142	4248310
14	fan-in/1024/base	combined	802751135	31583891	626721926
14	nested-loop/64/base	ir	114477	3009	229111
14	nested-loop/64/base	cfg	182325	0	0
14	nested-loop/64/base	emission_exclusive	4016690	149718	2837421
14	nested-loop/64/base	serialization	1283369	13198	348803
14	nested-loop/64/base	combined	5596981	165925	3415335
14	nested-loop/256/base	ir	618931	12036	921000
14	nested-loop/256/base	cfg	2269123	0	0
14	nested-loop/256/base	emission_exclusive	15137254	576567	15976260
14	nested-loop/256/base	serialization	4916362	48528	1356497
14	nested-loop/256/base	combined	22941790	637131	18253757
14	nested-loop/1024/base	ir	5468867	48138	3687985
14	nested-loop/1024/base	cfg	40267395	0	0
14	nested-loop/1024/base	emission_exclusive	59648278	2283847	143759634
14	nested-loop/1024/base	serialization	19975207	189842	5387591
14	nested-loop/1024/base	combined	125359898	2521827	152835210
14	multi-exit/64/base	ir	118244	2990	231132
14	multi-exit/64/base	cfg	80021	0	0
14	multi-exit/64/base	emission_exclusive	25881964	1038325	19436690
14	multi-exit/64/base	serialization	5799023	46594	569880
14	multi-exit/64/base	combined	31879503	1087909	20237702
14	multi-exit/256/base	ir	689745	12025	931853
14	multi-exit/256/base	cfg	665570	0	0
14	multi-exit/256/base	emission_exclusive	112765555	4980175	93574527
14	multi-exit/256/base	serialization	951801	8140	1101950
14	multi-exit/256/base	combined	115072922	5000340	95608330
14	multi-exit/1024/base	ir	6718282	48135	3734166
14	multi-exit/1024/base	cfg	12639397	0	0
14	multi-exit/1024/base	emission_exclusive	891795494	37208916	724828775
14	multi-exit/1024/base	serialization	1850091	8142	4248630
14	multi-exit/1024/base	combined	913003445	37265193	732811571
14	no-exit/64/base	ir	112803	3018	229199
14	no-exit/64/base	cfg	121740	0	0
14	no-exit/64/base	emission_exclusive	3683541	137678	2442687
14	no-exit/64/base	serialization	1197606	12278	343391
14	no-exit/64/base	combined	5115820	152974	3015277
14	no-exit/256/base	ir	617057	12045	921088
14	no-exit/256/base	cfg	1519676	0	0
14	no-exit/256/base	emission_exclusive	14225667	547235	13059068
14	no-exit/256/base	serialization	5085102	47608	1349547
14	no-exit/256/base	combined	21447613	606888	15329703
14	no-exit/1024/base	ir	5632348	48147	3688073
14	no-exit/1024/base	cfg	27948814	0	0
14	no-exit/1024/base	emission_exclusive	57489153	2185382	106422336
14	no-exit/1024/base	serialization	19866180	188922	5374495
14	no-exit/1024/base	combined	110936926	2422451	115484904
14	irreducible/64/base	ir	116270	3014	231355
14	irreducible/64/base	cfg	90251	0	0
14	irreducible/64/base	emission_exclusive	375053521	13761714	204732406
14	irreducible/64/base	serialization	4785625	61038	628259
14	irreducible/64/base	combined	380045807	13825766	205592020
14	irreducible/256/base	ir	656703	12045	930636
14	irreducible/256/base	cfg	1134507	0	0
14	irreducible/256/base	emission_exclusive	1088776153	38938265	424485411
14	irreducible/256/base	serialization	5067528	61040	1417299
14	irreducible/256/base	combined	1095635081	39011350	426833346
14	irreducible/1024/base	ir	6015824	48151	3727189
14	irreducible/1024/base	cfg	20259716	0	0
14	irreducible/1024/base	emission_exclusive	3002525874	106343842	1096707811
14	irreducible/1024/base	serialization	7170949	61042	4573269
14	irreducible/1024/base	combined	3035972573	106453035	1105008269
