run	case	phase	nanos	alloc_count	alloc_bytes
0	linear/64/base	ir	143081	3008	229014
0	linear/64/base	cfg	120337	0	0
0	linear/64/base	emission_exclusive	3458816	132901	2319001
0	linear/64/base	serialization	1161438	12094	341915
0	linear/64/base	combined	4883922	148003	2889930
0	linear/64/light	ir	131148	3415	247192
0	linear/64/light	cfg	88648	0	0
0	linear/64/light	emission_exclusive	3646881	147950	2532872
0	linear/64/light	serialization	1192187	12094	341531
0	linear/64/light	combined	5058964	163459	3121595
0	linear/64/heavy	ir	485519	9622	905081
0	linear/64/heavy	cfg	88567	0	0
0	linear/64/heavy	emission_exclusive	10369114	304273	7017602
0	linear/64/heavy	serialization	4111190	12096	1167973
0	linear/64/heavy	combined	15054560	325991	9090656
0	linear/256/base	ir	616557	12035	920903
0	linear/256/base	cfg	1423213	0	0
0	linear/256/base	emission_exclusive	13100462	526712	12403352
0	linear/256/base	serialization	4457706	47424	1346537
0	linear/256/base	combined	19598078	586171	14670792
0	linear/256/light	ir	702880	13656	991497
0	linear/256/light	cfg	1294820	0	0
0	linear/256/light	emission_exclusive	14145991	587752	13275990
0	linear/256/light	serialization	4361494	47424	1345097
0	linear/256/light	combined	20505336	648832	15612584
0	linear/256/heavy	ir	2827440	38488	3624490
0	linear/256/heavy	cfg	1121242	0	0
0	linear/256/heavy	emission_exclusive	40156333	1209433	31175155
0	linear/256/heavy	serialization	15663091	47426	4650931
0	linear/256/heavy	combined	59768257	1295347	39450576
0	linear/1024/base	ir	5729803	48137	3687888
0	linear/1024/base	cfg	22902962	0	0
0	linear/1024/base	emission_exclusive	51940625	2101884	101426946
0	linear/1024/base	serialization	17865880	188738	5365343
0	linear/1024/base	combined	98439611	2338759	110480177
0	linear/1024/light	ir	7126136	54622	3970450
0	linear/1024/light	cfg	21608854	0	0
0	linear/1024/light	emission_exclusive	56435029	2346883	104935712
0	linear/1024/light	serialization	17754249	188738	5359679
0	linear/1024/light	combined	102924599	2590243	114265841
0	linear/1024/heavy	ir	26539995	153950	14502323
0	linear/1024/heavy	cfg	21395509	0	0
0	linear/1024/heavy	emission_exclusive	160186364	4830132	176508472
0	linear/1024/heavy	serialization	66190020	188740	18583081
0	linear/1024/heavy	combined	274312249	5172822	209593876
0	diamond-chain/64/base	ir	120548	3014	230397
0	diamond-chain/64/base	cfg	105319	0	0
0	diamond-chain/64/base	emission_exclusive	5205491	225845	3714034
0	diamond-chain/64/base	serialization	1417593	17982	373065
0	diamond-chain/64/base	combined	6849192	246841	4317496
0	diamond-chain/64/light	ir	136478	3421	248575
0	diamond-chain/64/light	cfg	102404	0	0
0	diamond-chain/64/light	emission_exclusive	5466405	242545	3960954
0	diamond-chain/64/light	serialization	1377086	17982	372681
0	diamond-chain/64/light	combined	7082473	263948	4582210
0	diamond-chain/64/heavy	ir	381351	9628	906464
0	diamond-chain/64/heavy	cfg	106933	0	0
0	diamond-chain/64/heavy	emission_exclusive	13996667	486163	9978456
0	diamond-chain/64/heavy	serialization	4282735	17984	1199123
0	diamond-chain/64/heavy	combined	18767796	513775	12084043
0	diamond-chain/256/base	ir	647145	12045	926798
0	diamond-chain/256/base	cfg	1214088	0	0
0	diamond-chain/256/base	emission_exclusive	20234131	897470	17597948
0	diamond-chain/256/base	serialization	5515859	70976	1471095
0	diamond-chain/256/base	combined	27611343	980491	19995841
0	diamond-chain/256/light	ir	731234	13666	997392
0	diamond-chain/256/light	cfg	1211964	0	0
0	diamond-chain/256/light	emission_exclusive	21736774	965199	18603715
0	diamond-chain/256/light	serialization	5503195	70976	1469655
0	diamond-chain/256/light	combined	29183338	1049841	21070762
0	diamond-chain/256/heavy	ir	2317215	38498	3630385
0	diamond-chain/256/heavy	cfg	1208026	0	0
0	diamond-chain/256/heavy	emission_exclusive	56562271	1938175	42664308
0	diamond-chain/256/heavy	serialization	17111302	70978	4775489
0	diamond-chain/256/heavy	combined	77198964	2047651	51070182
0	diamond-chain/1024/base	ir	5862815	48151	3711831
0	diamond-chain/1024/base	cfg	21493355	0	0
0	diamond-chain/1024/base	emission_exclusive	83817579	3585414	116314962
0	diamond-chain/1024/base	serialization	21576772	282946	5863533
0	diamond-chain/1024/base	combined	132750912	3916511	125890326
0	diamond-chain/1024/light	ir	7235774	54636	3994393
0	diamond-chain/1024/light	cfg	23078936	0	0
0	diamond-chain/1024/light	emission_exclusive	88808133	3857263	120357625
0	diamond-chain/1024/light	serialization	22731989	282946	5857869
0	diamond-chain/1024/light	combined	141855113	4194845	130209887
0	diamond-chain/1024/heavy	ir	26545826	153964	14526266
0	diamond-chain/1024/heavy	cfg	23379805	0	0
0	diamond-chain/1024/heavy	emission_exclusive	226344893	7747807	216606437
0	diamond-chain/1024/heavy	serialization	67850793	282948	19081271
0	diamond-chain/1024/heavy	combined	344121528	8184719	250213974
0	fan-in/64/base	ir	120548	3012	231834
0	fan-in/64/base	cfg	69381	0	0
0	fan-in/64/base	emission_exclusive	20871028	361039	7738269
0	fan-in/64/base	serialization	3635389	23502	433675
0	fan-in/64/base	combined	24696496	387553	8403778
0	fan-in/256/base	ir	686830	12041	932555
0	fan-in/256/base	cfg	547657	0	0
0	fan-in/256/base	emission_exclusive	79330898	3324668	63227648
0	fan-in/256/base	serialization	937004	8140	1101612
0	fan-in/256/base	combined	81502569	3344849	65261815
0	fan-in/1024/base	ir	7045794	48145	3734868
0	fan-in/1024/base	cfg	10504520	0	0
0	fan-in/1024/base	emission_exclusive	785141500	31527604	618738748
0	fan-in/1024/base	serialization	1823652	8142	4248310
0	fan-in/1024/base	combined	804515646	31583891	626721926
0	nested-loop/64/base	ir	117563	3009	229111
0	nested-loop/64/base	cfg	186273	0	0
0	nested-loop/64/base	emission_exclusive	4047349	149718	2837421
0	nested-loop/64/base	serialization	1263451	13198	348803
0	nested-loop/64/base	combined	5614766	165925	3415335
0	nested-loop/256/base	ir	623630	12036	921000
0	nested-loop/256/base	cfg	2281778	0	0
0	nested-loop/256/base	emission_exclusive	15159017	576567	15976260
0	nested-loop/256/base	serialization	4909010	48528	1356497
0	nested-loop/256/base	combined	22973565	637131	18253757
0	nested-loop/1024/base	ir	5577295	48138	3687985
0	nested-loop/1024/base	cfg	40586487	0	0
0	nested-loop/1024/base	emission_exclusive	59506943	2283847	143759634
0	nested-loop/1024/base	serialization	20676269	189842	5387591
0	nested-loop/1024/base	combined	126347235	2521827	152835210
0	multi-exit/64/base	ir	118684	2990	231132
0	multi-exit/64/base	cfg	79340	0	0
0	multi-exit/64/base	emission_exclusive	25853988	1038325	19436690
0	multi-exit/64/base	serialization	5718702	46594	569880
0	multi-exit/64/base	combined	31770844	1087909	20237702
0	multi-exit/256/base	ir	672232	12025	931853
0	multi-exit/256/base	cfg	561142	0	0
0	multi-exit/256/base	emission_exclusive	112322794	4980175	93574527
0	multi-exit/256/base	serialization	928467	8140	1101950
0	multi-exit/256/base	combined	114484755	5000340	95608330
0	multi-exit/1024/base	ir	7012520	48135	3734166
0	multi-exit/1024/base	cfg	11873831	0	0
0	multi-exit/1024/base	emission_exclusive	889686986	37208916	724828775
0	multi-exit/1024/base	serialization	1857605	8142	4248630
0	multi-exit/1024/base	combined	910431112	37265193	732811571
0	no-exit/64/base	ir	113695	3018	229199
0	no-exit/64/base	cfg	121720	0	0
0	no-exit/64/base	emission_exclusive	3683772	137678	2442687
0	no-exit/64/base	serialization	1231170	12278	343391
0	no-exit/64/base	combined	5150497	152974	3015277
0	no-exit/256/base	ir	628269	12045	921088
0	no-exit/256/base	cfg	1499217	0	0
0	no-exit/256/base	emission_exclusive	14271047	547235	13059068
0	no-exit/256/base	serialization	4820782	47608	1349547
0	no-exit/256/base	combined	21219436	606888	15329703
0	no-exit/1024/base	ir	5871070	48147	3688073
0	no-exit/1024/base	cfg	28301238	0	0
0	no-exit/1024/base	emission_exclusive	57436015	2185382	106422336
0	no-exit/1024/base	serialization	18909756	188922	5374495
0	no-exit/1024/base	combined	110518439	2422451	115484904
0	irreducible/64/base	ir	116691	3014	231355
0	irreducible/64/base	cfg	87736	0	0
0	irreducible/64/base	emission_exclusive	374948846	13761714	204732406
0	irreducible/64/base	serialization	4517419	61038	628259
0	irreducible/64/base	combined	379670842	13825766	205592020
0	irreducible/256/base	ir	658285	12045	930636
0	irreducible/256/base	cfg	1143033	0	0
0	irreducible/256/base	emission_exclusive	1087899279	38938265	424485411
0	irreducible/256/base	serialization	4999591	61040	1417299
0	irreducible/256/base	combined	1094700348	39011350	426833346
0	irreducible/1024/base	ir	6366818	48151	3727189
0	irreducible/1024/base	cfg	20167736	0	0
0	irreducible/1024/base	emission_exclusive	3002266445	106343842	1096707811
0	irreducible/1024/base	serialization	6517985	61042	4573269
0	irreducible/1024/base	combined	3035319235	106453035	1105008269
1	linear/64/base	ir	136889	3008	229014
1	linear/64/base	cfg	114076	0	0
1	linear/64/base	emission_exclusive	3482671	132901	2319001
1	linear/64/base	serialization	1196634	12094	341915
1	linear/64/base	combined	4930590	148003	2889930
1	linear/64/light	ir	131849	3415	247192
1	linear/64/light	cfg	89169	0	0
1	linear/64/light	emission_exclusive	3626623	147950	2532872
1	linear/64/light	serialization	1196444	12094	341531
1	linear/64/light	combined	5044205	163459	3121595
1	linear/64/heavy	ir	469248	9622	905081
1	linear/64/heavy	cfg	91383	0	0
1	linear/64/heavy	emission_exclusive	10247021	304273	7017602
1	linear/64/heavy	serialization	4458307	12096	1167973
1	linear/64/heavy	combined	15266119	325991	9090656
1	linear/256/base	ir	644619	12035	920903
1	linear/256/base	cfg	1426790	0	0
1	linear/256/base	emission_exclusive	13071216	526712	12403352
1	linear/256/base	serialization	4469257	47424	1346537
1	linear/256/base	combined	19612023	586171	14670792
1	linear/256/light	ir	700055	13656	991497
1	linear/256/light	cfg	1272278	0	0
1	linear/256/light	emission_exclusive	14186356	587752	13275990
1	linear/256/light	serialization	4390258	47424	1345097
1	linear/256/light	combined	20549057	648832	15612584
1	linear/256/heavy	ir	2833151	38488	3624490
1	linear/256/heavy	cfg	1118557	0	0
1	linear/256/heavy	emission_exclusive	40049360	1209433	31175155
1	linear/256/heavy	serialization	16232769	47426	4650931
1	linear/256/heavy	combined	60233977	1295347	39450576
1	linear/1024/base	ir	5844541	48137	3687888
1	linear/1024/base	cfg	23420120	0	0
1	linear/1024/base	emission_exclusive	52557681	2101884	101426946
1	linear/1024/base	serialization	19228809	188738	5365343
1	linear/1024/base	combined	101051371	2338759	110480177
1	linear/1024/light	ir	6882644	54622	3970450
1	linear/1024/light	cfg	22069725	0	0
1	linear/1024/light	emission_exclusive	57157056	2346883	104935712
1	linear/1024/light	serialization	18901780	188738	5359679
1	linear/1024/light	combined	105011715	2590243	114265841
1	linear/1024/heavy	ir	26959658	153950	14502323
1	linear/1024/heavy	cfg	21656503	0	0
1	linear/1024/heavy	emission_exclusive	165930639	4830132	176508472
1	linear/1024/heavy	serialization	69072844	188740	18583081
1	linear/1024/heavy	combined	283620045	5172822	209593876
1	diamond-chain/64/base	ir	127331	3014	230397
1	diamond-chain/64/base	cfg	108295	0	0
1	diamond-chain/64/base	emission_exclusive	5360394	225845	3714034
1	diamond-chain/64/base	serialization	1443191	17982	373065
1	diamond-chain/64/base	combined	7039361	246841	4317496
1	diamond-chain/64/light	ir	132822	3421	248575
1	diamond-chain/64/light	cfg	102885	0	0
1	diamond-chain/64/light	emission_exclusive	5621067	242545	3960954
1	diamond-chain/64/light	serialization	1435416	17982	372681
1	diamond-chain/64/light	combined	7292300	263948	4582210
1	diamond-chain/64/heavy	ir	390168	9628	906464
1	diamond-chain/64/heavy	cfg	100450	0	0
1	diamond-chain/64/heavy	emission_exclusive	14318948	486163	9978456
1	diamond-chain/64/heavy	serialization	4324103	17984	1199123
1	diamond-chain/64/heavy	combined	19133779	513775	12084043
1	diamond-chain/256/base	ir	641934	12045	926798
1	diamond-chain/256/base	cfg	1219277	0	0
1	diamond-chain/256/base	emission_exclusive	20825160	897470	17597948
1	diamond-chain/256/base	serialization	5612030	70976	1471095
1	diamond-chain/256/base	combined	28298512	980491	19995841
1	diamond-chain/256/light	ir	718910	13666	997392
1	diamond-chain/256/light	cfg	1182889	0	0
1	diamond-chain/256/light	emission_exclusive	22166238	965199	18603715
1	diamond-chain/256/light	serialization	5573488	70976	1469655
1	diamond-chain/256/light	combined	29641635	1049841	21070762
1	diamond-chain/256/heavy	ir	2352472	38498	3630385
1	diamond-chain/256/heavy	cfg	1231300	0	0
1	diamond-chain/256/heavy	emission_exclusive	56860003	1938175	42664308
1	diamond-chain/256/heavy	serialization	17115599	70978	4775489
1	diamond-chain/256/heavy	combined	77559524	2047651	51070182
1	diamond-chain/1024/base	ir	6077471	48151	3711831
1	diamond-chain/1024/base	cfg	21353559	0	0
1	diamond-chain/1024/base	emission_exclusive	83827828	3585414	116314962
1	diamond-chain/1024/base	serialization	22051630	282946	5863533
1	diamond-chain/1024/base	combined	133310618	3916511	125890326
1	diamond-chain/1024/light	ir	7143679	54636	3994393
1	diamond-chain/1024/light	cfg	18120752	0	0
1	diamond-chain/1024/light	emission_exclusive	90109714	3857263	120357625
1	diamond-chain/1024/light	serialization	22825926	282946	5857869
1	diamond-chain/1024/light	combined	138200291	4194845	130209887
1	diamond-chain/1024/heavy	ir	24721553	153964	14526266
1	diamond-chain/1024/heavy	cfg	21178429	0	0
1	diamond-chain/1024/heavy	emission_exclusive	226865163	7747807	216606437
1	diamond-chain/1024/heavy	serialization	68267851	282948	19081271
1	diamond-chain/1024/heavy	combined	341033246	8184719	250213974
1	fan-in/64/base	ir	141918	3012	231834
1	fan-in/64/base	cfg	78879	0	0
1	fan-in/64/base	emission_exclusive	20827835	361039	7738269
1	fan-in/64/base	serialization	3641671	23502	433675
1	fan-in/64/base	combined	24690594	387553	8403778
1	fan-in/256/base	ir	682462	12041	932555
1	fan-in/256/base	cfg	597311	0	0
1	fan-in/256/base	emission_exclusive	79015709	3324668	63227648
1	fan-in/256/base	serialization	926313	8140	1101612
1	fan-in/256/base	combined	81221935	3344849	65261815
1	fan-in/1024/base	ir	6800620	48145	3734868
1	fan-in/1024/base	cfg	11339218	0	0
1	fan-in/1024/base	emission_exclusive	782265878	31527604	618738748
1	fan-in/1024/base	serialization	1837337	8142	4248310
1	fan-in/1024/base	combined	802243243	31583891	626721926
1	nested-loop/64/base	ir	120247	3009	229111
1	nested-loop/64/base	cfg	185170	0	0
1	nested-loop/64/base	emission_exclusive	4025348	149718	2837421
1	nested-loop/64/base	serialization	1282157	13198	348803
1	nested-loop/64/base	combined	5613042	165925	3415335
1	nested-loop/256/base	ir	626606	12036	921000
1	nested-loop/256/base	cfg	2295073	0	0
1	nested-loop/256/base	emission_exclusive	15123520	576567	15976260
1	nested-loop/256/base	serialization	4940470	48528	1356497
1	nested-loop/256/base	combined	22985779	637131	18253757
1	nested-loop/1024/base	ir	5745913	48138	3687985
1	nested-loop/1024/base	cfg	41032941	0	0
1	nested-loop/1024/base	emission_exclusive	59434765	2283847	143759634
1	nested-loop/1024/base	serialization	19410153	189842	5387591
1	nested-loop/1024/base	combined	125624042	2521827	152835210
1	multi-exit/64/base	ir	117162	2990	231132
1	multi-exit/64/base	cfg	81294	0	0
1	multi-exit/64/base	emission_exclusive	25660400	1038325	19436690
1	multi-exit/64/base	serialization	5573157	46594	569880
1	multi-exit/64/base	combined	31432153	1087909	20237702
1	multi-exit/256/base	ir	672693	12025	931853
1	multi-exit/256/base	cfg	554379	0	0
1	multi-exit/256/base	emission_exclusive	110644034	4980175	93574527
1	multi-exit/256/base	serialization	924609	8140	1101950
1	multi-exit/256/base	combined	112795956	5000340	95608330
1	multi-exit/1024/base	ir	6703486	48135	3734166
1	multi-exit/1024/base	cfg	12530352	0	0
1	multi-exit/1024/base	emission_exclusive	884401709	37208916	724828775
1	multi-exit/1024/base	serialization	1908552	8142	4248630
1	multi-exit/1024/base	combined	905544340	37265193	732811571
1	no-exit/64/base	ir	116761	3018	229199
1	no-exit/64/base	cfg	124706	0	0
1	no-exit/64/base	emission_exclusive	3694341	137678	2442687
1	no-exit/64/base	serialization	1203186	12278	343391
1	no-exit/64/base	combined	5139155	152974	3015277
1	no-exit/256/base	ir	629892	12045	921088
1	no-exit/256/base	cfg	1522782	0	0
1	no-exit/256/base	emission_exclusive	14304279	547235	13059068
1	no-exit/256/base	serialization	5096114	47608	1349547
1	no-exit/256/base	combined	21553167	606888	15329703
1	no-exit/1024/base	ir	6010845	48147	3688073
1	no-exit/1024/base	cfg	28757631	0	0
1	no-exit/1024/base	emission_exclusive	58257266	2185382	106422336
1	no-exit/1024/base	serialization	19472359	188922	5374495
1	no-exit/1024/base	combined	112498432	2422451	115484904
1	irreducible/64/base	ir	121700	3014	231355
1	irreducible/64/base	cfg	95140	0	0
1	irreducible/64/base	emission_exclusive	374966129	13761714	204732406
1	irreducible/64/base	serialization	4774395	61038	628259
1	irreducible/64/base	combined	379957504	13825766	205592020
1	irreducible/256/base	ir	668546	12045	930636
1	irreducible/256/base	cfg	1174984	0	0
1	irreducible/256/base	emission_exclusive	1085158118	38938265	424485411
1	irreducible/256/base	serialization	5051870	61040	1417299
1	irreducible/256/base	combined	1092053769	39011350	426833346
1	irreducible/1024/base	ir	6350748	48151	3727189
1	irreducible/1024/base	cfg	19628866	0	0
1	irreducible/1024/base	emission_exclusive	2981467531	106343842	1096707811
1	irreducible/1024/base	serialization	6435388	61042	4573269
1	irreducible/1024/base	combined	3013882733	106453035	1105008269
2	linear/64/base	ir	140556	3008	229014
2	linear/64/base	cfg	112934	0	0
2	linear/64/base	emission_exclusive	3655878	132901	2319001
2	linear/64/base	serialization	1241540	12094	341915
2	linear/64/base	combined	5151218	148003	2889930
2	linear/64/light	ir	133753	3415	247192
2	linear/64/light	cfg	88718	0	0
2	linear/64/light	emission_exclusive	3767169	147950	2532872
2	linear/64/light	serialization	1228986	12094	341531
2	linear/64/light	combined	5218746	163459	3121595
2	linear/64/heavy	ir	476712	9622	905081
2	linear/64/heavy	cfg	90832	0	0
2	linear/64/heavy	emission_exclusive	10608556	304273	7017602
2	linear/64/heavy	serialization	4192514	12096	1167973
2	linear/64/heavy	combined	15368774	325991	9090656
2	linear/256/base	ir	619663	12035	920903
2	linear/256/base	cfg	1453110	0	0
2	linear/256/base	emission_exclusive	13471373	526712	12403352
2	linear/256/base	serialization	4869415	47424	1346537
2	linear/256/base	combined	20413711	586171	14670792
2	linear/256/light	ir	703301	13656	991497
2	linear/256/light	cfg	1325108	0	0
2	linear/256/light	emission_exclusive	14495841	587752	13275990
2	linear/256/light	serialization	4793191	47424	1345097
2	linear/256/light	combined	21317571	648832	15612584
2	linear/256/heavy	ir	2845044	38488	3624490
2	linear/256/heavy	cfg	1123416	0	0
2	linear/256/heavy	emission_exclusive	41761239	1209433	31175155
2	linear/256/heavy	serialization	15907724	47426	4650931
2	linear/256/heavy	combined	61637624	1295347	39450576
2	linear/1024/base	ir	5943377	48137	3687888
2	linear/1024/base	cfg	23565596	0	0
2	linear/1024/base	emission_exclusive	53451581	2101884	101426946
2	linear/1024/base	serialization	19554745	188738	5365343
2	linear/1024/base	combined	102515491	2338759	110480177
2	linear/1024/light	ir	7287661	54622	3970450
2	linear/1024/light	cfg	22107606	0	0
2	linear/1024/light	emission_exclusive	57958641	2346883	104935712
2	linear/1024/light	serialization	19303590	188738	5359679
2	linear/1024/light	combined	106657648	2590243	114265841
2	linear/1024/heavy	ir	26387306	153950	14502323
2	linear/1024/heavy	cfg	22128997	0	0
2	linear/1024/heavy	emission_exclusive	165850105	4830132	176508472
2	linear/1024/heavy	serialization	67570290	188740	18583081
2	linear/1024/heavy	combined	281936948	5172822	209593876
2	diamond-chain/64/base	ir	119225	3014	230397
2	diamond-chain/64/base	cfg	103967	0	0
2	diamond-chain/64/base	emission_exclusive	5302094	225845	3714034
2	diamond-chain/64/base	serialization	1383007	17982	373065
2	diamond-chain/64/base	combined	6908423	246841	4317496
2	diamond-chain/64/light	ir	132160	3421	248575
2	diamond-chain/64/light	cfg	101822	0	0
2	diamond-chain/64/light	emission_exclusive	5590060	242545	3960954
2	diamond-chain/64/light	serialization	1381915	17982	372681
2	diamond-chain/64/light	combined	7206077	263948	4582210
2	diamond-chain/64/heavy	ir	380520	9628	906464
2	diamond-chain/64/heavy	cfg	99769	0	0
2	diamond-chain/64/heavy	emission_exclusive	14290352	486163	9978456
2	diamond-chain/64/heavy	serialization	4252116	17984	1199123
2	diamond-chain/64/heavy	combined	19022868	513775	12084043
2	diamond-chain/256/base	ir	636084	12045	926798
2	diamond-chain/256/base	cfg	1221271	0	0
2	diamond-chain/256/base	emission_exclusive	20814269	897470	17597948
2	diamond-chain/256/base	serialization	5730444	70976	1471095
2	diamond-chain/256/base	combined	28402198	980491	19995841
2	diamond-chain/256/light	ir	723669	13666	997392
2	diamond-chain/256/light	cfg	1178791	0	0
2	diamond-chain/256/light	emission_exclusive	22053534	965199	18603715
2	diamond-chain/256/light	serialization	5662485	70976	1469655
2	diamond-chain/256/light	combined	29618610	1049841	21070762
2	diamond-chain/256/heavy	ir	2350669	38498	3630385
2	diamond-chain/256/heavy	cfg	1222323	0	0
2	diamond-chain/256/heavy	emission_exclusive	56602164	1938175	42664308
2	diamond-chain/256/heavy	serialization	17001845	70978	4775489
2	diamond-chain/256/heavy	combined	77177111	2047651	51070182
2	diamond-chain/1024/base	ir	5922798	48151	3711831
2	diamond-chain/1024/base	cfg	20567262	0	0
2	diamond-chain/1024/base	emission_exclusive	83492661	3585414	116314962
2	diamond-chain/1024/base	serialization	22262861	282946	5863533
2	diamond-chain/1024/base	combined	132245742	3916511	125890326
2	diamond-chain/1024/light	ir	7275729	54636	3994393
2	diamond-chain/1024/light	cfg	17972191	0	0
2	diamond-chain/1024/light	emission_exclusive	89765000	3857263	120357625
2	diamond-chain/1024/light	serialization	22404468	282946	5857869
2	diamond-chain/1024/light	combined	137417729	4194845	130209887
2	diamond-chain/1024/heavy	ir	24533678	153964	14526266
2	diamond-chain/1024/heavy	cfg	20582099	0	0
2	diamond-chain/1024/heavy	emission_exclusive	225959176	7747807	216606437
2	diamond-chain/1024/heavy	serialization	68340867	282948	19081271
2	diamond-chain/1024/heavy	combined	339416121	8184719	250213974
2	fan-in/64/base	ir	143181	3012	231834
2	fan-in/64/base	cfg	78849	0	0
2	fan-in/64/base	emission_exclusive	20764145	361039	7738269
2	fan-in/64/base	serialization	3682959	23502	433675
2	fan-in/64/base	combined	24669274	387553	8403778
2	fan-in/256/base	ir	689374	12041	932555
2	fan-in/256/base	cfg	598212	0	0
2	fan-in/256/base	emission_exclusive	78784943	3324668	63227648
2	fan-in/256/base	serialization	960648	8140	1101612
2	fan-in/256/base	combined	81033338	3344849	65261815
2	fan-in/1024/base	ir	6975279	48145	3734868
2	fan-in/1024/base	cfg	11477420	0	0
2	fan-in/1024/base	emission_exclusive	773843762	31527604	618738748
2	fan-in/1024/base	serialization	1829723	8142	4248310
2	fan-in/1024/base	combined	794126444	31583891	626721926
2	nested-loop/64/base	ir	117272	3009	229111
2	nested-loop/64/base	cfg	180361	0	0
2	nested-loop/64/base	emission_exclusive	3858773	149718	2837421
2	nested-loop/64/base	serialization	1256949	13198	348803
2	nested-loop/64/base	combined	5413485	165925	3415335
2	nested-loop/256/base	ir	613551	12036	921000
2	nested-loop/256/base	cfg	2250379	0	0
2	nested-loop/256/base	emission_exclusive	14529786	576567	15976260
2	nested-loop/256/base	serialization	4822285	48528	1356497
2	nested-loop/256/base	combined	22216121	637131	18253757
2	nested-loop/1024/base	ir	5925543	48138	3687985
2	nested-loop/1024/base	cfg	40266501	0	0
2	nested-loop/1024/base	emission_exclusive	57059929	2283847	143759634
2	nested-loop/1024/base	serialization	19080558	189842	5387591
2	nested-loop/1024/base	combined	122332742	2521827	152835210
2	multi-exit/64/base	ir	116570	2990	231132
2	multi-exit/64/base	cfg	81885	0	0
2	multi-exit/64/base	emission_exclusive	24810833	1038325	19436690
2	multi-exit/64/base	serialization	5327501	46594	569880
2	multi-exit/64/base	combined	30336889	1087909	20237702
2	multi-exit/256/base	ir	680047	12025	931853
2	multi-exit/256/base	cfg	566602	0	0
2	multi-exit/256/base	emission_exclusive	109619103	4980175	93574527
2	multi-exit/256/base	serialization	933938	8140	1101950
2	multi-exit/256/base	combined	111799830	5000340	95608330
2	multi-exit/1024/base	ir	6835245	48135	3734166
2	multi-exit/1024/base	cfg	12168608	0	0
2	multi-exit/1024/base	emission_exclusive	876609083	37208916	724828775
2	multi-exit/1024/base	serialization	1852756	8142	4248630
2	multi-exit/1024/base	combined	897465922	37265193	732811571
2	no-exit/64/base	ir	112223	3018	229199
2	no-exit/64/base	cfg	121520	0	0
2	no-exit/64/base	emission_exclusive	3627545	137678	2442687
2	no-exit/64/base	serialization	1241890	12278	343391
2	no-exit/64/base	combined	5103278	152974	3015277
2	no-exit/256/base	ir	627687	12045	921088
2	no-exit/256/base	cfg	1516039	0	0
2	no-exit/256/base	emission_exclusive	14121674	547235	13059068
2	no-exit/256/base	serialization	4935049	47608	1349547
2	no-exit/256/base	combined	21200540	606888	15329703
2	no-exit/1024/base	ir	6019261	48147	3688073
2	no-exit/1024/base	cfg	27770944	0	0
2	no-exit/1024/base	emission_exclusive	56156761	2185382	106422336
2	no-exit/1024/base	serialization	19513437	188922	5374495
2	no-exit/1024/base	combined	109460543	2422451	115484904
2	irreducible/64/base	ir	115699	3014	231355
2	irreducible/64/base	cfg	87065	0	0
2	irreducible/64/base	emission_exclusive	367480118	13761714	204732406
2	irreducible/64/base	serialization	5028836	61038	628259
2	irreducible/64/base	combined	372711969	13825766	205592020
2	irreducible/256/base	ir	650400	12045	930636
2	irreducible/256/base	cfg	1141600	0	0
2	irreducible/256/base	emission_exclusive	1069126082	38938265	424485411
2	irreducible/256/base	serialization	5135629	61040	1417299
2	irreducible/256/base	combined	1076053942	39011350	426833346
2	irreducible/1024/base	ir	6433164	48151	3727189
2	irreducible/1024/base	cfg	19743282	0	0
2	irreducible/1024/base	emission_exclusive	2969615354	106343842	1096707811
2	irreducible/1024/base	serialization	6660634	61042	4573269
2	irreducible/1024/base	combined	3002452655	106453035	1105008269
3	linear/64/base	ir	141567	3008	229014
3	linear/64/base	cfg	112353	0	0
3	linear/64/base	emission_exclusive	3529839	132901	2319001
3	linear/64/base	serialization	1226912	12094	341915
3	linear/64/base	combined	5010982	148003	2889930
3	linear/64/light	ir	130216	3415	247192
3	linear/64/light	cfg	87215	0	0
3	linear/64/light	emission_exclusive	3740388	147950	2532872
3	linear/64/light	serialization	1188279	12094	341531
3	linear/64/light	combined	5146219	163459	3121595
3	linear/64/heavy	ir	480148	9622	905081
3	linear/64/heavy	cfg	88678	0	0
3	linear/64/heavy	emission_exclusive	10429486	304273	7017602
3	linear/64/heavy	serialization	4156636	12096	1167973
3	linear/64/heavy	combined	15155089	325991	9090656
3	linear/256/base	ir	613210	12035	920903
3	linear/256/base	cfg	1429876	0	0
3	linear/256/base	emission_exclusive	13593083	526712	12403352
3	linear/256/base	serialization	4634600	47424	1346537
3	linear/256/base	combined	20270890	586171	14670792
3	linear/256/light	ir	704142	13656	991497
3	linear/256/light	cfg	1322813	0	0
3	linear/256/light	emission_exclusive	14854652	587752	13275990
3	linear/256/light	serialization	4472022	47424	1345097
3	linear/256/light	combined	21353769	648832	15612584
3	linear/256/heavy	ir	2770802	38488	3624490
3	linear/256/heavy	cfg	1128365	0	0
3	linear/256/heavy	emission_exclusive	42139745	1209433	31175155
3	linear/256/heavy	serialization	15764822	47426	4650931
3	linear/256/heavy	combined	61803895	1295347	39450576
3	linear/1024/base	ir	5546116	48137	3687888
3	linear/1024/base	cfg	23712242	0	0
3	linear/1024/base	emission_exclusive	54417469	2101884	101426946
3	linear/1024/base	serialization	19588749	188738	5365343
3	linear/1024/base	combined	103264846	2338759	110480177
3	linear/1024/light	ir	6690211	54622	3970450
3	linear/1024/light	cfg	21862051	0	0
3	linear/1024/light	emission_exclusive	59012944	2346883	104935712
3	linear/1024/light	serialization	19145229	188738	5359679
3	linear/1024/light	combined	106711327	2590243	114265841
3	linear/1024/heavy	ir	26669779	153950	14502323
3	linear/1024/heavy	cfg	21909351	0	0
3	linear/1024/heavy	emission_exclusive	163557192	4830132	176508472
3	linear/1024/heavy	serialization	62413490	188740	18583081
3	linear/1024/heavy	combined	274550232	5172822	209593876
3	diamond-chain/64/base	ir	136508	3014	230397
3	diamond-chain/64/base	cfg	111281	0	0
3	diamond-chain/64/base	emission_exclusive	5259231	225845	3714034
3	diamond-chain/64/base	serialization	1358761	17982	373065
3	diamond-chain/64/base	combined	6865922	246841	4317496
3	diamond-chain/64/light	ir	128553	3421	248575
3	diamond-chain/64/light	cfg	103657	0	0
3	diamond-chain/64/light	emission_exclusive	5498935	242545	3960954
3	diamond-chain/64/light	serialization	1336358	17982	372681
3	diamond-chain/64/light	combined	7067625	263948	4582210
3	diamond-chain/64/heavy	ir	389808	9628	906464
3	diamond-chain/64/heavy	cfg	100620	0	0
3	diamond-chain/64/heavy	emission_exclusive	14016115	486163	9978456
3	diamond-chain/64/heavy	serialization	4131467	17984	1199123
3	diamond-chain/64/heavy	combined	18638140	513775	12084043
3	diamond-chain/256/base	ir	621756	12045	926798
3	diamond-chain/256/base	cfg	1259564	0	0
3	diamond-chain/256/base	emission_exclusive	20623417	897470	17597948
3	diamond-chain/256/base	serialization	5351898	70976	1471095
3	diamond-chain/256/base	combined	27856736	980491	19995841
3	diamond-chain/256/light	ir	724300	13666	997392
3	diamond-chain/256/light	cfg	1208507	0	0
3	diamond-chain/256/light	emission_exclusive	21961390	965199	18603715
3	diamond-chain/256/light	serialization	5356967	70976	1469655
3	diamond-chain/256/light	combined	29251294	1049841	21070762
3	diamond-chain/256/heavy	ir	2295334	38498	3630385
3	diamond-chain/256/heavy	cfg	1189672	0	0
3	diamond-chain/256/heavy	emission_exclusive	55996726	1938175	42664308
3	diamond-chain/256/heavy	serialization	17163680	70978	4775489
3	diamond-chain/256/heavy	combined	76645603	2047651	51070182
3	diamond-chain/1024/base	ir	5727298	48151	3711831
3	diamond-chain/1024/base	cfg	21007514	0	0
3	diamond-chain/1024/base	emission_exclusive	82889338	3585414	116314962
3	diamond-chain/1024/base	serialization	21857142	282946	5863533
3	diamond-chain/1024/base	combined	131481462	3916511	125890326
3	diamond-chain/1024/light	ir	7105486	54636	3994393
3	diamond-chain/1024/light	cfg	18317594	0	0
3	diamond-chain/1024/light	emission_exclusive	87062976	3857263	120357625
3	diamond-chain/1024/light	serialization	20080910	282946	5857869
3	diamond-chain/1024/light	combined	132567236	4194845	130209887
3	diamond-chain/1024/heavy	ir	24807014	153964	14526266
3	diamond-chain/1024/heavy	cfg	21453077	0	0
3	diamond-chain/1024/heavy	emission_exclusive	220499648	7747807	216606437
3	diamond-chain/1024/heavy	serialization	70162504	282948	19081271
3	diamond-chain/1024/heavy	combined	336922424	8184719	250213974
3	fan-in/64/base	ir	121059	3012	231834
3	fan-in/64/base	cfg	67488	0	0
3	fan-in/64/base	emission_exclusive	20562742	361039	7738269
3	fan-in/64/base	serialization	3769173	23502	433675
3	fan-in/64/base	combined	24520592	387553	8403778
3	fan-in/256/base	ir	679907	12041	932555
3	fan-in/256/base	cfg	526557	0	0
3	fan-in/256/base	emission_exclusive	79071442	3324668	63227648
3	fan-in/256/base	serialization	960598	8140	1101612
3	fan-in/256/base	combined	81238634	3344849	65261815
3	fan-in/1024/base	ir	6836597	48145	3734868
3	fan-in/1024/base	cfg	10500761	0	0
3	fan-in/1024/base	emission_exclusive	781354455	31527604	618738748
3	fan-in/1024/base	serialization	1885138	8142	4248310
3	fan-in/1024/base	combined	800577121	31583891	626721926
3	nested-loop/64/base	ir	120748	3009	229111
3	nested-loop/64/base	cfg	190500	0	0
3	nested-loop/64/base	emission_exclusive	4060735	149718	2837421
3	nested-loop/64/base	serialization	1306182	13198	348803
3	nested-loop/64/base	combined	5678315	165925	3415335
3	nested-loop/256/base	ir	626786	12036	921000
3	nested-loop/256/base	cfg	2312837	0	0
3	nested-loop/256/base	emission_exclusive	15180307	576567	15976260
3	nested-loop/256/base	serialization	4970396	48528	1356497
3	nested-loop/256/base	combined	23090486	637131	18253757
3	nested-loop/1024/base	ir	5581241	48138	3687985
3	nested-loop/1024/base	cfg	41419642	0	0
3	nested-loop/1024/base	emission_exclusive	59862011	2283847	143759634
3	nested-loop/1024/base	serialization	20640560	189842	5387591
3	nested-loop/1024/base	combined	127503674	2521827	152835210
3	multi-exit/64/base	ir	119246	2990	231132
3	multi-exit/64/base	cfg	84420	0	0
3	multi-exit/64/base	emission_exclusive	25745850	1038325	19436690
3	multi-exit/64/base	serialization	5674619	46594	569880
3	multi-exit/64/base	combined	31624265	1087909	20237702
3	multi-exit/256/base	ir	669347	12025	931853
3	multi-exit/256/base	cfg	561132	0	0
3	multi-exit/256/base	emission_exclusive	111755613	4980175	93574527
3	multi-exit/256/base	serialization	951130	8140	1101950
3	multi-exit/256/base	combined	113937362	5000340	95608330
3	multi-exit/1024/base	ir	6901370	48135	3734166
3	multi-exit/1024/base	cfg	12424121	0	0
3	multi-exit/1024/base	emission_exclusive	889127210	37208916	724828775
3	multi-exit/1024/base	serialization	1847015	8142	4248630
3	multi-exit/1024/base	combined	910299886	37265193	732811571
3	no-exit/64/base	ir	118935	3018	229199
3	no-exit/64/base	cfg	124876	0	0
3	no-exit/64/base	emission_exclusive	3656750	137678	2442687
3	no-exit/64/base	serialization	1206132	12278	343391
3	no-exit/64/base	combined	5106834	152974	3015277
3	no-exit/256/base	ir	630874	12045	921088
3	no-exit/256/base	cfg	1528503	0	0
3	no-exit/256/base	emission_exclusive	14203839	547235	13059068
3	no-exit/256/base	serialization	4772492	47608	1349547
3	no-exit/256/base	combined	21135828	606888	15329703
3	no-exit/1024/base	ir	5646935	48147	3688073
3	no-exit/1024/base	cfg	29140234	0	0
3	no-exit/1024/base	emission_exclusive	57416002	2185382	106422336
3	no-exit/1024/base	serialization	18467347	188922	5374495
3	no-exit/1024/base	combined	110670910	2422451	115484904
3	irreducible/64/base	ir	119857	3014	231355
3	irreducible/64/base	cfg	90501	0	0
3	irreducible/64/base	emission_exclusive	371595467	13761714	204732406
3	irreducible/64/base	serialization	4481391	61038	628259
3	irreducible/64/base	combined	376287446	13825766	205592020
3	irreducible/256/base	ir	656753	12045	930636
3	irreducible/256/base	cfg	1127283	0	0
3	irreducible/256/base	emission_exclusive	1058679223	38938265	424485411
3	irreducible/256/base	serialization	5234115	61040	1417299
3	irreducible/256/base	combined	1065697544	39011350	426833346
3	irreducible/1024/base	ir	6223617	48151	3727189
3	irreducible/1024/base	cfg	19690882	0	0
3	irreducible/1024/base	emission_exclusive	2993551171	106343842	1096707811
3	irreducible/1024/base	serialization	6617563	61042	4573269
3	irreducible/1024/base	combined	3026083454	106453035	1105008269
4	linear/64/base	ir	142609	3008	229014
4	linear/64/base	cfg	114336	0	0
4	linear/64/base	emission_exclusive	3477471	132901	2319001
4	linear/64/base	serialization	1165746	12094	341915
4	linear/64/base	combined	4900463	148003	2889930
4	linear/64/light	ir	130587	3415	247192
4	linear/64/light	cfg	89880	0	0
4	linear/64/light	emission_exclusive	3662140	147950	2532872
4	linear/64/light	serialization	1153944	12094	341531
4	linear/64/light	combined	5036661	163459	3121595
4	linear/64/heavy	ir	466262	9622	905081
4	linear/64/heavy	cfg	90772	0	0
4	linear/64/heavy	emission_exclusive	10353973	304273	7017602
4	linear/64/heavy	serialization	4058510	12096	1167973
4	linear/64/heavy	combined	14969657	325991	9090656
4	linear/256/base	ir	615254	12035	920903
4	linear/256/base	cfg	1425468	0	0
4	linear/256/base	emission_exclusive	13387314	526712	12403352
4	linear/256/base	serialization	4662392	47424	1346537
4	linear/256/base	combined	20090558	586171	14670792
4	linear/256/light	ir	706096	13656	991497
4	linear/256/light	cfg	1292355	0	0
4	linear/256/light	emission_exclusive	14637240	587752	13275990
4	linear/256/light	serialization	4588102	47424	1345097
4	linear/256/light	combined	21223944	648832	15612584
4	linear/256/heavy	ir	2926188	38488	3624490
4	linear/256/heavy	cfg	1121012	0	0
4	linear/256/heavy	emission_exclusive	41464555	1209433	31175155
4	linear/256/heavy	serialization	15716913	47426	4650931
4	linear/256/heavy	combined	61228798	1295347	39450576
4	linear/1024/base	ir	6024340	48137	3687888
4	linear/1024/base	cfg	23032606	0	0
4	linear/1024/base	emission_exclusive	53193392	2101884	101426946
4	linear/1024/base	serialization	18768126	188738	5365343
4	linear/1024/base	combined	101018865	2338759	110480177
4	linear/1024/light	ir	7271922	54622	3970450
4	linear/1024/light	cfg	22252540	0	0
4	linear/1024/light	emission_exclusive	57712472	2346883	104935712
4	linear/1024/light	serialization	18632581	188738	5359679
4	linear/1024/light	combined	105869685	2590243	114265841
4	linear/1024/heavy	ir	26857865	153950	14502323
4	linear/1024/heavy	cfg	21947583	0	0
4	linear/1024/heavy	emission_exclusive	165692752	4830132	176508472
4	linear/1024/heavy	serialization	69319809	188740	18583081
4	linear/1024/heavy	combined	283818459	5172822	209593876
4	diamond-chain/64/base	ir	119806	3014	230397
4	diamond-chain/64/base	cfg	106662	0	0
4	diamond-chain/64/base	emission_exclusive	5338392	225845	3714034
4	diamond-chain/64/base	serialization	1411831	17982	373065
4	diamond-chain/64/base	combined	6976832	246841	4317496
4	diamond-chain/64/light	ir	131769	3421	248575
4	diamond-chain/64/light	cfg	103746	0	0
4	diamond-chain/64/light	emission_exclusive	5668677	242545	3960954
4	diamond-chain/64/light	serialization	1415740	17982	372681
4	diamond-chain/64/light	combined	7320043	263948	4582210
4	diamond-chain/64/heavy	ir	391861	9628	906464
4	diamond-chain/64/heavy	cfg	101161	0	0
4	diamond-chain/64/heavy	emission_exclusive	14358392	486163	9978456
4	diamond-chain/64/heavy	serialization	4324814	17984	1199123
4	diamond-chain/64/heavy	combined	19176358	513775	12084043
4	diamond-chain/256/base	ir	627066	12045	926798
4	diamond-chain/256/base	cfg	1206974	0	0
4	diamond-chain/256/base	emission_exclusive	20529439	897470	17597948
4	diamond-chain/256/base	serialization	5515377	70976	1471095
4	diamond-chain/256/base	combined	27878997	980491	19995841
4	diamond-chain/256/light	ir	739420	13666	997392
4	diamond-chain/256/light	cfg	1182277	0	0
4	diamond-chain/256/light	emission_exclusive	22013758	965199	18603715
4	diamond-chain/256/light	serialization	5709435	70976	1469655
4	diamond-chain/256/light	combined	29645000	1049841	21070762
4	diamond-chain/256/heavy	ir	2271759	38498	3630385
4	diamond-chain/256/heavy	cfg	1224467	0	0
4	diamond-chain/256/heavy	emission_exclusive	56279131	1938175	42664308
4	diamond-chain/256/heavy	serialization	17174560	70978	4775489
4	diamond-chain/256/heavy	combined	76950067	2047651	51070182
4	diamond-chain/1024/base	ir	5788724	48151	3711831
4	diamond-chain/1024/base	cfg	20916602	0	0
4	diamond-chain/1024/base	emission_exclusive	82515449	3585414	116314962
4	diamond-chain/1024/base	serialization	22162249	282946	5863533
4	diamond-chain/1024/base	combined	131383255	3916511	125890326
4	diamond-chain/1024/light	ir	6871945	54636	3994393
4	diamond-chain/1024/light	cfg	18565683	0	0
4	diamond-chain/1024/light	emission_exclusive	87550537	3857263	120357625
4	diamond-chain/1024/light	serialization	21813870	282946	5857869
4	diamond-chain/1024/light	combined	134802185	4194845	130209887
4	diamond-chain/1024/heavy	ir	24867538	153964	14526266
4	diamond-chain/1024/heavy	cfg	20586537	0	0
4	diamond-chain/1024/heavy	emission_exclusive	226720930	7747807	216606437
4	diamond-chain/1024/heavy	serialization	68530114	282948	19081271
4	diamond-chain/1024/heavy	combined	340705310	8184719	250213974
4	fan-in/64/base	ir	147489	3012	231834
4	fan-in/64/base	cfg	79030	0	0
4	fan-in/64/base	emission_exclusive	21132270	361039	7738269
4	fan-in/64/base	serialization	3671417	23502	433675
4	fan-in/64/base	combined	25030356	387553	8403778
4	fan-in/256/base	ir	687952	12041	932555
4	fan-in/256/base	cfg	600837	0	0
4	fan-in/256/base	emission_exclusive	80110128	3324668	63227648
4	fan-in/256/base	serialization	952803	8140	1101612
4	fan-in/256/base	combined	82351851	3344849	65261815
4	fan-in/1024/base	ir	6898745	48145	3734868
4	fan-in/1024/base	cfg	11002080	0	0
4	fan-in/1024/base	emission_exclusive	777562191	31527604	618738748
4	fan-in/1024/base	serialization	1817349	8142	4248310
4	fan-in/1024/base	combined	797280605	31583891	626721926
4	nested-loop/64/base	ir	112422	3009	229111
4	nested-loop/64/base	cfg	182796	0	0
4	nested-loop/64/base	emission_exclusive	3992466	149718	2837421
4	nested-loop/64/base	serialization	1286003	13198	348803
4	nested-loop/64/base	combined	5573797	165925	3415335
4	nested-loop/256/base	ir	619542	12036	921000
4	nested-loop/256/base	cfg	2271749	0	0
4	nested-loop/256/base	emission_exclusive	15060279	576567	15976260
4	nested-loop/256/base	serialization	5240316	48528	1356497
4	nested-loop/256/base	combined	23192017	637131	18253757
4	nested-loop/1024/base	ir	5716427	48138	3687985
4	nested-loop/1024/base	cfg	40561788	0	0
4	nested-loop/1024/base	emission_exclusive	59332529	2283847	143759634
4	nested-loop/1024/base	serialization	19878237	189842	5387591
4	nested-loop/1024/base	combined	125489232	2521827	152835210
4	multi-exit/64/base	ir	123464	2990	231132
4	multi-exit/64/base	cfg	85101	0	0
4	multi-exit/64/base	emission_exclusive	25637585	1038325	19436690
4	multi-exit/64/base	serialization	5575030	46594	569880
4	multi-exit/64/base	combined	31421311	1087909	20237702
4	multi-exit/256/base	ir	676450	12025	931853
4	multi-exit/256/base	cfg	621807	0	0
4	multi-exit/256/base	emission_exclusive	110508481	4980175	93574527
4	multi-exit/256/base	serialization	905122	8140	1101950
4	multi-exit/256/base	combined	112712011	5000340	95608330
4	multi-exit/1024/base	ir	7046394	48135	3734166
4	multi-exit/1024/base	cfg	12335443	0	0
4	multi-exit/1024/base	emission_exclusive	873131283	37208916	724828775
4	multi-exit/1024/base	serialization	1862314	8142	4248630
4	multi-exit/1024/base	combined	894375694	37265193	732811571
4	no-exit/64/base	ir	116380	3018	229199
4	no-exit/64/base	cfg	120848	0	0
4	no-exit/64/base	emission_exclusive	3517687	137678	2442687
4	no-exit/64/base	serialization	1193468	12278	343391
4	no-exit/64/base	combined	4948483	152974	3015277
4	no-exit/256/base	ir	612890	12045	921088
4	no-exit/256/base	cfg	1516170	0	0
4	no-exit/256/base	emission_exclusive	13746192	547235	13059068
4	no-exit/256/base	serialization	5375391	47608	1349547
4	no-exit/256/base	combined	21250894	606888	15329703
4	no-exit/1024/base	ir	5662415	48147	3688073
4	no-exit/1024/base	cfg	29019435	0	0
4	no-exit/1024/base	emission_exclusive	55362667	2185382	106422336
4	no-exit/1024/base	serialization	18111434	188922	5374495
4	no-exit/1024/base	combined	108156331	2422451	115484904
4	irreducible/64/base	ir	115028	3014	231355
4	irreducible/64/base	cfg	88518	0	0
4	irreducible/64/base	emission_exclusive	355706986	13761714	204732406
4	irreducible/64/base	serialization	4445532	61038	628259
4	irreducible/64/base	combined	360356285	13825766	205592020
4	irreducible/256/base	ir	652354	12045	930636
4	irreducible/256/base	cfg	1135779	0	0
4	irreducible/256/base	emission_exclusive	1060513255	38938265	424485411
4	irreducible/256/base	serialization	5035809	61040	1417299
4	irreducible/256/base	combined	1067337449	39011350	426833346
4	irreducible/1024/base	ir	6371748	48151	3727189
4	irreducible/1024/base	cfg	20240362	0	0
4	irreducible/1024/base	emission_exclusive	2965654625	106343842	1096707811
4	irreducible/1024/base	serialization	6426672	61042	4573269
4	irreducible/1024/base	combined	2998693668	106453035	1105008269
5	linear/64/base	ir	137060	3008	229014
5	linear/64/base	cfg	122402	0	0
5	linear/64/base	emission_exclusive	3552502	132901	2319001
5	linear/64/base	serialization	1162169	12094	341915
5	linear/64/base	combined	4977679	148003	2889930
5	linear/64/light	ir	131879	3415	247192
5	linear/64/light	cfg	90071	0	0
5	linear/64/light	emission_exclusive	3666779	147950	2532872
5	linear/64/light	serialization	1157079	12094	341531
5	linear/64/light	combined	5045918	163459	3121595
5	linear/64/heavy	ir	486551	9622	905081
5	linear/64/heavy	cfg	90872	0	0
5	linear/64/heavy	emission_exclusive	10333965	304273	7017602
5	linear/64/heavy	serialization	3983258	12096	1167973
5	linear/64/heavy	combined	14894816	325991	9090656
5	linear/256/base	ir	606298	12035	920903
5	linear/256/base	cfg	1398707	0	0
5	linear/256/base	emission_exclusive	13052580	526712	12403352
5	linear/256/base	serialization	4430884	47424	1346537
5	linear/256/base	combined	19488609	586171	14670792
5	linear/256/light	ir	691018	13656	991497
5	linear/256/light	cfg	1253803	0	0
5	linear/256/light	emission_exclusive	14181576	587752	13275990
5	linear/256/light	serialization	4370841	47424	1345097
5	linear/256/light	combined	20497378	648832	15612584
5	linear/256/heavy	ir	2783528	38488	3624490
5	linear/256/heavy	cfg	1112185	0	0
5	linear/256/heavy	emission_exclusive	40174113	1209433	31175155
5	linear/256/heavy	serialization	17305658	47426	4650931
5	linear/256/heavy	combined	61375724	1295347	39450576
5	linear/1024/base	ir	5678686	48137	3687888
5	linear/1024/base	cfg	22912758	0	0
5	linear/1024/base	emission_exclusive	52459051	2101884	101426946
5	linear/1024/base	serialization	17870927	188738	5365343
5	linear/1024/base	combined	98921804	2338759	110480177
5	linear/1024/light	ir	6662248	54622	3970450
5	linear/1024/light	cfg	21903339	0	0
5	linear/1024/light	emission_exclusive	56363648	2346883	104935712
5	linear/1024/light	serialization	17631875	188738	5359679
5	linear/1024/light	combined	102561291	2590243	114265841
5	linear/1024/heavy	ir	26588625	153950	14502323
5	linear/1024/heavy	cfg	21726123	0	0
5	linear/1024/heavy	emission_exclusive	160141542	4830132	176508472
5	linear/1024/heavy	serialization	62418077	188740	18583081
5	linear/1024/heavy	combined	270874817	5172822	209593876
5	diamond-chain/64/base	ir	114627	3014	230397
5	diamond-chain/64/base	cfg	104247	0	0
5	diamond-chain/64/base	emission_exclusive	5176546	225845	3714034
5	diamond-chain/64/base	serialization	1364512	17982	373065
5	diamond-chain/64/base	combined	6760062	246841	4317496
5	diamond-chain/64/light	ir	126590	3421	248575
5	diamond-chain/64/light	cfg	105550	0	0
5	diamond-chain/64/light	emission_exclusive	5444393	242545	3960954
5	diamond-chain/64/light	serialization	1337571	17982	372681
5	diamond-chain/64/light	combined	7014204	263948	4582210
5	diamond-chain/64/heavy	ir	390018	9628	906464
5	diamond-chain/64/heavy	cfg	101683	0	0
5	diamond-chain/64/heavy	emission_exclusive	13963473	486163	9978456
5	diamond-chain/64/heavy	serialization	4199126	17984	1199123
5	diamond-chain/64/heavy	combined	18654461	513775	12084043
5	diamond-chain/256/base	ir	634590	12045	926798
5	diamond-chain/256/base	cfg	1210030	0	0
5	diamond-chain/256/base	emission_exclusive	20147236	897470	17597948
5	diamond-chain/256/base	serialization	5338322	70976	1471095
5	diamond-chain/256/base	combined	27330288	980491	19995841
5	diamond-chain/256/light	ir	731023	13666	997392
5	diamond-chain/256/light	cfg	1180504	0	0
5	diamond-chain/256/light	emission_exclusive	21571892	965199	18603715
5	diamond-chain/256/light	serialization	5128324	70976	1469655
5	diamond-chain/256/light	combined	28611914	1049841	21070762
5	diamond-chain/256/heavy	ir	2261188	38498	3630385
5	diamond-chain/256/heavy	cfg	1203167	0	0
5	diamond-chain/256/heavy	emission_exclusive	55472452	1938175	42664308
5	diamond-chain/256/heavy	serialization	16810582	70978	4775489
5	diamond-chain/256/heavy	combined	75747550	2047651	51070182
5	diamond-chain/1024/base	ir	5982711	48151	3711831
5	diamond-chain/1024/base	cfg	20634278	0	0
5	diamond-chain/1024/base	emission_exclusive	82711949	3585414	116314962
5	diamond-chain/1024/base	serialization	21422799	282946	5863533
5	diamond-chain/1024/base	combined	130751927	3916511	125890326
5	diamond-chain/1024/light	ir	6883486	54636	3994393
5	diamond-chain/1024/light	cfg	18960520	0	0
5	diamond-chain/1024/light	emission_exclusive	91121312	3857263	120357625
5	diamond-chain/1024/light	serialization	21269830	282946	5857869
5	diamond-chain/1024/light	combined	138235690	4194845	130209887
5	diamond-chain/1024/heavy	ir	24452663	153964	14526266
5	diamond-chain/1024/heavy	cfg	20623367	0	0
5	diamond-chain/1024/heavy	emission_exclusive	224001156	7747807	216606437
5	diamond-chain/1024/heavy	serialization	67614109	282948	19081271
5	diamond-chain/1024/heavy	combined	336691515	8184719	250213974
5	fan-in/64/base	ir	138563	3012	231834
5	fan-in/64/base	cfg	77607	0	0
5	fan-in/64/base	emission_exclusive	20762399	361039	7738269
5	fan-in/64/base	serialization	3647482	23502	433675
5	fan-in/64/base	combined	24626201	387553	8403778
5	fan-in/256/base	ir	674957	12041	932555
5	fan-in/256/base	cfg	599204	0	0
5	fan-in/256/base	emission_exclusive	78780580	3324668	63227648
5	fan-in/256/base	serialization	964926	8140	1101612
5	fan-in/256/base	combined	81019817	3344849	65261815
5	fan-in/1024/base	ir	6678178	48145	3734868
5	fan-in/1024/base	cfg	11040161	0	0
5	fan-in/1024/base	emission_exclusive	775807842	31527604	618738748
5	fan-in/1024/base	serialization	1823812	8142	4248310
5	fan-in/1024/base	combined	795350253	31583891	626721926
5	nested-loop/64/base	ir	111581	3009	229111
5	nested-loop/64/base	cfg	179910	0	0
5	nested-loop/64/base	emission_exclusive	3865917	149718	2837421
5	nested-loop/64/base	serialization	1234125	13198	348803
5	nested-loop/64/base	combined	5391653	165925	3415335
5	nested-loop/256/base	ir	615936	12036	921000
5	nested-loop/256/base	cfg	2262902	0	0
5	nested-loop/256/base	emission_exclusive	14485862	576567	15976260
5	nested-loop/256/base	serialization	4832926	48528	1356497
5	nested-loop/256/base	combined	22197756	637131	18253757
5	nested-loop/1024/base	ir	5684758	48138	3687985
5	nested-loop/1024/base	cfg	39979886	0	0
5	nested-loop/1024/base	emission_exclusive	58096407	2283847	143759634
5	nested-loop/1024/base	serialization	19419007	189842	5387591
5	nested-loop/1024/base	combined	123180309	2521827	152835210
5	multi-exit/64/base	ir	118475	2990	231132
5	multi-exit/64/base	cfg	82356	0	0
5	multi-exit/64/base	emission_exclusive	25335974	1038325	19436690
5	multi-exit/64/base	serialization	5366635	46594	569880
5	multi-exit/64/base	combined	30903610	1087909	20237702
5	multi-exit/256/base	ir	676791	12025	931853
5	multi-exit/256/base	cfg	562224	0	0
5	multi-exit/256/base	emission_exclusive	110214032	4980175	93574527
5	multi-exit/256/base	serialization	915112	8140	1101950
5	multi-exit/256/base	combined	112368309	5000340	95608330
5	multi-exit/1024/base	ir	6845194	48135	3734166
5	multi-exit/1024/base	cfg	12221507	0	0
5	multi-exit/1024/base	emission_exclusive	876846170	37208916	724828775
5	multi-exit/1024/base	serialization	1848869	8142	4248630
5	multi-exit/1024/base	combined	897762040	37265193	732811571
5	no-exit/64/base	ir	116460	3018	229199
5	no-exit/64/base	cfg	120287	0	0
5	no-exit/64/base	emission_exclusive	3627746	137678	2442687
5	no-exit/64/base	serialization	1199840	12278	343391
5	no-exit/64/base	combined	5064473	152974	3015277
5	no-exit/256/base	ir	624882	12045	921088
5	no-exit/256/base	cfg	1504828	0	0
5	no-exit/256/base	emission_exclusive	14048725	547235	13059068
5	no-exit/256/base	serialization	4636915	47608	1349547
5	no-exit/256/base	combined	20815460	606888	15329703
5	no-exit/1024/base	ir	5746013	48147	3688073
5	no-exit/1024/base	cfg	27684789	0	0
5	no-exit/1024/base	emission_exclusive	56749550	2185382	106422336
5	no-exit/1024/base	serialization	18988433	188922	5374495
5	no-exit/1024/base	combined	109169115	2422451	115484904
5	irreducible/64/base	ir	116290	3014	231355
5	irreducible/64/base	cfg	88618	0	0
5	irreducible/64/base	emission_exclusive	369901017	13761714	204732406
5	irreducible/64/base	serialization	4788031	61038	628259
5	irreducible/64/base	combined	374894186	13825766	205592020
5	irreducible/256/base	ir	657754	12045	930636
5	irreducible/256/base	cfg	1159143	0	0
5	irreducible/256/base	emission_exclusive	1074498483	38938265	424485411
5	irreducible/256/base	serialization	4975084	61040	1417299
5	irreducible/256/base	combined	1081290605	39011350	426833346
5	irreducible/1024/base	ir	5949428	48151	3727189
5	irreducible/1024/base	cfg	19727822	0	0
5	irreducible/1024/base	emission_exclusive	2987872806	106343842	1096707811
5	irreducible/1024/base	serialization	6657849	61042	4573269
5	irreducible/1024/base	combined	3020208095	106453035	1105008269
6	linear/64/base	ir	137761	3008	229014
6	linear/64/base	cfg	115809	0	0
6	linear/64/base	emission_exclusive	3509110	132901	2319001
6	linear/64/base	serialization	1158773	12094	341915
6	linear/64/base	combined	4921843	148003	2889930
6	linear/64/light	ir	133072	3415	247192
6	linear/64/light	cfg	92986	0	0
6	linear/64/light	emission_exclusive	3657983	147950	2532872
6	linear/64/light	serialization	1148593	12094	341531
6	linear/64/light	combined	5032724	163459	3121595
6	linear/64/heavy	ir	472844	9622	905081
6	linear/64/heavy	cfg	89680	0	0
6	linear/64/heavy	emission_exclusive	10278710	304273	7017602
6	linear/64/heavy	serialization	4162837	12096	1167973
6	linear/64/heavy	combined	15004212	325991	9090656
6	linear/256/base	ir	614533	12035	920903
6	linear/256/base	cfg	1409687	0	0
6	linear/256/base	emission_exclusive	13091083	526712	12403352
6	linear/256/base	serialization	4592180	47424	1346537
6	linear/256/base	combined	19707663	586171	14670792
6	linear/256/light	ir	719271	13656	991497
6	linear/256/light	cfg	1329987	0	0
6	linear/256/light	emission_exclusive	14201453	587752	13275990
6	linear/256/light	serialization	4431486	47424	1345097
6	linear/256/light	combined	20682338	648832	15612584
6	linear/256/heavy	ir	2841608	38488	3624490
6	linear/256/heavy	cfg	1112946	0	0
6	linear/256/heavy	emission_exclusive	40544184	1209433	31175155
6	linear/256/heavy	serialization	15812862	47426	4650931
6	linear/256/heavy	combined	60311750	1295347	39450576
6	linear/1024/base	ir	6087560	48137	3687888
6	linear/1024/base	cfg	23982913	0	0
6	linear/1024/base	emission_exclusive	53565544	2101884	101426946
6	linear/1024/base	serialization	19225230	188738	5365343
6	linear/1024/base	combined	102861608	2338759	110480177
6	linear/1024/light	ir	7134441	54622	3970450
6	linear/1024/light	cfg	23097759	0	0
6	linear/1024/light	emission_exclusive	58294142	2346883	104935712
6	linear/1024/light	serialization	18267969	188738	5359679
6	linear/1024/light	combined	106794561	2590243	114265841
6	linear/1024/heavy	ir	27086567	153950	14502323
6	linear/1024/heavy	cfg	22578286	0	0
6	linear/1024/heavy	emission_exclusive	166065971	4830132	176508472
6	linear/1024/heavy	serialization	70138846	188740	18583081
6	linear/1024/heavy	combined	285869991	5172822	209593876
6	diamond-chain/64/base	ir	134615	3014	230397
6	diamond-chain/64/base	cfg	111871	0	0
6	diamond-chain/64/base	emission_exclusive	5334335	225845	3714034
6	diamond-chain/64/base	serialization	1418645	17982	373065
6	diamond-chain/64/base	combined	6999686	246841	4317496
6	diamond-chain/64/light	ir	128363	3421	248575
6	diamond-chain/64/light	cfg	103826	0	0
6	diamond-chain/64/light	emission_exclusive	5585190	242545	3960954
6	diamond-chain/64/light	serialization	1454702	17982	372681
6	diamond-chain/64/light	combined	7272181	263948	4582210
6	diamond-chain/64/heavy	ir	394537	9628	906464
6	diamond-chain/64/heavy	cfg	102353	0	0
6	diamond-chain/64/heavy	emission_exclusive	14328214	486163	9978456
6	diamond-chain/64/heavy	serialization	4438710	17984	1199123
6	diamond-chain/64/heavy	combined	19263904	513775	12084043
6	diamond-chain/256/base	ir	642877	12045	926798
6	diamond-chain/256/base	cfg	1238513	0	0
6	diamond-chain/256/base	emission_exclusive	20572320	897470	17597948
6	diamond-chain/256/base	serialization	5585880	70976	1471095
6	diamond-chain/256/base	combined	28039690	980491	19995841
6	diamond-chain/256/light	ir	723139	13666	997392
6	diamond-chain/256/light	cfg	1211552	0	0
6	diamond-chain/256/light	emission_exclusive	22030059	965199	18603715
6	diamond-chain/256/light	serialization	5579388	70976	1469655
6	diamond-chain/256/light	combined	29544248	1049841	21070762
6	diamond-chain/256/heavy	ir	2441651	38498	3630385
6	diamond-chain/256/heavy	cfg	1227402	0	0
6	diamond-chain/256/heavy	emission_exclusive	56823690	1938175	42664308
6	diamond-chain/256/heavy	serialization	18081697	70978	4775489
6	diamond-chain/256/heavy	combined	78574580	2047651	51070182
6	diamond-chain/1024/base	ir	6073132	48151	3711831
6	diamond-chain/1024/base	cfg	22100551	0	0
6	diamond-chain/1024/base	emission_exclusive	83396425	3585414	116314962
6	diamond-chain/1024/base	serialization	22265304	282946	5863533
6	diamond-chain/1024/base	combined	133835762	3916511	125890326
6	diamond-chain/1024/light	ir	7673851	54636	3994393
6	diamond-chain/1024/light	cfg	18951753	0	0
6	diamond-chain/1024/light	emission_exclusive	87667135	3857263	120357625
6	diamond-chain/1024/light	serialization	20951337	282946	5857869
6	diamond-chain/1024/light	combined	135244457	4194845	130209887
6	diamond-chain/1024/heavy	ir	24407397	153964	14526266
6	diamond-chain/1024/heavy	cfg	20741079	0	0
6	diamond-chain/1024/heavy	emission_exclusive	221696273	7747807	216606437
6	diamond-chain/1024/heavy	serialization	66941096	282948	19081271
6	diamond-chain/1024/heavy	combined	333786125	8184719	250213974
6	fan-in/64/base	ir	122693	3012	231834
6	fan-in/64/base	cfg	72036	0	0
6	fan-in/64/base	emission_exclusive	20513168	361039	7738269
6	fan-in/64/base	serialization	3757099	23502	433675
6	fan-in/64/base	combined	24465146	387553	8403778
6	fan-in/256/base	ir	673614	12041	932555
6	fan-in/256/base	cfg	553527	0	0
6	fan-in/256/base	emission_exclusive	77544340	3324668	63227648
6	fan-in/256/base	serialization	911805	8140	1101612
6	fan-in/256/base	combined	79683407	3344849	65261815
6	fan-in/1024/base	ir	6897172	48145	3734868
6	fan-in/1024/base	cfg	10561376	0	0
6	fan-in/1024/base	emission_exclusive	777991257	31527604	618738748
6	fan-in/1024/base	serialization	1810055	8142	4248310
6	fan-in/1024/base	combined	797260130	31583891	626721926
6	nested-loop/64/base	ir	111932	3009	229111
6	nested-loop/64/base	cfg	180972	0	0
6	nested-loop/64/base	emission_exclusive	3975414	149718	2837421
6	nested-loop/64/base	serialization	1284170	13198	348803
6	nested-loop/64/base	combined	5552588	165925	3415335
6	nested-loop/256/base	ir	616467	12036	921000
6	nested-loop/256/base	cfg	2280355	0	0
6	nested-loop/256/base	emission_exclusive	14887492	576567	15976260
6	nested-loop/256/base	serialization	5049345	48528	1356497
6	nested-loop/256/base	combined	22833739	637131	18253757
6	nested-loop/1024/base	ir	5710416	48138	3687985
6	nested-loop/1024/base	cfg	40415360	0	0
6	nested-loop/1024/base	emission_exclusive	58540167	2283847	143759634
6	nested-loop/1024/base	serialization	19419138	189842	5387591
6	nested-loop/1024/base	combined	124085511	2521827	152835210
6	multi-exit/64/base	ir	117052	2990	231132
6	multi-exit/64/base	cfg	80031	0	0
6	multi-exit/64/base	emission_exclusive	25338449	1038325	19436690
6	multi-exit/64/base	serialization	5333593	46594	569880
6	multi-exit/64/base	combined	30869235	1087909	20237702
6	multi-exit/256/base	ir	669737	12025	931853
6	multi-exit/256/base	cfg	565079	0	0
6	multi-exit/256/base	emission_exclusive	110688790	4980175	93574527
6	multi-exit/256/base	serialization	933617	8140	1101950
6	multi-exit/256/base	combined	112857353	5000340	95608330
6	multi-exit/1024/base	ir	6855564	48135	3734166
6	multi-exit/1024/base	cfg	12693360	0	0
6	multi-exit/1024/base	emission_exclusive	873931797	37208916	724828775
6	multi-exit/1024/base	serialization	1887232	8142	4248630
6	multi-exit/1024/base	combined	895368133	37265193	732811571
6	no-exit/64/base	ir	119827	3018	229199
6	no-exit/64/base	cfg	129024	0	0
6	no-exit/64/base	emission_exclusive	3602307	137678	2442687
6	no-exit/64/base	serialization	1191736	12278	343391
6	no-exit/64/base	combined	5043014	152974	3015277
6	no-exit/256/base	ir	627488	12045	921088
6	no-exit/256/base	cfg	1532069	0	0
6	no-exit/256/base	emission_exclusive	13832976	547235	13059068
6	no-exit/256/base	serialization	4700826	47608	1349547
6	no-exit/256/base	combined	20693459	606888	15329703
6	no-exit/1024/base	ir	5637068	48147	3688073
6	no-exit/1024/base	cfg	28386366	0	0
6	no-exit/1024/base	emission_exclusive	55589664	2185382	106422336
6	no-exit/1024/base	serialization	19395132	188922	5374495
6	no-exit/1024/base	combined	109008460	2422451	115484904
6	irreducible/64/base	ir	118334	3014	231355
6	irreducible/64/base	cfg	87556	0	0
6	irreducible/64/base	emission_exclusive	372015887	13761714	204732406
6	irreducible/64/base	serialization	4708760	61038	628259
6	irreducible/64/base	combined	376930697	13825766	205592020
6	irreducible/256/base	ir	672262	12045	930636
6	irreducible/256/base	cfg	1200723	0	0
6	irreducible/256/base	emission_exclusive	1094339560	38938265	424485411
6	irreducible/256/base	serialization	5153081	61040	1417299
6	irreducible/256/base	combined	1101365776	39011350	426833346
6	irreducible/1024/base	ir	6255747	48151	3727189
6	irreducible/1024/base	cfg	21321127	0	0
6	irreducible/1024/base	emission_exclusive	2969968912	106343842	1096707811
6	irreducible/1024/base	serialization	6484601	61042	4573269
6	irreducible/1024/base	combined	3004030668	106453035	1105008269
7	linear/64/base	ir	139664	3008	229014
7	linear/64/base	cfg	123233	0	0
7	linear/64/base	emission_exclusive	3483432	132901	2319001
7	linear/64/base	serialization	1160546	12094	341915
7	linear/64/base	combined	4907116	148003	2889930
7	linear/64/light	ir	131318	3415	247192
7	linear/64/light	cfg	88758	0	0
7	linear/64/light	emission_exclusive	3966746	147950	2532872
7	linear/64/light	serialization	1205411	12094	341531
7	linear/64/light	combined	5392414	163459	3121595
7	linear/64/heavy	ir	470350	9622	905081
7	linear/64/heavy	cfg	89389	0	0
7	linear/64/heavy	emission_exclusive	10335358	304273	7017602
7	linear/64/heavy	serialization	4541173	12096	1167973
7	linear/64/heavy	combined	15436430	325991	9090656
7	linear/256/base	ir	720874	12035	920903
7	linear/256/base	cfg	1396213	0	0
7	linear/256/base	emission_exclusive	13066795	526712	12403352
7	linear/256/base	serialization	4554599	47424	1346537
7	linear/256/base	combined	19738662	586171	14670792
7	linear/256/light	ir	693573	13656	991497
7	linear/256/light	cfg	1242121	0	0
7	linear/256/light	emission_exclusive	14107295	587752	13275990
7	linear/256/light	serialization	4526495	47424	1345097
7	linear/256/light	combined	20569624	648832	15612584
7	linear/256/heavy	ir	2750434	38488	3624490
7	linear/256/heavy	cfg	1105903	0	0
7	linear/256/heavy	emission_exclusive	40312674	1209433	31175155
7	linear/256/heavy	serialization	16642312	47426	4650931
7	linear/256/heavy	combined	60811494	1295347	39450576
7	linear/1024/base	ir	5779978	48137	3687888
7	linear/1024/base	cfg	24801763	0	0
7	linear/1024/base	emission_exclusive	53239775	2101884	101426946
7	linear/1024/base	serialization	18325056	188738	5365343
7	linear/1024/base	combined	102146793	2338759	110480177
7	linear/1024/light	ir	6907561	54622	3970450
7	linear/1024/light	cfg	22406400	0	0
7	linear/1024/light	emission_exclusive	56324694	2346883	104935712
7	linear/1024/light	serialization	18794826	188738	5359679
7	linear/1024/light	combined	104433711	2590243	114265841
7	linear/1024/heavy	ir	26573856	153950	14502323
7	linear/1024/heavy	cfg	22544111	0	0
7	linear/1024/heavy	emission_exclusive	160712598	4830132	176508472
7	linear/1024/heavy	serialization	68997275	188740	18583081
7	linear/1024/heavy	combined	278828240	5172822	209593876
7	diamond-chain/64/base	ir	122151	3014	230397
7	diamond-chain/64/base	cfg	106251	0	0
7	diamond-chain/64/base	emission_exclusive	5244224	225845	3714034
7	diamond-chain/64/base	serialization	1464001	17982	373065
7	diamond-chain/64/base	combined	6936777	246841	4317496
7	diamond-chain/64/light	ir	129415	3421	248575
7	diamond-chain/64/light	cfg	104929	0	0
7	diamond-chain/64/light	emission_exclusive	5541355	242545	3960954
7	diamond-chain/64/light	serialization	1458670	17982	372681
7	diamond-chain/64/light	combined	7234469	263948	4582210
7	diamond-chain/64/heavy	ir	386632	9628	906464
7	diamond-chain/64/heavy	cfg	101041	0	0
7	diamond-chain/64/heavy	emission_exclusive	14428603	486163	9978456
7	diamond-chain/64/heavy	serialization	4109206	17984	1199123
7	diamond-chain/64/heavy	combined	19025603	513775	12084043
7	diamond-chain/256/base	ir	637617	12045	926798
7	diamond-chain/256/base	cfg	1250586	0	0
7	diamond-chain/256/base	emission_exclusive	20684321	897470	17597948
7	diamond-chain/256/base	serialization	5457648	70976	1471095
7	diamond-chain/256/base	combined	28030312	980491	19995841
7	diamond-chain/256/light	ir	716215	13666	997392
7	diamond-chain/256/light	cfg	1183790	0	0
7	diamond-chain/256/light	emission_exclusive	21734509	965199	18603715
7	diamond-chain/256/light	serialization	6318446	70976	1469655
7	diamond-chain/256/light	combined	29953120	1049841	21070762
7	diamond-chain/256/heavy	ir	2420470	38498	3630385
7	diamond-chain/256/heavy	cfg	1213516	0	0
7	diamond-chain/256/heavy	emission_exclusive	56283427	1938175	42664308
7	diamond-chain/256/heavy	serialization	16089897	70978	4775489
7	diamond-chain/256/heavy	combined	76007490	2047651	51070182
7	diamond-chain/1024/base	ir	5920073	48151	3711831
7	diamond-chain/1024/base	cfg	21994921	0	0
7	diamond-chain/1024/base	emission_exclusive	82398794	3585414	116314962
7	diamond-chain/1024/base	serialization	21351434	282946	5863533
7	diamond-chain/1024/base	combined	131665452	3916511	125890326
7	diamond-chain/1024/light	ir	6899406	54636	3994393
7	diamond-chain/1024/light	cfg	18645293	0	0
7	diamond-chain/1024/light	emission_exclusive	87082326	3857263	120357625
7	diamond-chain/1024/light	serialization	21639157	282946	5857869
7	diamond-chain/1024/light	combined	134266413	4194845	130209887
7	diamond-chain/1024/heavy	ir	24278313	153964	14526266
7	diamond-chain/1024/heavy	cfg	20610641	0	0
7	diamond-chain/1024/heavy	emission_exclusive	222773166	7747807	216606437
7	diamond-chain/1024/heavy	serialization	70077549	282948	19081271
7	diamond-chain/1024/heavy	combined	337739969	8184719	250213974
7	fan-in/64/base	ir	140637	3012	231834
7	fan-in/64/base	cfg	76294	0	0
7	fan-in/64/base	emission_exclusive	21031408	361039	7738269
7	fan-in/64/base	serialization	3800091	23502	433675
7	fan-in/64/base	combined	25048741	387553	8403778
7	fan-in/256/base	ir	672663	12041	932555
7	fan-in/256/base	cfg	594274	0	0
7	fan-in/256/base	emission_exclusive	79023607	3324668	63227648
7	fan-in/256/base	serialization	926905	8140	1101612
7	fan-in/256/base	combined	81217579	3344849	65261815
7	fan-in/1024/base	ir	6849811	48145	3734868
7	fan-in/1024/base	cfg	10887381	0	0
7	fan-in/1024/base	emission_exclusive	780746354	31527604	618738748
7	fan-in/1024/base	serialization	1799104	8142	4248310
7	fan-in/1024/base	combined	800282921	31583891	626721926
7	nested-loop/64/base	ir	115489	3009	229111
7	nested-loop/64/base	cfg	182986	0	0
7	nested-loop/64/base	emission_exclusive	4039323	149718	2837421
7	nested-loop/64/base	serialization	1260225	13198	348803
7	nested-loop/64/base	combined	5598163	165925	3415335
7	nested-loop/256/base	ir	625052	12036	921000
7	nested-loop/256/base	cfg	2277820	0	0
7	nested-loop/256/base	emission_exclusive	14994896	576567	15976260
7	nested-loop/256/base	serialization	5115630	48528	1356497
7	nested-loop/256/base	combined	23013508	637131	18253757
7	nested-loop/1024/base	ir	5764828	48138	3687985
7	nested-loop/1024/base	cfg	40800517	0	0
7	nested-loop/1024/base	emission_exclusive	59175147	2283847	143759634
7	nested-loop/1024/base	serialization	20043629	189842	5387591
7	nested-loop/1024/base	combined	125784322	2521827	152835210
7	multi-exit/64/base	ir	126589	2990	231132
7	multi-exit/64/base	cfg	84630	0	0
7	multi-exit/64/base	emission_exclusive	25637434	1038325	19436690
7	multi-exit/64/base	serialization	5301071	46594	569880
7	multi-exit/64/base	combined	31149864	1087909	20237702
7	multi-exit/256/base	ir	667773	12025	931853
7	multi-exit/256/base	cfg	565801	0	0
7	multi-exit/256/base	emission_exclusive	112465318	4980175	93574527
7	multi-exit/256/base	serialization	922255	8140	1101950
7	multi-exit/256/base	combined	114621308	5000340	95608330
7	multi-exit/1024/base	ir	7150171	48135	3734166
7	multi-exit/1024/base	cfg	12177844	0	0
7	multi-exit/1024/base	emission_exclusive	881951703	37208916	724828775
7	multi-exit/1024/base	serialization	1821938	8142	4248630
7	multi-exit/1024/base	combined	903101926	37265193	732811571
7	no-exit/64/base	ir	112183	3018	229199
7	no-exit/64/base	cfg	120267	0	0
7	no-exit/64/base	emission_exclusive	3635781	137678	2442687
7	no-exit/64/base	serialization	1215189	12278	343391
7	no-exit/64/base	combined	5083550	152974	3015277
7	no-exit/256/base	ir	621326	12045	921088
7	no-exit/256/base	cfg	1503926	0	0
7	no-exit/256/base	emission_exclusive	14068482	547235	13059068
7	no-exit/256/base	serialization	4786878	47608	1349547
7	no-exit/256/base	combined	20980712	606888	15329703
7	no-exit/1024/base	ir	5856602	48147	3688073
7	no-exit/1024/base	cfg	28126014	0	0
7	no-exit/1024/base	emission_exclusive	57129175	2185382	106422336
7	no-exit/1024/base	serialization	18652436	188922	5374495
7	no-exit/1024/base	combined	109764679	2422451	115484904
7	irreducible/64/base	ir	116430	3014	231355
7	irreducible/64/base	cfg	89069	0	0
7	irreducible/64/base	emission_exclusive	371204712	13761714	204732406
7	irreducible/64/base	serialization	4615154	61038	628259
7	irreducible/64/base	combined	376025506	13825766	205592020
7	irreducible/256/base	ir	655942	12045	930636
7	irreducible/256/base	cfg	1138615	0	0
7	irreducible/256/base	emission_exclusive	1082706150	38938265	424485411
7	irreducible/256/base	serialization	4990133	61040	1417299
7	irreducible/256/base	combined	1089491100	39011350	426833346
7	irreducible/1024/base	ir	6283952	48151	3727189
7	irreducible/1024/base	cfg	19368010	0	0
7	irreducible/1024/base	emission_exclusive	2998515601	106343842	1096707811
7	irreducible/1024/base	serialization	6530046	61042	4573269
7	irreducible/1024/base	combined	3030697870	106453035	1105008269
8	linear/64/base	ir	134935	3008	229014
8	linear/64/base	cfg	111822	0	0
8	linear/64/base	emission_exclusive	3718868	132901	2319001
8	linear/64/base	serialization	1157470	12094	341915
8	linear/64/base	combined	5123315	148003	2889930
8	linear/64/light	ir	130738	3415	247192
8	linear/64/light	cfg	88267	0	0
8	linear/64/light	emission_exclusive	3937190	147950	2532872
8	linear/64/light	serialization	1155877	12094	341531
8	linear/64/light	combined	5312182	163459	3121595
8	linear/64/heavy	ir	469198	9622	905081
8	linear/64/heavy	cfg	94348	0	0
8	linear/64/heavy	emission_exclusive	11176480	304273	7017602
8	linear/64/heavy	serialization	4162878	12096	1167973
8	linear/64/heavy	combined	15903074	325991	9090656
8	linear/256/base	ir	617328	12035	920903
8	linear/256/base	cfg	1429696	0	0
8	linear/256/base	emission_exclusive	14153081	526712	12403352
8	linear/256/base	serialization	4555831	47424	1346537
8	linear/256/base	combined	20756097	586171	14670792
8	linear/256/light	ir	708631	13656	991497
8	linear/256/light	cfg	1298447	0	0
8	linear/256/light	emission_exclusive	15417274	587752	13275990
8	linear/256/light	serialization	4504764	47424	1345097
8	linear/256/light	combined	21929267	648832	15612584
8	linear/256/heavy	ir	2787245	38488	3624490
8	linear/256/heavy	cfg	1101815	0	0
8	linear/256/heavy	emission_exclusive	43705524	1209433	31175155
8	linear/256/heavy	serialization	16708828	47426	4650931
8	linear/256/heavy	combined	64303582	1295347	39450576
8	linear/1024/base	ir	5592632	48137	3687888
8	linear/1024/base	cfg	23451056	0	0
8	linear/1024/base	emission_exclusive	56994842	2101884	101426946
8	linear/1024/base	serialization	19192398	188738	5365343
8	linear/1024/base	combined	105231269	2338759	110480177
8	linear/1024/light	ir	6857376	54622	3970450
8	linear/1024/light	cfg	22104318	0	0
8	linear/1024/light	emission_exclusive	61748407	2346883	104935712
8	linear/1024/light	serialization	19181768	188738	5359679
8	linear/1024/light	combined	109892059	2590243	114265841
8	linear/1024/heavy	ir	26527779	153950	14502323
8	linear/1024/heavy	cfg	21719891	0	0
8	linear/1024/heavy	emission_exclusive	179465222	4830132	176508472
8	linear/1024/heavy	serialization	67012468	188740	18583081
8	linear/1024/heavy	combined	294725620	5172822	209593876
8	diamond-chain/64/base	ir	126500	3014	230397
8	diamond-chain/64/base	cfg	108796	0	0
8	diamond-chain/64/base	emission_exclusive	5491050	225845	3714034
8	diamond-chain/64/base	serialization	1407904	17982	373065
8	diamond-chain/64/base	combined	7134390	246841	4317496
8	diamond-chain/64/light	ir	136078	3421	248575
8	diamond-chain/64/light	cfg	103145	0	0
8	diamond-chain/64/light	emission_exclusive	5784055	242545	3960954
8	diamond-chain/64/light	serialization	1417703	17982	372681
8	diamond-chain/64/light	combined	7441101	263948	4582210
8	diamond-chain/64/heavy	ir	392864	9628	906464
8	diamond-chain/64/heavy	cfg	101422	0	0
8	diamond-chain/64/heavy	emission_exclusive	14856052	486163	9978456
8	diamond-chain/64/heavy	serialization	4208835	17984	1199123
8	diamond-chain/64/heavy	combined	19559313	513775	12084043
8	diamond-chain/256/base	ir	636254	12045	926798
8	diamond-chain/256/base	cfg	1221021	0	0
8	diamond-chain/256/base	emission_exclusive	21387901	897470	17597948
8	diamond-chain/256/base	serialization	5556235	70976	1471095
8	diamond-chain/256/base	combined	28801541	980491	19995841
8	diamond-chain/256/light	ir	725273	13666	997392
8	diamond-chain/256/light	cfg	1180714	0	0
8	diamond-chain/256/light	emission_exclusive	22768215	965199	18603715
8	diamond-chain/256/light	serialization	5391963	70976	1469655
8	diamond-chain/256/light	combined	30066285	1049841	21070762
8	diamond-chain/256/heavy	ir	2341461	38498	3630385
8	diamond-chain/256/heavy	cfg	1192467	0	0
8	diamond-chain/256/heavy	emission_exclusive	58648971	1938175	42664308
8	diamond-chain/256/heavy	serialization	16580044	70978	4775489
8	diamond-chain/256/heavy	combined	78763083	2047651	51070182
8	diamond-chain/1024/base	ir	5744690	48151	3711831
8	diamond-chain/1024/base	cfg	20676265	0	0
8	diamond-chain/1024/base	emission_exclusive	85909458	3585414	116314962
8	diamond-chain/1024/base	serialization	22317902	282946	5863533
8	diamond-chain/1024/base	combined	134648575	3916511	125890326
8	diamond-chain/1024/light	ir	7018922	54636	3994393
8	diamond-chain/1024/light	cfg	18445955	0	0
8	diamond-chain/1024/light	emission_exclusive	90874603	3857263	120357625
8	diamond-chain/1024/light	serialization	21863222	282946	5857869
8	diamond-chain/1024/light	combined	138202862	4194845	130209887
8	diamond-chain/1024/heavy	ir	24305654	153964	14526266
8	diamond-chain/1024/heavy	cfg	20248546	0	0
8	diamond-chain/1024/heavy	emission_exclusive	234706175	7747807	216606437
8	diamond-chain/1024/heavy	serialization	72379012	282948	19081271
8	diamond-chain/1024/heavy	combined	351639548	8184719	250213974
8	fan-in/64/base	ir	126760	3012	231834
8	fan-in/64/base	cfg	74901	0	0
8	fan-in/64/base	emission_exclusive	20933333	361039	7738269
8	fan-in/64/base	serialization	3732974	23502	433675
8	fan-in/64/base	combined	24868118	387553	8403778
8	fan-in/256/base	ir	673294	12041	932555
8	fan-in/256/base	cfg	578985	0	0
8	fan-in/256/base	emission_exclusive	80555876	3324668	63227648
8	fan-in/256/base	serialization	943335	8140	1101612
8	fan-in/256/base	combined	82751640	3344849	65261815
8	fan-in/1024/base	ir	6710148	48145	3734868
8	fan-in/1024/base	cfg	10591874	0	0
8	fan-in/1024/base	emission_exclusive	793701630	31527604	618738748
8	fan-in/1024/base	serialization	1818432	8142	4248310
8	fan-in/1024/base	combined	812822255	31583891	626721926
8	nested-loop/64/base	ir	114307	3009	229111
8	nested-loop/64/base	cfg	186503	0	0
8	nested-loop/64/base	emission_exclusive	4044232	149718	2837421
8	nested-loop/64/base	serialization	1251138	13198	348803
8	nested-loop/64/base	combined	5596290	165925	3415335
8	nested-loop/256/base	ir	632016	12036	921000
8	nested-loop/256/base	cfg	2279894	0	0
8	nested-loop/256/base	emission_exclusive	15177551	576567	15976260
8	nested-loop/256/base	serialization	4967780	48528	1356497
8	nested-loop/256/base	combined	23057371	637131	18253757
8	nested-loop/1024/base	ir	5574509	48138	3687985
8	nested-loop/1024/base	cfg	40245877	0	0
8	nested-loop/1024/base	emission_exclusive	59578370	2283847	143759634
8	nested-loop/1024/base	serialization	20756387	189842	5387591
8	nested-loop/1024/base	combined	126155323	2521827	152835210
8	multi-exit/64/base	ir	117332	2990	231132
8	multi-exit/64/base	cfg	79891	0	0
8	multi-exit/64/base	emission_exclusive	25773722	1038325	19436690
8	multi-exit/64/base	serialization	5739581	46594	569880
8	multi-exit/64/base	combined	31710676	1087909	20237702
8	multi-exit/256/base	ir	675198	12025	931853
8	multi-exit/256/base	cfg	565330	0	0
8	multi-exit/256/base	emission_exclusive	112884090	4980175	93574527
8	multi-exit/256/base	serialization	910253	8140	1101950
8	multi-exit/256/base	combined	115035041	5000340	95608330
8	multi-exit/1024/base	ir	6741747	48135	3734166
8	multi-exit/1024/base	cfg	12518809	0	0
8	multi-exit/1024/base	emission_exclusive	887254432	37208916	724828775
8	multi-exit/1024/base	serialization	1849029	8142	4248630
8	multi-exit/1024/base	combined	908364197	37265193	732811571
8	no-exit/64/base	ir	115749	3018	229199
8	no-exit/64/base	cfg	123243	0	0
8	no-exit/64/base	emission_exclusive	3597738	137678	2442687
8	no-exit/64/base	serialization	1248373	12278	343391
8	no-exit/64/base	combined	5085243	152974	3015277
8	no-exit/256/base	ir	627197	12045	921088
8	no-exit/256/base	cfg	1506491	0	0
8	no-exit/256/base	emission_exclusive	13891957	547235	13059068
8	no-exit/256/base	serialization	4795155	47608	1349547
8	no-exit/256/base	combined	20820920	606888	15329703
8	no-exit/1024/base	ir	5615646	48147	3688073
8	no-exit/1024/base	cfg	28080106	0	0
8	no-exit/1024/base	emission_exclusive	56120186	2185382	106422336
8	no-exit/1024/base	serialization	18998841	188922	5374495
8	no-exit/1024/base	combined	108815010	2422451	115484904
8	irreducible/64/base	ir	116842	3014	231355
8	irreducible/64/base	cfg	88968	0	0
8	irreducible/64/base	emission_exclusive	362751935	13761714	204732406
8	irreducible/64/base	serialization	4741672	61038	628259
8	irreducible/64/base	combined	367699577	13825766	205592020
8	irreducible/256/base	ir	649029	12045	930636
8	irreducible/256/base	cfg	1135429	0	0
8	irreducible/256/base	emission_exclusive	1091397960	38938265	424485411
8	irreducible/256/base	serialization	5214126	61040	1417299
8	irreducible/256/base	combined	1098396745	39011350	426833346
8	irreducible/1024/base	ir	6072531	48151	3727189
8	irreducible/1024/base	cfg	20112990	0	0
8	irreducible/1024/base	emission_exclusive	3035305456	106343842	1096707811
8	irreducible/1024/base	serialization	6627992	61042	4573269
8	irreducible/1024/base	combined	3068119199	106453035	1105008269
9	linear/64/base	ir	138391	3008	229014
9	linear/64/base	cfg	122491	0	0
9	linear/64/base	emission_exclusive	3477442	132901	2319001
9	linear/64/base	serialization	1179001	12094	341915
9	linear/64/base	combined	4921042	148003	2889930
9	linear/64/light	ir	130306	3415	247192
9	linear/64/light	cfg	91333	0	0
9	linear/64/light	emission_exclusive	3650097	147950	2532872
9	linear/64/light	serialization	1201694	12094	341531
9	linear/64/light	combined	5073530	163459	3121595
9	linear/64/heavy	ir	475309	9622	905081
9	linear/64/heavy	cfg	90692	0	0
9	linear/64/heavy	emission_exclusive	10331389	304273	7017602
9	linear/64/heavy	serialization	4180280	12096	1167973
9	linear/64/heavy	combined	15077841	325991	9090656
9	linear/256/base	ir	610395	12035	920903
9	linear/256/base	cfg	1461697	0	0
9	linear/256/base	emission_exclusive	13275330	526712	12403352
9	linear/256/base	serialization	4657153	47424	1346537
9	linear/256/base	combined	20004705	586171	14670792
9	linear/256/light	ir	698833	13656	991497
9	linear/256/light	cfg	1261747	0	0
9	linear/256/light	emission_exclusive	14439995	587752	13275990
9	linear/256/light	serialization	4588573	47424	1345097
9	linear/256/light	combined	20989298	648832	15612584
9	linear/256/heavy	ir	2813875	38488	3624490
9	linear/256/heavy	cfg	1143785	0	0
9	linear/256/heavy	emission_exclusive	41409368	1209433	31175155
9	linear/256/heavy	serialization	17124434	47426	4650931
9	linear/256/heavy	combined	62491662	1295347	39450576
9	linear/1024/base	ir	5720495	48137	3687888
9	linear/1024/base	cfg	23058253	0	0
9	linear/1024/base	emission_exclusive	53011983	2101884	101426946
9	linear/1024/base	serialization	19757327	188738	5365343
9	linear/1024/base	combined	101548268	2338759	110480177
9	linear/1024/light	ir	6865782	54622	3970450
9	linear/1024/light	cfg	21716865	0	0
9	linear/1024/light	emission_exclusive	57853875	2346883	104935712
9	linear/1024/light	serialization	19651066	188738	5359679
9	linear/1024/light	combined	106087828	2590243	114265841
9	linear/1024/heavy	ir	26382743	153950	14502323
9	linear/1024/heavy	cfg	21882719	0	0
9	linear/1024/heavy	emission_exclusive	159583977	4830132	176508472
9	linear/1024/heavy	serialization	64683630	188740	18583081
9	linear/1024/heavy	combined	272533239	5172822	209593876
9	diamond-chain/64/base	ir	118244	3014	230397
9	diamond-chain/64/base	cfg	103126	0	0
9	diamond-chain/64/base	emission_exclusive	5230857	225845	3714034
9	diamond-chain/64/base	serialization	1377336	17982	373065
9	diamond-chain/64/base	combined	6829703	246841	4317496
9	diamond-chain/64/light	ir	133302	3421	248575
9	diamond-chain/64/light	cfg	103145	0	0
9	diamond-chain/64/light	emission_exclusive	5577634	242545	3960954
9	diamond-chain/64/light	serialization	1365714	17982	372681
9	diamond-chain/64/light	combined	7179906	263948	4582210
9	diamond-chain/64/heavy	ir	382494	9628	906464
9	diamond-chain/64/heavy	cfg	101242	0	0
9	diamond-chain/64/heavy	emission_exclusive	14261988	486163	9978456
9	diamond-chain/64/heavy	serialization	4197913	17984	1199123
9	diamond-chain/64/heavy	combined	18943737	513775	12084043
9	diamond-chain/256/base	ir	641885	12045	926798
9	diamond-chain/256/base	cfg	1224136	0	0
9	diamond-chain/256/base	emission_exclusive	20515992	897470	17597948
9	diamond-chain/256/base	serialization	5462056	70976	1471095
9	diamond-chain/256/base	combined	27844169	980491	19995841
9	diamond-chain/256/light	ir	718319	13666	997392
9	diamond-chain/256/light	cfg	1192096	0	0
9	diamond-chain/256/light	emission_exclusive	21972538	965199	18603715
9	diamond-chain/256/light	serialization	5506450	70976	1469655
9	diamond-chain/256/light	combined	29389884	1049841	21070762
9	diamond-chain/256/heavy	ir	2399511	38498	3630385
9	diamond-chain/256/heavy	cfg	1199630	0	0
9	diamond-chain/256/heavy	emission_exclusive	56099345	1938175	42664308
9	diamond-chain/256/heavy	serialization	17756140	70978	4775489
9	diamond-chain/256/heavy	combined	77454806	2047651	51070182
9	diamond-chain/1024/base	ir	5879606	48151	3711831
9	diamond-chain/1024/base	cfg	21214784	0	0
9	diamond-chain/1024/base	emission_exclusive	82612756	3585414	116314962
9	diamond-chain/1024/base	serialization	22558978	282946	5863533
9	diamond-chain/1024/base	combined	132266345	3916511	125890326
9	diamond-chain/1024/light	ir	7003232	54636	3994393
9	diamond-chain/1024/light	cfg	18242189	0	0
9	diamond-chain/1024/light	emission_exclusive	87608821	3857263	120357625
9	diamond-chain/1024/light	serialization	22417962	282946	5857869
9	diamond-chain/1024/light	combined	135272644	4194845	130209887
9	diamond-chain/1024/heavy	ir	24388980	153964	14526266
9	diamond-chain/1024/heavy	cfg	20672538	0	0
9	diamond-chain/1024/heavy	emission_exclusive	226390054	7747807	216606437
9	diamond-chain/1024/heavy	serialization	72309169	282948	19081271
9	diamond-chain/1024/heavy	combined	343761362	8184719	250213974
9	fan-in/64/base	ir	123563	3012	231834
9	fan-in/64/base	cfg	70354	0	0
9	fan-in/64/base	emission_exclusive	20794358	361039	7738269
9	fan-in/64/base	serialization	3933153	23502	433675
9	fan-in/64/base	combined	24921578	387553	8403778
9	fan-in/256/base	ir	667463	12041	932555
9	fan-in/256/base	cfg	562003	0	0
9	fan-in/256/base	emission_exclusive	78885774	3324668	63227648
9	fan-in/256/base	serialization	966429	8140	1101612
9	fan-in/256/base	combined	81081809	3344849	65261815
9	fan-in/1024/base	ir	6709636	48145	3734868
9	fan-in/1024/base	cfg	10823711	0	0
9	fan-in/1024/base	emission_exclusive	781634772	31527604	618738748
9	fan-in/1024/base	serialization	1832297	8142	4248310
9	fan-in/1024/base	combined	801000586	31583891	626721926
9	nested-loop/64/base	ir	116480	3009	229111
9	nested-loop/64/base	cfg	184599	0	0
9	nested-loop/64/base	emission_exclusive	4019867	149718	2837421
9	nested-loop/64/base	serialization	1360415	13198	348803
9	nested-loop/64/base	combined	5681491	165925	3415335
9	nested-loop/256/base	ir	626726	12036	921000
9	nested-loop/256/base	cfg	2297918	0	0
9	nested-loop/256/base	emission_exclusive	15055389	576567	15976260
9	nested-loop/256/base	serialization	5183850	48528	1356497
9	nested-loop/256/base	combined	23164023	637131	18253757
9	nested-loop/1024/base	ir	6113639	48138	3687985
9	nested-loop/1024/base	cfg	41025823	0	0
9	nested-loop/1024/base	emission_exclusive	58947264	2283847	143759634
9	nested-loop/1024/base	serialization	20177451	189842	5387591
9	nested-loop/1024/base	combined	126264408	2521827	152835210
9	multi-exit/64/base	ir	116130	2990	231132
9	multi-exit/64/base	cfg	79039	0	0
9	multi-exit/64/base	emission_exclusive	25555359	1038325	19436690
9	multi-exit/64/base	serialization	5588625	46594	569880
9	multi-exit/64/base	combined	31339273	1087909	20237702
9	multi-exit/256/base	ir	678464	12025	931853
9	multi-exit/256/base	cfg	555090	0	0
9	multi-exit/256/base	emission_exclusive	110933076	4980175	93574527
9	multi-exit/256/base	serialization	940009	8140	1101950
9	multi-exit/256/base	combined	113106779	5000340	95608330
9	multi-exit/1024/base	ir	7235582	48135	3734166
9	multi-exit/1024/base	cfg	11749153	0	0
9	multi-exit/1024/base	emission_exclusive	885252283	37208916	724828775
9	multi-exit/1024/base	serialization	1837377	8142	4248630
9	multi-exit/1024/base	combined	906074655	37265193	732811571
9	no-exit/64/base	ir	116841	3018	229199
9	no-exit/64/base	cfg	121600	0	0
9	no-exit/64/base	emission_exclusive	3641121	137678	2442687
9	no-exit/64/base	serialization	1226320	12278	343391
9	no-exit/64/base	combined	5106012	152974	3015277
9	no-exit/256/base	ir	620774	12045	921088
9	no-exit/256/base	cfg	1514486	0	0
9	no-exit/256/base	emission_exclusive	14102717	547235	13059068
9	no-exit/256/base	serialization	4789693	47608	1349547
9	no-exit/256/base	combined	21027770	606888	15329703
9	no-exit/1024/base	ir	6082450	48147	3688073
9	no-exit/1024/base	cfg	27771662	0	0
9	no-exit/1024/base	emission_exclusive	56599461	2185382	106422336
9	no-exit/1024/base	serialization	19045280	188922	5374495
9	no-exit/1024/base	combined	109499063	2422451	115484904
9	irreducible/64/base	ir	122903	3014	231355
9	irreducible/64/base	cfg	93738	0	0
9	irreducible/64/base	emission_exclusive	369498262	13761714	204732406
9	irreducible/64/base	serialization	4776508	61038	628259
9	irreducible/64/base	combined	374491561	13825766	205592020
9	irreducible/256/base	ir	660060	12045	930636
9	irreducible/256/base	cfg	1134477	0	0
9	irreducible/256/base	emission_exclusive	1079771996	38938265	424485411
9	irreducible/256/base	serialization	5083300	61040	1417299
9	irreducible/256/base	combined	1086650073	39011350	426833346
9	irreducible/1024/base	ir	6175505	48151	3727189
9	irreducible/1024/base	cfg	19998683	0	0
9	irreducible/1024/base	emission_exclusive	2982055116	106343842	1096707811
9	irreducible/1024/base	serialization	6553060	61042	4573269
9	irreducible/1024/base	combined	3014782704	106453035	1105008269
10	linear/64/base	ir	141368	3008	229014
10	linear/64/base	cfg	114016	0	0
10	linear/64/base	emission_exclusive	3501115	132901	2319001
10	linear/64/base	serialization	1159504	12094	341915
10	linear/64/base	combined	4916213	148003	2889930
10	linear/64/light	ir	129655	3415	247192
10	linear/64/light	cfg	88227	0	0
10	linear/64/light	emission_exclusive	3674103	147950	2532872
10	linear/64/light	serialization	1171437	12094	341531
10	linear/64/light	combined	5063532	163459	3121595
10	linear/64/heavy	ir	471422	9622	905081
10	linear/64/heavy	cfg	90201	0	0
10	linear/64/heavy	emission_exclusive	10298678	304273	7017602
10	linear/64/heavy	serialization	4026379	12096	1167973
10	linear/64/heavy	combined	14886820	325991	9090656
10	linear/256/base	ir	608160	12035	920903
10	linear/256/base	cfg	1427552	0	0
10	linear/256/base	emission_exclusive	13080230	526712	12403352
10	linear/256/base	serialization	4442848	47424	1346537
10	linear/256/base	combined	19558951	586171	14670792
10	linear/256/light	ir	693111	13656	991497
10	linear/256/light	cfg	1264593	0	0
10	linear/256/light	emission_exclusive	14276435	587752	13275990
10	linear/256/light	serialization	4400888	47424	1345097
10	linear/256/light	combined	20635177	648832	15612584
10	linear/256/heavy	ir	2809937	38488	3624490
10	linear/256/heavy	cfg	1117405	0	0
10	linear/256/heavy	emission_exclusive	40187195	1209433	31175155
10	linear/256/heavy	serialization	16136505	47426	4650931
10	linear/256/heavy	combined	60251172	1295347	39450576
10	linear/1024/base	ir	5640313	48137	3687888
10	linear/1024/base	cfg	22788762	0	0
10	linear/1024/base	emission_exclusive	52351795	2101884	101426946
10	linear/1024/base	serialization	18375501	188738	5365343
10	linear/1024/base	combined	99156561	2338759	110480177
10	linear/1024/light	ir	7022559	54622	3970450
10	linear/1024/light	cfg	21455720	0	0
10	linear/1024/light	emission_exclusive	56414832	2346883	104935712
10	linear/1024/light	serialization	18355093	188738	5359679
10	linear/1024/light	combined	103248404	2590243	114265841
10	linear/1024/heavy	ir	26623780	153950	14502323
10	linear/1024/heavy	cfg	21872709	0	0
10	linear/1024/heavy	emission_exclusive	159664939	4830132	176508472
10	linear/1024/heavy	serialization	62572264	188740	18583081
10	linear/1024/heavy	combined	270733953	5172822	209593876
10	diamond-chain/64/base	ir	125397	3014	230397
10	diamond-chain/64/base	cfg	108214	0	0
10	diamond-chain/64/base	emission_exclusive	5230799	225845	3714034
10	diamond-chain/64/base	serialization	1325639	17982	373065
10	diamond-chain/64/base	combined	6790179	246841	4317496
10	diamond-chain/64/light	ir	126729	3421	248575
10	diamond-chain/64/light	cfg	104718	0	0
10	diamond-chain/64/light	emission_exclusive	5473378	242545	3960954
10	diamond-chain/64/light	serialization	1315269	17982	372681
10	diamond-chain/64/light	combined	7020184	263948	4582210
10	diamond-chain/64/heavy	ir	387573	9628	906464
10	diamond-chain/64/heavy	cfg	102064	0	0
10	diamond-chain/64/heavy	emission_exclusive	13859696	486163	9978456
10	diamond-chain/64/heavy	serialization	4113704	17984	1199123
10	diamond-chain/64/heavy	combined	18463187	513775	12084043
10	diamond-chain/256/base	ir	622638	12045	926798
10	diamond-chain/256/base	cfg	1213486	0	0
10	diamond-chain/256/base	emission_exclusive	20092891	897470	17597948
10	diamond-chain/256/base	serialization	5561915	70976	1471095
10	diamond-chain/256/base	combined	27491061	980491	19995841
10	diamond-chain/256/light	ir	714061	13666	997392
10	diamond-chain/256/light	cfg	1177117	0	0
10	diamond-chain/256/light	emission_exclusive	21335793	965199	18603715
10	diamond-chain/256/light	serialization	5565572	70976	1469655
10	diamond-chain/256/light	combined	28792683	1049841	21070762
10	diamond-chain/256/heavy	ir	2349486	38498	3630385
10	diamond-chain/256/heavy	cfg	1181916	0	0
10	diamond-chain/256/heavy	emission_exclusive	54488998	1938175	42664308
10	diamond-chain/256/heavy	serialization	17643776	70978	4775489
10	diamond-chain/256/heavy	combined	75664297	2047651	51070182
10	diamond-chain/1024/base	ir	5860539	48151	3711831
10	diamond-chain/1024/base	cfg	20641649	0	0
10	diamond-chain/1024/base	emission_exclusive	82155371	3585414	116314962
10	diamond-chain/1024/base	serialization	21790283	282946	5863533
10	diamond-chain/1024/base	combined	130448062	3916511	125890326
10	diamond-chain/1024/light	ir	7303831	54636	3994393
10	diamond-chain/1024/light	cfg	18625465	0	0
10	diamond-chain/1024/light	emission_exclusive	85976230	3857263	120357625
10	diamond-chain/1024/light	serialization	22122512	282946	5857869
10	diamond-chain/1024/light	combined	134028288	4194845	130209887
10	diamond-chain/1024/heavy	ir	24733822	153964	14526266
10	diamond-chain/1024/heavy	cfg	20526542	0	0
10	diamond-chain/1024/heavy	emission_exclusive	219010107	7747807	216606437
10	diamond-chain/1024/heavy	serialization	65496918	282948	19081271
10	diamond-chain/1024/heavy	combined	329767640	8184719	250213974
10	fan-in/64/base	ir	128584	3012	231834
10	fan-in/64/base	cfg	75383	0	0
10	fan-in/64/base	emission_exclusive	20627913	361039	7738269
10	fan-in/64/base	serialization	3652211	23502	433675
10	fan-in/64/base	combined	24484241	387553	8403778
10	fan-in/256/base	ir	675197	12041	932555
10	fan-in/256/base	cfg	571952	0	0
10	fan-in/256/base	emission_exclusive	77667549	3324668	63227648
10	fan-in/256/base	serialization	921534	8140	1101612
10	fan-in/256/base	combined	79836372	3344849	65261815
10	fan-in/1024/base	ir	6759050	48145	3734868
10	fan-in/1024/base	cfg	10615127	0	0
10	fan-in/1024/base	emission_exclusive	779391219	31527604	618738748
10	fan-in/1024/base	serialization	1800187	8142	4248310
10	fan-in/1024/base	combined	798565963	31583891	626721926
10	nested-loop/64/base	ir	117913	3009	229111
10	nested-loop/64/base	cfg	184770	0	0
10	nested-loop/64/base	emission_exclusive	4021460	149718	2837421
10	nested-loop/64/base	serialization	1253311	13198	348803
10	nested-loop/64/base	combined	5577585	165925	3415335
10	nested-loop/256/base	ir	613300	12036	921000
10	nested-loop/256/base	cfg	2279214	0	0
10	nested-loop/256/base	emission_exclusive	15083171	576567	15976260
10	nested-loop/256/base	serialization	4821754	48528	1356497
10	nested-loop/256/base	combined	22797549	637131	18253757
10	nested-loop/1024/base	ir	5623441	48138	3687985
10	nested-loop/1024/base	cfg	40256907	0	0
10	nested-loop/1024/base	emission_exclusive	59329998	2283847	143759634
10	nested-loop/1024/base	serialization	19385823	189842	5387591
10	nested-loop/1024/base	combined	124596460	2521827	152835210
10	multi-exit/64/base	ir	124566	2990	231132
10	multi-exit/64/base	cfg	79621	0	0
10	multi-exit/64/base	emission_exclusive	25659204	1038325	19436690
10	multi-exit/64/base	serialization	5393026	46594	569880
10	multi-exit/64/base	combined	31256527	1087909	20237702
10	multi-exit/256/base	ir	670589	12025	931853
10	multi-exit/256/base	cfg	556793	0	0
10	multi-exit/256/base	emission_exclusive	111604105	4980175	93574527
10	multi-exit/256/base	serialization	931162	8140	1101950
10	multi-exit/256/base	combined	113762890	5000340	95608330
10	multi-exit/1024/base	ir	7046224	48135	3734166
10	multi-exit/1024/base	cfg	12480266	0	0
10	multi-exit/1024/base	emission_exclusive	886403595	37208916	724828775
10	multi-exit/1024/base	serialization	1842667	8142	4248630
10	multi-exit/1024/base	combined	907773022	37265193	732811571
10	no-exit/64/base	ir	120268	3018	229199
10	no-exit/64/base	cfg	131329	0	0
10	no-exit/64/base	emission_exclusive	3666337	137678	2442687
10	no-exit/64/base	serialization	1214037	12278	343391
10	no-exit/64/base	combined	5132091	152974	3015277
10	no-exit/256/base	ir	634230	12045	921088
10	no-exit/256/base	cfg	1523323	0	0
10	no-exit/256/base	emission_exclusive	14113046	547235	13059068
10	no-exit/256/base	serialization	5065735	47608	1349547
10	no-exit/256/base	combined	21336424	606888	15329703
10	no-exit/1024/base	ir	5641305	48147	3688073
10	no-exit/1024/base	cfg	28548642	0	0
10	no-exit/1024/base	emission_exclusive	57125276	2185382	106422336
10	no-exit/1024/base	serialization	19572176	188922	5374495
10	no-exit/1024/base	combined	110887719	2422451	115484904
10	irreducible/64/base	ir	119045	3014	231355
10	irreducible/64/base	cfg	90071	0	0
10	irreducible/64/base	emission_exclusive	372034889	13761714	204732406
10	irreducible/64/base	serialization	4627957	61038	628259
10	irreducible/64/base	combined	376872133	13825766	205592020
10	irreducible/256/base	ir	656843	12045	930636
10	irreducible/256/base	cfg	1149876	0	0
10	irreducible/256/base	emission_exclusive	1076453490	38938265	424485411
10	irreducible/256/base	serialization	4990854	61040	1417299
10	irreducible/256/base	combined	1083251243	39011350	426833346
10	irreducible/1024/base	ir	6107227	48151	3727189
10	irreducible/1024/base	cfg	19723121	0	0
10	irreducible/1024/base	emission_exclusive	2995443219	106343842	1096707811
10	irreducible/1024/base	serialization	6686513	61042	4573269
10	irreducible/1024/base	combined	3027960440	106453035	1105008269
11	linear/64/base	ir	138503	3008	229014
11	linear/64/base	cfg	110680	0	0
11	linear/64/base	emission_exclusive	3527815	132901	2319001
11	linear/64/base	serialization	1430557	12094	341915
11	linear/64/base	combined	5207795	148003	2889930
11	linear/64/light	ir	178638	3415	247192
11	linear/64/light	cfg	117933	0	0
11	linear/64/light	emission_exclusive	4377063	147950	2532872
11	linear/64/light	serialization	1216091	12094	341531
11	linear/64/light	combined	5889885	163459	3121595
11	linear/64/heavy	ir	474438	9622	905081
11	linear/64/heavy	cfg	89770	0	0
11	linear/64/heavy	emission_exclusive	10982282	304273	7017602
11	linear/64/heavy	serialization	4079980	12096	1167973
11	linear/64/heavy	combined	15626620	325991	9090656
11	linear/256/base	ir	619081	12035	920903
11	linear/256/base	cfg	1399939	0	0
11	linear/256/base	emission_exclusive	14103648	526712	12403352
11	linear/256/base	serialization	4404895	47424	1346537
11	linear/256/base	combined	20527733	586171	14670792
11	linear/256/light	ir	703181	13656	991497
11	linear/256/light	cfg	1273039	0	0
11	linear/256/light	emission_exclusive	14168650	587752	13275990
11	linear/256/light	serialization	4482022	47424	1345097
11	linear/256/light	combined	20627062	648832	15612584
11	linear/256/heavy	ir	2831408	38488	3624490
11	linear/256/heavy	cfg	1099170	0	0
11	linear/256/heavy	emission_exclusive	39628116	1209433	31175155
11	linear/256/heavy	serialization	16143528	47426	4650931
11	linear/256/heavy	combined	59702382	1295347	39450576
11	linear/1024/base	ir	5610507	48137	3687888
11	linear/1024/base	cfg	23572384	0	0
11	linear/1024/base	emission_exclusive	51964821	2101884	101426946
11	linear/1024/base	serialization	18884214	188738	5365343
11	linear/1024/base	combined	100032227	2338759	110480177
11	linear/1024/light	ir	7121566	54622	3970450
11	linear/1024/light	cfg	21944745	0	0
11	linear/1024/light	emission_exclusive	56132006	2346883	104935712
11	linear/1024/light	serialization	18101894	188738	5359679
11	linear/1024/light	combined	103300391	2590243	114265841
11	linear/1024/heavy	ir	26316448	153950	14502323
11	linear/1024/heavy	cfg	21522406	0	0
11	linear/1024/heavy	emission_exclusive	159993698	4830132	176508472
11	linear/1024/heavy	serialization	67217191	188740	18583081
11	linear/1024/heavy	combined	275050085	5172822	209593876
11	diamond-chain/64/base	ir	119296	3014	230397
11	diamond-chain/64/base	cfg	107082	0	0
11	diamond-chain/64/base	emission_exclusive	5240317	225845	3714034
11	diamond-chain/64/base	serialization	1409577	17982	373065
11	diamond-chain/64/base	combined	6876392	246841	4317496
11	diamond-chain/64/light	ir	127191	3421	248575
11	diamond-chain/64/light	cfg	102203	0	0
11	diamond-chain/64/light	emission_exclusive	5481954	242545	3960954
11	diamond-chain/64/light	serialization	1387385	17982	372681
11	diamond-chain/64/light	combined	7098823	263948	4582210
11	diamond-chain/64/heavy	ir	390379	9628	906464
11	diamond-chain/64/heavy	cfg	113545	0	0
11	diamond-chain/64/heavy	emission_exclusive	14168500	486163	9978456
11	diamond-chain/64/heavy	serialization	4298684	17984	1199123
11	diamond-chain/64/heavy	combined	18971228	513775	12084043
11	diamond-chain/256/base	ir	650561	12045	926798
11	diamond-chain/256/base	cfg	1219157	0	0
11	diamond-chain/256/base	emission_exclusive	20607044	897470	17597948
11	diamond-chain/256/base	serialization	5655642	70976	1471095
11	diamond-chain/256/base	combined	28132534	980491	19995841
11	diamond-chain/256/light	ir	722717	13666	997392
11	diamond-chain/256/light	cfg	1186715	0	0
11	diamond-chain/256/light	emission_exclusive	21912515	965199	18603715
11	diamond-chain/256/light	serialization	5667995	70976	1469655
11	diamond-chain/256/light	combined	29490082	1049841	21070762
11	diamond-chain/256/heavy	ir	2356349	38498	3630385
11	diamond-chain/256/heavy	cfg	1234977	0	0
11	diamond-chain/256/heavy	emission_exclusive	56202670	1938175	42664308
11	diamond-chain/256/heavy	serialization	17742022	70978	4775489
11	diamond-chain/256/heavy	combined	77536138	2047651	51070182
11	diamond-chain/1024/base	ir	5965549	48151	3711831
11	diamond-chain/1024/base	cfg	20676015	0	0
11	diamond-chain/1024/base	emission_exclusive	82584500	3585414	116314962
11	diamond-chain/1024/base	serialization	22108014	282946	5863533
11	diamond-chain/1024/base	combined	131334318	3916511	125890326
11	diamond-chain/1024/light	ir	7073345	54636	3994393
11	diamond-chain/1024/light	cfg	18064472	0	0
11	diamond-chain/1024/light	emission_exclusive	87828614	3857263	120357625
11	diamond-chain/1024/light	serialization	22665038	282946	5857869
11	diamond-chain/1024/light	combined	135631709	4194845	130209887
11	diamond-chain/1024/heavy	ir	24533243	153964	14526266
11	diamond-chain/1024/heavy	cfg	20566828	0	0
11	diamond-chain/1024/heavy	emission_exclusive	222770929	7747807	216606437
11	diamond-chain/1024/heavy	serialization	71226969	282948	19081271
11	diamond-chain/1024/heavy	combined	339098179	8184719	250213974
11	fan-in/64/base	ir	117021	3012	231834
11	fan-in/64/base	cfg	67809	0	0
11	fan-in/64/base	emission_exclusive	20665233	361039	7738269
11	fan-in/64/base	serialization	3742091	23502	433675
11	fan-in/64/base	combined	24592274	387553	8403778
11	fan-in/256/base	ir	672733	12041	932555
11	fan-in/256/base	cfg	551253	0	0
11	fan-in/256/base	emission_exclusive	78817763	3324668	63227648
11	fan-in/256/base	serialization	888921	8140	1101612
11	fan-in/256/base	combined	80930812	3344849	65261815
11	fan-in/1024/base	ir	7015255	48145	3734868
11	fan-in/1024/base	cfg	10845793	0	0
11	fan-in/1024/base	emission_exclusive	776793077	31527604	618738748
11	fan-in/1024/base	serialization	1798724	8142	4248310
11	fan-in/1024/base	combined	796453049	31583891	626721926
11	nested-loop/64/base	ir	112623	3009	229111
11	nested-loop/64/base	cfg	182125	0	0
11	nested-loop/64/base	emission_exclusive	3953360	149718	2837421
11	nested-loop/64/base	serialization	1240047	13198	348803
11	nested-loop/64/base	combined	5488256	165925	3415335
11	nested-loop/256/base	ir	614543	12036	921000
11	nested-loop/256/base	cfg	2293560	0	0
11	nested-loop/256/base	emission_exclusive	14867082	576567	15976260
11	nested-loop/256/base	serialization	4860497	48528	1356497
11	nested-loop/256/base	combined	22635782	637131	18253757
11	nested-loop/1024/base	ir	5614864	48138	3687985
11	nested-loop/1024/base	cfg	40087716	0	0
11	nested-loop/1024/base	emission_exclusive	58579497	2283847	143759634
11	nested-loop/1024/base	serialization	19797592	189842	5387591
11	nested-loop/1024/base	combined	124080070	2521827	152835210
11	multi-exit/64/base	ir	118454	2990	231132
11	multi-exit/64/base	cfg	87145	0	0
11	multi-exit/64/base	emission_exclusive	25664473	1038325	19436690
11	multi-exit/64/base	serialization	5412162	46594	569880
11	multi-exit/64/base	combined	31282404	1087909	20237702
11	multi-exit/256/base	ir	669336	12025	931853
11	multi-exit/256/base	cfg	571211	0	0
11	multi-exit/256/base	emission_exclusive	110027289	4980175	93574527
11	multi-exit/256/base	serialization	951691	8140	1101950
11	multi-exit/256/base	combined	112219697	5000340	95608330
11	multi-exit/1024/base	ir	6700760	48135	3734166
11	multi-exit/1024/base	cfg	12451681	0	0
11	multi-exit/1024/base	emission_exclusive	881763477	37208916	724828775
11	multi-exit/1024/base	serialization	1819032	8142	4248630
11	multi-exit/1024/base	combined	902735110	37265193	732811571
11	no-exit/64/base	ir	111992	3018	229199
11	no-exit/64/base	cfg	119696	0	0
11	no-exit/64/base	emission_exclusive	3619880	137678	2442687
11	no-exit/64/base	serialization	1193489	12278	343391
11	no-exit/64/base	combined	5045157	152974	3015277
11	no-exit/256/base	ir	614363	12045	921088
11	no-exit/256/base	cfg	1520808	0	0
11	no-exit/256/base	emission_exclusive	14034186	547235	13059068
11	no-exit/256/base	serialization	4788710	47608	1349547
11	no-exit/256/base	combined	20958158	606888	15329703
11	no-exit/1024/base	ir	5843567	48147	3688073
11	no-exit/1024/base	cfg	27717598	0	0
11	no-exit/1024/base	emission_exclusive	56636390	2185382	106422336
11	no-exit/1024/base	serialization	19384140	188922	5374495
11	no-exit/1024/base	combined	109582237	2422451	115484904
11	irreducible/64/base	ir	117342	3014	231355
11	irreducible/64/base	cfg	90581	0	0
11	irreducible/64/base	emission_exclusive	369276182	13761714	204732406
11	irreducible/64/base	serialization	4724149	61038	628259
11	irreducible/64/base	combined	374208395	13825766	205592020
11	irreducible/256/base	ir	665770	12045	930636
11	irreducible/256/base	cfg	1139647	0	0
11	irreducible/256/base	emission_exclusive	1073993762	38938265	424485411
11	irreducible/256/base	serialization	4982048	61040	1417299
11	irreducible/256/base	combined	1080781427	39011350	426833346
11	irreducible/1024/base	ir	6017757	48151	3727189
11	irreducible/1024/base	cfg	19490151	0	0
11	irreducible/1024/base	emission_exclusive	2980087981	106343842	1096707811
11	irreducible/1024/base	serialization	6720446	61042	4573269
11	irreducible/1024/base	combined	3012316625	106453035	1105008269
12	linear/64/base	ir	138563	3008	229014
12	linear/64/base	cfg	111691	0	0
12	linear/64/base	emission_exclusive	3460689	132901	2319001
12	linear/64/base	serialization	1164684	12094	341915
12	linear/64/base	combined	4875867	148003	2889930
12	linear/64/light	ir	130387	3415	247192
12	linear/64/light	cfg	89249	0	0
12	linear/64/light	emission_exclusive	3662640	147950	2532872
12	linear/64/light	serialization	1159064	12094	341531
12	linear/64/light	combined	5041440	163459	3121595
12	linear/64/heavy	ir	467755	9622	905081
12	linear/64/heavy	cfg	91312	0	0
12	linear/64/heavy	emission_exclusive	10310881	304273	7017602
12	linear/64/heavy	serialization	4125116	12096	1167973
12	linear/64/heavy	combined	14995204	325991	9090656
12	linear/256/base	ir	614803	12035	920903
12	linear/256/base	cfg	1429596	0	0
12	linear/256/base	emission_exclusive	13081372	526712	12403352
12	linear/256/base	serialization	4411619	47424	1346537
12	linear/256/base	combined	19537510	586171	14670792
12	linear/256/light	ir	690116	13656	991497
12	linear/256/light	cfg	1286003	0	0
12	linear/256/light	emission_exclusive	14141490	587752	13275990
12	linear/256/light	serialization	4405386	47424	1345097
12	linear/256/light	combined	20523125	648832	15612584
12	linear/256/heavy	ir	2773798	38488	3624490
12	linear/256/heavy	cfg	1121723	0	0
12	linear/256/heavy	emission_exclusive	40125468	1209433	31175155
12	linear/256/heavy	serialization	15695299	47426	4650931
12	linear/256/heavy	combined	59716448	1295347	39450576
12	linear/1024/base	ir	5692541	48137	3687888
12	linear/1024/base	cfg	22613069	0	0
12	linear/1024/base	emission_exclusive	52486878	2101884	101426946
12	linear/1024/base	serialization	18401270	188738	5365343
12	linear/1024/base	combined	99194009	2338759	110480177
12	linear/1024/light	ir	6913322	54622	3970450
12	linear/1024/light	cfg	21394615	0	0
12	linear/1024/light	emission_exclusive	57461640	2346883	104935712
12	linear/1024/light	serialization	18027622	188738	5359679
12	linear/1024/light	combined	103797540	2590243	114265841
12	linear/1024/heavy	ir	26702658	153950	14502323
12	linear/1024/heavy	cfg	21456511	0	0
12	linear/1024/heavy	emission_exclusive	160768162	4830132	176508472
12	linear/1024/heavy	serialization	68406883	188740	18583081
12	linear/1024/heavy	combined	277334575	5172822	209593876
12	diamond-chain/64/base	ir	125017	3014	230397
12	diamond-chain/64/base	cfg	108645	0	0
12	diamond-chain/64/base	emission_exclusive	5294028	225845	3714034
12	diamond-chain/64/base	serialization	1383128	17982	373065
12	diamond-chain/64/base	combined	6910958	246841	4317496
12	diamond-chain/64/light	ir	133613	3421	248575
12	diamond-chain/64/light	cfg	103516	0	0
12	diamond-chain/64/light	emission_exclusive	5553768	242545	3960954
12	diamond-chain/64/light	serialization	1351588	17982	372681
12	diamond-chain/64/light	combined	7142585	263948	4582210
12	diamond-chain/64/heavy	ir	391431	9628	906464
12	diamond-chain/64/heavy	cfg	100771	0	0
12	diamond-chain/64/heavy	emission_exclusive	14039506	486163	9978456
12	diamond-chain/64/heavy	serialization	4203805	17984	1199123
12	diamond-chain/64/heavy	combined	18735663	513775	12084043
12	diamond-chain/256/base	ir	642476	12045	926798
12	diamond-chain/256/base	cfg	1228194	0	0
12	diamond-chain/256/base	emission_exclusive	20458913	897470	17597948
12	diamond-chain/256/base	serialization	5387415	70976	1471095
12	diamond-chain/256/base	combined	27717108	980491	19995841
12	diamond-chain/256/light	ir	743567	13666	997392
12	diamond-chain/256/light	cfg	1190773	0	0
12	diamond-chain/256/light	emission_exclusive	21733616	965199	18603715
12	diamond-chain/256/light	serialization	5416399	70976	1469655
12	diamond-chain/256/light	combined	29084475	1049841	21070762
12	diamond-chain/256/heavy	ir	2393549	38498	3630385
12	diamond-chain/256/heavy	cfg	1206512	0	0
12	diamond-chain/256/heavy	emission_exclusive	55346901	1938175	42664308
12	diamond-chain/256/heavy	serialization	16957368	70978	4775489
12	diamond-chain/256/heavy	combined	75904450	2047651	51070182
12	diamond-chain/1024/base	ir	5973413	48151	3711831
12	diamond-chain/1024/base	cfg	20687546	0	0
12	diamond-chain/1024/base	emission_exclusive	82214840	3585414	116314962
12	diamond-chain/1024/base	serialization	21004526	282946	5863533
12	diamond-chain/1024/base	combined	129880606	3916511	125890326
12	diamond-chain/1024/light	ir	7314341	54636	3994393
12	diamond-chain/1024/light	cfg	18549280	0	0
12	diamond-chain/1024/light	emission_exclusive	85273969	3857263	120357625
12	diamond-chain/1024/light	serialization	20130332	282946	5857869
12	diamond-chain/1024/light	combined	131268122	4194845	130209887
12	diamond-chain/1024/heavy	ir	24384100	153964	14526266
12	diamond-chain/1024/heavy	cfg	20600080	0	0
12	diamond-chain/1024/heavy	emission_exclusive	219846624	7747807	216606437
12	diamond-chain/1024/heavy	serialization	64314519	282948	19081271
12	diamond-chain/1024/heavy	combined	329145523	8184719	250213974
12	fan-in/64/base	ir	125156	3012	231834
12	fan-in/64/base	cfg	70504	0	0
12	fan-in/64/base	emission_exclusive	20637260	361039	7738269
12	fan-in/64/base	serialization	3486307	23502	433675
12	fan-in/64/base	combined	24319347	387553	8403778
12	fan-in/256/base	ir	670589	12041	932555
12	fan-in/256/base	cfg	550893	0	0
12	fan-in/256/base	emission_exclusive	78087330	3324668	63227648
12	fan-in/256/base	serialization	896356	8140	1101612
12	fan-in/256/base	combined	80205318	3344849	65261815
12	fan-in/1024/base	ir	7032217	48145	3734868
12	fan-in/1024/base	cfg	10965519	0	0
12	fan-in/1024/base	emission_exclusive	776683424	31527604	618738748
12	fan-in/1024/base	serialization	1822118	8142	4248310
12	fan-in/1024/base	combined	796503449	31583891	626721926
12	nested-loop/64/base	ir	112232	3009	229111
12	nested-loop/64/base	cfg	182706	0	0
12	nested-loop/64/base	emission_exclusive	4003164	149718	2837421
12	nested-loop/64/base	serialization	1287076	13198	348803
12	nested-loop/64/base	combined	5585308	165925	3415335
12	nested-loop/256/base	ir	623640	12036	921000
12	nested-loop/256/base	cfg	2281378	0	0
12	nested-loop/256/base	emission_exclusive	15414658	576567	15976260
12	nested-loop/256/base	serialization	4747053	48528	1356497
12	nested-loop/256/base	combined	23066899	637131	18253757
12	nested-loop/1024/base	ir	6137394	48138	3687985
12	nested-loop/1024/base	cfg	41048504	0	0
12	nested-loop/1024/base	emission_exclusive	57632143	2283847	143759634
12	nested-loop/1024/base	serialization	19121212	189842	5387591
12	nested-loop/1024/base	combined	123939534	2521827	152835210
12	multi-exit/64/base	ir	118404	2990	231132
12	multi-exit/64/base	cfg	79441	0	0
12	multi-exit/64/base	emission_exclusive	25009493	1038325	19436690
12	multi-exit/64/base	serialization	5102135	46594	569880
12	multi-exit/64/base	combined	30309613	1087909	20237702
12	multi-exit/256/base	ir	662704	12025	931853
12	multi-exit/256/base	cfg	558597	0	0
12	multi-exit/256/base	emission_exclusive	109173743	4980175	93574527
12	multi-exit/256/base	serialization	905924	8140	1101950
12	multi-exit/256/base	combined	111301128	5000340	95608330
12	multi-exit/1024/base	ir	7052535	48135	3734166
12	multi-exit/1024/base	cfg	11900419	0	0
12	multi-exit/1024/base	emission_exclusive	878413121	37208916	724828775
12	multi-exit/1024/base	serialization	1844650	8142	4248630
12	multi-exit/1024/base	combined	899210905	37265193	732811571
12	no-exit/64/base	ir	114967	3018	229199
12	no-exit/64/base	cfg	125858	0	0
12	no-exit/64/base	emission_exclusive	3663814	137678	2442687
12	no-exit/64/base	serialization	1196965	12278	343391
12	no-exit/64/base	combined	5101734	152974	3015277
12	no-exit/256/base	ir	619793	12045	921088
12	no-exit/256/base	cfg	1518213	0	0
12	no-exit/256/base	emission_exclusive	14119107	547235	13059068
12	no-exit/256/base	serialization	4975604	47608	1349547
12	no-exit/256/base	combined	21232817	606888	15329703
12	no-exit/1024/base	ir	5721537	48147	3688073
12	no-exit/1024/base	cfg	28167471	0	0
12	no-exit/1024/base	emission_exclusive	56640607	2185382	106422336
12	no-exit/1024/base	serialization	19068161	188922	5374495
12	no-exit/1024/base	combined	109597966	2422451	115484904
12	irreducible/64/base	ir	119106	3014	231355
12	irreducible/64/base	cfg	89359	0	0
12	irreducible/64/base	emission_exclusive	372991511	13761714	204732406
12	irreducible/64/base	serialization	4528569	61038	628259
12	irreducible/64/base	combined	377728765	13825766	205592020
12	irreducible/256/base	ir	657424	12045	930636
12	irreducible/256/base	cfg	1147231	0	0
12	irreducible/256/base	emission_exclusive	1078156052	38938265	424485411
12	irreducible/256/base	serialization	5053962	61040	1417299
12	irreducible/256/base	combined	1085014870	39011350	426833346
12	irreducible/1024/base	ir	6300823	48151	3727189
12	irreducible/1024/base	cfg	19368690	0	0
12	irreducible/1024/base	emission_exclusive	2986074379	106343842	1096707811
12	irreducible/1024/base	serialization	6511763	61042	4573269
12	irreducible/1024/base	combined	3018255885	106453035	1105008269
13	linear/64/base	ir	137380	3008	229014
13	linear/64/base	cfg	113495	0	0
13	linear/64/base	emission_exclusive	3470848	132901	2319001
13	linear/64/base	serialization	1162840	12094	341915
13	linear/64/base	combined	4884843	148003	2889930
13	linear/64/light	ir	131629	3415	247192
13	linear/64/light	cfg	89369	0	0
13	linear/64/light	emission_exclusive	3928845	147950	2532872
13	linear/64/light	serialization	1203828	12094	341531
13	linear/64/light	combined	5353821	163459	3121595
13	linear/64/heavy	ir	477463	9622	905081
13	linear/64/heavy	cfg	90070	0	0
13	linear/64/heavy	emission_exclusive	10349765	304273	7017602
13	linear/64/heavy	serialization	4096821	12096	1167973
13	linear/64/heavy	combined	15014239	325991	9090656
13	linear/256/base	ir	612439	12035	920903
13	linear/256/base	cfg	1417703	0	0
13	linear/256/base	emission_exclusive	13120738	526712	12403352
13	linear/256/base	serialization	4594724	47424	1346537
13	linear/256/base	combined	19745744	586171	14670792
13	linear/256/light	ir	714492	13656	991497
13	linear/256/light	cfg	1270133	0	0
13	linear/256/light	emission_exclusive	14214417	587752	13275990
13	linear/256/light	serialization	4505015	47424	1345097
13	linear/256/light	combined	20704167	648832	15612584
13	linear/256/heavy	ir	2774109	38488	3624490
13	linear/256/heavy	cfg	1112836	0	0
13	linear/256/heavy	emission_exclusive	40183415	1209433	31175155
13	linear/256/heavy	serialization	16217467	47426	4650931
13	linear/256/heavy	combined	60287959	1295347	39450576
13	linear/1024/base	ir	5571443	48137	3687888
13	linear/1024/base	cfg	22759656	0	0
13	linear/1024/base	emission_exclusive	52076280	2101884	101426946
13	linear/1024/base	serialization	17808368	188738	5365343
13	linear/1024/base	combined	98215917	2338759	110480177
13	linear/1024/light	ir	7109493	54622	3970450
13	linear/1024/light	cfg	21447454	0	0
13	linear/1024/light	emission_exclusive	56632100	2346883	104935712
13	linear/1024/light	serialization	18243350	188738	5359679
13	linear/1024/light	combined	103432568	2590243	114265841
13	linear/1024/heavy	ir	26495425	153950	14502323
13	linear/1024/heavy	cfg	21836118	0	0
13	linear/1024/heavy	emission_exclusive	160413239	4830132	176508472
13	linear/1024/heavy	serialization	66741510	188740	18583081
13	linear/1024/heavy	combined	275486673	5172822	209593876
13	diamond-chain/64/base	ir	120588	3014	230397
13	diamond-chain/64/base	cfg	105439	0	0
13	diamond-chain/64/base	emission_exclusive	5219386	225845	3714034
13	diamond-chain/64/base	serialization	1354363	17982	373065
13	diamond-chain/64/base	combined	6799907	246841	4317496
13	diamond-chain/64/light	ir	132381	3421	248575
13	diamond-chain/64/light	cfg	101873	0	0
13	diamond-chain/64/light	emission_exclusive	5479809	242545	3960954
13	diamond-chain/64/light	serialization	1365143	17982	372681
13	diamond-chain/64/light	combined	7079296	263948	4582210
13	diamond-chain/64/heavy	ir	381402	9628	906464
13	diamond-chain/64/heavy	cfg	100460	0	0
13	diamond-chain/64/heavy	emission_exclusive	13909690	486163	9978456
13	diamond-chain/64/heavy	serialization	4203935	17984	1199123
13	diamond-chain/64/heavy	combined	18595597	513775	12084043
13	diamond-chain/256/base	ir	628820	12045	926798
13	diamond-chain/256/base	cfg	1206383	0	0
13	diamond-chain/256/base	emission_exclusive	20415400	897470	17597948
13	diamond-chain/256/base	serialization	5530816	70976	1471095
13	diamond-chain/256/base	combined	27781539	980491	19995841
13	diamond-chain/256/light	ir	717999	13666	997392
13	diamond-chain/256/light	cfg	1184551	0	0
13	diamond-chain/256/light	emission_exclusive	21639858	965199	18603715
13	diamond-chain/256/light	serialization	5289248	70976	1469655
13	diamond-chain/256/light	combined	28831786	1049841	21070762
13	diamond-chain/256/heavy	ir	2383991	38498	3630385
13	diamond-chain/256/heavy	cfg	1203747	0	0
13	diamond-chain/256/heavy	emission_exclusive	55428915	1938175	42664308
13	diamond-chain/256/heavy	serialization	16446691	70978	4775489
13	diamond-chain/256/heavy	combined	75463494	2047651	51070182
13	diamond-chain/1024/base	ir	6075566	48151	3711831
13	diamond-chain/1024/base	cfg	20782526	0	0
13	diamond-chain/1024/base	emission_exclusive	82950250	3585414	116314962
13	diamond-chain/1024/base	serialization	21489043	282946	5863533
13	diamond-chain/1024/base	combined	131297755	3916511	125890326
13	diamond-chain/1024/light	ir	7198881	54636	3994393
13	diamond-chain/1024/light	cfg	18696348	0	0
13	diamond-chain/1024/light	emission_exclusive	87959688	3857263	120357625
13	diamond-chain/1024/light	serialization	21625249	282946	5857869
13	diamond-chain/1024/light	combined	135480349	4194845	130209887
13	diamond-chain/1024/heavy	ir	24335729	153964	14526266
13	diamond-chain/1024/heavy	cfg	20716490	0	0
13	diamond-chain/1024/heavy	emission_exclusive	225794104	7747807	216606437
13	diamond-chain/1024/heavy	serialization	67099968	282948	19081271
13	diamond-chain/1024/heavy	combined	337946621	8184719	250213974
13	fan-in/64/base	ir	117322	3012	231834
13	fan-in/64/base	cfg	68660	0	0
13	fan-in/64/base	emission_exclusive	20787164	361039	7738269
13	fan-in/64/base	serialization	3668783	23502	433675
13	fan-in/64/base	combined	24642039	387553	8403778
13	fan-in/256/base	ir	683403	12041	932555
13	fan-in/256/base	cfg	567774	0	0
13	fan-in/256/base	emission_exclusive	79539276	3324668	63227648
13	fan-in/256/base	serialization	957702	8140	1101612
13	fan-in/256/base	combined	81748356	3344849	65261815
13	fan-in/1024/base	ir	7189824	48145	3734868
13	fan-in/1024/base	cfg	10982331	0	0
13	fan-in/1024/base	emission_exclusive	782563896	31527604	618738748
13	fan-in/1024/base	serialization	1820365	8142	4248310
13	fan-in/1024/base	combined	802556737	31583891	626721926
13	nested-loop/64/base	ir	113766	3009	229111
13	nested-loop/64/base	cfg	181514	0	0
13	nested-loop/64/base	emission_exclusive	4001972	149718	2837421
13	nested-loop/64/base	serialization	1265174	13198	348803
13	nested-loop/64/base	combined	5562576	165925	3415335
13	nested-loop/256/base	ir	632276	12036	921000
13	nested-loop/256/base	cfg	2291115	0	0
13	nested-loop/256/base	emission_exclusive	15154226	576567	15976260
13	nested-loop/256/base	serialization	5057139	48528	1356497
13	nested-loop/256/base	combined	23134866	637131	18253757
13	nested-loop/1024/base	ir	5873064	48138	3687985
13	nested-loop/1024/base	cfg	40179680	0	0
13	nested-loop/1024/base	emission_exclusive	59343981	2283847	143759634
13	nested-loop/1024/base	serialization	19266006	189842	5387591
13	nested-loop/1024/base	combined	124663071	2521827	152835210
13	multi-exit/64/base	ir	125968	2990	231132
13	multi-exit/64/base	cfg	86954	0	0
13	multi-exit/64/base	emission_exclusive	25920849	1038325	19436690
13	multi-exit/64/base	serialization	5514374	46594	569880
13	multi-exit/64/base	combined	31648275	1087909	20237702
13	multi-exit/256/base	ir	688072	12025	931853
13	multi-exit/256/base	cfg	609503	0	0
13	multi-exit/256/base	emission_exclusive	111452474	4980175	93574527
13	multi-exit/256/base	serialization	932614	8140	1101950
13	multi-exit/256/base	combined	113682783	5000340	95608330
13	multi-exit/1024/base	ir	7065580	48135	3734166
13	multi-exit/1024/base	cfg	12736721	0	0
13	multi-exit/1024/base	emission_exclusive	888002048	37208916	724828775
13	multi-exit/1024/base	serialization	1867494	8142	4248630
13	multi-exit/1024/base	combined	909672013	37265193	732811571
13	no-exit/64/base	ir	133372	3018	229199
13	no-exit/64/base	cfg	125508	0	0
13	no-exit/64/base	emission_exclusive	3687537	137678	2442687
13	no-exit/64/base	serialization	1229496	12278	343391
13	no-exit/64/base	combined	5176043	152974	3015277
13	no-exit/256/base	ir	628058	12045	921088
13	no-exit/256/base	cfg	1550363	0	0
13	no-exit/256/base	emission_exclusive	14213386	547235	13059068
13	no-exit/256/base	serialization	4643787	47608	1349547
13	no-exit/256/base	combined	21035684	606888	15329703
13	no-exit/1024/base	ir	5737808	48147	3688073
13	no-exit/1024/base	cfg	27707759	0	0
13	no-exit/1024/base	emission_exclusive	57052216	2185382	106422336
13	no-exit/1024/base	serialization	18889092	188922	5374495
13	no-exit/1024/base	combined	109387116	2422451	115484904
13	irreducible/64/base	ir	119155	3014	231355
13	irreducible/64/base	cfg	88808	0	0
13	irreducible/64/base	emission_exclusive	372709279	13761714	204732406
13	irreducible/64/base	serialization	4544349	61038	628259
13	irreducible/64/base	combined	377461751	13825766	205592020
13	irreducible/256/base	ir	676149	12045	930636
13	irreducible/256/base	cfg	1152802	0	0
13	irreducible/256/base	emission_exclusive	1070567492	38938265	424485411
13	irreducible/256/base	serialization	4839577	61040	1417299
13	irreducible/256/base	combined	1077236200	39011350	426833346
13	irreducible/1024/base	ir	5952504	48151	3727189
13	irreducible/1024/base	cfg	19664981	0	0
13	irreducible/1024/base	emission_exclusive	2971700082	106343842	1096707811
13	irreducible/1024/base	serialization	6277188	61042	4573269
13	irreducible/1024/base	combined	3003595045	106453035	1105008269
14	linear/64/base	ir	135977	3008	229014
14	linear/64/base	cfg	121751	0	0
14	linear/64/base	emission_exclusive	3484824	132901	2319001
14	linear/64/base	serialization	1165586	12094	341915
14	linear/64/base	combined	4908389	148003	2889930
14	linear/64/light	ir	131739	3415	247192
14	linear/64/light	cfg	88838	0	0
14	linear/64/light	emission_exclusive	3668341	147950	2532872
14	linear/64/light	serialization	1177869	12094	341531
14	linear/64/light	combined	5066897	163459	3121595
14	linear/64/heavy	ir	464519	9622	905081
14	linear/64/heavy	cfg	94479	0	0
14	linear/64/heavy	emission_exclusive	10367287	304273	7017602
14	linear/64/heavy	serialization	4028232	12096	1167973
14	linear/64/heavy	combined	14954627	325991	9090656
14	linear/256/base	ir	611678	12035	920903
14	linear/256/base	cfg	1416150	0	0
14	linear/256/base	emission_exclusive	13366773	526712	12403352
14	linear/256/base	serialization	4627676	47424	1346537
14	linear/256/base	combined	20022397	586171	14670792
14	linear/256/light	ir	697670	13656	991497
14	linear/256/light	cfg	1262620	0	0
14	linear/256/light	emission_exclusive	14530375	587752	13275990
14	linear/256/light	serialization	4462293	47424	1345097
14	linear/256/light	combined	20953078	648832	15612584
14	linear/256/heavy	ir	2785200	38488	3624490
14	linear/256/heavy	cfg	1120109	0	0
14	linear/256/heavy	emission_exclusive	41495039	1209433	31175155
14	linear/256/heavy	serialization	16236543	47426	4650931
14	linear/256/heavy	combined	61637021	1295347	39450576
14	linear/1024/base	ir	5750221	48137	3687888
14	linear/1024/base	cfg	23609284	0	0
14	linear/1024/base	emission_exclusive	53173626	2101884	101426946
14	linear/1024/base	serialization	18862071	188738	5365343
14	linear/1024/base	combined	101395402	2338759	110480177
14	linear/1024/light	ir	7079315	54622	3970450
14	linear/1024/light	cfg	22253689	0	0
14	linear/1024/light	emission_exclusive	58697810	2346883	104935712
14	linear/1024/light	serialization	18884083	188738	5359679
14	linear/1024/light	combined	106915387	2590243	114265841
14	linear/1024/heavy	ir	26674785	153950	14502323
14	linear/1024/heavy	cfg	21601495	0	0
14	linear/1024/heavy	emission_exclusive	165191178	4830132	176508472
14	linear/1024/heavy	serialization	68264742	188740	18583081
14	linear/1024/heavy	combined	281732470	5172822	209593876
14	diamond-chain/64/base	ir	117753	3014	230397
14	diamond-chain/64/base	cfg	105520	0	0
14	diamond-chain/64/base	emission_exclusive	5401290	225845	3714034
14	diamond-chain/64/base	serialization	1421690	17982	373065
14	diamond-chain/64/base	combined	7046393	246841	4317496
14	diamond-chain/64/light	ir	128313	3421	248575
14	diamond-chain/64/light	cfg	102774	0	0
14	diamond-chain/64/light	emission_exclusive	5605557	242545	3960954
14	diamond-chain/64/light	serialization	1409868	17982	372681
14	diamond-chain/64/light	combined	7246612	263948	4582210
14	diamond-chain/64/heavy	ir	377344	9628	906464
14	diamond-chain/64/heavy	cfg	101422	0	0
14	diamond-chain/64/heavy	emission_exclusive	14263680	486163	9978456
14	diamond-chain/64/heavy	serialization	4341295	17984	1199123
14	diamond-chain/64/heavy	combined	19083831	513775	12084043
14	diamond-chain/256/base	ir	622017	12045	926798
14	diamond-chain/256/base	cfg	1201633	0	0
14	diamond-chain/256/base	emission_exclusive	20582046	897470	17597948
14	diamond-chain/256/base	serialization	5522360	70976	1471095
14	diamond-chain/256/base	combined	27928146	980491	19995841
14	diamond-chain/256/light	ir	717928	13666	997392
14	diamond-chain/256/light	cfg	1182017	0	0
14	diamond-chain/256/light	emission_exclusive	21994658	965199	18603715
14	diamond-chain/256/light	serialization	5710615	70976	1469655
14	diamond-chain/256/light	combined	29605329	1049841	21070762
14	diamond-chain/256/heavy	ir	2331101	38498	3630385
14	diamond-chain/256/heavy	cfg	1193979	0	0
14	diamond-chain/256/heavy	emission_exclusive	56116415	1938175	42664308
14	diamond-chain/256/heavy	serialization	16613777	70978	4775489
14	diamond-chain/256/heavy	combined	76255382	2047651	51070182
14	diamond-chain/1024/base	ir	5823099	48151	3711831
14	diamond-chain/1024/base	cfg	20815919	0	0
14	diamond-chain/1024/base	emission_exclusive	83141992	3585414	116314962
14	diamond-chain/1024/base	serialization	22309865	282946	5863533
14	diamond-chain/1024/base	combined	132091096	3916511	125890326
14	diamond-chain/1024/light	ir	7173525	54636	3994393
14	diamond-chain/1024/light	cfg	18103176	0	0
14	diamond-chain/1024/light	emission_exclusive	87915444	3857263	120357625
14	diamond-chain/1024/light	serialization	21758151	282946	5857869
14	diamond-chain/1024/light	combined	134950496	4194845	130209887
14	diamond-chain/1024/heavy	ir	24235188	153964	14526266
14	diamond-chain/1024/heavy	cfg	20291306	0	0
14	diamond-chain/1024/heavy	emission_exclusive	226068191	7747807	216606437
14	diamond-chain/1024/heavy	serialization	69300191	282948	19081271
14	diamond-chain/1024/heavy	combined	339895207	8184719	250213974
14	fan-in/64/base	ir	121680	3012	231834
14	fan-in/64/base	cfg	75723	0	0
14	fan-in/64/base	emission_exclusive	20702925	361039	7738269
14	fan-in/64/base	serialization	3897795	23502	433675
14	fan-in/64/base	combined	24798253	387553	8403778
14	fan-in/256/base	ir	685717	12041	932555
14	fan-in/256/base	cfg	565901	0	0
14	fan-in/256/base	emission_exclusive	78940693	3324668	63227648
14	fan-in/256/base	serialization	954636	8140	1101612
14	fan-in/256/base	combined	81147057	3344849	65261815
14	fan-in/1024/base	ir	6982824	48145	3734868
14	fan-in/1024/base	cfg	10448070	0	0
14	fan-in/1024/base	emission_exclusive	779178776	31527604	618738748
14	fan-in/1024/base	serialization	1851954	8142	4248310
14	fan-in/1024/base	combined	798461804	31583891	626721926
14	nested-loop/64/base	ir	114908	3009	229111
14	nested-loop/64/base	cfg	189068	0	0
14	nested-loop/64/base	emission_exclusive	4011400	149718	2837421
14	nested-loop/64/base	serialization	1295090	13198	348803
14	nested-loop/64/base	combined	5610587	165925	3415335
14	nested-loop/256/base	ir	611236	12036	921000
14	nested-loop/256/base	cfg	2294351	0	0
14	nested-loop/256/base	emission_exclusive	15294751	576567	15976260
14	nested-loop/256/base	serialization	4813177	48528	1356497
14	nested-loop/256/base	combined	23013636	637131	18253757
14	nested-loop/1024/base	ir	5716807	48138	3687985
14	nested-loop/1024/base	cfg	40168087	0	0
14	nested-loop/1024/base	emission_exclusive	59012755	2283847	143759634
14	nested-loop/1024/base	serialization	20460987	189842	5387591
14	nested-loop/1024/base	combined	125358836	2521827	152835210
14	multi-exit/64/base	ir	121210	2990	231132
14	multi-exit/64/base	cfg	79711	0	0
14	multi-exit/64/base	emission_exclusive	25763950	1038325	19436690
14	multi-exit/64/base	serialization	5745543	46594	569880
14	multi-exit/64/base	combined	31710534	1087909	20237702
14	multi-exit/256/base	ir	679476	12025	931853
14	multi-exit/256/base	cfg	560380	0	0
14	multi-exit/256/base	emission_exclusive	111111888	4980175	93574527
14	multi-exit/256/base	serialization	923708	8140	1101950
14	multi-exit/256/base	combined	113275582	5000340	95608330
14	multi-exit/1024/base	ir	6987892	48135	3734166
14	multi-exit/1024/base	cfg	12782077	0	0
14	multi-exit/1024/base	emission_exclusive	883850978	37208916	724828775
14	multi-exit/1024/base	serialization	1857114	8142	4248630
14	multi-exit/1024/base	combined	905478271	37265193	732811571
14	no-exit/64/base	ir	112483	3018	229199
14	no-exit/64/base	cfg	120167	0	0
14	no-exit/64/base	emission_exclusive	3628797	137678	2442687
14	no-exit/64/base	serialization	1193659	12278	343391
14	no-exit/64/base	combined	5055236	152974	3015277
14	no-exit/256/base	ir	632658	12045	921088
14	no-exit/256/base	cfg	1502723	0	0
14	no-exit/256/base	emission_exclusive	14197625	547235	13059068
14	no-exit/256/base	serialization	4646462	47608	1349547
14	no-exit/256/base	combined	20979568	606888	15329703
14	no-exit/1024/base	ir	5734671	48147	3688073
14	no-exit/1024/base	cfg	27726374	0	0
14	no-exit/1024/base	emission_exclusive	56437082	2185382	106422336
14	no-exit/1024/base	serialization	19257519	188922	5374495
14	no-exit/1024/base	combined	109156016	2422451	115484904
14	irreducible/64/base	ir	116711	3014	231355
14	irreducible/64/base	cfg	88297	0	0
14	irreducible/64/base	emission_exclusive	369523790	13761714	204732406
14	irreducible/64/base	serialization	4818757	61038	628259
14	irreducible/64/base	combined	374547706	13825766	205592020
14	irreducible/256/base	ir	651092	12045	930636
14	irreducible/256/base	cfg	1145828	0	0
14	irreducible/256/base	emission_exclusive	1078585778	38938265	424485411
14	irreducible/256/base	serialization	5034356	61040	1417299
14	irreducible/256/base	combined	1085417294	39011350	426833346
14	irreducible/1024/base	ir	6291515	48151	3727189
14	irreducible/1024/base	cfg	19461957	0	0
14	irreducible/1024/base	emission_exclusive	2994277764	106343842	1096707811
14	irreducible/1024/base	serialization	6411443	61042	4573269
14	irreducible/1024/base	combined	3026442870	106453035	1105008269
